{
"type": "FeatureCollection",
"name": "ds_divisions_colombo",
"crs": { "type": "name", "properties": { "name": "urn:ogc:def:crs:EPSG::32644" } },
"features": [
{ "type": "Feature", "properties": { "id": "00000000000000000000", "adm2_name": "Colombo", "adm3_name": "Colombo", "zone_id": "LK1103", "area_sqkm": 24.53715118 }, "geometry": { "type": "GeometryCollection", "geometries": [ { "type": "LineString", "coordinates": [ [ 373637.792556708736811, 768892.317168858833611 ], [ 373618.58114128554007, 768893.835717530571856 ] ] }, { "type": "LineString", "coordinates": [ [ 372972.819507642358076, 767319.168370269355364 ], [ 372958.093524406431243, 767340.892322650179267 ] ] }, { "type": "LineString", "coordinates": [ [ 372964.429051558137871, 767313.272734493017197 ], [ 372924.174542681663297, 767372.533607906196266 ] ] }, { "type": "LineString", "coordinates": [ [ 372915.892142310563941, 767204.916069428669289 ], [ 372891.349167268839665, 767243.927397347288206 ] ] }, { "type": "LineString", "coordinates": [ [ 372868.55843251477927, 767191.720770430169068 ], [ 372847.452474561170675, 767222.837359042605385 ] ] }, { "type": "Polygon", "coordinates": [ [ [ 373633.213699342915788, 769443.041440977714956 ], [ 373609.571846034494229, 769447.540526061202399 ], [ 373619.906138195481617, 769441.598449276294559 ], [ 373633.213699342915788, 769443.041440977714956 ] ] ] }, { "type": "Polygon", "coordinates": [ [ [ 372304.882664240663871, 765549.800183876417577 ], [ 372288.626991816214286, 765552.795740395784378 ], [ 372280.735102239006665, 765550.35017515567597 ], [ 372284.653989463986363, 765538.509779332205653 ], [ 372291.072733416804112, 765544.901940994081087 ], [ 372304.882664240663871, 765549.800183876417577 ] ] ] }, { "type": "Polygon", "coordinates": [ [ [ 369648.184872430516407, 767299.23145076748915 ], [ 369651.829751058132388, 766387.097232014290057 ], [ 369680.44622496701777, 766205.586821603123099 ], [ 369749.413577635074034, 766002.769331118906848 ], [ 369853.892141172429547, 765815.646663867868483 ], [ 369990.950795051641762, 765651.127987864776514 ], [ 370130.084225162747316, 765531.468645921326242 ], [ 370286.522314261470456, 765434.940982522210106 ], [ 370426.789322352735326, 765373.947067627334036 ], [ 370634.57445933733834, 765320.676493560429662 ], [ 370817.332798016490415, 765305.440935941413045 ], [ 371257.308883491030429, 765306.822825704002753 ], [ 371375.132155114493798, 765335.133609832148068 ], [ 371473.787314653221983, 765381.728819380165078 ], [ 371498.026494618970901, 765421.604040932725184 ], [ 371674.27926973067224, 765568.593203145428561 ], [ 371725.518316456582397, 765568.960472960607149 ], [ 371817.648876626975834, 765567.747579728951678 ], [ 371903.950467067304999, 765601.060970421298407 ], [ 371974.558108237572014, 765663.015143032884225 ], [ 372008.731289961142465, 765733.932279938599095 ], [ 372008.855132430384401, 765784.71276824187953 ], [ 372001.980114814767148, 765796.559756817645393 ], [ 372039.881653739605099, 765982.836732734576799 ], [ 372070.489552592509426, 766009.385310985497199 ], [ 372108.424902047030628, 766008.311901397071779 ], [ 372124.129534311417956, 765980.66172736918088 ], [ 372143.812217507918831, 765973.211660873726942 ], [ 372155.665259218832944, 765985.022367383004166 ], [ 372182.692099265754223, 765952.907225462491624 ], [ 372190.00781561981421, 765924.293664622469805 ], [ 372201.65063916874351, 765849.815676704980433 ], [ 372218.345827945158817, 765825.614765927079134 ], [ 372250.138226778944954, 765729.887847592472099 ], [ 372242.218735735863447, 765716.107025065110065 ], [ 372295.62424240889959, 765591.237200337229297 ], [ 372304.882664240663871, 765549.800183876417577 ], [ 372323.381557107088156, 765459.531080881832168 ], [ 372339.10653117171023, 765440.260944089153782 ], [ 372362.105498965305742, 765379.07041423721239 ], [ 372364.500897303456441, 765350.463629649253562 ], [ 372432.964469815138727, 765137.796194358263165 ], [ 372539.013412824948318, 764780.087200089707039 ], [ 372561.773612631717697, 764818.984878491610289 ], [ 372589.542523642419837, 764894.353785937651992 ], [ 372646.347353565855883, 764952.395418291212991 ], [ 372842.706369922088925, 765062.354715516441502 ], [ 372898.400407429551706, 764868.955799666931853 ], [ 372983.864091637835372, 764758.799994821543805 ], [ 373004.897103495197371, 764693.173833316657692 ], [ 373096.97619983117329, 764671.256568388431333 ], [ 373234.445908994181082, 764675.359712324570864 ], [ 373315.193261122389231, 764650.521020436077379 ], [ 373506.630950616148766, 764557.857063702773303 ], [ 373609.036222625232767, 764528.026699544396251 ], [ 373591.411495931213722, 764369.316281270002946 ], [ 373578.377874679863453, 764274.191553999320604 ], [ 373686.307492362277117, 764287.734421505592763 ], [ 373800.757604573736899, 764347.116454049479216 ], [ 373847.616738093376625, 764368.207234692177735 ], [ 374262.525253862841055, 764599.928226074320264 ], [ 374291.127335343509912, 764608.241484243189916 ], [ 374302.494694750115741, 764623.497177516692318 ], [ 374315.794211204687599, 764621.49028535571415 ], [ 374360.227185164752882, 764659.844620156101882 ], [ 374484.077816963021178, 764737.442095498205163 ], [ 374543.715270211163443, 764745.684388097375631 ], [ 374559.474109332368243, 764741.705763284466229 ], [ 374563.485582616878673, 764772.755379097419791 ], [ 374591.594415060593747, 764784.516012501204386 ], [ 374599.041643916512839, 764807.182138536009006 ], [ 374669.079556412179954, 764837.584324582014233 ], [ 374824.96946631121682, 764922.510031980811618 ], [ 374745.111312363878824, 765109.064232555101626 ], [ 374701.733967066393234, 765306.382518407423049 ], [ 374670.465384047478437, 765418.375568834599108 ], [ 374715.789588766405359, 765415.798619950306602 ], [ 374747.892482639057562, 765451.717612946173176 ], [ 374934.893641023547389, 765566.149392851046287 ], [ 374776.652019496716093, 765732.675791527610272 ], [ 374974.392942214210052, 765806.156137168873101 ], [ 375134.123829827527516, 765850.151333127752878 ], [ 375120.021029426134191, 765926.606167596066371 ], [ 375172.794970808899961, 765949.156284768716432 ], [ 375172.380212476360612, 765985.147707762662321 ], [ 375277.877814076608047, 766009.550085803493857 ], [ 375229.920650140964426, 766146.232154671684839 ], [ 375311.226072422694415, 766153.434362239553593 ], [ 375491.294007570075337, 766252.607747038826346 ], [ 375628.789289653126616, 766268.053375948918983 ], [ 375717.013174813357182, 766284.115531852119602 ], [ 375832.267538575746585, 766269.54174605908338 ], [ 376032.143021495605353, 766206.453851897385903 ], [ 376051.848576889373362, 766203.943491945043206 ], [ 376078.365305958082899, 767209.667906061629765 ], [ 376082.773450661334209, 767616.411271024262533 ], [ 376074.180039922590367, 767730.813792048022151 ], [ 376094.820497725100722, 767916.142071291338652 ], [ 376099.795467499643564, 768143.415482375654392 ], [ 376060.88865438720677, 768149.428437175229192 ], [ 375908.381848510121927, 768243.962608248577453 ], [ 375871.521013801044319, 768281.021949278656393 ], [ 375755.838077836146113, 768319.758088358445093 ], [ 375714.56568221130874, 768367.679937307490036 ], [ 375692.129339336184785, 768460.418304883525707 ], [ 375686.338122113025747, 768510.233621224295348 ], [ 375703.813936944585294, 768610.277133118244819 ], [ 375738.395102232694626, 768650.623429955099709 ], [ 375795.66644335485762, 768701.269066918990575 ], [ 375889.176545936905313, 768870.649861512123607 ], [ 375933.593323249253444, 768903.080317736137658 ], [ 375971.213513803901151, 768975.471287124091759 ], [ 375990.552371341036633, 769029.658049527555704 ], [ 376089.917421863880008, 769173.385478293523192 ], [ 376126.961516102426685, 769214.220691581838764 ], [ 376160.098286324646324, 769267.386284596868791 ], [ 376191.69445042964071, 769295.909839418018237 ], [ 376132.925880636612419, 769444.450230614864267 ], [ 376108.081732572580222, 769564.317880847374909 ], [ 376111.156171615642961, 769821.674307877663523 ], [ 376132.065373819787055, 769913.330063868081197 ], [ 376167.26005345286103, 770002.480603042873554 ], [ 376334.261188678210601, 770208.671306815231219 ], [ 376608.459987750160508, 770539.337231293204241 ], [ 376750.445507423486561, 770792.910589060746133 ], [ 376810.481197562068701, 770974.696466558496468 ], [ 376830.468824802548625, 771092.982135768514127 ], [ 376826.829949104634579, 771222.653388296137564 ], [ 376813.237086826004088, 771306.006609168485738 ], [ 376751.496192616294138, 771444.697165336809121 ], [ 376684.204274306714069, 771531.135976947844028 ], [ 376556.367755853687413, 771632.015600630431436 ], [ 376530.352176061598584, 771674.97520157136023 ], [ 376302.555964376253542, 771796.308262608130462 ], [ 376181.411690537701361, 771815.335016881115735 ], [ 376031.10844976012595, 771791.041171040735207 ], [ 375944.852840556763113, 771772.016493105795234 ], [ 375670.938185851322487, 771765.763506477233022 ], [ 375547.727025035652332, 771744.859392673941329 ], [ 375458.97345863172086, 771709.569924424868077 ], [ 375192.801627088687383, 771647.099318261956796 ], [ 375086.647902228520252, 771545.787438752828166 ], [ 375090.322385963809211, 771231.720925869885832 ], [ 375089.989103323663585, 771092.681599413859658 ], [ 375070.610062710824423, 771022.718959945486858 ], [ 375022.787040304625407, 771008.045650583109818 ], [ 375007.528876022668555, 771011.042978993616998 ], [ 375013.985081511898898, 771034.193794707767665 ], [ 374999.711089200514834, 771038.175402088905685 ], [ 374968.863557642442174, 770914.002230637706816 ], [ 374979.701303553534672, 770913.977380968630314 ], [ 374985.676095259957947, 770937.136513251578435 ], [ 375018.172655102214776, 770930.151812211959623 ], [ 375047.636266102548689, 770890.642666245810688 ], [ 375027.48726051551057, 770708.271026832400821 ], [ 374987.009584181359969, 770674.342397076077759 ], [ 374948.582823909062427, 770672.954156799940392 ], [ 374955.030855690187309, 770692.662250822293572 ], [ 374949.13640336424578, 770699.083576509961858 ], [ 374923.28986874083057, 770601.533065421623178 ], [ 374932.639621227630414, 770599.039426776347682 ], [ 374938.616865784511901, 770627.13163132686168 ], [ 374978.969501277664676, 770608.79344719753135 ], [ 375000.028889556357171, 770556.47698471788317 ], [ 374904.571556317387149, 770397.950390170677565 ], [ 374870.563683031010441, 770393.098505858913995 ], [ 374809.515041864069644, 770407.053686067345552 ], [ 374814.342568206251599, 770365.136171432794072 ], [ 374786.13898406131193, 770316.392598700011149 ], [ 374762.937947761674877, 770294.756199192488566 ], [ 374688.395603364915587, 770233.301420168834738 ], [ 374653.210733417130541, 770147.600930887041613 ], [ 374608.236661026254296, 770086.07889731193427 ], [ 374530.240734718041494, 770022.173998328624293 ], [ 374467.643208294641227, 770009.500436706584878 ], [ 374449.452491244650446, 770022.362440143711865 ], [ 374414.448952425213065, 770012.585262728505768 ], [ 374396.766909429454245, 770032.848506067064591 ], [ 374364.685061602795031, 770009.255853029317223 ], [ 374318.861512276111171, 770007.396110254572704 ], [ 374300.615927766368259, 769997.582053300691769 ], [ 374300.574358686455525, 769980.322593423188664 ], [ 374315.344183245906606, 769977.82551051361952 ], [ 374324.70768889732426, 769980.757429270888679 ], [ 374338.433849563996773, 769952.625045408029109 ], [ 374315.660606996738352, 769905.347414153278805 ], [ 374302.291203434404451, 769877.769570076605305 ], [ 374266.873227101750672, 769900.034838234190829 ], [ 374204.950043882476166, 769960.341041597886942 ], [ 374195.078874859726056, 769954.45001661463175 ], [ 374265.355246279679704, 769881.308443034416996 ], [ 374243.102397095877677, 769846.35720074607525 ], [ 374206.153172706544865, 769848.412200356717221 ], [ 374203.231258800835349, 769862.227310781367123 ], [ 374191.421188200241886, 769866.693619168829173 ], [ 374171.647799553116783, 769838.144469399005175 ], [ 374112.474781674565747, 769817.582745278021321 ], [ 374033.170963227690663, 769820.239821508410387 ], [ 373970.159782442962751, 769841.101204869220965 ], [ 373963.289914605091326, 769850.479246487258933 ], [ 373970.195474519918207, 769855.884416743065231 ], [ 373995.128880912903696, 769980.074642180115916 ], [ 373982.822950732777826, 769986.515635954565369 ], [ 373987.820551305019762, 770015.09548154566437 ], [ 373980.456188257085159, 770022.998491705046035 ], [ 373949.774127602519002, 769965.881090513896197 ], [ 373932.295432778890245, 769871.264824942220002 ], [ 373937.570931394933723, 769811.592215785873123 ], [ 373923.76100529480027, 769805.214930097688921 ], [ 373943.953329272102565, 769799.747122986707836 ], [ 373853.191648867155891, 769754.111167557304725 ], [ 373812.592013597663026, 769875.499643403338268 ], [ 373845.724720837606583, 769926.692707487032749 ], [ 373837.366495564114302, 769933.620283215423115 ], [ 373788.474006957723759, 769881.964864285080694 ], [ 373770.258345670532435, 769888.909413632703945 ], [ 373791.758194794063456, 769814.907754736719653 ], [ 373824.069953045865986, 769729.530844956403598 ], [ 373692.451589294476435, 769695.831947416183539 ], [ 373675.155627772561274, 769677.135300286463462 ], [ 373675.591644358355552, 769650.510919652180746 ], [ 373667.193861882493366, 769641.162974836188368 ], [ 373575.043211400916334, 769631.527381404768676 ], [ 373545.496437353082001, 769638.496392730739899 ], [ 373536.117729456396773, 769629.648086553439498 ], [ 373338.999376443040092, 769606.458877464523539 ], [ 373327.171499207266606, 769604.025283621274866 ], [ 373315.711395617690869, 769550.80096633953508 ], [ 373307.294093432312366, 769533.57050198991783 ], [ 373689.17668367177248, 769567.646823884453624 ], [ 373685.5860430689645, 769508.004142027464695 ], [ 373661.940643214154989, 769507.069501448073424 ], [ 373662.899971347069368, 769497.704044202691875 ], [ 373688.014649272430688, 769493.206293046358041 ], [ 373683.504025244270451, 769459.195509231649339 ], [ 373691.877972097659949, 769458.685321890749037 ], [ 373692.349878944049124, 769450.794126812950708 ], [ 373633.213699342915788, 769443.041440977714956 ], [ 373688.876192987314425, 769443.408413345809095 ], [ 373688.295761367247906, 769406.42553536023479 ], [ 373571.483847343362868, 769382.056214975891635 ], [ 373560.656115222373046, 769387.014707486028783 ], [ 373559.645591070060618, 769379.131024618749507 ], [ 373518.248144506011158, 769370.350266795721836 ], [ 373512.387442480656318, 769391.078787122154608 ], [ 373315.715661485330202, 769350.1337668269407 ], [ 373318.371055388881359, 769226.37665969284717 ], [ 373688.046576177817769, 769303.379804560332559 ], [ 373680.862951118208002, 769183.098452761536464 ], [ 373410.738808373513166, 769121.627843788126484 ], [ 373418.567090412194375, 769098.435519468970597 ], [ 373778.748964802245609, 769120.250623545027338 ], [ 373787.603143707558047, 769115.299198142951354 ], [ 373788.032201257068664, 769089.659711527405307 ], [ 373781.623332372808363, 769086.713335197651759 ], [ 373781.592376115266234, 769073.897879180614837 ], [ 373745.623914935975336, 769072.504655443946831 ], [ 373742.644717273651622, 769062.653412573272362 ], [ 373768.749698477913626, 769061.597253626096062 ], [ 373768.214643838466145, 769043.356755562592298 ], [ 373651.39354476518929, 769018.989395002019592 ], [ 373638.042880449909717, 768995.848388463957235 ], [ 373569.067210019682534, 768996.014032055041753 ], [ 373572.496960450604092, 768989.109246749896556 ], [ 373639.484869947016705, 768983.025530692888424 ], [ 373637.481544380483683, 768966.75896106264554 ], [ 373628.113672912935726, 768966.294033570215106 ], [ 373626.621612212096807, 768958.410548400599509 ], [ 373593.122877173766028, 768959.477410221355967 ], [ 373593.590015744790435, 768949.611775267869234 ], [ 373649.745340052410029, 768946.520265803788789 ], [ 373649.201882947934791, 768924.82162897894159 ], [ 373639.82090070459526, 768918.93217638740316 ], [ 373637.792556708736811, 768892.317168858833611 ], [ 373645.675612500577699, 768891.797540807747282 ], [ 373643.130152826313861, 768858.282985015190206 ], [ 373385.533699521736708, 768886.515429976163432 ], [ 373384.502703216741793, 768866.300117865554057 ], [ 373477.587253417936154, 768854.736594949732535 ], [ 373473.541262708604336, 768813.821429398725741 ], [ 373466.644713730900548, 768812.358229601290077 ], [ 373465.118110247072764, 768794.126360086258501 ], [ 373631.603973613586277, 768777.450352912419476 ], [ 373627.548645982984453, 768732.59454973298125 ], [ 373371.421694428427145, 768755.895806645276025 ], [ 373240.36019954358926, 768141.396808424615301 ], [ 372944.301220797526184, 767545.044735065894201 ], [ 373107.669025285169482, 767463.793014999944717 ], [ 373145.190435115655418, 767492.785578052629717 ], [ 373210.637455555028282, 767460.583383382530883 ], [ 373151.853320344467647, 767397.619580450933427 ], [ 373105.953378527890891, 767363.705826558638364 ], [ 373085.82519964617677, 767392.849564898526296 ], [ 373079.413247045653407, 767388.921348200528882 ], [ 373097.561870698991697, 767357.318730518454686 ], [ 372999.852058486954775, 767290.505021057557315 ], [ 372976.278214679681696, 767324.085518725798465 ], [ 372972.819507642358076, 767319.168370269355364 ], [ 372964.429051558137871, 767313.272734493017197 ], [ 372942.228762197308242, 767298.036834232509136 ], [ 372877.4204801984597, 767391.86914437985979 ], [ 372872.482725765090436, 767388.433627831866033 ], [ 372936.30893521028338, 767294.600514932535589 ], [ 372901.265506307885516, 767271.516994416946545 ], [ 372932.176273362187203, 767218.189618206350133 ], [ 372915.892142310563941, 767204.916069428669289 ], [ 372909.468213724554516, 767200.005036005284637 ], [ 372823.066189751087222, 767326.426855208119377 ], [ 372814.675585168588441, 767320.531227712985128 ], [ 372896.175661894783843, 767201.511651022476144 ], [ 372873.481851206917781, 767189.24164879124146 ], [ 372868.55843251477927, 767191.720770430169068 ], [ 372873.925054590741638, 767169.524057337082922 ], [ 372866.518977287341841, 767164.612205486744642 ], [ 372858.171459235192742, 767176.460236381622963 ], [ 372843.366329919896089, 767165.653937023598701 ], [ 372790.829474613186903, 767238.25902891822625 ], [ 372782.442406214715447, 767233.837662493693642 ], [ 372831.036643403291237, 767159.272432959056459 ], [ 372797.977000985527411, 767136.674005455919541 ], [ 372768.516265226760879, 767180.62092988693621 ], [ 372761.614205000572838, 767177.192774484981783 ], [ 372790.570853194454685, 767131.762187955784611 ], [ 372754.538612649368588, 767106.212687358143739 ], [ 372733.922271424031351, 767136.82896790583618 ], [ 372749.608991832530592, 767102.277211616165005 ], [ 372654.394249639473855, 767049.754754315130413 ], [ 372554.938924102229066, 767079.082639203988947 ], [ 372669.743060680222698, 767486.051558876410127 ], [ 372546.164226986526046, 767520.870491427602246 ], [ 372432.387671123142354, 767129.670360647025518 ], [ 372398.913425632868893, 767139.118559769820422 ], [ 372412.332756368850823, 767189.376720972592011 ], [ 372403.960939225391485, 767191.370196476695128 ], [ 372387.585678020433988, 767141.118227038532495 ], [ 372335.398590199882165, 767156.534856081940234 ], [ 372348.830088077695109, 767211.724780317861587 ], [ 372338.496304545900784, 767214.708247424452566 ], [ 372324.565450161055196, 767160.009084593039006 ], [ 372250.226394521305338, 767180.899767367285676 ], [ 372270.988946526311338, 767209.937266563414596 ], [ 372257.220259982394055, 767221.806941191316582 ], [ 372224.104268186842091, 767177.015963718062267 ], [ 372202.505119638866745, 767211.580021407920867 ], [ 372235.063960046914872, 767229.255304614314809 ], [ 372229.182125136023387, 767241.596954935579561 ], [ 372198.102366950362921, 767222.440013552433811 ], [ 372172.610790657170583, 767275.753702432964928 ], [ 372222.449215446482413, 767307.677633000886999 ], [ 372240.12477050034795, 767282.981768399244174 ], [ 372266.789592830580659, 767308.067301256931387 ], [ 372277.295179266249761, 767371.636281018494628 ], [ 372312.754261953290552, 767366.621351839974523 ], [ 372339.398359936254565, 767383.317798509611748 ], [ 372329.959034033119678, 767350.314236757229082 ], [ 372351.618138637451921, 767344.339353692601435 ], [ 372404.744130874751136, 767512.831087009166367 ], [ 372554.818449419108219, 768445.290637809201144 ], [ 372523.309715277398936, 768454.732480387436226 ], [ 372543.803632056573406, 768575.484905387391336 ], [ 372461.584184066741727, 768596.879330788855441 ], [ 372391.659240338951349, 768610.368191563873552 ], [ 372459.416523389867507, 768718.666709753801115 ], [ 372473.249470611102879, 768733.424681912758388 ], [ 372489.412608496379107, 768696.900275904568844 ], [ 372495.830691582756117, 768699.346135391388088 ], [ 372489.508816732093692, 768736.344461650354788 ], [ 372482.650008606608026, 768750.662605306482874 ], [ 372438.739149896835443, 768724.142576937680133 ], [ 372361.433153671445325, 768743.066404469776899 ], [ 372373.441989240352996, 769020.121671361848712 ], [ 372390.177843487705104, 769013.176385210012086 ], [ 372394.130223294952884, 769019.087168083293363 ], [ 372373.983443121134769, 769036.88721259823069 ], [ 372364.603472367627546, 769031.980791448499076 ], [ 372360.499358503613621, 768963.95254737616051 ], [ 371863.388147367862985, 769561.247335620922968 ], [ 371827.941034228133503, 769571.195293989381753 ], [ 371809.212273567565717, 769566.806763331289403 ], [ 371739.099685481982306, 769501.408602536539547 ], [ 371734.121462899260223, 769481.697686731349677 ], [ 371739.976498841017019, 769458.503150337957777 ], [ 371832.818598452664446, 769349.814357818220742 ], [ 371842.724039689928759, 769368.519942311104387 ], [ 371774.93655466393102, 769450.038368580047973 ], [ 371850.953525466669817, 769512.46578469267115 ], [ 371978.1747079329798, 769359.312969027902 ], [ 371988.052172327588778, 769366.686676254728809 ], [ 372341.234832117916085, 768944.765275885583833 ], [ 372355.880290242028423, 768890.008473612251692 ], [ 372336.504585689224768, 768620.359336274676025 ], [ 372305.422197346983012, 768398.568887509405613 ], [ 372274.75271536555374, 768349.831222690991126 ], [ 372257.21952996251639, 768231.543466481380165 ], [ 372228.981907086505089, 768165.546401812345721 ], [ 372110.030080078868195, 768078.081740431953222 ], [ 372100.113794622709975, 768050.989682982442901 ], [ 372109.787863952398766, 767978.981202318216674 ], [ 372097.316313901101239, 767914.913742282660678 ], [ 371860.922578011988662, 767950.502237470122054 ], [ 371931.913112030073535, 768370.395886101992801 ], [ 371874.774550435133278, 768377.436117985402234 ], [ 371907.753031056199688, 768566.189885254018009 ], [ 371836.840671269281302, 768579.177169874194078 ], [ 371736.387433152005542, 767995.667445842758752 ], [ 371772.335536606842652, 767989.169880846166052 ], [ 371753.798789664870128, 767862.999059467227198 ], [ 371678.423524322570302, 767863.187147755292244 ], [ 371676.091505226446316, 767917.420026933425106 ], [ 370477.912157184968237, 767916.431054191081785 ], [ 370477.807211127947085, 767874.026786447037011 ], [ 370390.617516455648001, 767879.18018322030548 ], [ 370310.801357238844503, 767879.372770191170275 ], [ 370286.108193925581872, 767855.770897820242681 ], [ 370282.247492104128469, 767689.129426191211678 ], [ 370255.605638423934579, 767675.881363828782924 ], [ 370224.585832911427133, 767679.908574576489627 ], [ 370217.723686975892633, 767697.181132336962037 ], [ 370227.634384596196469, 767720.822012950433418 ], [ 370209.459780504927039, 767739.603150860755704 ], [ 370177.929434298479464, 767739.680686905165203 ], [ 370123.728739774320275, 767739.817149154376239 ], [ 370064.239994765608571, 767790.24983867094852 ], [ 370068.203115761920344, 767796.1594145426061 ], [ 370022.605774730851408, 767886.989771512220614 ], [ 369995.403421240567695, 768043.848621480399743 ], [ 369999.126481171173509, 769142.337476856890135 ], [ 370034.791716026549693, 769221.136115164379589 ], [ 370713.880674287269358, 769902.311211748281494 ], [ 370723.727783563430421, 769896.860410987050273 ], [ 370732.622243160032667, 769907.191770697128959 ], [ 370700.19848223158624, 769945.733016259269789 ], [ 370844.393094419094268, 770082.439686457277276 ], [ 370872.970931963587645, 770085.327993976767175 ], [ 370887.820309668895788, 770112.897218984784558 ], [ 370871.132397764245979, 770140.059737829607911 ], [ 370841.578421252896078, 770139.63723398046568 ], [ 369977.284715434594546, 769274.027774964924902 ], [ 369935.198097845073789, 769192.291102947085164 ], [ 369920.206243165710475, 769104.568074209033512 ], [ 369920.079612816974986, 767865.056837605661713 ], [ 369962.01915207633283, 767693.375822577625513 ], [ 369991.422965726582333, 767631.676120268297382 ], [ 369732.189446376287378, 767396.644620506674983 ], [ 369680.947129274718463, 767394.801026577712037 ], [ 369644.394161899050232, 767358.897128842072561 ], [ 369637.917043049528729, 767329.829215411329642 ], [ 369648.184872430516407, 767299.23145076748915 ] ] ] } ] } },
{ "type": "Feature", "properties": { "id": "00000000000000000001", "adm2_name": "Colombo", "adm3_name": "Kolonnawa", "zone_id": "LK1106", "area_sqkm": 25.92803747 }, "geometry": { "type": "GeometryCollection", "geometries": [ { "type": "LineString", "coordinates": [ [ 383472.320723364478908, 764119.695270503638312 ], [ 383475.757800097344443, 764115.746892277267762 ] ] }, { "type": "Polygon", "coordinates": [ [ [ 375687.7568746888428, 768487.545150239719078 ], [ 375704.766346135525964, 768387.420046445215121 ], [ 375731.261192761186976, 768341.995088257244788 ], [ 375774.041364120668732, 768308.864201205549762 ], [ 375871.521013801044319, 768281.021949278656393 ], [ 375948.718682926904876, 768215.762552412459627 ], [ 376081.565819748095237, 768142.969313774374314 ], [ 376099.795467499643564, 768143.415482375654392 ], [ 376087.665423751692288, 767808.682711328146979 ], [ 376074.122838189243339, 767706.651923193596303 ], [ 376082.776940393610857, 767617.885624743183143 ], [ 376135.572820383531507, 767648.825042594107799 ], [ 376153.281219730037265, 767640.397399598849006 ], [ 376167.484675658633932, 767602.899614797788672 ], [ 376227.486014618596528, 767559.368524382007308 ], [ 376345.683900905773044, 767539.8566133788554 ], [ 376388.506621555658057, 767525.456799951381981 ], [ 376424.890669405984227, 767494.80654719134327 ], [ 376484.773411653470248, 767397.538888135342859 ], [ 376495.454329656437039, 767331.44600281433668 ], [ 376535.682833499624394, 767257.893528075073846 ], [ 376628.609128231415525, 767178.788023743079975 ], [ 376657.635157031589188, 767162.445843142224476 ], [ 376686.593811997328885, 767117.511717360233888 ], [ 376681.119839104358107, 767093.864851400954649 ], [ 376626.344813378236722, 767055.037005772697739 ], [ 376586.825330476916861, 767008.789752412121743 ], [ 376545.732978920743335, 766924.086384373018518 ], [ 376471.606262427405454, 766829.597322311368771 ], [ 376445.840220135403797, 766767.532499122084118 ], [ 376448.003023557248525, 766639.835299899801612 ], [ 376512.577421901165508, 766445.92379333707504 ], [ 376583.856271534576081, 766377.223183625377715 ], [ 376630.433391891710926, 766281.466574339894578 ], [ 376668.218474212451838, 766216.29252929741051 ], [ 376749.225409174221568, 766093.830266038421541 ], [ 376763.787804415216669, 766000.120734571479261 ], [ 376723.318916269228794, 765971.622091490542516 ], [ 376669.56662835390307, 765950.553318605059758 ], [ 376662.992471009434666, 765880.553812849335372 ], [ 376694.309350590105169, 765786.308375171385705 ], [ 376695.626729446346872, 765720.239166334155016 ], [ 376707.885375211655628, 765694.576142231584527 ], [ 376771.834240136784501, 765652.021960672922432 ], [ 376812.226746900763828, 765647.984445535345003 ], [ 376873.842013800109271, 765661.153148740180768 ], [ 376915.649999451823533, 765632.952597687253729 ], [ 376941.174104991485365, 765592.463609802769497 ], [ 376953.288138158619404, 765505.171804072335362 ], [ 376984.826709672634024, 765505.592933077830821 ], [ 377146.32314842834603, 765463.795622178353369 ], [ 377250.193921611236874, 765427.566166003467515 ], [ 377355.125028392882086, 765421.397084893542342 ], [ 377539.458306687010918, 765452.521929551614448 ], [ 377685.842069555015769, 765474.859222594997846 ], [ 377938.603521898912732, 765479.701554376981221 ], [ 378121.842823741026223, 765463.498217002721503 ], [ 378296.163634277007077, 765424.632419118541293 ], [ 378418.857675638515502, 765431.74447715561837 ], [ 378538.602846872934606, 765441.819794311537407 ], [ 378587.216184198390692, 765371.701584328897297 ], [ 378619.620342550100759, 765324.295298376702704 ], [ 378626.879156378796324, 765267.576833760133013 ], [ 378590.930547214171384, 765059.605801913538016 ], [ 378407.409971515764482, 764743.010803354671225 ], [ 378385.036513069295324, 764655.303425886435434 ], [ 378392.004635771736503, 764472.871591286733747 ], [ 378420.407777917920612, 764400.824224003241397 ], [ 378572.984146275324747, 764330.456467168987729 ], [ 378607.954922489880119, 764327.42285677511245 ], [ 378655.924465139512904, 764403.233377462718636 ], [ 378711.18120106915012, 764434.65902487479616 ], [ 378747.145437898754608, 764437.039001709083095 ], [ 378828.505854959366843, 764463.967826756066643 ], [ 378951.763419317547232, 764500.668931694817729 ], [ 379052.875244490336627, 764548.257485686102882 ], [ 379465.542034329962917, 764674.0153245520778 ], [ 379484.81825849210145, 764701.088418483850546 ], [ 379494.66761928651249, 764695.639368170872331 ], [ 379499.485289319127332, 764648.301618463825434 ], [ 379592.389817160088569, 764555.896308044786565 ], [ 379661.12008632812649, 764448.750734588014893 ], [ 379746.881542433577124, 764464.330903450259939 ], [ 379837.155238846084103, 764513.920256270561367 ], [ 379866.270576158654876, 764531.595757499686442 ], [ 379865.830569077690598, 764553.783360865316354 ], [ 379900.834776472649537, 764567.515709505067207 ], [ 379874.412832103087567, 764646.455598210217431 ], [ 379900.127101419435348, 764687.31730571645312 ], [ 379946.957917750347406, 764698.059097920777276 ], [ 379984.704342985933181, 764830.107403118629009 ], [ 380029.594998310320079, 764855.149198123021051 ], [ 380034.549023695173673, 764867.462858935003169 ], [ 380094.742961595766246, 764903.809355602134019 ], [ 380128.205306529998779, 764887.455625182134099 ], [ 380134.518191568669863, 764846.030823117238469 ], [ 380255.602463949238881, 764794.477954184054397 ], [ 380261.552302373631392, 764813.197141104494222 ], [ 380199.56305650237482, 764849.83026941632852 ], [ 380213.929538597760256, 764884.796869856887497 ], [ 380077.623576292011421, 764961.036195680033416 ], [ 380134.032423565397039, 765067.396899341372773 ], [ 380199.043286626692861, 765056.403594393283129 ], [ 380228.618605090188794, 765061.27123130124528 ], [ 380233.606178289745003, 765088.369615557137877 ], [ 380212.03212716121925, 765132.793078223941848 ], [ 380307.203142626502085, 765172.512900157715194 ], [ 380319.01481800590409, 765163.116737665142864 ], [ 380345.175360419845674, 765185.24937489326112 ], [ 380362.995773028233089, 765224.642757504363544 ], [ 380380.275386543944478, 765237.915055626654066 ], [ 380423.60698306618724, 765229.930873758974485 ], [ 380519.228992620366625, 765244.996172863990068 ], [ 380699.144426690239925, 765286.497859229566529 ], [ 380747.027401191182435, 765326.320745226810686 ], [ 380846.141355895786546, 765364.062806018861011 ], [ 380901.892560122534633, 765395.48680841550231 ], [ 381098.045289704576135, 765427.579532142961398 ], [ 381147.785100557899568, 765417.608746256795712 ], [ 381193.014221168064978, 765374.123784605762921 ], [ 381254.461122331209481, 765313.339935437543318 ], [ 381357.783869175647851, 765249.502279618754983 ], [ 381405.063883827417158, 765245.452068184036762 ], [ 381441.052737978403457, 765255.230155975208618 ], [ 381434.344946683268063, 765339.066061818040907 ], [ 381522.05240534915356, 765342.806036981055513 ], [ 381580.827972591272555, 765407.75228057813365 ], [ 381641.865489234915003, 765383.9528919266304 ], [ 381706.780868141620886, 765331.050942181260325 ], [ 381714.592848071712069, 765297.511961785261519 ], [ 381713.086037761822809, 765286.173787992680445 ], [ 381808.000815351551864, 765211.018237051554024 ], [ 381835.080655368044972, 765203.564564637257718 ], [ 381844.342828810564242, 765156.216192277264781 ], [ 381839.341925955901388, 765126.641865585464984 ], [ 381844.746921046054922, 765117.757903818390332 ], [ 381837.324599459418096, 765106.432624302920885 ], [ 381914.579700283473358, 765061.886720216600224 ], [ 381962.868281131261028, 765062.768685511313379 ], [ 381989.446096558938734, 765050.38340879266616 ], [ 381963.693276656907983, 764993.249919381225482 ], [ 381960.574073763447814, 764919.297646846622229 ], [ 381953.645243527949788, 764905.016359280329198 ], [ 381964.78130240412429, 764818.222588813398033 ], [ 382028.347146701824386, 764824.486175287514925 ], [ 382165.290655293385498, 764812.348820746410638 ], [ 382249.728759364457801, 764677.568530892021954 ], [ 382272.244297721714247, 764612.431083962321281 ], [ 382295.860883607470896, 764596.604564172681421 ], [ 382297.80616908025695, 764584.770197865203954 ], [ 382314.525600693712477, 764572.894873795099556 ], [ 382320.87853205378633, 764549.219395921099931 ], [ 382444.62881290842779, 764587.397940601687878 ], [ 382486.661411288718227, 764656.325123045709915 ], [ 382540.890132590720896, 764669.521428364561871 ], [ 382606.937105069169775, 764681.691695784102194 ], [ 382658.66915030014934, 764684.041037275572307 ], [ 382730.542315990081988, 764656.768014356843196 ], [ 382817.729013287229463, 764647.695879780803807 ], [ 382861.083861245249864, 764650.564943096600473 ], [ 382876.313160286983475, 764630.809246112708934 ], [ 382906.334976828598883, 764615.45250107429456 ], [ 382888.033227189560421, 764581.482435123994946 ], [ 382905.253921562281903, 764570.590126924798824 ], [ 382919.575021894590463, 764587.816231198608875 ], [ 383043.031253481341992, 764493.376221968326718 ], [ 383063.270254305913113, 764512.063366871210746 ], [ 383104.575267602573149, 764475.983116118470207 ], [ 383115.954942628683057, 764494.198287171428092 ], [ 383095.284065802756231, 764506.079084524768405 ], [ 383094.335868476948235, 764520.871288224705495 ], [ 383077.125319800456055, 764536.1943487173412 ], [ 383089.967890089261346, 764550.462442799820565 ], [ 383083.077880134340376, 764557.379432571469806 ], [ 383130.409394652117044, 764571.570107860141434 ], [ 383159.941076319781132, 764556.713210945017636 ], [ 383196.33239409676753, 764525.577371918363497 ], [ 383206.955626010079868, 764428.423227917868644 ], [ 383216.626747136528138, 764348.536443947465159 ], [ 383226.431050154496916, 764324.355058279004879 ], [ 383219.442546738486271, 764286.903060375712812 ], [ 383279.522854644921608, 764273.457190903718583 ], [ 383288.793935533729382, 764230.052571485517547 ], [ 383328.212089364125859, 764232.426532152923755 ], [ 383351.23974975279998, 764173.214191901381128 ], [ 383387.042218466871418, 764102.141722952481359 ], [ 383472.320723364478908, 764119.695270503638312 ], [ 383450.778598270728253, 764180.882778519298881 ], [ 383428.865473832876887, 764300.240028242114931 ], [ 383358.222863143426366, 764437.950264781829901 ], [ 383448.05498075496871, 764509.732257667346857 ], [ 383471.70398077374557, 764509.68112823436968 ], [ 383508.67550047050463, 764519.458805097849108 ], [ 383612.016049174941145, 764685.873953673988581 ], [ 383676.330003939801827, 764805.037714335601777 ], [ 383741.385394191311207, 764816.233976155519485 ], [ 383781.781831519678235, 764814.169623841764405 ], [ 383803.411532767408062, 764792.926753426669165 ], [ 383819.104663779900875, 764757.394429046893492 ], [ 383879.088138118910138, 764702.041583139449358 ], [ 383880.959363312169444, 764656.67993507895153 ], [ 383910.291754347796086, 764552.588717675651424 ], [ 383922.451203901437111, 764484.519868633127771 ], [ 383945.020079950336367, 764440.106386733124964 ], [ 383999.618315568601247, 764398.078871923964471 ], [ 384059.203199358307756, 764384.632196693331935 ], [ 384076.908220483921468, 764371.774908832740039 ], [ 384126.215796712727752, 764390.397663241601549 ], [ 384152.306212226161733, 764377.520905388868414 ], [ 384181.24503386951983, 764321.750407629762776 ], [ 384216.26374972180929, 764336.95746472699102 ], [ 384200.250847217394039, 764449.892565662856214 ], [ 384276.167513113992754, 764468.949468271806836 ], [ 384321.59846100746654, 764518.156424794346094 ], [ 384346.197683813399635, 764500.847258102381602 ], [ 384380.121139999711886, 764468.7259648416657 ], [ 384542.927903523494024, 764570.418494436191395 ], [ 384659.372591220890172, 764646.094948118785396 ], [ 384816.614861398295034, 764681.740893645910546 ], [ 384985.749509632179979, 764748.414889125502668 ], [ 384892.194223425642122, 764997.102888912544586 ], [ 384827.855286673642695, 765089.441718408721499 ], [ 384715.222951779956929, 765176.459271806175821 ], [ 384591.738300197466742, 765257.088965134928003 ], [ 384408.804848286730703, 765634.655714986147359 ], [ 384401.064067814149894, 765700.237975949770771 ], [ 384405.674127519654576, 765780.59202480991371 ], [ 384388.70938741741702, 765906.352914812858216 ], [ 384352.906997789919842, 765979.89161504432559 ], [ 384314.590630756632891, 766029.768634589505382 ], [ 384304.456769007549156, 766126.419794807909057 ], [ 384258.21925696101971, 766160.046266990131699 ], [ 384130.759759391308762, 766227.384171824087389 ], [ 384025.408418314647861, 766260.645224793814123 ], [ 383976.238250360125676, 766303.651495009777136 ], [ 383925.037588217644952, 766320.028672039392404 ], [ 383900.510389632778242, 766369.883862254209816 ], [ 383893.12479585269466, 766369.895166174159385 ], [ 383872.227827922208235, 766500.102191787329502 ], [ 383822.75615191180259, 766632.832167560467497 ], [ 383781.444781831931323, 766663.980544538120739 ], [ 383761.311048942268826, 766691.636458849650808 ], [ 383774.745335009181872, 766752.251411265111528 ], [ 383769.39710775425192, 766786.283273881417699 ], [ 383703.982863276614808, 766833.262624819530174 ], [ 383681.943747585930396, 766894.936530394596048 ], [ 383645.500051611859817, 766900.935126171912998 ], [ 383622.42912889434956, 766935.496726661804132 ], [ 383623.485683347447775, 766969.517305435379967 ], [ 383724.988908946863376, 766977.670335802831687 ], [ 384047.853276784182526, 767051.894899882259779 ], [ 384054.031692741671577, 767175.633461866760626 ], [ 384034.552822671073955, 767277.232713765464723 ], [ 383821.489019533386454, 767171.711523299221881 ], [ 383669.615997237851843, 767111.895306633319706 ], [ 383490.690073397476226, 767070.383410138543695 ], [ 383389.683734124992043, 767066.171318648150191 ], [ 383326.151201384782325, 767073.708973190165125 ], [ 383289.737048222566955, 767093.513939960161224 ], [ 383254.831205295806285, 767125.634484169655479 ], [ 383238.639161101833452, 767157.227072122623213 ], [ 383241.035971585311927, 767348.021225419593975 ], [ 383266.957923405221663, 767483.541871816036291 ], [ 383267.499000776384491, 767506.223673916305415 ], [ 383250.830431715294253, 767539.783672692952678 ], [ 383197.257718631764874, 767597.590718907653354 ], [ 383100.333103692450095, 767656.474932163138874 ], [ 382864.100082357006613, 767762.506268812343478 ], [ 382792.754875035083387, 767804.077097565168515 ], [ 382605.879336255427916, 767951.417854218394496 ], [ 382512.989510535611771, 768053.187933522625826 ], [ 382474.278887766471598, 768143.498889003763907 ], [ 382401.658349432633258, 768273.327125519979745 ], [ 382350.559731999353971, 768333.589435947709717 ], [ 382275.809654027165379, 768393.418563050800003 ], [ 382216.246864881599322, 768415.241542274248786 ], [ 382029.105284293065779, 768443.772162233362906 ], [ 381878.272037526010536, 768409.594897058326751 ], [ 381590.782476654974744, 768285.021100669051521 ], [ 381502.559731346496847, 768267.965858010225929 ], [ 381470.037889926461503, 768267.541828644811176 ], [ 381335.608325165696442, 768294.468284010770731 ], [ 381327.293015134695452, 768322.103567376965657 ], [ 381329.890814543119632, 768381.754169513471425 ], [ 381289.671785725397058, 768461.214900164166465 ], [ 381222.344450969772879, 768531.382490393240005 ], [ 381177.108475079294294, 768570.432641528779641 ], [ 381081.637088912830222, 768616.00433032552246 ], [ 381020.592299306998029, 768636.359857668401673 ], [ 380945.712825006688945, 768638.996646087151021 ], [ 380794.738617596158292, 768538.269443672965281 ], [ 380762.61226870311657, 768492.988411759142764 ], [ 380730.712148532969877, 768331.835495572071522 ], [ 380650.492323505517561, 768149.603321471950039 ], [ 380579.808675513835624, 768049.183867609011941 ], [ 380423.853702633758076, 767927.765502767404541 ], [ 380329.173167087021284, 767889.526200967258774 ], [ 380256.258534158347175, 767887.724289517849684 ], [ 380106.569149032002315, 767921.587915815412998 ], [ 379929.34074090415379, 767979.188074997276999 ], [ 379824.568004849192221, 768047.955888234544545 ], [ 379790.702967338671442, 768106.20944451354444 ], [ 379740.934366785222664, 768314.875199647969566 ], [ 379724.271199707349297, 768352.386162307113409 ], [ 379676.56644567620242, 768387.499562008772045 ], [ 379623.880918071954511, 768402.901783815119416 ], [ 379582.9829644956626, 768398.564302647253498 ], [ 379546.984513729694299, 768382.87241313548293 ], [ 379392.05211804114515, 768279.19948721351102 ], [ 379064.062335744907614, 768118.242073821136728 ], [ 378854.533960821048822, 768054.630621494376101 ], [ 378634.798007476783823, 768047.748367015854456 ], [ 378450.111615828704089, 768074.795004641637206 ], [ 378304.91663697414333, 768133.317473161732778 ], [ 378202.134314844326582, 768212.434198900242336 ], [ 378132.412878534465563, 768316.131804836331867 ], [ 378076.634515725134406, 768477.978494796785526 ], [ 378084.669178983487654, 768544.030253528151661 ], [ 378111.846806009300053, 768578.96418126206845 ], [ 378168.563936895574443, 768605.463059626170434 ], [ 378310.017659253324382, 768634.214586914051324 ], [ 378396.82409933017334, 768674.443426595535129 ], [ 378461.010168705950491, 768735.921660637133755 ], [ 378521.328767069848254, 768830.938971898751333 ], [ 378535.753270023851655, 768889.573788885725662 ], [ 378519.145230118767358, 768951.244853871176019 ], [ 378463.622321647591889, 769011.029022726113908 ], [ 378406.541563389822841, 769042.22007696016226 ], [ 378060.703750016517006, 769040.564340134733357 ], [ 377984.272043859877158, 769010.665973647497594 ], [ 377844.216242917987984, 768951.829523761291057 ], [ 377755.975257385289297, 768925.906637398991734 ], [ 377548.013719525188208, 768898.286993746296503 ], [ 377172.014521560224239, 768856.278093068045564 ], [ 377001.489643635111861, 768827.095440611010417 ], [ 376742.856920264661312, 768830.171920349821448 ], [ 376637.967890865402296, 768850.143941150978208 ], [ 376484.91770944459131, 768921.994315414922312 ], [ 376336.957523055898491, 769059.404815839719959 ], [ 376248.081064937636256, 769181.886152528459206 ], [ 376191.69445042964071, 769295.909839418018237 ], [ 376141.313907320494764, 769243.772888736682944 ], [ 376126.961516102426685, 769214.220691581838764 ], [ 376053.349968159454875, 769126.63446897873655 ], [ 375974.217346726101823, 768996.172588948858902 ], [ 375951.892065719293896, 768932.625964007922448 ], [ 375933.593323249253444, 768903.080317736137658 ], [ 375889.176545936905313, 768870.649861512123607 ], [ 375795.66644335485762, 768701.269066918990575 ], [ 375703.813936944585294, 768610.277133118244819 ], [ 375687.7568746888428, 768487.545150239719078 ] ] ] } ] } },
{ "type": "Feature", "properties": { "id": "00000000000000000002", "adm2_name": "Colombo", "adm3_name": "Kaduwela", "zone_id": "LK1109", "area_sqkm": 86.737826 }, "geometry": { "type": "Polygon", "coordinates": [ [ [ 378608.433168773830403, 764321.992681232164614 ], [ 378653.656078830303159, 764275.050325912772678 ], [ 378695.735985840088688, 764146.273527478682809 ], [ 378748.787960156274494, 764081.073487989371642 ], [ 378859.986756860686, 764015.736080403905362 ], [ 378926.924015547148883, 763984.524079567403533 ], [ 378925.372274688794278, 763950.011766358511522 ], [ 378979.400828249868937, 763878.892384527949616 ], [ 379052.9939425943885, 763742.154681295854971 ], [ 379129.379679830220994, 763748.882067630300298 ], [ 379294.143624238669872, 763626.235766210826114 ], [ 379390.695788409968372, 763616.644956511328928 ], [ 379464.992469291668385, 763573.579399576061405 ], [ 379491.520709907345008, 763540.48542825342156 ], [ 379165.435013021517079, 763359.798991696326993 ], [ 379293.205336025857832, 763217.024302225443535 ], [ 379339.491042007808574, 763202.131133600254543 ], [ 379414.860533978731837, 763198.505603580852039 ], [ 379422.23355248029111, 763187.152225609519519 ], [ 379434.065463630366139, 763190.082397195277736 ], [ 379606.143862030876335, 762816.954297036281787 ], [ 379638.758114607830066, 762642.845639252453111 ], [ 379735.01048964005895, 762502.610021663014777 ], [ 379859.937126388598699, 762405.690821822383441 ], [ 379974.447731730411761, 762277.242650138447061 ], [ 380084.305788107332774, 762053.650322795496322 ], [ 380195.400867904594634, 761938.526531240786426 ], [ 380307.539215573284309, 761851.004445333383046 ], [ 380472.844345795747358, 761743.149732269812375 ], [ 380600.447782699600793, 761739.412553774309345 ], [ 380673.142307140282355, 761637.190048158168793 ], [ 380877.296662137960084, 761276.331145148142241 ], [ 380917.25489324494265, 761077.546733947354369 ], [ 380976.275622857792769, 761034.032390765612945 ], [ 381017.100208095216658, 761001.887435797252692 ], [ 381024.962259201973211, 760990.037152141099796 ], [ 381039.225421212206129, 760979.65597872948274 ], [ 381092.407355751085561, 760966.716182830510661 ], [ 381092.822563697351143, 760933.191527060931548 ], [ 381077.521478216280229, 760918.430520486668684 ], [ 381079.936605016351677, 760897.228337536333129 ], [ 381135.601209734857548, 760893.156024233088829 ], [ 381135.505797965393867, 760850.756917899358086 ], [ 381146.320216743333731, 760838.409118207637221 ], [ 381174.421023963252082, 760846.725098790833727 ], [ 381248.629532817984, 760759.789428267395124 ], [ 381296.262460240570363, 760688.189594554598443 ], [ 381389.975773584796116, 760513.449114459566772 ], [ 381398.758185770304408, 760474.487092653289437 ], [ 381392.808112173923291, 760455.270550028420985 ], [ 381402.136505695001688, 760440.949081385158934 ], [ 381398.618769430613611, 760412.360479307826608 ], [ 381416.798189479042776, 760389.645203516818583 ], [ 381419.670374065230135, 760349.206343627185561 ], [ 381429.479492135695182, 760330.448487306712195 ], [ 381415.16467921534786, 760317.662466855836101 ], [ 381428.373190786340274, 760274.741147140855901 ], [ 381578.125501424307004, 760259.617300327168778 ], [ 381589.615836861019488, 760330.089741111733019 ], [ 381597.859806875232607, 760488.827138355118223 ], [ 381687.124005228630267, 760527.579544467269443 ], [ 381783.159504781360738, 760506.165026125730947 ], [ 381832.766057847707998, 760436.04117600095924 ], [ 381884.25088606227655, 760324.013757577980869 ], [ 382006.135707920766436, 760183.22455566667486 ], [ 382105.480236639326904, 760098.20608924026601 ], [ 382142.41350205685012, 760091.217431358527392 ], [ 382179.431897862872574, 760118.259589458815753 ], [ 382238.941018826793879, 760067.830582600669004 ], [ 382313.53477518708678, 760156.41022505890578 ], [ 382269.401580366597045, 760251.667219891096465 ], [ 382304.511014437070116, 760307.294521795585752 ], [ 382323.765396723523736, 760323.03074960783124 ], [ 382308.111354960885365, 760373.352321159210987 ], [ 382312.065544589655474, 760382.220340204774402 ], [ 382347.540236676635686, 760381.649519108817913 ], [ 382409.273420551617164, 760445.110297041712329 ], [ 382500.488776094629429, 760473.990455493796617 ], [ 382577.524089152226225, 760550.239982374594547 ], [ 382604.260460551944561, 760608.854528431314975 ], [ 382631.358741019503213, 760605.34018221590668 ], [ 382661.460798434331082, 760628.942160717910156 ], [ 382706.839150649146177, 760649.04756779933814 ], [ 382737.407025706488639, 760657.365437801578082 ], [ 382832.62790070916526, 760715.820035302662291 ], [ 382841.047275715507567, 760734.539986697374843 ], [ 382915.94290168385487, 760732.402029680437408 ], [ 382928.266797137388494, 760737.795188124291599 ], [ 382937.670098840200808, 760753.551936912699603 ], [ 383001.265297048550565, 760769.681106271338649 ], [ 383047.134549613168929, 760790.778536473982967 ], [ 383075.254134061397053, 760806.005304145859554 ], [ 383174.283591603802051, 760805.287734102923423 ], [ 383345.795200924330857, 760826.599343990674242 ], [ 383404.477821853011847, 760845.207335415645503 ], [ 383413.838405929272994, 760846.16991456062533 ], [ 383450.149095968692563, 760777.565898450324312 ], [ 383620.714741394447628, 760817.126297925133258 ], [ 383647.324181727890391, 760820.021903953282163 ], [ 383653.065347584662959, 760741.126454564044252 ], [ 383676.172850441769697, 760717.413012499222532 ], [ 383681.554846826707944, 760698.167902838904411 ], [ 383664.723616367322393, 760663.200738071929663 ], [ 383660.715209465648513, 760633.627400851342827 ], [ 383586.715218838129658, 760594.348629483836703 ], [ 383597.380508973263204, 760511.013529731892049 ], [ 383637.265653415583074, 760502.044786140788347 ], [ 383575.279574326705188, 760323.706942203338258 ], [ 383550.537093566905241, 760273.478402969660237 ], [ 383548.005342390097212, 760241.92603452783078 ], [ 383511.718979463621508, 760099.030242004431784 ], [ 383505.575829314242583, 759995.512119572260417 ], [ 383513.361595937923994, 759949.640585101558827 ], [ 383526.138139347778633, 759933.840077210799791 ], [ 383557.66268655564636, 759927.856023589381948 ], [ 383572.40868317213608, 759911.057197643211111 ], [ 383591.16131902806228, 759927.292164492071606 ], [ 383614.276943474367727, 759907.026990986429155 ], [ 383643.391046173754148, 759924.707322360249236 ], [ 383685.628094986430369, 759865.453332106815651 ], [ 383735.364824398886412, 759849.074003912624903 ], [ 383759.047669982246589, 759863.812933690729551 ], [ 383826.982002445147373, 759839.01086996612139 ], [ 383969.383922050707042, 759839.68116651091259 ], [ 384042.843479034607299, 759857.270034942426719 ], [ 384098.558275464805774, 759874.898993626586162 ], [ 384127.141620613867417, 759879.277110654395074 ], [ 384237.947282812267076, 759849.945660070050508 ], [ 384340.019649212365039, 759886.69647256960161 ], [ 384415.914438118925318, 759893.431690887664445 ], [ 384439.185640622919891, 759945.148117555421777 ], [ 384712.150877747510094, 759943.069859955809079 ], [ 384757.006056334008463, 759952.834836471709423 ], [ 384784.632926151447464, 759965.104545972542837 ], [ 384803.732314123597462, 759912.30373664572835 ], [ 384842.61485466157319, 759895.460136906825937 ], [ 384827.629964044841472, 759801.817982282838784 ], [ 384850.857767216919456, 759604.561387594090775 ], [ 384950.172663627425209, 759278.463627315009944 ], [ 384998.231014888267964, 759173.834094379330054 ], [ 385013.011878425604664, 759173.809333889046684 ], [ 385035.699723923113197, 759183.618684348417446 ], [ 385048.921458286058623, 759147.600634689559229 ], [ 385045.438961548090447, 759129.361176545964554 ], [ 385139.445387713378295, 759082.325344630284235 ], [ 385275.388170807505958, 759057.378095184220001 ], [ 385308.351054128666874, 759034.131052294047549 ], [ 385401.513012475799769, 759051.18699622224085 ], [ 385491.24955713795498, 759081.067934741964564 ], [ 385544.992942223092541, 759093.765745979500934 ], [ 385600.261730108992197, 759131.610999101190828 ], [ 385667.309983955463395, 759151.683104693074711 ], [ 385761.855236953764688, 759125.34788074484095 ], [ 385817.420422083640005, 759069.517092252965085 ], [ 385877.069320872426033, 759083.68309517391026 ], [ 385954.414139948145021, 759077.1077412199229 ], [ 386000.745554464054294, 759082.926505757728592 ], [ 386063.879110762965865, 759112.859810106805526 ], [ 386188.838564953766763, 759021.391046194243245 ], [ 386246.939715053536929, 759005.481844412861392 ], [ 386419.414774389471859, 759012.0184072869597 ], [ 386474.078563676855993, 758999.079270360409282 ], [ 386541.113993436505552, 759011.759875221294351 ], [ 386526.047941695316695, 759106.443955638213083 ], [ 386703.387680565181654, 759088.31953383050859 ], [ 386832.393447446112987, 759044.65554902178701 ], [ 386973.349965227534994, 759060.131554277031682 ], [ 387060.101977276382968, 759077.70104359369725 ], [ 387076.302358814398758, 759050.548488842672668 ], [ 387088.30635647685267, 758899.659447852522135 ], [ 387092.669326138915494, 758867.107117330771871 ], [ 387089.120007572870236, 758821.266377532621846 ], [ 387527.657327479158994, 758824.283307663630694 ], [ 387587.10160321497824, 758742.808862758683972 ], [ 387695.079171286546625, 758771.167365837609395 ], [ 387766.508669091621414, 758765.595693230163306 ], [ 387771.340225732710678, 758718.261523665860295 ], [ 387818.97514824080281, 758644.696895318687893 ], [ 387880.433986979653127, 758579.980220248457044 ], [ 387894.618922680150717, 758532.12714178476017 ], [ 387892.561529991973657, 758491.216243100352585 ], [ 387912.113352945947554, 758417.222685923334211 ], [ 387882.308938185975421, 758302.901873513357714 ], [ 387916.161664230108727, 758235.78452508430928 ], [ 387951.101404442160856, 758214.512238671304658 ], [ 388020.071743844251614, 758205.984008053550497 ], [ 388038.657461664639413, 758143.328201564727351 ], [ 388154.027722506376449, 758173.652095804340206 ], [ 388211.190687472117133, 758178.468412922811694 ], [ 388339.398039545398206, 758225.029279779060744 ], [ 388421.270313846296631, 758259.373348546563648 ], [ 388428.65561969258124, 758255.90642493928317 ], [ 388491.2893994441838, 758284.8542451657122 ], [ 388549.94618932902813, 758292.626611853949726 ], [ 388629.329376798588783, 758319.078522696974687 ], [ 388712.231171822175384, 758378.06957160832826 ], [ 388724.060285229119472, 758380.506037332001142 ], [ 388719.659716061316431, 758395.302793569862843 ], [ 388779.300689166411757, 758405.530799376312643 ], [ 388795.542801255418453, 758394.652434136951342 ], [ 388906.465063177107368, 758422.029414057498798 ], [ 388991.224031961464789, 758428.25871193583589 ], [ 389046.495734976197127, 758469.065876491134986 ], [ 389246.598700928268954, 758496.257968561258167 ], [ 389332.390909670386463, 758520.234550213674083 ], [ 389385.616661374573596, 758526.039664292824455 ], [ 389506.930783248972148, 758576.072338332305662 ], [ 389581.944872442167252, 758632.115535135613754 ], [ 389659.317280459683388, 758639.357793915318325 ], [ 389789.032303695799783, 758700.708399520954117 ], [ 389892.032619718520436, 758710.353030573809519 ], [ 390006.846050326304976, 758711.597159396507777 ], [ 390044.260783272446133, 758696.234220651793294 ], [ 390089.211851595318876, 758750.864612626377493 ], [ 390087.850406907033175, 758808.05951902619563 ], [ 390098.251958499895409, 758832.197279294487089 ], [ 390099.765616853605025, 758852.900384061620571 ], [ 390110.138488853059243, 758863.22788428387139 ], [ 390146.11761991167441, 758869.565663246787153 ], [ 390188.583902706159279, 758912.858238071552478 ], [ 390178.364490624982864, 758976.475736128049903 ], [ 390201.667668905050959, 759043.975223749293946 ], [ 390201.710600539168809, 759064.678053476847708 ], [ 390181.08500733342953, 759097.266136481659487 ], [ 390177.75934517767746, 759157.417530699516647 ], [ 390059.50977536191931, 759161.606593491858803 ], [ 390074.79375948687084, 759403.14867562672589 ], [ 390078.881894817808643, 759474.137637992505915 ], [ 390086.790046001668088, 759482.500240978202783 ], [ 390074.62100008915877, 759555.977710422826931 ], [ 390091.033830217667855, 759628.423852872219868 ], [ 390094.17406620667316, 759719.618994389544241 ], [ 390116.991249225509819, 759789.089720002491958 ], [ 390108.099068228853866, 760014.903034129762091 ], [ 390134.346828530193307, 760079.43273855431471 ], [ 390131.968061085266527, 760123.315723220235668 ], [ 390140.925146674679127, 760164.707656556623988 ], [ 390184.496999256836716, 760268.646569567616098 ], [ 390206.167195705289487, 760262.689630319247954 ], [ 390238.981555887614377, 760402.633382894098759 ], [ 390308.78213865874568, 760562.717245641630143 ], [ 390325.542076698620804, 760566.62331828835886 ], [ 390357.863174787780736, 760710.01992911961861 ], [ 390353.970826999924611, 760733.207098415005021 ], [ 390389.052267034072429, 760780.463052157312632 ], [ 390397.468546280695591, 760797.694993931683712 ], [ 390457.606775580439717, 760813.350520171225071 ], [ 390447.332825885445345, 760850.34738285979256 ], [ 390469.19541250547627, 760937.564132511150092 ], [ 390485.515869745693635, 760966.125733846914954 ], [ 390491.491855765809305, 760997.661971909808926 ], [ 390509.735417326330207, 761003.543159929919057 ], [ 390649.832947082817554, 761321.245772561524063 ], [ 390672.484049190883525, 761316.26245046290569 ], [ 390682.878247692075092, 761337.44467377604451 ], [ 390763.213747531990521, 761352.564299991936423 ], [ 390787.517161811585538, 761426.465646710130386 ], [ 390821.53506860230118, 761439.20943586807698 ], [ 390832.846140266221482, 761429.823331620194949 ], [ 390869.338646965508815, 761445.025109844631515 ], [ 390879.184007331379689, 761442.541151127545163 ], [ 390939.52435275336029, 761553.346906656865031 ], [ 391004.213146053720266, 761620.262969060335308 ], [ 391015.098975553177297, 761642.420116555993445 ], [ 391007.284699476789683, 761678.923323179362342 ], [ 391023.182842371752486, 761741.006146275321953 ], [ 391052.782664238475263, 761760.177681918488815 ], [ 391096.840099484659731, 761860.66071540734265 ], [ 391134.431867548788432, 761929.603944129892625 ], [ 391196.586054227722343, 761965.959159012767486 ], [ 391285.759563588653691, 761963.797438643989153 ], [ 391306.023993972456083, 761995.314462321577594 ], [ 391475.132185522117652, 762051.163714977330528 ], [ 391480.72028835961828, 762132.989916227175854 ], [ 391496.636308276676573, 762204.446804992272519 ], [ 391502.059021074906923, 762205.915952225681394 ], [ 391529.600776518636849, 762183.180125265032984 ], [ 391580.822349683730863, 762175.682825964293443 ], [ 391611.330587097560056, 762156.388150032842532 ], [ 391696.331234204699285, 762042.819728240836412 ], [ 391735.653792600729503, 761996.889724686043337 ], [ 391745.964317670674063, 761978.133019182365388 ], [ 391761.227554133743979, 761970.714323126827367 ], [ 391769.03626333840657, 761936.182717681745999 ], [ 391759.910113728314172, 761810.976349563803524 ], [ 391778.37899098690832, 761689.169950310140848 ], [ 391882.145703052578028, 761594.29721912369132 ], [ 391917.973977624787949, 761526.682484463555738 ], [ 391931.638208375487011, 761461.08715488947928 ], [ 392017.145539082295727, 761351.457701675710268 ], [ 392060.361965297255665, 761283.341581776039675 ], [ 392063.263984864635859, 761255.230350952362642 ], [ 392059.301113980996888, 761243.903308599838056 ], [ 392075.477780943387188, 761203.933832943090238 ], [ 392068.425416949496139, 761129.010494974208996 ], [ 392029.240504531655461, 761002.383335354970768 ], [ 391991.770975782768801, 760991.119989874772727 ], [ 391957.189217275707051, 760944.852575977100059 ], [ 391975.46013246581424, 760725.919729472370818 ], [ 391990.176826865179464, 760690.881361949141137 ], [ 392136.526305410952773, 760701.923972740652971 ], [ 392282.419901808549184, 760726.281053493148647 ], [ 392334.653598762233742, 760731.098735046922229 ], [ 392410.586575660854578, 760757.072142967372201 ], [ 392425.384806942020077, 760766.906532845227048 ], [ 392426.896627358568367, 760782.678211748367175 ], [ 392516.649635281413794, 760819.968161935568787 ], [ 392664.98458560241852, 760838.398240840877406 ], [ 392727.086480048310477, 760844.679592543514445 ], [ 392770.926199196954258, 760843.114774805726483 ], [ 392825.639208682638127, 760854.337642384227365 ], [ 393014.342668697878253, 760849.518186917877756 ], [ 393153.20810060610529, 760812.261041577556171 ], [ 393185.034723125689197, 760715.080370967043564 ], [ 393198.796661662228871, 760697.793318237992935 ], [ 393267.868177283904515, 760741.04162271914538 ], [ 393276.777972535928711, 760761.730794307310134 ], [ 393328.971607090556063, 760744.857159218750894 ], [ 393360.752228989964351, 760624.994570164941251 ], [ 393411.926236386992969, 760593.341002497356385 ], [ 393444.416112635692116, 760577.497292637359351 ], [ 393475.19673737057019, 760690.825867326348089 ], [ 393469.921743131242692, 760766.764123889734037 ], [ 393461.594192798889708, 760786.993830953259021 ], [ 393614.290359169826843, 760769.920419065165333 ], [ 393657.161314846714959, 760771.310858672834001 ], [ 393701.036941214289982, 760785.034732906729914 ], [ 393719.699988599808421, 760754.427117056911811 ], [ 393743.818229317432269, 760742.050442302133888 ], [ 393872.475343060563318, 760769.404768088366836 ], [ 393913.387000066111796, 760781.152736410847865 ], [ 393965.11595746135572, 760778.584871017141268 ], [ 393988.259535197867081, 760769.172310202615336 ], [ 393995.200882834964432, 760790.85165751283057 ], [ 393982.480244776117615, 760838.199743113014847 ], [ 393993.372907859447878, 760861.35600471321959 ], [ 393974.376123032707255, 760974.285743250744417 ], [ 393941.636809823685326, 761108.944153175223619 ], [ 393744.083991722553037, 761117.721525116357952 ], [ 393729.29464481479954, 761115.780915736802854 ], [ 393690.271857731218915, 761307.639036659849808 ], [ 393671.540472931112163, 761304.221672834944911 ], [ 393663.155054675647989, 761300.294402508880012 ], [ 393640.525320133892819, 761317.102679214556701 ], [ 393623.524707789649256, 761438.417678486439399 ], [ 393591.561254636384547, 761467.079505055444315 ], [ 393490.5837369117653, 761484.04074134293478 ], [ 393483.194613954401575, 761483.561631134827621 ], [ 393432.061711719899904, 761534.93834072095342 ], [ 393441.520967742602807, 761585.210743327159435 ], [ 393474.681263287435286, 761659.089994596783072 ], [ 393503.826701700803824, 761695.517428835504688 ], [ 393420.124355891370215, 761722.799366637249477 ], [ 393388.099269126250874, 761725.819567745784298 ], [ 393359.596363610005938, 761760.388629956869408 ], [ 393338.937762652698439, 761778.181639645015821 ], [ 393329.844171743898187, 761908.843454895890318 ], [ 393340.251226324122399, 761938.406658664462157 ], [ 393332.249482130457181, 762124.289126701653004 ], [ 393360.808619220217224, 762359.886652239365503 ], [ 393390.9083007213776, 762383.491961546009406 ], [ 393413.131761046941392, 762408.091541616828181 ], [ 393389.796750175126363, 762565.407859738334082 ], [ 393331.009619300428312, 762731.676097381277941 ], [ 393329.708216531609651, 762814.990863841841929 ], [ 393300.795283322921023, 762893.442234417540021 ], [ 393473.262487331638113, 762906.401728835422546 ], [ 393470.834443549392745, 762926.623842037166469 ], [ 393492.027621811197605, 762926.578758966061287 ], [ 393493.090382927912287, 762967.492627955391072 ], [ 393555.409425834543072, 763085.201513288775459 ], [ 393544.681260514073074, 763138.952800068538636 ], [ 393551.078672086063307, 763138.448741669184528 ], [ 393540.82262229261687, 763183.338916826760396 ], [ 393367.528269952978007, 763244.81844155327417 ], [ 393367.686017764848657, 763322.708785298862495 ], [ 393331.11731409910135, 763510.622612862382084 ], [ 393322.76885780406883, 763524.93633117666468 ], [ 393293.730492076079827, 763541.260820688097738 ], [ 393361.342393478204031, 763596.348870773217641 ], [ 393386.70080319326371, 763712.644025723333471 ], [ 393518.696773298317567, 763691.17864298063796 ], [ 393588.293997262662742, 763755.123542131972499 ], [ 393604.774182740540709, 763866.509659232571721 ], [ 393555.534077309304848, 763878.440282947383821 ], [ 393575.77348301326856, 764143.145915220258757 ], [ 393616.244348440435715, 764175.112182166893035 ], [ 393616.787197161524091, 764201.237273377249949 ], [ 393603.071691971214022, 764240.707716898876242 ], [ 393643.440192972426303, 764226.821631407714449 ], [ 393720.339054924203083, 764244.416492955177091 ], [ 393719.828676496108528, 764238.992602704209276 ], [ 393747.419899241998792, 764239.426924718311056 ], [ 393786.374617768276948, 764253.648194985114969 ], [ 393819.862782327225432, 764248.646210218314081 ], [ 393855.858425457729027, 764262.87390477664303 ], [ 393964.236932611907832, 764257.229469995945692 ], [ 394065.127136573020834, 764206.744167752447538 ], [ 394114.394624900480267, 764205.168634109315462 ], [ 394116.807232232124079, 764181.985118814161979 ], [ 394145.385684951790608, 764181.928875780664384 ], [ 394175.893657684093341, 764162.146508023492061 ], [ 394196.600235214224085, 764169.499305595760234 ], [ 394200.062743517744821, 764176.399783820612356 ], [ 394181.368125415872782, 764190.241680503007956 ], [ 394189.856765830656514, 764245.930026759626344 ], [ 394231.696251944405958, 764229.087559700594284 ], [ 394240.053917464450933, 764219.704229537746869 ], [ 394267.696154768695123, 764246.272697775624692 ], [ 394278.071628413861617, 764261.041712810634635 ], [ 394302.724878305860329, 764267.88883876951877 ], [ 394310.097106201515999, 764260.479132606764324 ], [ 394342.779875493375584, 764343.243489555432461 ], [ 394379.266221043188125, 764358.946186360204592 ], [ 394409.796174495015293, 764350.50175661360845 ], [ 394452.234964812872931, 764383.93659853504505 ], [ 394498.170485207228921, 764441.526037137256935 ], [ 394322.012858973641414, 764549.357102082343772 ], [ 394153.301366485655308, 764687.735979444580153 ], [ 394037.299740439339075, 764822.560735709383152 ], [ 394019.139290134073235, 764853.658539146068506 ], [ 393927.642427448066883, 764921.883043816196732 ], [ 393890.231880707084201, 764939.212603229098022 ], [ 393822.265426509722602, 764948.223784960107878 ], [ 393404.298915740160737, 765099.929674722021446 ], [ 393122.304214456060436, 765250.869152829051018 ], [ 393009.680282010580413, 765345.759477380663157 ], [ 392845.342251051682979, 765451.596635196125135 ], [ 392475.607387079624459, 765575.109293569112197 ], [ 392355.893479123304132, 765574.861592091969214 ], [ 391821.255106657510623, 765527.149203045642935 ], [ 391748.855559269606601, 765536.665183477918617 ], [ 391718.867385698307771, 765569.272830976289697 ], [ 391695.871605184627697, 765647.210107387509197 ], [ 391675.895267833489925, 765754.237991231027991 ], [ 391645.50346224848181, 765828.739097111509182 ], [ 391627.141355739557184, 766000.84590973390732 ], [ 391622.828605620423332, 766061.985461669275537 ], [ 391582.308978731860407, 766238.564274656004272 ], [ 391534.373802574235015, 766406.784301729872823 ], [ 391450.924369089654647, 766551.408953451900743 ], [ 391323.204302603960969, 766731.620033755083568 ], [ 391136.928520850546192, 766944.984493993688375 ], [ 391050.072186940698884, 767110.8148627782939 ], [ 391018.861135775223374, 767262.729397049639374 ], [ 391013.558660432463512, 767318.944230062537827 ], [ 391027.576518649002537, 767424.417179700918496 ], [ 391110.364268479286693, 767672.727182247792371 ], [ 391122.443587881687563, 767797.922251873649657 ], [ 391097.079066112753935, 767919.25914720306173 ], [ 391060.240122756455094, 767970.605081200483255 ], [ 391022.358111305453349, 767996.322578919585794 ], [ 390980.989633365883492, 767999.859770595212467 ], [ 390956.338260092248674, 767993.007510204915889 ], [ 390864.601784146623686, 767942.418246389715932 ], [ 390633.876745059795212, 767859.584318539476953 ], [ 390458.813903726520948, 767777.125290486728773 ], [ 390043.800315060885623, 767680.868957546190359 ], [ 389865.808868717227597, 767610.245075872750022 ], [ 389666.535856280999724, 767493.822539281332865 ], [ 389596.064963436336257, 767481.155354466987774 ], [ 389452.267618275189307, 767510.544920341577381 ], [ 389048.211659274355043, 767701.213085312861949 ], [ 388984.67759958707029, 767712.192752525210381 ], [ 388889.602043763035908, 767710.916197537793778 ], [ 388853.118865845608525, 767702.114072225871496 ], [ 388717.484526814543642, 767625.0060639801668 ], [ 388511.741238340269774, 767480.006059534847736 ], [ 388441.165766485151835, 767422.47196587966755 ], [ 388345.359510522859637, 767311.25483711482957 ], [ 388103.399603825935628, 766820.72570674540475 ], [ 388049.567352050857153, 766755.760533778811805 ], [ 387995.798995326273143, 766725.309255651431158 ], [ 387941.128783595806453, 766731.837209833203815 ], [ 387908.174066906096414, 766757.053461990552023 ], [ 387870.024752756231464, 766888.272951283026487 ], [ 387803.677520461729728, 766963.353906459989958 ], [ 387699.879048261907883, 767033.584281028830446 ], [ 387588.635888708231505, 767079.678174650412984 ], [ 387415.308575572795235, 767119.48637576343026 ], [ 387152.766179041063879, 767139.774830740294419 ], [ 386899.991291794518474, 767119.12288936029654 ], [ 386604.733583983383141, 767048.269907984999008 ], [ 386357.27967719885055, 766983.726671697804704 ], [ 386213.910369070072193, 766981.084825147874653 ], [ 386151.876295362366363, 766996.989219676470384 ], [ 386055.494469109456986, 767081.013213022379205 ], [ 385715.4758302354021, 767267.624064343515784 ], [ 385559.454185301903635, 767335.508559927344322 ], [ 385411.254024424066301, 767375.767257099971175 ], [ 385057.152665417350363, 767428.312143845134415 ], [ 384596.361949987709522, 767580.682512736530043 ], [ 384470.767262072768062, 767596.241780730080791 ], [ 384393.37684005650226, 767577.679331216961145 ], [ 384357.364678195444867, 767555.571607861784287 ], [ 384282.266761093458626, 767456.642095863586292 ], [ 384107.078165210550651, 767324.895824839011766 ], [ 384034.552822671073955, 767277.232713765464723 ], [ 384053.982578811526764, 767153.444240813725628 ], [ 384047.853276784182526, 767051.894899882259779 ], [ 383665.857847676845267, 766969.913488933932967 ], [ 383623.485683347447775, 766969.517305435379967 ], [ 383625.355253901565447, 766923.659050996880978 ], [ 383645.500051611859817, 766900.935126171912998 ], [ 383687.848111578670796, 766890.491812374908477 ], [ 383703.982863276614808, 766833.262624819530174 ], [ 383769.39710775425192, 766786.283273881417699 ], [ 383773.738530734903179, 766744.86044507031329 ], [ 383761.311048942268826, 766691.636458849650808 ], [ 383781.444781831931323, 766663.980544538120739 ], [ 383822.75615191180259, 766632.832167560467497 ], [ 383872.227827922208235, 766500.102191787329502 ], [ 383893.12479585269466, 766369.895166174159385 ], [ 383901.977084598212969, 766363.469609432388097 ], [ 383925.037588217644952, 766320.028672039392404 ], [ 383976.238250360125676, 766303.651495009777136 ], [ 384025.408418314647861, 766260.645224793814123 ], [ 384157.341834984777961, 766215.48842057120055 ], [ 384288.232882948999759, 766143.221273251576349 ], [ 384304.456769007549156, 766126.419794807909057 ], [ 384314.590630756632891, 766029.768634589505382 ], [ 384368.595091825001873, 765946.819217483862303 ], [ 384388.70938741741702, 765906.352914812858216 ], [ 384406.125490801001433, 765762.83900727017317 ], [ 384402.475402821553871, 765668.682074527838267 ], [ 384424.967202441825066, 765594.18732620915398 ], [ 384591.738300197466742, 765257.088965134928003 ], [ 384780.152286835887935, 765129.478103602770716 ], [ 384852.919726897729561, 765061.285772655857727 ], [ 384906.89369224163238, 764960.585054197814316 ], [ 384985.749509632179979, 764748.414889125502668 ], [ 384768.304192956828047, 764668.531331144738942 ], [ 384643.586102176632266, 764638.729078122181818 ], [ 384537.994605935120489, 764565.992334708687849 ], [ 384380.121139999711886, 764468.7259648416657 ], [ 384328.00516977062216, 764519.126706822193228 ], [ 384295.43007047357969, 764491.093336506164633 ], [ 384263.836902534705587, 764463.561129437061027 ], [ 384200.250847217394039, 764449.892565662856214 ], [ 384216.26374972180929, 764336.95746472699102 ], [ 384181.24503386951983, 764321.750407629762776 ], [ 384148.862607888993807, 764381.475199978565797 ], [ 384126.215796712727752, 764390.397663241601549 ], [ 384068.044849844358396, 764373.277018804918043 ], [ 384049.848570489091799, 764390.073190931230783 ], [ 383999.618315568601247, 764398.078871923964471 ], [ 383945.020079950336367, 764440.106386733124964 ], [ 383922.451203901437111, 764484.519868633127771 ], [ 383900.047490060329437, 764599.443291356205009 ], [ 383880.959363312169444, 764656.67993507895153 ], [ 383879.088138118910138, 764702.041583139449358 ], [ 383811.248291371040978, 764770.725130852777511 ], [ 383803.411532767408062, 764792.926753426669165 ], [ 383781.781831519678235, 764814.169623841764405 ], [ 383700.974589692079462, 764811.884105084463954 ], [ 383676.330003939801827, 764805.037714335601777 ], [ 383580.350416303146631, 764626.7801823298214 ], [ 383508.67550047050463, 764519.458805097849108 ], [ 383451.990398992784321, 764506.269666837411933 ], [ 383424.363289960834663, 764490.559569254866801 ], [ 383358.222863143426366, 764437.950264781829901 ], [ 383428.865473832876887, 764300.240028242114931 ], [ 383459.601058012980502, 764160.649059379473329 ], [ 383472.320723364478908, 764119.695270503638312 ], [ 383387.042218466871418, 764102.141722952481359 ], [ 383351.23974975279998, 764173.214191901381128 ], [ 383328.212089364125859, 764232.426532152923755 ], [ 383288.793935533729382, 764230.052571485517547 ], [ 383279.522854644921608, 764273.457190903718583 ], [ 383219.442546738486271, 764286.903060375712812 ], [ 383222.507579040189739, 764333.239735218812712 ], [ 383208.812644928519148, 764381.089643283979967 ], [ 383206.955626010079868, 764428.423227917868644 ], [ 383196.33239409676753, 764525.577371918363497 ], [ 383149.61227237759158, 764565.610485536977649 ], [ 383130.409394652117044, 764571.570107860141434 ], [ 383083.077880134340376, 764557.379432571469806 ], [ 383089.967890089261346, 764550.462442799820565 ], [ 383077.125319800456055, 764536.1943487173412 ], [ 383094.335868476948235, 764520.871288224705495 ], [ 383095.284065802756231, 764506.079084524768405 ], [ 383115.954942628683057, 764494.198287171428092 ], [ 383104.575267602573149, 764475.983116118470207 ], [ 383063.270254305913113, 764512.063366871210746 ], [ 383043.031253481341992, 764493.376221968326718 ], [ 382919.575021894590463, 764587.816231198608875 ], [ 382905.253921562281903, 764570.590126924798824 ], [ 382888.033227189560421, 764581.482435123994946 ], [ 382906.334976828598883, 764615.45250107429456 ], [ 382876.313160286983475, 764630.809246112708934 ], [ 382849.272129712626338, 764654.530029162880965 ], [ 382792.110071066883393, 764649.236997143365443 ], [ 382689.671625809802208, 764668.202688474324532 ], [ 382635.52480920648668, 764687.058370103593916 ], [ 382540.890132590720896, 764669.521428364561871 ], [ 382486.661411288718227, 764656.325123045709915 ], [ 382444.62881290842779, 764587.397940601687878 ], [ 382320.87853205378633, 764549.219395921099931 ], [ 382307.640160358743742, 764577.84669548610691 ], [ 382297.80616908025695, 764584.770197865203954 ], [ 382290.44276122469455, 764599.574446829385124 ], [ 382272.244297721714247, 764612.431083962321281 ], [ 382245.809482591343112, 764688.418679722701199 ], [ 382165.290655293385498, 764812.348820746410638 ], [ 381989.431695846607909, 764825.560186869348399 ], [ 381964.78130240412429, 764818.222588813398033 ], [ 381957.099964580731466, 764909.941468238946982 ], [ 381967.609248554566875, 764980.916471368283965 ], [ 381967.170711320475675, 765004.08915047859773 ], [ 381989.446096558938734, 765050.38340879266616 ], [ 381939.712978617171757, 765065.776784169021994 ], [ 381910.152075800579041, 765064.857671999838203 ], [ 381837.324599459418096, 765106.432624302920885 ], [ 381847.220466915518045, 765122.68238220049534 ], [ 381835.908243643934838, 765131.087818981031887 ], [ 381842.384288691566326, 765162.137368835974485 ], [ 381830.654116572346538, 765207.026902325451374 ], [ 381792.254257772816345, 765219.437723832437769 ], [ 381713.086037761822809, 765286.173787992680445 ], [ 381708.739411925489549, 765325.129650879185647 ], [ 381704.337266338290647, 765339.437549628433771 ], [ 381641.865489234915003, 765383.9528919266304 ], [ 381575.906297871493734, 765409.248848652234301 ], [ 381522.05240534915356, 765342.806036981055513 ], [ 381434.344946683268063, 765339.066061818040907 ], [ 381441.052737978403457, 765255.230155975208618 ], [ 381378.954657090478577, 765244.526961895055138 ], [ 381300.202827866130974, 765279.709500639699399 ], [ 381204.80318515887484, 765359.304293727851473 ], [ 381159.103555451729335, 765411.668891518726014 ], [ 381106.915669306996278, 765428.051924965693615 ], [ 380965.467897353635635, 765407.174294974072836 ], [ 380879.698744696099311, 765386.658659638604149 ], [ 380797.809719447977841, 765342.472546445671469 ], [ 380722.859329767874442, 765312.568798404885456 ], [ 380693.232000217714813, 765284.044997401768342 ], [ 380519.228992620366625, 765244.996172863990068 ], [ 380398.979847053182311, 765230.481087132939138 ], [ 380380.275386543944478, 765237.915055626654066 ], [ 380349.655296349315904, 765204.960083859506994 ], [ 380345.175360419845674, 765185.24937489326112 ], [ 380319.01481800590409, 765163.116737665142864 ], [ 380301.787866728089284, 765173.017401387565769 ], [ 380212.03212716121925, 765132.793078223941848 ], [ 380233.576950135233346, 765075.550602496601641 ], [ 380228.618605090188794, 765061.27123130124528 ], [ 380178.347081006155349, 765055.465369797078893 ], [ 380134.032423565397039, 765067.396899341372773 ], [ 380077.623576292011421, 764961.036195680033416 ], [ 380213.929538597760256, 764884.796869856887497 ], [ 380199.56305650237482, 764849.83026941632852 ], [ 380261.552302373631392, 764813.197141104494222 ], [ 380255.602463949238881, 764794.477954184054397 ], [ 380130.587252995930612, 764851.958716377848759 ], [ 380128.205306529998779, 764887.455625182134099 ], [ 380094.742961595766246, 764903.809355602134019 ], [ 380034.549023695173673, 764867.462858935003169 ], [ 380029.594998310320079, 764855.149198123021051 ], [ 380007.396507726516575, 764845.330552486469969 ], [ 379984.704342985933181, 764830.107403118629009 ], [ 379943.495090453187004, 764694.125681974575855 ], [ 379900.127101419435348, 764687.31730571645312 ], [ 379874.412832103087567, 764646.455598210217431 ], [ 379898.859531134425197, 764562.09219157404732 ], [ 379862.857292002649046, 764549.359148978954181 ], [ 379866.270576158654876, 764531.595757499686442 ], [ 379837.155238846084103, 764513.920256270561367 ], [ 379746.881542433577124, 764464.330903450259939 ], [ 379661.12008632812649, 764448.750734588014893 ], [ 379566.346352907188702, 764586.029331407393329 ], [ 379499.485289319127332, 764648.301618463825434 ], [ 379494.66761928651249, 764695.639368170872331 ], [ 379484.81825849210145, 764701.088418483850546 ], [ 379465.542034329962917, 764674.0153245520778 ], [ 379021.320350393943954, 764537.97608557541389 ], [ 378937.947300078812987, 764492.805632616276853 ], [ 378770.820722826872952, 764447.34019451297354 ], [ 378726.945991601329297, 764436.101648662006482 ], [ 378680.108989894157276, 764421.42181362467818 ], [ 378639.129864157817792, 764385.033497865428217 ], [ 378608.433168773830403, 764321.992681232164614 ] ] ] } },
{ "type": "Feature", "properties": { "id": "00000000000000000003", "adm2_name": "Colombo", "adm3_name": "Homagama", "zone_id": "LK1112", "area_sqkm": 120.31622721 }, "geometry": { "type": "GeometryCollection", "geometries": [ { "type": "LineString", "coordinates": [ [ 394053.460778821958229, 753446.443895860924385 ], [ 394055.910779951140285, 753441.511916004004888 ] ] }, { "type": "Polygon", "coordinates": [ [ [ 383995.074491899576969, 752874.757488501723856 ], [ 383994.016169938084204, 752839.270360319758765 ], [ 384019.943964808131568, 752752.929194478900172 ], [ 384033.12053445802303, 752694.727323545143008 ], [ 384029.056716182036325, 752635.07991637615487 ], [ 384109.727470532641746, 752567.359174884390086 ], [ 384126.919431811373215, 752542.184701801161282 ], [ 384135.748385679617058, 752523.916797351441346 ], [ 384140.087488113786094, 752480.033678368898109 ], [ 384157.180000017571729, 752409.003260299563408 ], [ 384173.855680590844713, 752371.98603298550006 ], [ 384252.126834497204982, 752107.068745262455195 ], [ 384284.88839239324443, 751987.192312859115191 ], [ 384301.586542196921073, 751960.539048413047567 ], [ 384354.043038945819717, 751834.211269365972839 ], [ 384474.947848583920859, 751686.532907064422034 ], [ 384656.990592193673365, 751549.574632607051171 ], [ 384671.706032184651121, 751517.990426279953681 ], [ 384748.502586907299701, 751479.370962136308663 ], [ 384777.984312323387712, 751439.868369893054478 ], [ 384926.041753567755222, 751311.854803844238631 ], [ 385008.695663482358214, 751247.095611431403086 ], [ 385048.522765151108615, 751206.092899331590161 ], [ 385087.902588709141128, 751185.295047680963762 ], [ 385169.958067235769704, 751070.737744763493538 ], [ 385202.941530948737636, 751054.403641509125009 ], [ 385227.018015911802649, 751019.839461679221131 ], [ 385228.414627634454519, 750984.834486513398588 ], [ 385287.761193805141374, 750852.086844586883672 ], [ 385370.439508451614529, 750799.643634546548128 ], [ 385460.415130959532689, 750701.340548672364093 ], [ 385471.598251589632127, 750628.351695819757879 ], [ 385520.157928943110164, 750520.28256847395096 ], [ 385596.03392397519201, 750516.668831957969815 ], [ 385629.830018674721941, 750417.499685737071559 ], [ 385601.052793072711211, 750326.847455278621055 ], [ 385677.861011295113713, 750291.673118980950676 ], [ 385681.228485971223563, 750256.173201782512479 ], [ 385732.504031972202938, 750032.728503004531376 ], [ 385793.746003947569989, 749864.479434140492231 ], [ 385741.497310411476064, 749861.634106229641475 ], [ 385704.11155187850818, 749892.281765155028552 ], [ 385653.829782187007368, 749887.458314431714825 ], [ 385541.549223506299313, 749922.211196555406787 ], [ 385532.681616513582412, 749926.663827446987852 ], [ 385386.315468022832647, 749696.741154266986996 ], [ 385311.615173704631161, 749563.29355966555886 ], [ 385280.480452386778779, 749522.439550025388598 ], [ 385199.908024194883183, 749409.709605124546215 ], [ 385180.107317812449764, 749366.366747869760729 ], [ 385169.2326791503001, 749350.119242797605693 ], [ 385154.376616978377569, 749320.569462809129618 ], [ 385114.382501655898523, 749284.169623409979977 ], [ 385077.24499648436904, 749202.906849636463448 ], [ 385078.648032121476717, 749166.422478112042882 ], [ 385045.472806755220518, 749094.014813209418207 ], [ 385013.404212369932793, 749075.8405410295818 ], [ 384976.740803258609958, 748987.182278791326098 ], [ 384897.278846146189608, 748932.13446420407854 ], [ 384867.129598430241458, 748889.79689559713006 ], [ 384817.630918117240071, 748790.804053757106885 ], [ 384739.002347356174141, 748667.722929482581094 ], [ 384729.073140014836099, 748630.763447826961055 ], [ 384679.142018526792526, 748559.38756606716197 ], [ 384649.534243239031639, 748541.207469649496488 ], [ 384587.121673610527068, 748395.901981755392626 ], [ 384554.556138315470889, 748375.760171562433243 ], [ 384507.203856803185772, 748359.095732986344956 ], [ 384456.284519690088928, 748285.253952398779802 ], [ 384392.094185666064732, 748226.727383140590973 ], [ 384381.731129957828671, 748220.830864738090895 ], [ 384379.457883203402162, 748080.821756440447643 ], [ 384352.310351946915034, 748062.145399367669597 ], [ 384286.898974159383215, 747897.127056623925455 ], [ 384258.697588127339259, 747844.923164620646276 ], [ 384226.080714448471554, 747806.049918223521672 ], [ 384015.45674345898442, 747720.720036958926357 ], [ 384006.54686977493111, 747702.000546795548871 ], [ 384040.461197216296569, 747659.525136847165413 ], [ 384066.013721717463341, 747624.959542975993827 ], [ 384032.351896092528477, 747556.99928148300387 ], [ 384042.13552916952176, 747521.481869095237926 ], [ 384062.291374471271411, 747500.237161755794659 ], [ 384079.03935312887188, 747495.762759167817421 ], [ 384123.968090473150369, 747529.194921845453791 ], [ 384170.646720774064306, 747464.010597151936963 ], [ 384315.354145597433671, 747378.903316045063548 ], [ 384355.750747680780478, 747371.918354418943636 ], [ 384375.16949980094796, 747231.856605797889642 ], [ 384386.444063752598595, 747205.207924423273653 ], [ 384490.439334928872995, 747209.419517300790176 ], [ 384521.019952425675001, 747218.720025499351323 ], [ 384571.273381159058772, 747210.723917231429368 ], [ 384625.475704583979677, 747205.189271485782228 ], [ 384694.457049666147213, 747197.148673422867432 ], [ 384802.905402771139052, 747207.270784840802662 ], [ 384836.431736813916359, 747213.614053602446802 ], [ 384984.702807989146095, 747179.768117583356798 ], [ 385015.756542561401147, 747181.672270063660108 ], [ 385047.684977466473356, 747133.779471676680259 ], [ 385060.93510080082342, 747104.663391734124161 ], [ 385127.984794211981352, 747116.850589030771516 ], [ 385331.15089162311051, 747171.637668959912844 ], [ 385417.36042241222458, 747153.205398734426126 ], [ 385681.966615107667167, 747360.208772150450386 ], [ 385813.053728533093818, 747356.965798806981184 ], [ 385823.475907973595895, 747391.459845981909893 ], [ 385864.910087559605017, 747409.606718404218554 ], [ 385884.147597564442549, 747414.990038984105922 ], [ 385909.736169105221052, 747399.165797787485644 ], [ 385946.712056685355492, 747405.983486679964699 ], [ 386007.73135642678244, 747358.031313479645178 ], [ 386026.439339292701334, 747349.609649616060778 ], [ 386024.421755610150285, 747327.926050470094196 ], [ 386013.044926321075764, 747310.203714473405853 ], [ 386057.345373445714358, 747283.480661322595552 ], [ 386156.446717404935043, 747302.011570445960388 ], [ 386215.606998325209133, 747312.235222906339914 ], [ 386254.045034344657324, 747310.676335973665118 ], [ 386315.075177637976594, 747273.07972137897741 ], [ 386417.500308517774101, 747231.938413180527277 ], [ 386457.427968444942962, 747234.818303294363432 ], [ 386489.552536401490215, 747277.147301862249151 ], [ 386532.939650869462639, 747283.468956618220545 ], [ 386559.117107236175798, 747310.529275145381689 ], [ 386584.731089690350927, 747307.511411791783758 ], [ 386636.843457135895733, 747246.766058116219938 ], [ 386660.459888035664335, 747226.99305253860075 ], [ 386707.162660653353669, 747168.714294302975759 ], [ 386779.537005176651292, 747135.044454681803472 ], [ 386798.712468938436359, 747111.829617796000093 ], [ 386866.270011694054119, 747133.873785308445804 ], [ 387067.390638335433323, 747149.71716544451192 ], [ 387128.535194977768697, 747168.817637846455909 ], [ 387206.987233039457351, 747210.063956817495637 ], [ 387381.724919538013637, 747341.832302514812909 ], [ 387471.555203725933097, 747403.762020713067614 ], [ 387562.434433477115817, 747498.722155063063838 ], [ 387586.662885395227931, 747538.108906793990172 ], [ 387700.705344772140961, 747633.020263575715944 ], [ 387720.441649951040745, 747644.322132726549171 ], [ 387780.550033473526128, 747634.832833679858595 ], [ 387903.757884395250585, 747635.062221093918197 ], [ 388002.224129430251196, 747585.065959599683993 ], [ 388058.346355267392937, 747555.369834844837897 ], [ 388118.964699460775591, 747556.228101926040836 ], [ 388172.762112945027184, 747592.599863139213994 ], [ 388305.8372266337974, 747836.857511201640591 ], [ 388385.874243549187668, 747929.378594828303903 ], [ 388490.222584926697891, 748103.193354224669747 ], [ 388604.75741437682882, 748201.066043661092408 ], [ 388717.151148944452871, 748213.155457867542282 ], [ 388827.616108183516189, 748250.888123002136126 ], [ 389050.689332493115216, 748402.764758252538741 ], [ 389127.168841456645168, 748447.969757560989819 ], [ 389244.054247193329502, 748487.660132971708663 ], [ 389249.979170659324154, 748493.564151670085266 ], [ 389346.14152303658193, 748522.44957869744394 ], [ 389452.160164710716344, 748552.802080760709941 ], [ 389555.655529796204064, 748553.573311868938617 ], [ 389639.900323607027531, 748539.107016157358885 ], [ 389708.860251130070537, 748520.716475219698623 ], [ 389806.47175013506785, 748536.784468936384656 ], [ 389894.848072963592131, 748615.97832557419315 ], [ 389996.113632643944584, 748732.121192368329503 ], [ 390003.151307832391467, 748798.172080909018405 ], [ 389973.275049364077859, 748892.891666821786202 ], [ 389809.541604561614804, 749072.189341686083935 ], [ 389886.541500892897602, 749131.192070517456159 ], [ 389929.443297076621093, 749143.926997410133481 ], [ 389964.540461519733071, 749199.556651398423128 ], [ 389981.097242894000374, 749341.51147871336434 ], [ 390013.669691793737002, 749361.659143604338169 ], [ 390124.536546791496221, 749356.011325116967782 ], [ 390294.449427158106118, 749300.941754518426023 ], [ 390326.951786102144979, 749291.998849003808573 ], [ 390471.357721528504044, 749297.619425883865915 ], [ 390508.936024867114611, 749355.222876814194024 ], [ 390563.327895137364976, 749446.321797187323682 ], [ 390620.928840117936488, 749419.088602968258783 ], [ 390698.983468740712851, 749509.149238240439445 ], [ 390833.98204505641479, 749736.642067831824534 ], [ 390905.143711093522143, 749832.142704736674204 ], [ 391018.715278216113802, 749942.833920931909233 ], [ 391058.667011193290818, 749959.020336571615189 ], [ 391119.780346697196364, 749963.832058895030059 ], [ 391212.009993997402489, 749998.645919673494063 ], [ 391230.295638396404684, 750024.245432446361519 ], [ 391230.867944906000048, 750064.672274915734306 ], [ 391209.776079121802468, 750115.00269918772392 ], [ 391093.266872395935934, 750255.249470921466127 ], [ 391087.936969387577847, 750300.123744155745953 ], [ 391122.547224366513547, 750355.764639630448073 ], [ 391183.196468609152362, 750373.88068897894118 ], [ 391392.166695933032315, 750384.302247692132369 ], [ 391446.373753787949681, 750383.208265875931829 ], [ 391755.538697087147739, 750471.323955713771284 ], [ 391869.951014349760953, 750510.041724478709511 ], [ 392113.140659556898754, 750626.391985901049338 ], [ 392450.672470744641032, 750854.471203296678141 ], [ 392593.317051372781862, 750968.562649493454956 ], [ 392633.349414684344083, 751024.18742407055106 ], [ 392650.698459944105707, 751073.450483715860173 ], [ 392670.719336384325288, 751228.21558186900802 ], [ 392732.853353182901628, 751249.787722371751443 ], [ 392812.798946335853543, 751307.310318892123178 ], [ 392850.227023808867671, 751296.388712583226152 ], [ 392970.133705426182132, 751375.516834940295666 ], [ 393052.588801287347451, 751454.232647494296543 ], [ 393100.086103770649061, 751548.795865967986174 ], [ 393129.329068949562497, 751631.069148128968664 ], [ 393372.907037272350863, 751948.08000253920909 ], [ 393415.452717122505419, 752032.79228049213998 ], [ 393443.267869734554552, 752387.696738740429282 ], [ 393448.731655534065794, 752409.874346421565861 ], [ 393504.00445802451577, 752449.207344007794745 ], [ 393568.537758981517982, 752439.210482119699009 ], [ 393596.603016968991142, 752428.309118217788637 ], [ 393733.881114071409684, 752325.000907678040676 ], [ 393902.797679588722531, 752269.44986993225757 ], [ 394080.639763697516173, 752243.954177787178196 ], [ 394186.171323676942848, 752279.239650595933199 ], [ 394230.039224637439474, 752287.043156200787053 ], [ 394461.976390615222044, 752455.193345998879522 ], [ 394483.269823391397949, 752504.943994996487163 ], [ 394496.207793490786571, 752570.978084457106888 ], [ 394502.183629712555557, 752600.052498064469546 ], [ 394491.924518846266437, 752644.932917480589822 ], [ 394487.082386733440217, 752688.826628170791082 ], [ 394455.568885714630596, 752703.677995122619905 ], [ 394458.141305703204125, 752755.926002148422413 ], [ 394458.69762930116849, 752789.449096434516832 ], [ 394419.899848553584889, 752857.069712247117423 ], [ 394361.400808269856498, 752927.194771377369761 ], [ 394340.759780876920559, 752954.845158586278558 ], [ 394297.935554486233741, 752978.592945163603872 ], [ 394278.227702266653068, 752982.577494830591604 ], [ 394263.964817170286551, 752994.924071267363615 ], [ 394251.768327954807319, 753056.085797786479816 ], [ 394225.245792743517086, 753102.475415241555311 ], [ 394203.685081662144512, 753160.697469973587431 ], [ 394093.630472291493788, 753329.031035212916322 ], [ 393944.285977892577648, 753308.618571104831062 ], [ 393906.256182060751598, 753265.311169914901257 ], [ 393868.322275008191355, 753270.319587274221703 ], [ 393860.529915731225628, 753318.648386154905893 ], [ 393878.369745872740168, 753365.449934914009646 ], [ 393941.058058655064087, 753420.040307995630428 ], [ 393964.276975782820955, 753451.554867060040124 ], [ 393998.777641948952805, 753454.930242509348318 ], [ 394053.460778821958229, 753446.443895860924385 ], [ 394029.937542744213715, 753513.044084721710533 ], [ 394162.619126396195497, 753576.876719171646982 ], [ 394271.722565459087491, 753675.748371100868098 ], [ 394334.49252959957812, 753773.237048930954188 ], [ 394385.027307026146445, 753907.727510567288846 ], [ 394385.169913830119185, 753979.709074881975539 ], [ 394372.532963526260573, 754070.446287897531874 ], [ 394238.994482915615663, 754318.202289208304137 ], [ 394216.98293936252594, 754400.577339076553471 ], [ 394205.662325349694584, 754408.975037039257586 ], [ 394179.703678441932425, 754487.413773077190854 ], [ 394144.914146783819888, 754584.611943989177234 ], [ 394065.656560939794872, 754622.723758306121454 ], [ 394033.237396891054232, 754675.052457744837739 ], [ 394015.562701443443075, 754706.145863032899797 ], [ 393999.323844851809554, 754719.983525395393372 ], [ 393960.898332683660556, 754723.510351010714658 ], [ 393938.859309718594886, 754792.076832665479742 ], [ 393988.789175882935524, 754872.343381577986293 ], [ 393989.807574988284614, 754891.563979495200329 ], [ 394025.401796433667187, 754947.694734155316837 ], [ 394063.843557748361491, 754952.546728902379982 ], [ 394086.068700537609402, 754977.652711643488146 ], [ 394183.505297747673467, 754911.390173183754086 ], [ 394255.715805981075391, 755045.836620661779307 ], [ 394231.126540294149891, 755068.566141458344646 ], [ 394241.997440735111013, 755085.304183706874028 ], [ 394266.112311076314654, 755070.471423096489161 ], [ 394324.886071578715928, 755139.861150432843715 ], [ 394345.117319071781822, 755153.13435946777463 ], [ 394372.688875907857437, 755142.238881105091423 ], [ 394370.219462176319212, 755137.311670452589169 ], [ 394429.754028503899463, 755091.832220890442841 ], [ 394442.04062790190801, 755076.527730276691727 ], [ 394447.025000520283356, 755104.621528285322711 ], [ 394379.670291717513464, 755184.129749583895318 ], [ 394417.273114905576222, 755260.958361359895207 ], [ 394532.134184188907966, 755286.866486578364857 ], [ 394656.490523391636088, 755378.316464136820287 ], [ 394735.379714459530078, 755399.847350384690799 ], [ 394879.222579310880974, 755382.807248244062066 ], [ 394929.093664284329861, 755432.0099339337321 ], [ 394982.832546764344443, 755450.142402153345756 ], [ 395020.706654394161887, 755413.088614185573533 ], [ 395032.991586780117359, 755397.292488592443988 ], [ 395117.750693382113241, 755401.068859473452903 ], [ 395127.629556665662676, 755412.390740748844109 ], [ 395117.895493981079198, 755474.521352255484089 ], [ 395125.347978738311213, 755502.609954921877943 ], [ 395262.956382997741457, 755571.852004064829089 ], [ 395342.859406220144592, 755608.671718421159312 ], [ 395371.830728424713016, 755558.822745469515212 ], [ 395371.743459025688935, 755514.452328355400823 ], [ 395386.921786514809355, 755465.612299653119408 ], [ 395419.881940273218788, 755436.461462418432347 ], [ 395434.553813543985598, 755379.242102927644737 ], [ 395569.143876308749896, 755166.007198230014183 ], [ 395617.414456737344153, 755155.553118975600228 ], [ 395661.696918303030543, 755119.976599105168134 ], [ 395781.914398489694577, 755112.834853566484526 ], [ 395978.465899472299498, 755084.352299184305593 ], [ 396000.678778275090735, 755105.997365059214644 ], [ 395993.369791013421491, 755145.943918640492484 ], [ 395942.253333284752443, 755213.097536239190958 ], [ 395938.885753398295492, 755254.51061459898483 ], [ 396047.334326473996043, 755277.961183301056735 ], [ 396015.990105587348808, 755376.130646671983413 ], [ 396016.594510987750255, 755429.871508188545704 ], [ 396024.524406210635789, 755456.969974495121278 ], [ 396063.468103748629801, 755462.805010659620166 ], [ 396096.026791172800586, 755479.996264469926246 ], [ 396126.169736678129993, 755524.315366070251912 ], [ 396135.598934060079046, 755561.75844068150036 ], [ 396303.309493576758541, 755648.692803928279318 ], [ 396800.774173761717975, 755796.612958432757296 ], [ 397055.37869319570018, 756227.990614319569431 ], [ 397090.891337366541848, 756245.177625491982326 ], [ 397170.531666020397097, 756403.763563263579272 ], [ 397240.204461043875199, 756509.131873077712953 ], [ 397299.3762160827755, 756528.736847179709002 ], [ 397340.166393184976187, 756474.433897955692373 ], [ 397368.253012879111338, 756476.344957810477354 ], [ 397374.723768214113079, 756509.856165765668266 ], [ 397323.72999568504747, 756636.656565535464324 ], [ 397398.674951129010879, 756663.136601894511841 ], [ 397486.872272923996206, 756659.518887633923441 ], [ 397592.734166306909174, 756622.833658328861929 ], [ 397738.898589884978719, 756529.372025277349167 ], [ 397912.664922233903781, 756442.266691683093086 ], [ 397932.350754987332039, 756426.454808572074398 ], [ 397973.723330239532515, 756416.51262753480114 ], [ 398112.911991343251429, 756543.931878789560869 ], [ 398130.153068939689547, 756540.453516737208702 ], [ 398188.394902811734937, 756589.147837175638415 ], [ 398239.67026251432253, 756605.811410734546371 ], [ 398264.845378385332879, 756628.437909738044254 ], [ 398251.575063394615427, 756649.172846296918578 ], [ 398247.769855232792906, 756718.195486743119545 ], [ 398209.368753923336044, 756734.539961480535567 ], [ 398189.214515526895411, 756761.197489790502004 ], [ 398187.79894585540751, 756794.232216394506395 ], [ 398274.038809622870758, 756800.476589658064768 ], [ 398283.939883878745604, 756825.601656160783023 ], [ 398282.620596871769521, 756908.918699800851755 ], [ 398208.24612016993342, 756920.400969950249419 ], [ 398189.063080085383262, 756937.696088182390667 ], [ 398175.319029328296892, 756966.813407398876734 ], [ 398167.810160199529491, 757162.539898934192024 ], [ 398154.221305990940891, 757272.50746774347499 ], [ 398192.841596669342835, 757365.61436914850492 ], [ 398188.700089001737069, 757519.432454194524325 ], [ 398234.396781843272038, 757712.113485193694942 ], [ 398305.507651910476852, 757792.331334043992683 ], [ 398325.303780947928317, 757839.625107952626422 ], [ 398299.783240960736293, 757891.931562758749351 ], [ 398300.538752215041313, 758030.462619565660134 ], [ 398239.510719121666625, 758065.086112805292942 ], [ 398220.828415813506581, 758087.803035317221656 ], [ 398213.525913021818269, 758130.705152607988566 ], [ 398173.745380616048351, 758198.323661778005771 ], [ 398176.733444015320856, 758219.020629155333154 ], [ 398230.46108304860536, 758228.290356957586482 ], [ 398257.121038640849292, 758254.370196251547895 ], [ 398261.637054610531777, 758295.772819755831733 ], [ 398274.979773370432667, 758317.932855761959217 ], [ 398286.895660614245571, 758367.206753439153545 ], [ 398286.544008799945004, 758439.185848525143228 ], [ 398255.174682435113937, 758526.009083881042898 ], [ 398269.550891015678644, 758571.339935667696409 ], [ 398318.91496496082982, 758619.071226031286642 ], [ 398327.876824498875067, 758665.39000427396968 ], [ 398322.505282010359224, 758693.502111435751431 ], [ 398336.85764108231524, 758726.50367638701573 ], [ 398330.646566909912508, 758827.580974308308214 ], [ 398321.365267888875678, 758869.994899272569455 ], [ 398343.131542077811901, 758913.342395368497819 ], [ 398362.894152159511577, 758943.375591808231547 ], [ 398310.390877792378888, 759055.878283359925263 ], [ 398272.493898161395919, 759078.628667886718176 ], [ 398227.176087499246933, 759082.6584470521193 ], [ 398165.845056678110268, 759218.845482281991281 ], [ 398128.138334825169295, 759335.76487345516216 ], [ 398014.181056544533931, 759520.860101085272618 ], [ 397988.157879793085158, 759566.265776420012116 ], [ 397980.31088547676336, 759585.503317535854876 ], [ 397925.259285018197261, 759656.605233945301734 ], [ 397835.885330869466998, 759807.140188036952168 ], [ 397776.979804412461817, 759921.631878017797135 ], [ 397755.810420256806538, 759929.563811451895162 ], [ 397729.125661352882162, 759891.153701133676805 ], [ 397693.604566619673278, 759867.069878931040876 ], [ 397651.336901521252003, 759919.903793385718018 ], [ 397651.476200923323631, 759991.880062413052656 ], [ 397610.114652773598209, 760006.753350457409397 ], [ 397567.382898394949734, 760077.82301023369655 ], [ 397590.608125935308635, 760109.828561242786236 ], [ 397627.109168250230141, 760133.913981660851277 ], [ 397618.796152175869793, 760165.476310559432022 ], [ 397604.601012283237651, 760214.314505637506954 ], [ 397593.353148326394148, 760257.71663540310692 ], [ 397542.116542470117565, 760261.267939955112524 ], [ 397499.749293870117981, 760262.834535707836039 ], [ 397488.500451830390375, 760305.745671871118248 ], [ 397501.359158069477417, 760330.367782563786022 ], [ 397535.381843599374406, 760344.110762250027619 ], [ 397551.669917795807123, 760359.358548333169892 ], [ 397537.005053629982285, 760418.548199196578935 ], [ 397561.760880922549404, 760482.099563161609694 ], [ 397540.617072959954385, 760503.33858060662169 ], [ 397498.773289711447433, 760522.150564591516741 ], [ 397472.80902461707592, 760598.122755412012339 ], [ 397453.641490125562996, 760623.301991349086165 ], [ 397432.584648750605993, 760689.410194417578168 ], [ 397445.527600513771176, 760757.41156701464206 ], [ 397462.36587296257494, 760803.722932423930615 ], [ 397459.61081619199831, 760903.312045337050222 ], [ 397479.408730708004441, 760950.609173859818839 ], [ 397490.831510770134628, 760997.417938414029777 ], [ 397543.092277224292047, 761017.035682642366737 ], [ 397562.365649294573814, 761046.577704556984827 ], [ 397547.751785358646885, 761131.897499424871057 ], [ 397532.018776557175443, 761150.168082783464342 ], [ 397476.358335097553208, 761155.207089830422774 ], [ 397416.210280927363783, 761139.056874988251366 ], [ 397374.851389594841748, 761150.475112449494191 ], [ 397368.004037338425405, 761175.138670565444045 ], [ 397359.701903618872166, 761217.056768032489344 ], [ 397303.390957826282829, 761396.620082390261814 ], [ 397331.158901546325069, 761487.773386109853163 ], [ 397320.862046069989447, 761511.452848340035416 ], [ 397257.787006583123002, 761506.65169479791075 ], [ 397236.258858384506311, 761582.118891558377072 ], [ 397240.792555860825814, 761631.900738122523762 ], [ 397308.391768187226262, 761686.493208558182232 ], [ 397317.948794703872409, 761786.059227592777461 ], [ 397350.549981949327048, 761829.379829703131691 ], [ 397348.600467888056301, 761839.248567621223629 ], [ 397298.850633605732583, 761846.739201774122193 ], [ 397265.43969720491441, 761895.608569561270997 ], [ 397207.875073238275945, 761934.177970004384406 ], [ 397185.77773549471749, 761973.65976140240673 ], [ 397188.794181092700455, 762003.728999427286908 ], [ 397227.760902635345701, 762026.332462811958976 ], [ 397230.759052572248038, 762047.031648612115532 ], [ 397200.231889622577, 762057.931926859775558 ], [ 397181.031878682493698, 762066.35794749611523 ], [ 397179.090056496439502, 762080.166256529162638 ], [ 397190.011044045852032, 762120.568422384094447 ], [ 397142.838278085459024, 762184.256797320442274 ], [ 397178.985727480729111, 762277.856761852046475 ], [ 397166.744479469256476, 762318.795274654403329 ], [ 397152.505670331884176, 762344.957328542484902 ], [ 397198.398144682054408, 762378.394611289724708 ], [ 397190.597472658846527, 762421.293639636132866 ], [ 397170.446966293849982, 762449.434387369896285 ], [ 397102.015265060414094, 762475.204995024949312 ], [ 397062.716355652548373, 762533.462110401713289 ], [ 397073.095896708080545, 762552.167547854711302 ], [ 397086.944072483107448, 762576.79871293855831 ], [ 397066.262228794279508, 762583.740977756911889 ], [ 397044.59104255749844, 762585.751404644805007 ], [ 397050.075837437412702, 762620.747310075676069 ], [ 397096.946396130195353, 762653.195188108831644 ], [ 397077.756013591308147, 762666.534980232128873 ], [ 397015.151973097701557, 762647.438656319747679 ], [ 397002.871248039242346, 762668.162874444038607 ], [ 397017.757000539044384, 762722.3646453745896 ], [ 396992.224620407039765, 762768.261699930415489 ], [ 396982.434095405624248, 762800.324910201015882 ], [ 397003.148807523888536, 762810.150735821807757 ], [ 397087.837339434539899, 762783.365315231028944 ], [ 397089.844574623391964, 762803.074197510723025 ], [ 397035.801911650807597, 762879.599844058277085 ], [ 397052.627364983200096, 762919.001804084400646 ], [ 397035.907905311265495, 762933.827049316139892 ], [ 396998.451633815886453, 762927.489408315741457 ], [ 396949.517478006018791, 762846.734626190387644 ], [ 396916.530375682050362, 762857.151185077498667 ], [ 396906.255058296956122, 762896.611216667923145 ], [ 396912.735870020813309, 762935.057844630326144 ], [ 396940.385581867070869, 762965.070671905996278 ], [ 397005.434672572242562, 762972.34210271993652 ], [ 397016.309645506727975, 762989.083872089511715 ], [ 396999.100546404893976, 763008.840133277000859 ], [ 396955.253144349495415, 763009.912143890629523 ], [ 396895.618033447070047, 762996.7131634184625 ], [ 396853.283824094105512, 763015.528781553497538 ], [ 396846.934257857326884, 763044.138374231173657 ], [ 396877.616357504797634, 763112.114043812733144 ], [ 396915.112561197369359, 763138.660468995221891 ], [ 396949.626643275492825, 763152.893606869853102 ], [ 396945.739538639725652, 763183.46225993311964 ], [ 396901.93546280573355, 763206.71718995727133 ], [ 396867.439579006982967, 763201.855652237427421 ], [ 396795.92791754665086, 763161.076316725229844 ], [ 396779.192937479238026, 763172.944574193330482 ], [ 396790.596703179529868, 763209.404389344737865 ], [ 396827.121297747769859, 763239.899349488550797 ], [ 396772.612571335514076, 763333.67100849095732 ], [ 396827.870035762200132, 763372.017198203597218 ], [ 396818.109565995808225, 763419.369348709587939 ], [ 396775.731889625370968, 763416.001926127355546 ], [ 396776.770290330401622, 763441.143776861135848 ], [ 396831.604703328514006, 763518.434952208423056 ], [ 396836.611501388601027, 763559.340685219038278 ], [ 396768.762646959454287, 763632.931044378783554 ], [ 396682.781379098363686, 763750.438431141898036 ], [ 396618.074516221357044, 763668.722680883714929 ], [ 396631.324082579289097, 763637.641826910781674 ], [ 396654.429226892185397, 763612.456877984106541 ], [ 396643.033947411749978, 763580.426471480866894 ], [ 396626.758427974826191, 763572.077193377306685 ], [ 396562.25702469306998, 763590.446528634871356 ], [ 396514.604469660320319, 763664.49117995344568 ], [ 396474.250387232750654, 763684.783719172584824 ], [ 396463.94383469899185, 763703.53766413894482 ], [ 396440.818959157913923, 763718.867963186348788 ], [ 396405.764134003780782, 763684.422989207319915 ], [ 396337.731990350002889, 763661.387105511152185 ], [ 396303.170136153290514, 763623.985767038422637 ], [ 396190.261194965336472, 763578.854181593633257 ], [ 396132.123043303145096, 763577.001304765697569 ], [ 395994.749997431237716, 763619.664850914850831 ], [ 395854.866576177359093, 763637.203008008538745 ], [ 395731.159069561050273, 763617.721730160410516 ], [ 395654.300393099081703, 763616.889613386476412 ], [ 395570.587843354674987, 763637.762033340404741 ], [ 395551.421161694452167, 763659.492211604374461 ], [ 395534.780920221470296, 763715.237443814170547 ], [ 395575.967122307454702, 763865.522310444153845 ], [ 395572.38828374753939, 764046.464080656063743 ], [ 395547.89018548943568, 764116.018840209930204 ], [ 395405.753410850942601, 764239.558379255002365 ], [ 395352.12008205166785, 764273.680537670617923 ], [ 395238.400622667046264, 764314.337231510085985 ], [ 395138.851191215042491, 764303.682783078984357 ], [ 395049.708679990668315, 764315.205202092533 ], [ 394844.247250609041657, 764309.205746518797241 ], [ 394752.647263831924647, 764327.62363411381375 ], [ 394498.170485207228921, 764441.526037137256935 ], [ 394452.234964812872931, 764383.93659853504505 ], [ 394409.796174495015293, 764350.50175661360845 ], [ 394379.266221043188125, 764358.946186360204592 ], [ 394342.779875493375584, 764343.243489555432461 ], [ 394310.097106201515999, 764260.479132606764324 ], [ 394302.724878305860329, 764267.88883876951877 ], [ 394278.071628413861617, 764261.041712810634635 ], [ 394254.852500913722906, 764227.070076567586511 ], [ 394240.053917464450933, 764219.704229537746869 ], [ 394208.570203199225944, 764241.460605393047445 ], [ 394188.367529088049196, 764241.005697731627151 ], [ 394183.815479179727845, 764184.319978953455575 ], [ 394200.062743517744821, 764176.399783820612356 ], [ 394188.700770021823701, 764163.113233069772832 ], [ 394169.008330864540767, 764168.0822473365115 ], [ 394134.555780550697818, 764184.912906220764853 ], [ 394116.807232232124079, 764181.985118814161979 ], [ 394114.394624900480267, 764205.168634109315462 ], [ 394065.127136573020834, 764206.744167752447538 ], [ 393964.236932611907832, 764257.229469995945692 ], [ 393855.858425457729027, 764262.87390477664303 ], [ 393819.862782327225432, 764248.646210218314081 ], [ 393786.374617768276948, 764253.648194985114969 ], [ 393747.419899241998792, 764239.426924718311056 ], [ 393719.828676496108528, 764238.992602704209276 ], [ 393714.90747280116193, 764242.455063259112649 ], [ 393643.440192972426303, 764226.821631407714449 ], [ 393603.071691971214022, 764240.707716898876242 ], [ 393616.787197161524091, 764201.237273377249949 ], [ 393616.244348440435715, 764175.112182166893035 ], [ 393575.77348301326856, 764143.145915220258757 ], [ 393555.534077309304848, 763878.440282947383821 ], [ 393604.774182740540709, 763866.509659232571721 ], [ 393583.3557349689072, 763750.205682982457802 ], [ 393518.696773298317567, 763691.17864298063796 ], [ 393386.70080319326371, 763712.644025723333471 ], [ 393357.88244465662865, 763590.932122981525026 ], [ 393293.730492076079827, 763541.260820688097738 ], [ 393330.142838972155005, 763518.018808923661709 ], [ 393335.449425360595342, 763462.795424270210788 ], [ 393367.686017764848657, 763322.708785298862495 ], [ 393371.459275143046398, 763240.864166209707037 ], [ 393540.82262229261687, 763183.338916826760396 ], [ 393551.078672086063307, 763138.448741669184528 ], [ 393544.681260514073074, 763138.952800068538636 ], [ 393555.409425834543072, 763085.201513288775459 ], [ 393491.098978467343841, 762956.655282427440397 ], [ 393492.027621811197605, 762926.578758966061287 ], [ 393470.834443549392745, 762926.623842037166469 ], [ 393473.262487331638113, 762906.401728835422546 ], [ 393300.795283322921023, 762893.442234417540021 ], [ 393329.708216531609651, 762814.990863841841929 ], [ 393331.009619300428312, 762731.676097381277941 ], [ 393399.575986376963556, 762526.934746712446213 ], [ 393409.6707856093999, 762402.184503521653824 ], [ 393354.881065665103961, 762350.529914391343482 ], [ 393329.69571018993156, 762082.387435334851034 ], [ 393340.716336837154813, 761926.081249355804175 ], [ 393326.835273613105528, 761884.19861285481602 ], [ 393338.937762652698439, 761778.181639645015821 ], [ 393386.631707560503855, 761731.739928259281442 ], [ 393388.099269126250874, 761725.819567745784298 ], [ 393484.631916645448655, 761705.416161096072756 ], [ 393503.826701700803824, 761695.517428835504688 ], [ 393458.369775361556094, 761631.51503150712233 ], [ 393431.097127045621164, 761547.271517448476516 ], [ 393440.410495779593475, 761520.628222302068025 ], [ 393490.5837369117653, 761484.04074134293478 ], [ 393591.561254636384547, 761467.079505055444315 ], [ 393623.524707789649256, 761438.417678486439399 ], [ 393640.525320133892819, 761317.102679214556701 ], [ 393663.155054675647989, 761300.294402508880012 ], [ 393680.910892718471587, 761310.614567632088438 ], [ 393690.271857731218915, 761307.639036659849808 ], [ 393716.125170537969097, 761178.911396699026227 ], [ 393729.29464481479954, 761115.780915736802854 ], [ 393834.2420301164384, 761115.076593353529461 ], [ 393941.636809823685326, 761108.944153175223619 ], [ 393993.372907859447878, 760861.35600471321959 ], [ 393981.970445393002592, 760828.340199046884663 ], [ 393995.200882834964432, 760790.85165751283057 ], [ 393988.259535197867081, 760769.172310202615336 ], [ 393937.528528937837109, 760780.608699471573345 ], [ 393893.680834352504462, 760780.208888893714175 ], [ 393812.332765415194444, 760754.239450025255792 ], [ 393735.441727560129948, 760742.561931299511343 ], [ 393719.699988599808421, 760754.427117056911811 ], [ 393701.036941214289982, 760785.034732906729914 ], [ 393657.161314846714959, 760771.310858672834001 ], [ 393492.609749137540348, 760778.551665000501089 ], [ 393461.594192798889708, 760786.993830953259021 ], [ 393474.262909686716739, 760718.437177035957575 ], [ 393463.772451145166997, 760647.470169123727828 ], [ 393444.416112635692116, 760577.497292637359351 ], [ 393369.598240567545872, 760614.133467543870211 ], [ 393346.55315337178763, 760668.410686067654751 ], [ 393328.971607090556063, 760744.857159218750894 ], [ 393276.777972535928711, 760761.730794307310134 ], [ 393254.536601304658689, 760728.743389128590934 ], [ 393198.796661662228871, 760697.793318237992935 ], [ 393170.338514719565865, 760755.040521457442082 ], [ 393153.20810060610529, 760812.261041577556171 ], [ 393005.968538828659803, 760851.51206539676059 ], [ 392796.569283970980905, 760851.930914490949363 ], [ 392743.826805285410956, 760841.191788076190278 ], [ 392689.14332951878896, 760844.757380562485196 ], [ 392551.62874221522361, 760821.870349605684169 ], [ 392497.419549486716278, 760813.595049038995057 ], [ 392421.962432417902164, 760780.22753191110678 ], [ 392425.384806942020077, 760766.906532845227048 ], [ 392359.806924262549728, 760739.43207091151271 ], [ 392312.475099859584589, 760725.72375565499533 ], [ 392206.529403873661067, 760717.069544096826576 ], [ 392075.905409276718274, 760693.670752933714539 ], [ 391990.176826865179464, 760690.881361949141137 ], [ 391969.143027229234576, 760766.358640126301907 ], [ 391960.152440712030511, 760951.2577043636702 ], [ 392000.160090020042844, 760996.038190334918909 ], [ 392029.240504531655461, 761002.383335354970768 ], [ 392072.907620585756376, 761154.635368665214628 ], [ 392070.59380783647066, 761226.131310661206953 ], [ 392058.816698636277579, 761251.297328049200587 ], [ 392063.263984864635859, 761255.230350952362642 ], [ 392056.923458997160196, 761288.768703469075263 ], [ 391974.887070323165972, 761408.733038319624029 ], [ 391924.773280315916054, 761477.862770177656785 ], [ 391904.744679201510735, 761560.725748877273872 ], [ 391850.688985694141593, 761628.87118412880227 ], [ 391778.37899098690832, 761689.169950310140848 ], [ 391759.910113728314172, 761810.976349563803524 ], [ 391769.07368708983995, 761954.420667451107875 ], [ 391754.342408782220446, 761977.630666925106198 ], [ 391739.571631910686847, 761981.602346532396041 ], [ 391727.305374501738697, 762007.261536389705725 ], [ 391690.442807586165145, 762053.184560216614045 ], [ 391598.052629120997153, 762166.773999564582482 ], [ 391542.899114365805872, 762182.663762028911151 ], [ 391509.430352786788717, 762197.025908734183758 ], [ 391502.059021074906923, 762205.915952225681394 ], [ 391490.655200254230294, 762174.386868644622155 ], [ 391472.695461070339661, 762062.513744050171226 ], [ 391475.132185522117652, 762051.163714977330528 ], [ 391306.023993972456083, 761995.314462321577594 ], [ 391285.759563588653691, 761963.797438643989153 ], [ 391196.586054227722343, 761965.959159012767486 ], [ 391134.431867548788432, 761929.603944129892625 ], [ 391052.782664238475263, 761760.177681918488815 ], [ 391023.182842371752486, 761741.006146275321953 ], [ 391007.284699476789683, 761678.923323179362342 ], [ 391015.098975553177297, 761642.420116555993445 ], [ 390983.473650515661575, 761601.071976286941208 ], [ 390939.52435275336029, 761553.346906656865031 ], [ 390879.184007331379689, 761442.541151127545163 ], [ 390852.086770322814118, 761439.644325917353854 ], [ 390832.846140266221482, 761429.823331620194949 ], [ 390821.53506860230118, 761439.20943586807698 ], [ 390787.517161811585538, 761426.465646710130386 ], [ 390763.213747531990521, 761352.564299991936423 ], [ 390682.878247692075092, 761337.44467377604451 ], [ 390672.484049190883525, 761316.26245046290569 ], [ 390649.832947082817554, 761321.245772561524063 ], [ 390509.735417326330207, 761003.543159929919057 ], [ 390491.491855765809305, 760997.661971909808926 ], [ 390485.515869745693635, 760966.125733846914954 ], [ 390452.325412224046886, 760880.408978046500124 ], [ 390447.332825885445345, 760850.34738285979256 ], [ 390457.606775580439717, 760813.350520171225071 ], [ 390397.468546280695591, 760797.694993931683712 ], [ 390376.187929547217209, 760754.851787559920922 ], [ 390353.970826999924611, 760733.207098415005021 ], [ 390352.871721260715276, 760676.012449448578991 ], [ 390325.542076698620804, 760566.62331828835886 ], [ 390308.78213865874568, 760562.717245641630143 ], [ 390238.981555887614377, 760402.633382894098759 ], [ 390206.167195705289487, 760262.689630319247954 ], [ 390184.496999256836716, 760268.646569567616098 ], [ 390140.925146674679127, 760164.707656556623988 ], [ 390131.968061085266527, 760123.315723220235668 ], [ 390134.346828530193307, 760079.43273855431471 ], [ 390108.099068228853866, 760014.903034129762091 ], [ 390116.991249225509819, 759789.089720002491958 ], [ 390088.693922012462281, 759691.03550002083648 ], [ 390086.552553015179001, 759608.707032917649485 ], [ 390072.144071705348324, 759548.101362071465701 ], [ 390086.790046001668088, 759482.500240978202783 ], [ 390073.932098269171547, 759460.340364102856256 ], [ 390059.50977536191931, 759161.606593491858803 ], [ 390177.75934517767746, 759157.417530699516647 ], [ 390181.08500733342953, 759097.266136481659487 ], [ 390201.710600539168809, 759064.678053476847708 ], [ 390186.789415873761754, 758997.657743674237281 ], [ 390179.807795787986834, 758958.729247983079404 ], [ 390186.603362723661121, 758907.937865574029274 ], [ 390133.795111592509784, 758864.655720196198672 ], [ 390105.701425888342783, 758860.278728874865919 ], [ 390096.793318680836819, 758842.551702251657844 ], [ 390097.242631479923148, 758822.831868319422938 ], [ 390087.324363280204125, 758790.803046807763167 ], [ 390086.725465215393342, 758742.980092699988745 ], [ 390044.260783272446133, 758696.234220651793294 ], [ 389983.687453277700115, 758714.106550953700207 ], [ 389816.148609959869646, 758706.075460255611688 ], [ 389751.063780262949876, 758685.996025065658614 ], [ 389632.205789784144145, 758632.018174804281443 ], [ 389576.029361765773501, 758630.156291512888856 ], [ 389528.65560379542876, 758595.253901425283402 ], [ 389483.746414448949508, 758562.317358135711402 ], [ 389355.545846028369851, 758519.688891816069372 ], [ 389302.321983925648965, 758514.874645315576345 ], [ 389246.598700928268954, 758496.257968561258167 ], [ 389120.428183735057246, 758479.259888013708405 ], [ 389035.155280140577815, 758465.638818290783092 ], [ 388991.224031961464789, 758428.25871193583589 ], [ 388851.258566733682528, 758412.777479780837893 ], [ 388795.542801255418453, 758394.652434136951342 ], [ 388779.300689166411757, 758405.530799376312643 ], [ 388719.659716061316431, 758395.302793569862843 ], [ 388724.060285229119472, 758380.506037332001142 ], [ 388685.09907650918467, 758362.348637465271167 ], [ 388618.978420876548626, 758315.6523875357816 ], [ 388506.072346288245171, 758283.838426008704118 ], [ 388450.364672061288729, 758270.650110206915997 ], [ 388428.65561969258124, 758255.90642493928317 ], [ 388388.725748307770118, 758248.593962423154153 ], [ 388356.668266234104522, 758236.333181605208665 ], [ 388382.701418045791797, 758195.354566538357176 ], [ 388386.08717779465951, 758164.294493682333268 ], [ 388374.687686402117833, 758133.25960792042315 ], [ 388419.360300760192331, 758055.270132402190939 ], [ 388432.62876975722611, 758037.981316074961796 ], [ 388414.746929586050101, 757968.998917546006851 ], [ 388414.614136520482134, 757905.893998427083716 ], [ 388435.622491147543769, 757820.562082391465083 ], [ 388448.870268736616708, 757793.411016307072714 ], [ 388461.036754607397597, 757722.89026068826206 ], [ 388476.772563124308363, 757708.558157707680948 ], [ 388446.627879442763515, 757664.249074851395562 ], [ 388404.692689832940232, 757640.674329483998008 ], [ 388355.885081704647746, 757626.975271337316372 ], [ 388361.767271397227887, 757612.663214570609853 ], [ 388356.671730330097489, 757534.777821641997434 ], [ 388399.435456807841547, 757485.880031451932155 ], [ 388400.860926277004182, 757459.748288926435634 ], [ 388467.615800089901313, 757335.861919751274399 ], [ 388485.808655418630224, 757319.550791706657037 ], [ 388474.959759498771746, 757312.671112181968056 ], [ 388468.456582788785454, 757269.300292486674152 ], [ 388479.08806291030487, 757168.207334024016745 ], [ 388495.343368265312165, 757167.683070978266187 ], [ 388512.51520476967562, 757132.147748139803298 ], [ 388501.629043808206916, 757107.525957452482544 ], [ 388510.883729675028007, 757055.733672881615348 ], [ 388500.935771341901273, 757010.898549732170068 ], [ 388489.051059688732494, 756986.758195028989576 ], [ 388454.539515008917078, 756973.526205648900941 ], [ 388457.887034848972689, 756928.656068844604306 ], [ 388548.086765652231406, 756940.784219650551677 ], [ 388598.331940784060862, 756934.277210214408115 ], [ 388570.045385959441774, 756836.222995288087986 ], [ 388564.596572576207109, 756823.412769076880068 ], [ 388602.048976975551341, 756827.284830685355701 ], [ 388580.821839450974949, 756808.591592587297782 ], [ 388591.588066899217665, 756771.589941611164249 ], [ 388571.322937163233291, 756744.02674457593821 ], [ 388539.749522444326431, 756724.371857724385336 ], [ 388541.188567319884896, 756704.650391935952939 ], [ 388511.604293611948378, 756698.302775398362428 ], [ 388513.541950212267693, 756682.526168019510806 ], [ 388474.549656879447866, 756650.560051128850318 ], [ 388445.36239276023116, 756595.39827586337924 ], [ 388414.235283898946363, 756555.040544954361394 ], [ 388395.946721192391124, 756525.989596698549576 ], [ 388341.167554709245451, 756489.1321366422344 ], [ 388274.551757296430878, 756442.433047749800608 ], [ 388213.46427714289166, 756450.940472329733893 ], [ 388198.223228341841605, 756467.74256475106813 ], [ 388147.50281237490708, 756482.637665272690356 ], [ 388082.99444229202345, 756501.503423375077546 ], [ 388057.367002915474586, 756498.60360585548915 ], [ 388087.109819056990091, 756351.132004151237197 ], [ 388187.780857850390021, 756188.220007090130821 ], [ 388219.288579610933084, 756171.393854566849768 ], [ 388260.68449081730796, 756175.2498388516251 ], [ 388264.559833190520294, 756143.690192203153856 ], [ 388271.459357254731003, 756142.195772328530438 ], [ 388282.223766215436626, 756108.650879735359922 ], [ 388298.483968811808154, 756105.654725941247307 ], [ 388320.031532008433715, 756043.000441320822574 ], [ 388236.128344730765093, 755982.042788390303031 ], [ 388073.447429763444234, 755944.421025156159885 ], [ 388023.617308024899103, 755916.922278674668632 ], [ 387928.945256765233353, 755889.018990126089193 ], [ 387852.002309027360752, 755852.695657738368027 ], [ 387713.324890517047606, 755752.907615936128423 ], [ 387667.441785903123673, 755724.404501452692784 ], [ 387643.331896064046305, 755744.179132458986714 ], [ 387624.179191643255763, 755771.336532180197537 ], [ 387577.315829699335154, 755747.766939688357525 ], [ 387569.380779180210084, 755723.625535840517841 ], [ 387500.39148444624152, 755721.804092131787911 ], [ 387471.920760273002088, 755775.598392012994736 ], [ 387362.007560183643363, 755763.50620297389105 ], [ 387294.9941058967961, 755764.639408661169 ], [ 387261.488240415870678, 755765.696758192614652 ], [ 387223.02165839629015, 755749.012468751636334 ], [ 387188.545141693321057, 755759.437958482303657 ], [ 387051.455471544875763, 755710.923340908018872 ], [ 386983.425365236413199, 755696.28074802190531 ], [ 386926.213428743649274, 755673.231324593885802 ], [ 386914.842436237726361, 755652.541388049605303 ], [ 386867.004772137210239, 755633.915096787852235 ], [ 386725.554702286666725, 755621.891918807988986 ], [ 386693.018125372298528, 755614.072160657378845 ], [ 386640.696981173707172, 755572.271632215473801 ], [ 386575.948477046797052, 755483.665595082566142 ], [ 386527.588936593267135, 755451.237020021071658 ], [ 386500.491611650795676, 755451.290616364451125 ], [ 386500.563143285806291, 755484.820440730662085 ], [ 386471.130365201854147, 755548.479384950944223 ], [ 386416.034567637834698, 755590.502976549207233 ], [ 386337.217084418749437, 755601.51452296518255 ], [ 386299.246274372329935, 755589.274612462264486 ], [ 386269.13719134486746, 755566.163647864479572 ], [ 386244.420801074476913, 755528.745078190462664 ], [ 386171.14864268747624, 755368.178214145475067 ], [ 386119.24798449256923, 755295.322679650853388 ], [ 386097.056119251181372, 755287.48356548580341 ], [ 386067.837333409930579, 755218.034345011110418 ], [ 385994.227744928735774, 755129.946146819274873 ], [ 385955.656919507542625, 755067.415740811615251 ], [ 385934.459234660083894, 755065.974372776923701 ], [ 385901.997691794298589, 755094.645203165942803 ], [ 385928.704697997949552, 755140.439783479087055 ], [ 385910.546872568549588, 755171.038552370970137 ], [ 385877.020926896308083, 755165.199567273957655 ], [ 385768.511019402183592, 755117.602841095766053 ], [ 385766.558681035414338, 755126.48753604805097 ], [ 385755.720698519551661, 755126.507277881493792 ], [ 385747.886948967992794, 755150.679889473132789 ], [ 385627.607262015168089, 755131.223410812555812 ], [ 385692.359299036441371, 754993.534503265400417 ], [ 385718.5035885872785, 755005.310070790466852 ], [ 385730.277113185846247, 754984.084435792872682 ], [ 385818.550495796313044, 755011.99489976791665 ], [ 385974.154107811045833, 754961.867775967810303 ], [ 386109.689748231263366, 754971.93005697207991 ], [ 386111.554559035983402, 754922.131413130904548 ], [ 386100.676926080079284, 754907.858828221447766 ], [ 386030.176784523879178, 754888.783869139268063 ], [ 385971.889219696284272, 754824.815545607358217 ], [ 385890.455068412818946, 754765.828983728308231 ], [ 385941.495577963301912, 754669.575501713436097 ], [ 385946.393900104565546, 754653.29771100229118 ], [ 385837.920976742054336, 754627.40140059159603 ], [ 385779.429822458361741, 754693.594099735841155 ], [ 385774.54203139746096, 754714.796397528029047 ], [ 385800.713689118740149, 754739.391109338146634 ], [ 385837.695741955598351, 754751.14629837567918 ], [ 385824.952977617038414, 754782.237524771830067 ], [ 385795.348135336185805, 754766.525891152676195 ], [ 385777.662492331000976, 754788.746307646739297 ], [ 385840.818205943098292, 754826.078036101418547 ], [ 385729.687136585824192, 754937.737152096931823 ], [ 385448.285221176338382, 754923.057385673280805 ], [ 385412.825089447782375, 754931.02795138489455 ], [ 385361.077983021968976, 754927.684575215680525 ], [ 385347.172452368424274, 754878.911647272529081 ], [ 385260.972864087263588, 754896.350374578731135 ], [ 385225.330285956384614, 754820.006221848540008 ], [ 385206.05974554392742, 754794.416855283197947 ], [ 385202.043354139314033, 754760.406941578141414 ], [ 385182.701497390749864, 754701.774248805828393 ], [ 385179.172420884249732, 754666.284196114051156 ], [ 385194.240727075957693, 754571.598289042129181 ], [ 385219.862168003281113, 754567.591514352941886 ], [ 385236.964732790598646, 754501.989793741377071 ], [ 385227.001920234877616, 754453.204745297436602 ], [ 385192.447206766984891, 754422.219084087060764 ], [ 385194.308390801423229, 754375.377829222939909 ], [ 385157.372173496638425, 754381.866491975961253 ], [ 385155.84545553085627, 754360.670130429323763 ], [ 385054.329214942757972, 754358.910582880838774 ], [ 384957.29139309504535, 754378.349082397995517 ], [ 385002.70833949331427, 754415.22905365366023 ], [ 384988.534844806359615, 754469.983891585841775 ], [ 384964.94058714073617, 754495.669414681498893 ], [ 384804.453020492335781, 754341.213758233934641 ], [ 384779.251438066130504, 754308.727225536596961 ], [ 384767.350195238250308, 754275.722956871497445 ], [ 384696.200992977595888, 754188.606383039150387 ], [ 384658.72220620396547, 754176.361868065898307 ], [ 384628.025032753299456, 754106.916571536101401 ], [ 384589.532751451130025, 754079.882140468223952 ], [ 384572.774958373978734, 754078.44434505677782 ], [ 384580.501734784455039, 754008.908199724974111 ], [ 384455.790120719640981, 753989.955043888301589 ], [ 384358.589304355671629, 753932.975848559290171 ], [ 384321.074688184424303, 753904.952787898131646 ], [ 384283.524574173381552, 753860.660151161020622 ], [ 384249.523539514455479, 753860.736982614151202 ], [ 384209.532109063002281, 753826.308432754478417 ], [ 384204.985565221053548, 753774.553539793938398 ], [ 384208.40641647024313, 753759.758036116021685 ], [ 384116.240540227736346, 753750.593643494416028 ], [ 384111.131698403158225, 753670.242922035395168 ], [ 384137.470964744396042, 753543.478518341784365 ], [ 384149.75162673991872, 753524.710933749447577 ], [ 384146.74960132164415, 753506.477874006377533 ], [ 384154.617519884952344, 753497.59024067374412 ], [ 384152.128368529956788, 753485.271183266653679 ], [ 384134.376827864325605, 753482.842972941580229 ], [ 384149.934937148995232, 753383.216080574202351 ], [ 384134.188357385108247, 753396.06771453237161 ], [ 384127.254292936238926, 753378.831669549341314 ], [ 384168.536011237010825, 753325.003526096348651 ], [ 384176.796071561053395, 753270.754001212422736 ], [ 384157.335137837741058, 753158.880643980344757 ], [ 384129.677139362320304, 753130.341250371420756 ], [ 384082.080259802984074, 753000.294623814057559 ], [ 384046.993935113365296, 752953.04034041822888 ], [ 384035.98325940547511, 752874.67535323521588 ], [ 383995.074491899576969, 752874.757488501723856 ] ] ] } ] } },
{ "type": "Feature", "properties": { "id": "00000000000000000004", "adm2_name": "Colombo", "adm3_name": "Seethawaka", "zone_id": "LK1115", "area_sqkm": 145.97697848000001 }, "geometry": { "type": "Polygon", "coordinates": [ [ [ 396440.818959157913923, 763718.867963186348788 ], [ 396463.94383469899185, 763703.53766413894482 ], [ 396474.250387232750654, 763684.783719172584824 ], [ 396514.604469660320319, 763664.49117995344568 ], [ 396562.25702469306998, 763590.446528634871356 ], [ 396626.758427974826191, 763572.077193377306685 ], [ 396651.925349862780422, 763594.219554132781923 ], [ 396654.429226892185397, 763612.456877984106541 ], [ 396621.988607575069182, 763651.955991750699468 ], [ 396623.518887647660449, 763678.081749771139584 ], [ 396682.781379098363686, 763750.438431141898036 ], [ 396768.762646959454287, 763632.931044378783554 ], [ 396838.564803718123585, 763551.453189562889747 ], [ 396821.712837547122035, 763498.735493551823311 ], [ 396772.315119803068228, 763431.785901992348954 ], [ 396775.731889625370968, 763416.001926127355546 ], [ 396818.109565995808225, 763419.369348709587939 ], [ 396827.870035762200132, 763372.017198203597218 ], [ 396772.612571335514076, 763333.67100849095732 ], [ 396827.121297747769859, 763239.899349488550797 ], [ 396783.683877274801489, 763200.545211027027108 ], [ 396779.192937479238026, 763172.944574193330482 ], [ 396795.92791754665086, 763161.076316725229844 ], [ 396882.7302586248843, 763207.746850847848691 ], [ 396928.529214289563242, 763197.796200574492104 ], [ 396948.187267816800158, 763173.100966019905172 ], [ 396949.626643275492825, 763152.893606869853102 ], [ 396883.535183178610168, 763118.506487708655186 ], [ 396857.843239611480385, 763078.131466093007475 ], [ 396847.878934486128855, 763021.45642431860324 ], [ 396874.93113300105324, 763001.189899067510851 ], [ 396923.70649379119277, 763000.60432865889743 ], [ 396970.53405771224061, 763010.862756813061424 ], [ 397007.964358687633649, 763003.889226779923774 ], [ 397014.816283341031522, 762981.694451041286811 ], [ 397005.434672572242562, 762972.34210271993652 ], [ 396931.999739638122264, 762959.176571178715676 ], [ 396907.78705755842384, 762923.72597570461221 ], [ 396908.183077722496819, 762870.973562200786546 ], [ 396936.704494662524667, 762845.777243138873018 ], [ 396956.417661168030463, 762849.187979114241898 ], [ 396998.451633815886453, 762927.489408315741457 ], [ 397035.907905311265495, 762933.827049316139892 ], [ 397052.627364983200096, 762919.001804084400646 ], [ 397035.801911650807597, 762879.599844058277085 ], [ 397089.844574623391964, 762803.074197510723025 ], [ 397087.837339434539899, 762783.365315231028944 ], [ 397003.148807523888536, 762810.150735821807757 ], [ 396982.434095405624248, 762800.324910201015882 ], [ 396992.224620407039765, 762768.261699930415489 ], [ 397017.757000539044384, 762722.3646453745896 ], [ 397002.871248039242346, 762668.162874444038607 ], [ 397015.151973097701557, 762647.438656319747679 ], [ 397084.650342687615193, 762666.031309183919802 ], [ 397096.946396130195353, 762653.195188108831644 ], [ 397043.653002834238578, 762611.880317092174664 ], [ 397044.59104255749844, 762585.751404644805007 ], [ 397084.487637242709752, 762582.719379811314866 ], [ 397082.477489869343117, 762561.519271215540357 ], [ 397063.226394081953913, 762543.807081846753135 ], [ 397074.022404427989386, 762520.125079074059613 ], [ 397102.015265060414094, 762475.204995024949312 ], [ 397170.446966293849982, 762449.434387369896285 ], [ 397199.415290810866281, 762397.619158372748643 ], [ 397193.950872828136198, 762372.977607292006724 ], [ 397152.505670331884176, 762344.957328542484902 ], [ 397178.985727480729111, 762277.856761852046475 ], [ 397142.838278085459024, 762184.256797320442274 ], [ 397190.011044045852032, 762120.568422384094447 ], [ 397181.031878682493698, 762066.35794749611523 ], [ 397230.759052572248038, 762047.031648612115532 ], [ 397227.760902635345701, 762026.332462811958976 ], [ 397185.336920910922345, 761998.804458463098854 ], [ 397188.717305015888996, 761964.291949084261432 ], [ 397216.234861576929688, 761926.770637962268665 ], [ 397273.301948527689092, 761884.261732659069821 ], [ 397298.850633605732583, 761846.739201774122193 ], [ 397348.600467888056301, 761839.248567621223629 ], [ 397349.056712001736742, 761821.991596661508083 ], [ 397316.4545585232554, 761778.179770525544882 ], [ 397308.391768187226262, 761686.493208558182232 ], [ 397267.929010683728848, 761655.02030558953993 ], [ 397236.830290062353015, 761624.019449817948043 ], [ 397239.658509128377773, 761557.460309173678979 ], [ 397257.787006583123002, 761506.65169479791075 ], [ 397320.862046069989447, 761511.452848340035416 ], [ 397331.158901546325069, 761487.773386109853163 ], [ 397305.356647069740575, 761390.208729789126664 ], [ 397359.701903618872166, 761217.056768032489344 ], [ 397368.004037338425405, 761175.138670565444045 ], [ 397379.771214157284703, 761147.013497543055564 ], [ 397432.470613417390268, 761140.007261810125783 ], [ 397503.453066975751426, 761157.130358152789995 ], [ 397532.018776557175443, 761150.168082783464342 ], [ 397554.126500400830992, 761116.111559798009694 ], [ 397562.365649294573814, 761046.577704556984827 ], [ 397543.092277224292047, 761017.035682642366737 ], [ 397490.831510770134628, 760997.417938414029777 ], [ 397456.119323758874089, 760885.571877825888805 ], [ 397462.36587296257494, 760803.722932423930615 ], [ 397437.084517061710358, 760721.931248618289828 ], [ 397436.007393076492008, 760676.579061553464271 ], [ 397460.023968854919076, 760611.4556446056813 ], [ 397487.04714442382101, 760571.475190622848459 ], [ 397498.773289711447433, 760522.150564591516741 ], [ 397557.353684708941728, 760492.455947547918186 ], [ 397562.239094391348772, 760471.24926676962059 ], [ 397537.005053629982285, 760418.548199196578935 ], [ 397551.669917795807123, 760359.358548333169892 ], [ 397535.381843599374406, 760344.110762250027619 ], [ 397494.944148119364399, 760325.451158418436535 ], [ 397490.427115007827524, 760284.046122539439239 ], [ 397499.749293870117981, 760262.834535707836039 ], [ 397558.387306158430874, 760262.71817816584371 ], [ 397593.353148326394148, 760257.71663540310692 ], [ 397618.796152175869793, 760165.476310559432022 ], [ 397627.109168250230141, 760133.913981660851277 ], [ 397572.832560295937583, 760090.141945205163211 ], [ 397570.319697877101135, 760066.97508063132409 ], [ 397618.962369047687389, 759998.347743059159257 ], [ 397651.476200923323631, 759991.880062413052656 ], [ 397654.268086864496581, 759911.020496595650911 ], [ 397693.604566619673278, 759867.069878931040876 ], [ 397744.930319052073173, 759909.856013971730135 ], [ 397755.810420256806538, 759929.563811451895162 ], [ 397783.863486027403269, 759915.698506723856553 ], [ 397881.538130139815621, 759722.260154249845073 ], [ 397949.326220389571972, 759617.609196189674549 ], [ 397985.222031517303549, 759577.604206656338647 ], [ 398004.846673640829977, 759535.66735040070489 ], [ 398112.91047406825237, 759361.916678003966808 ], [ 398157.524420917150564, 759246.475418924237601 ], [ 398202.630947021709289, 759127.571786526124924 ], [ 398227.176087499246933, 759082.6584470521193 ], [ 398287.762398533406667, 759073.675302497111261 ], [ 398317.756541269831359, 759041.079367012018338 ], [ 398362.894152159511577, 758943.375591808231547 ], [ 398343.131542077811901, 758913.342395368497819 ], [ 398321.365267888875678, 758869.994899272569455 ], [ 398337.460009346250445, 758780.245880384813063 ], [ 398331.8963887746213, 758708.276799985091202 ], [ 398356.461360397515818, 758668.785573933739215 ], [ 398353.98217423085589, 758662.873005582951009 ], [ 398462.781578653142788, 758612.871134765329771 ], [ 398676.385429089132231, 758489.213319944916293 ], [ 398719.713260132004507, 758474.833802654058672 ], [ 398741.338021563424263, 758444.724967340240255 ], [ 398775.289164621382952, 758422.96395262144506 ], [ 398770.82559046370443, 758403.747149719391018 ], [ 398933.363193550729193, 758372.872860693954863 ], [ 398945.368825400713831, 758469.968409275868908 ], [ 398960.702267857966945, 758499.523663788451813 ], [ 399036.131827436969616, 758522.050662486464716 ], [ 399094.73767989280168, 758509.128349327365868 ], [ 399096.953078611695673, 758638.781942236004397 ], [ 399123.581783690839075, 758650.069075698265806 ], [ 399224.113513642165344, 758659.739655376062728 ], [ 399273.403195428836625, 758666.543148405617103 ], [ 399289.641318773967214, 758657.143863314180635 ], [ 399300.777558217931073, 758550.141925097443163 ], [ 399346.352904459228739, 758421.380506406305358 ], [ 399374.377231800928712, 758389.284932919428684 ], [ 399498.0863864600542, 758409.756688694120385 ], [ 399527.160010976949707, 758409.706048102467321 ], [ 399495.298352166544646, 758498.995207800762728 ], [ 399532.756728797103278, 758505.334490641602315 ], [ 399546.54387846251484, 758499.889006258919835 ], [ 399602.571798500663135, 758425.33995563199278 ], [ 399753.816152231593151, 758411.242650514468551 ], [ 399816.43558576120995, 758436.269280770793557 ], [ 399884.463304525474086, 758452.907122174394317 ], [ 399973.130706758180168, 758442.87208750913851 ], [ 399992.828728187421802, 758435.939733942970634 ], [ 400027.860578925581649, 758460.027385827386752 ], [ 400048.665292717865668, 758520.623184728319757 ], [ 400096.934847248252481, 758513.139668513089418 ], [ 400136.820923925668467, 758499.757278651348315 ], [ 400236.890285930945538, 758524.713154584285803 ], [ 400337.417558822431602, 758533.392288531293161 ], [ 400382.738991131889634, 758526.406749344081618 ], [ 400406.904999777150806, 758537.210047749686055 ], [ 400444.511496758263092, 758624.40039405960124 ], [ 400487.67717525921762, 758783.555460364674218 ], [ 400518.350960994313937, 758850.046310461708345 ], [ 400555.169901348417625, 759039.785645342548378 ], [ 400555.268971495737787, 759092.53222087607719 ], [ 400568.070397954201326, 759089.550073253689334 ], [ 400611.350664308760315, 759310.331901952740736 ], [ 400619.879738695977721, 759389.197824044036679 ], [ 400596.355305636534467, 759458.753708215546794 ], [ 400595.973058087809477, 759515.941381708835252 ], [ 400619.866748233849648, 759648.017973155714571 ], [ 400687.243499601434451, 759843.616111685172655 ], [ 400737.510135210701264, 759848.940345373353921 ], [ 400774.441329085384496, 759838.51906200509984 ], [ 400857.593250829551835, 759775.263805083232 ], [ 401033.887898934073746, 759725.142933607567102 ], [ 401186.119395974325016, 759719.432920276070945 ], [ 401231.428402846620884, 759708.499888599268161 ], [ 401269.829010108485818, 759689.202962272218429 ], [ 401332.303924587671645, 759638.31012839009054 ], [ 401559.317243257653899, 759569.847930212970823 ], [ 401627.229693233501166, 759527.327150589902885 ], [ 401672.965042419091333, 759483.361318260082044 ], [ 401856.76572264963761, 759492.390950490953401 ], [ 401870.184125474537723, 759553.993245935998857 ], [ 401907.113344470271841, 759539.624740771134384 ], [ 401936.175161817925982, 759537.60099376947619 ], [ 401945.090159691171721, 759562.228588255238719 ], [ 401937.353834401117638, 759640.140952200861648 ], [ 401943.795602124067955, 759661.328789745806716 ], [ 402048.927979753527325, 759763.17938580957707 ], [ 402158.445306427427568, 759833.974032502854243 ], [ 402216.139353900274727, 759863.443682062556036 ], [ 402078.050056474399753, 760058.427940124296583 ], [ 402044.671318893902935, 760123.573085992946289 ], [ 402004.153814523946494, 760324.790158775052987 ], [ 402005.471199608931784, 760507.189466094016097 ], [ 402038.240711546386592, 760641.716358439996839 ], [ 402063.92595689476002, 760677.659477328648791 ], [ 402101.072899114107713, 760781.610179578070529 ], [ 402163.793897280935198, 760861.858504586620256 ], [ 402215.097519074799493, 760898.24231918877922 ], [ 402307.767693411209621, 760918.285606328048743 ], [ 402353.58367120148614, 760920.169486152124591 ], [ 402438.452436412393581, 760983.608721878612414 ], [ 402510.018947761156596, 761052.987299529486336 ], [ 402544.604569222021382, 761107.153125591226853 ], [ 402557.495988929003943, 761149.529800089774653 ], [ 402578.67952881520614, 761149.983753998531029 ], [ 402615.604971127642784, 761135.621941995457746 ], [ 402641.221663690928835, 761135.570146455662325 ], [ 402687.208782589994371, 761226.199565531453118 ], [ 402724.703567545162514, 761250.284207780379802 ], [ 402780.363946891680826, 761246.727202138281427 ], [ 402863.705362343229353, 761286.015125987585634 ], [ 403063.791809681686573, 761316.21963590150699 ], [ 403206.740649299463257, 761356.376099646324292 ], [ 403272.319689439726062, 761383.368563731084578 ], [ 403285.718874284182675, 761436.592589395469986 ], [ 403277.911856721737422, 761476.043747015879489 ], [ 403287.82583829871146, 761507.576282900176011 ], [ 403320.314540566527285, 761493.219234136049636 ], [ 403432.613923678989522, 761474.779288649791852 ], [ 403462.079599605000112, 761423.946289677289315 ], [ 403500.903577879129443, 761368.654452820774168 ], [ 403494.392925317166373, 761313.944122472777963 ], [ 403510.07859286677558, 761269.059734008973464 ], [ 403571.63236688595498, 761247.748981801909395 ], [ 403612.972467362356838, 761224.993204432423227 ], [ 403667.62744222272886, 761204.677572826622054 ], [ 403799.541291084024124, 761134.92501622706186 ], [ 403832.005232419469394, 761107.749809858272783 ], [ 403983.616586888732854, 761031.554489932954311 ], [ 404041.67637945106253, 760990.035519700730219 ], [ 404153.916928505233955, 760938.071363845840096 ], [ 404232.166971825179644, 760891.583712397143245 ], [ 404245.898297835956328, 760854.095731477136724 ], [ 404304.88983812823426, 760782.011411493760534 ], [ 404460.020887582446449, 760745.247612249921076 ], [ 404475.278010850946885, 760734.3796589236008 ], [ 404533.726931210723706, 760638.633942270302214 ], [ 404595.701835810323246, 760577.388162338873371 ], [ 404673.041361953364685, 760570.345534082502127 ], [ 404712.96258523396682, 760577.17311712843366 ], [ 404800.641773642448243, 760568.146335746627301 ], [ 405001.346086915349588, 760393.755208879127167 ], [ 405022.504504076146986, 760377.943600314087234 ], [ 405070.28155027423054, 760367.993574506603181 ], [ 405147.051982882025186, 760318.55907728523016 ], [ 405179.10230430867523, 760330.337654964649118 ], [ 405196.455594983766787, 760391.927974347956479 ], [ 405212.24538670189213, 760405.704136138432659 ], [ 405263.981273489189334, 760410.04820882237982 ], [ 405293.005988856544718, 760382.880856976727955 ], [ 405305.239555104984902, 760334.540988970082253 ], [ 405299.265611575508956, 760304.480236796312965 ], [ 405331.518753953452688, 760156.529961230698973 ], [ 405364.972898145555519, 760127.383801561663859 ], [ 405445.222986738895997, 760093.226122693624347 ], [ 405476.694188653840683, 760060.630880397395231 ], [ 405614.066918927244842, 760007.63428319490049 ], [ 405672.670564822328743, 759995.700345590943471 ], [ 405685.143836416304111, 759807.352440098766237 ], [ 405676.722690729890019, 759782.222187285427935 ], [ 405686.441260866529774, 759706.286189183127135 ], [ 405706.086717937781941, 759671.245405256631784 ], [ 405720.815190904831979, 759639.175330425496213 ], [ 405776.475439751229715, 759628.731036082841456 ], [ 405784.337067615706474, 759619.84122335142456 ], [ 405790.567222378216684, 759519.254455285728909 ], [ 405817.06651204341324, 759459.069699207204394 ], [ 405861.864204998186324, 759437.29293493332807 ], [ 405876.142897128709592, 759432.828903924673796 ], [ 405901.188153344322927, 759385.950734066427685 ], [ 405923.870128108770587, 759396.755816050921567 ], [ 405932.825924530567136, 759447.517057158518583 ], [ 405925.969450318138115, 759471.197119576740079 ], [ 405953.578504975419492, 759479.532158214715309 ], [ 405990.629892940691207, 759537.137981763808057 ], [ 406096.701270117366221, 759614.845734059694223 ], [ 406255.010486101964489, 759702.319285025703721 ], [ 406499.493571985512972, 759759.071149385534227 ], [ 406661.576774226617999, 759749.910685333306901 ], [ 406867.421169814188033, 759690.39064628246706 ], [ 407088.66405642114114, 759704.790011037606746 ], [ 407280.036166854028124, 759822.283856147318147 ], [ 407316.514342263399158, 759830.599495575297624 ], [ 407587.379921609419398, 759763.078524490236305 ], [ 407769.723923125537112, 759506.893473208183423 ], [ 407738.226992667303421, 759526.671528919716366 ], [ 407900.435467677889392, 759309.47213162551634 ], [ 408108.067917554115411, 759144.950043799122795 ], [ 408179.450356429966632, 759109.33101265039295 ], [ 408239.565281773509923, 759114.643595757312141 ], [ 408242.438596473424695, 759062.390465784235857 ], [ 408378.059747025661636, 758855.095240639289841 ], [ 408425.357846763334237, 758854.52177102479618 ], [ 408455.471399382746313, 758884.541908430866897 ], [ 408453.146887631446589, 758965.891290265135467 ], [ 408465.993308577104472, 758989.531623081187718 ], [ 408517.237405341933481, 758991.417122842045501 ], [ 408628.672862790699583, 759039.036865701316856 ], [ 408688.326283564849291, 759062.112875578342937 ], [ 408731.196254386275541, 759064.501539438497275 ], [ 408798.616162206453737, 759014.098632798413746 ], [ 408892.721698625595309, 759014.925337753724307 ], [ 408995.220036472310312, 759027.564882790669799 ], [ 409166.65174276632024, 759007.548525450285524 ], [ 409244.038404646504205, 759026.645215694559738 ], [ 409325.736488544091117, 758976.216254779370502 ], [ 409351.872534087859094, 758987.515029746573418 ], [ 409479.282377550727688, 759156.880077590700239 ], [ 409490.400063253007829, 759320.538857541279867 ], [ 409495.384534798911773, 759352.57110954541713 ], [ 409578.910073497798294, 760081.058923995471559 ], [ 409803.108732104185037, 760962.628454764722846 ], [ 409848.860007582698017, 761212.989149746368639 ], [ 409898.804299537441693, 761318.896106455009431 ], [ 410002.940618018561509, 761424.221169968834147 ], [ 410130.201906130649149, 761515.699752301094122 ], [ 410319.773354345117696, 761736.227032299735583 ], [ 410459.054753209638875, 761941.078230663202703 ], [ 410497.596714404236991, 762010.033405121299438 ], [ 410518.94192770391237, 762105.629678687429987 ], [ 410431.335795733495615, 762445.938554004882462 ], [ 410382.327106525539421, 762599.835591204930097 ], [ 410474.197406287072226, 762737.718664158717729 ], [ 410650.269300577347167, 762847.845106598106213 ], [ 410863.533305852091871, 763105.804020369309001 ], [ 410937.588049325451721, 763196.883317586267367 ], [ 411015.028806409682147, 763249.502899103332311 ], [ 411146.045403173891827, 763231.538695933879353 ], [ 411301.138783000526018, 763175.076481939060614 ], [ 411516.903908574546222, 763164.356657405849546 ], [ 411584.148615108220838, 763309.179148573777638 ], [ 411580.622804536833428, 763556.171162689453922 ], [ 411675.536340015241876, 763746.302434349549003 ], [ 411760.892747777630575, 763824.057791086379439 ], [ 411883.239930227631703, 763926.387835580855608 ], [ 411949.907053016999271, 764020.933747588191181 ], [ 412025.042652605334297, 764169.19719780026935 ], [ 412075.869657942617778, 764223.332924421294592 ], [ 412150.331789743620902, 764262.159926801803522 ], [ 412379.447985344915651, 764286.92141595215071 ], [ 412534.24780533334706, 764350.253465090412647 ], [ 412710.338278739189263, 764478.140883889165707 ], [ 412805.069258262345102, 764562.771209614002146 ], [ 412843.593203269236255, 764623.837528343312442 ], [ 412780.585900433768984, 764655.499786598375067 ], [ 412850.709938664571382, 764758.910659155808389 ], [ 412957.451104276580736, 764953.954594931099564 ], [ 412994.504231186758261, 765018.965818014577962 ], [ 413034.715033054235391, 765202.2862916510785 ], [ 413008.952852069342043, 765413.823143689311109 ], [ 412931.911856802820694, 765594.872093966347165 ], [ 412833.879417710530106, 765892.793106328463182 ], [ 412753.466992746572942, 766121.673345209332183 ], [ 412613.356108141015284, 766595.172390023013577 ], [ 412522.757972548832186, 766912.809215003158897 ], [ 412536.093803743133321, 766936.444848394021392 ], [ 412566.169046001276001, 766949.705321778659709 ], [ 412629.238109004450962, 766956.011663998942822 ], [ 412658.303121659904718, 766961.384485344868153 ], [ 412815.906446013250388, 766936.970564392511733 ], [ 412935.574199626338668, 766911.628666986245662 ], [ 412954.757355918001849, 766895.327013504691422 ], [ 413147.8361691890168, 766878.732454822165892 ], [ 413229.111795095319394, 766872.196617353707552 ], [ 413252.716163714241702, 766846.027265903772786 ], [ 413254.167885420029052, 766831.230014785192907 ], [ 413285.216514671221375, 766837.588273698464036 ], [ 413312.83467437181389, 766856.274097285699099 ], [ 413360.582522746059112, 766834.507511825533584 ], [ 413407.298102976055816, 766785.628828722052276 ], [ 413467.367629067564849, 766766.797163340612315 ], [ 413562.450122251990251, 766770.091254678787664 ], [ 413595.437588265398517, 766761.160785400075838 ], [ 413624.561427242821082, 766792.661395284114406 ], [ 413749.646058819023892, 766768.298464948427863 ], [ 413849.095313201425597, 766730.178477302892134 ], [ 413940.754962458333466, 766752.702960196882486 ], [ 413975.283295823610388, 766778.280061085708439 ], [ 413979.292278780485503, 766820.6676479363814 ], [ 414022.214448557118885, 766856.589325206005014 ], [ 414021.739608508069068, 766870.886861943639815 ], [ 414007.485704742721282, 766887.667198317707516 ], [ 414018.895821748184972, 766936.947356829536147 ], [ 414000.304612822190393, 767014.869455729145557 ], [ 414005.796943854715209, 767061.695065986830741 ], [ 414030.956596412754152, 767084.82390433177352 ], [ 414034.436180985649116, 767102.568298048805445 ], [ 414063.018662465561647, 767108.924821904394776 ], [ 414097.526867581007537, 767122.672942068427801 ], [ 414112.370208807638846, 767161.593877845909446 ], [ 414170.078348295530304, 767207.841219259891659 ], [ 414187.888959022297058, 767256.127975927782245 ], [ 414188.007701482390985, 767328.597650968236849 ], [ 414204.30150824674638, 767346.318549638031982 ], [ 414269.35802477406105, 767367.901438964297995 ], [ 414256.645198234706186, 767424.121092127636075 ], [ 414249.336354000028223, 767473.433251219219528 ], [ 414209.985759899485856, 767510.465343014104292 ], [ 414161.874471434042789, 767611.609561152290553 ], [ 414130.469845506362617, 767684.125938588520512 ], [ 414128.080226611928083, 767728.990559696452692 ], [ 414108.457027950382326, 767779.312976178363897 ], [ 414129.665471408632584, 767795.545917575247586 ], [ 414157.769226840755437, 767814.235467436024919 ], [ 414169.698215200100094, 767876.329576334683225 ], [ 414181.217834265495185, 767992.65585679654032 ], [ 414154.168027454637922, 768020.301880861050449 ], [ 414126.127477065077983, 768040.06809957860969 ], [ 414151.359143297886476, 768107.569099830114283 ], [ 414173.085344841354527, 768141.547241351450793 ], [ 414154.96805142716039, 768204.189244615030475 ], [ 414177.241824969707523, 768268.237024257541634 ], [ 414138.934631300100591, 768339.28644972469192 ], [ 414085.826396821823437, 768397.059163035475649 ], [ 414066.251246044528671, 768476.453604258364066 ], [ 414048.514325999014545, 768473.03864344547037 ], [ 414013.476060918183066, 768439.574077706201933 ], [ 413970.618743538798299, 768436.681654055952094 ], [ 413935.694995524710976, 768467.309049785602838 ], [ 413935.288389394292608, 768523.011170424404554 ], [ 413973.336649148026481, 768591.476740247337148 ], [ 413961.134152217244264, 768660.51365303969942 ], [ 413897.590261969948187, 768661.599750337889418 ], [ 413865.127247394819278, 768690.745437562814914 ], [ 413837.155726428376511, 768758.328421577229165 ], [ 413656.147088371100836, 768920.329310077591799 ], [ 413587.7555139719625, 768970.229005868546665 ], [ 413546.024947580415756, 769052.631360615370795 ], [ 413557.550020842754748, 769170.925434000906534 ], [ 413607.453127558866981, 769260.562646055477671 ], [ 413657.325222583953291, 769337.382919480209239 ], [ 413668.254290294600651, 769391.107559052179568 ], [ 413657.505338017479517, 769446.332750279689208 ], [ 413556.335274029290304, 769629.889867134625092 ], [ 413539.664092099352274, 769674.287404989241622 ], [ 413521.583375296846498, 769764.537696803919971 ], [ 413519.865048793377355, 769913.416043403092772 ], [ 413533.454895574366674, 770091.859855949063785 ], [ 413601.780854926910251, 770298.308499780134298 ], [ 413601.770913465647027, 770593.105820061289705 ], [ 413596.019467021804303, 770685.303099222132005 ], [ 413607.916505330475047, 770733.107278904528357 ], [ 413640.566729138954543, 770817.354116897564381 ], [ 413551.749333703541197, 771021.103901329333894 ], [ 413509.005259053898044, 771092.163937709992751 ], [ 413479.975939224706963, 771110.942305447533727 ], [ 413445.491889371478464, 771106.0682888913434 ], [ 413289.120041747111827, 770975.200254068826325 ], [ 413253.64305574685568, 770967.37296592828352 ], [ 413214.790111366950441, 771004.410871408181265 ], [ 413128.919128412206192, 771200.266313350992277 ], [ 413084.63850519125117, 771235.832330794073641 ], [ 412890.569128591218032, 771241.582687155925669 ], [ 412830.509903170226607, 771259.919095568475313 ], [ 412653.895963072369341, 771394.803284094436094 ], [ 412538.218951986636966, 771440.848323140409775 ], [ 412401.828849005454686, 771477.057589220814407 ], [ 412199.733203125884756, 771392.61100169364363 ], [ 411967.085288958682213, 771304.753971048048697 ], [ 411818.678505741641857, 771224.15696601558011 ], [ 411713.69564996054396, 771188.838979981490411 ], [ 411611.731274186749943, 771187.531113454606384 ], [ 411298.107888903236017, 771275.814461534377187 ], [ 411169.063966381771024, 771284.911633428651839 ], [ 411021.828492393135093, 771314.738535933196545 ], [ 410879.057488937745802, 771360.835225332994014 ], [ 410736.295622442907188, 771407.916208804352209 ], [ 410615.68965855560964, 771455.448338693589903 ], [ 410528.50950408319477, 771461.016584701952524 ], [ 410460.991568607394584, 771437.965323518496007 ], [ 410304.556125873874407, 771276.04413728765212 ], [ 410185.6188580620219, 771143.634323589503765 ], [ 410119.560851676971652, 771112.686368519673124 ], [ 409953.005374950356781, 771080.441125298384577 ], [ 409820.984882954857312, 771076.232118718093261 ], [ 409771.269612971751485, 771093.566172487684526 ], [ 409695.014382634893991, 771150.399056400055997 ], [ 409590.243593983061146, 771235.868677251506597 ], [ 409507.075809074391145, 771282.84528789203614 ], [ 409419.927847282320727, 771307.639597676810808 ], [ 409345.618199190590531, 771348.693561053136364 ], [ 409210.361837819917127, 771462.316346180858091 ], [ 409116.279934326186776, 771465.927067007054575 ], [ 409011.331960347015411, 771452.796786254737526 ], [ 408914.300438387668692, 771454.445431369938888 ], [ 408829.100365699501708, 771466.4300028240541 ], [ 408664.15230876323767, 771505.667517930152826 ], [ 408530.75329762668116, 771556.674314617761411 ], [ 408456.411446770769544, 771577.517883107881062 ], [ 408319.974508722312748, 771582.186782464268617 ], [ 408228.795749051030725, 771556.714547315961681 ], [ 408199.211256759648677, 771535.571366806165315 ], [ 408179.924206582072657, 771496.6614345156122 ], [ 408169.381690868700389, 771380.821370222023688 ], [ 408173.291935136483517, 771085.51122390513774 ], [ 408204.386850051931106, 770842.419881200417876 ], [ 408200.867464176146314, 770799.038894466822967 ], [ 408141.11556421557907, 770714.847233070991933 ], [ 408012.385455198411364, 770623.370709247072227 ], [ 407976.393480182334315, 770607.663300517597236 ], [ 407847.320350347086787, 770600.49781972321216 ], [ 407622.241362114611547, 770620.611731362179853 ], [ 407518.341370606562123, 770641.50533828092739 ], [ 407434.716900835221168, 770706.233087953645736 ], [ 407229.947571525757667, 770788.429702026536688 ], [ 407068.911511332727969, 770816.817176238400862 ], [ 407003.416839649726171, 770825.322998469346203 ], [ 406796.036298245191574, 770825.191826589987613 ], [ 406606.413890224706847, 770840.320892046904191 ], [ 406500.529827844235115, 770857.276040948578157 ], [ 406315.486150361655746, 770952.265325293992646 ], [ 406247.038200040056836, 770964.22091961465776 ], [ 406001.154444684274495, 770920.782179625704885 ], [ 405886.870004354510456, 770916.555333641706966 ], [ 405729.265593812451698, 770929.65780405048281 ], [ 405097.954115437576547, 771037.786161626689136 ], [ 404910.280104060191661, 771040.589219399727881 ], [ 404713.213063351984601, 771024.186440957710147 ], [ 404585.140615036420058, 771027.871011419454589 ], [ 404169.520772257586941, 771097.163033272954635 ], [ 404108.441211920347996, 771101.709496178780682 ], [ 403960.129182933014818, 771076.346819655736908 ], [ 403752.657227214600425, 771027.427230275585316 ], [ 403676.283727366826497, 771018.201142606325448 ], [ 403416.21019872528268, 771024.600216014659964 ], [ 403294.556305087753572, 771037.647292755777016 ], [ 403249.200765385932755, 771018.013075796188787 ], [ 403184.056576721486636, 770950.593737685587257 ], [ 403161.770071175298654, 770885.560801016865298 ], [ 403148.174815555219539, 770726.340935745392926 ], [ 403124.766113380377647, 770589.332971196388826 ], [ 403055.427422433742322, 770387.831284569925629 ], [ 403023.579743601323571, 770217.800934777944349 ], [ 403010.563476456620265, 770101.974461080622859 ], [ 402998.169233781576622, 770062.556196874356829 ], [ 402972.49641595891444, 770029.573950198013335 ], [ 402896.545009718625806, 769983.378314193570986 ], [ 402835.901747793832328, 769954.405345288454555 ], [ 402601.358164485020097, 769921.804156019934453 ], [ 402506.70032181032002, 769881.06518924573902 ], [ 402299.619284347223584, 769779.896331297466531 ], [ 402180.344548252760433, 769745.610018039820716 ], [ 402041.421164741565008, 769740.942751553258859 ], [ 401845.423213007918093, 769772.860785059048794 ], [ 401758.215299477800727, 769768.58267860324122 ], [ 401727.176258168299682, 769762.731060244725086 ], [ 401685.752124203718267, 769741.111585578997619 ], [ 401645.203865306917578, 769659.843264949973673 ], [ 401640.222802703501657, 769629.289437445462681 ], [ 401647.543091385392472, 769592.299644022947177 ], [ 401709.965007422957569, 769516.264631418394856 ], [ 401734.547174637322314, 769492.553833385347389 ], [ 401734.393194030621089, 769410.718808333855122 ], [ 401673.659543497895356, 769333.43268227938097 ], [ 401577.900922407163307, 769234.026434553554282 ], [ 401265.711639384855516, 768779.079630021937191 ], [ 401196.651525381021202, 768731.882816102006473 ], [ 401089.207862158538774, 768704.974958603386767 ], [ 400862.118723832943942, 768707.874059728812426 ], [ 400677.78884060139535, 768661.87585785263218 ], [ 400597.433849252236541, 768629.003338305396028 ], [ 400484.964701501943637, 768552.797728566802107 ], [ 400437.066459806985222, 768492.24717344774399 ], [ 400415.757018872129265, 768426.723819601815194 ], [ 400427.404148467816412, 768075.685247228248045 ], [ 400386.244384530000389, 767929.834228412830271 ], [ 400323.40861462848261, 767788.463418093859218 ], [ 400262.091735603520647, 767668.7860942047555 ], [ 400183.14392766187666, 767601.394563128240407 ], [ 400019.161189484701026, 767376.897010729648173 ], [ 399956.978755025484134, 767318.347758816787973 ], [ 399893.704391588282306, 767206.07110596052371 ], [ 399879.307964331121184, 767147.432724583777599 ], [ 399880.150620145781431, 767075.944655044702813 ], [ 399961.915818317327648, 766807.099202358629555 ], [ 400036.068899943376891, 766684.200515056494623 ], [ 400056.174269168695901, 766635.850004720850848 ], [ 400054.570927769236732, 766570.28217217058409 ], [ 400022.65472187998239, 766370.18837556662038 ], [ 399962.196675151353702, 766179.514366730581969 ], [ 399953.551051852817181, 766040.508625502116047 ], [ 399967.585496189713012, 765909.337338976445608 ], [ 399996.038938635960221, 765843.713333890191279 ], [ 400028.774342874879949, 765702.658774724695832 ], [ 400015.186489837651607, 765549.358072870643809 ], [ 399919.559756775037386, 765266.069179424783215 ], [ 399857.192959215259179, 765112.3699373267591 ], [ 399820.386028517852537, 764931.019166678423062 ], [ 399809.13577396760229, 764710.17831393040251 ], [ 399864.662665304145776, 764377.297409940161742 ], [ 399862.931686289492063, 764244.686665043001994 ], [ 399834.19795290986076, 764163.882837113575079 ], [ 399804.582408508576918, 764134.361206959467381 ], [ 399771.544604926893953, 764117.659590590978041 ], [ 399705.527822420117445, 764120.258123032166623 ], [ 399623.320893639582209, 764151.473215033300221 ], [ 399549.523682023340371, 764207.813468907726929 ], [ 399405.836992039345205, 764296.335746801109053 ], [ 399321.146397734875791, 764320.158914376166649 ], [ 399283.694911046186462, 764315.793486259528436 ], [ 399256.479564670473337, 764257.17849767068401 ], [ 399237.658750814036466, 764205.451688279630616 ], [ 399148.214239200460725, 764064.131915824022144 ], [ 399044.57561397011159, 763966.720909875584766 ], [ 398934.109057920519263, 763914.178406119579449 ], [ 398812.884395048371516, 763895.188443402759731 ], [ 398705.013207552954555, 763910.672490424592979 ], [ 398523.314179367152974, 763961.30867449042853 ], [ 398155.922717241803184, 764033.502171509200707 ], [ 398054.421055013895966, 764024.830560080357827 ], [ 398024.332907653530128, 764007.631875761784613 ], [ 397962.113175078993663, 763934.785204537329264 ], [ 397843.955110050970688, 763721.55260166618973 ], [ 397809.941408487851731, 763710.766900301678106 ], [ 397650.291807794652414, 763702.208772178273648 ], [ 397611.390506077208556, 763711.647335642599501 ], [ 397513.503409585508052, 763792.193468487355858 ], [ 397216.29840133653488, 763977.157552174292505 ], [ 397017.033010002982337, 764114.608476021094248 ], [ 396802.938073745754082, 764223.482435152051039 ], [ 396741.864321061992086, 764235.439834422897547 ], [ 396625.572018309263512, 764224.324742171447724 ], [ 396577.232467786525376, 764192.868040265981108 ], [ 396561.421620290610008, 764171.696268471190706 ], [ 396519.065429849666543, 763925.779610639903694 ], [ 396508.512623742106371, 763819.304533867980354 ], [ 396491.177975255413912, 763775.465598221169785 ], [ 396468.944331410340965, 763740.995410073315725 ], [ 396440.818959157913923, 763718.867963186348788 ] ] ] } },
{ "type": "Feature", "properties": { "id": "00000000000000000005", "adm2_name": "Colombo", "adm3_name": "Padukka", "zone_id": "LK1118", "area_sqkm": 106.194605 }, "geometry": { "type": "GeometryCollection", "geometries": [ { "type": "LineString", "coordinates": [ [ 406499.493571985512972, 759759.071149385534227 ], [ 406477.815520772070158, 759761.573799965088256 ] ] }, { "type": "Polygon", "coordinates": [ [ [ 393868.322275008191355, 753270.319587274221703 ], [ 393906.256182060751598, 753265.311169914901257 ], [ 393944.285977892577648, 753308.618571104831062 ], [ 394093.630472291493788, 753329.031035212916322 ], [ 394203.685081662144512, 753160.697469973587431 ], [ 394245.870350563549437, 753066.448026185389608 ], [ 394257.14726500120014, 753035.85687028884422 ], [ 394263.964817170286551, 752994.924071267363615 ], [ 394283.150764451303985, 752979.609899407718331 ], [ 394322.553084695886355, 752969.669163836631924 ], [ 394356.00918160227593, 752941.00954141782131 ], [ 394403.674284982727841, 752872.876161935389973 ], [ 394440.530063152429648, 752823.995970471180044 ], [ 394461.618819636234548, 752770.218504606746137 ], [ 394454.109424299444072, 752709.100821567932144 ], [ 394465.902029416291043, 752696.262422213680111 ], [ 394491.006090784096159, 752680.925529293483123 ], [ 394498.25407054804964, 752604.992010747781023 ], [ 394504.619966452708468, 752588.216794497566298 ], [ 394483.784219752065837, 752517.262853456195444 ], [ 394469.891735535115004, 752468.979454790242016 ], [ 394446.680863117333502, 752440.921485322178341 ], [ 394230.039224637439474, 752287.043156200787053 ], [ 394121.573929386446252, 752259.649925124365836 ], [ 394070.287581867538393, 752242.003663620096631 ], [ 394068.226925121154636, 752196.155678370851092 ], [ 394097.668967624602374, 752133.976754141156562 ], [ 394222.542294397600926, 751984.844847429078072 ], [ 394273.351187040156219, 751761.412153872544877 ], [ 394281.280289312649984, 751534.126620344119146 ], [ 394553.28709858271759, 751528.162540248711593 ], [ 394617.783114051620942, 751497.473757999250665 ], [ 394739.459517462237272, 751478.500864889356308 ], [ 394942.059589104610495, 751508.172669011866674 ], [ 395032.689577801153064, 751484.330339736188762 ], [ 395105.041527366498485, 751443.763527736417018 ], [ 395148.224009679630399, 751349.016959129134193 ], [ 395181.690304748015478, 751326.275239464011975 ], [ 395272.331899448297918, 751309.336057173437439 ], [ 395339.310913245892152, 751288.00448839715682 ], [ 395351.052612270461395, 751244.603955063968897 ], [ 395442.551394569338299, 751165.538193302811123 ], [ 395670.890850862197112, 751001.91329213953577 ], [ 395748.116101933177561, 750925.347556556691416 ], [ 395941.11044045665767, 750832.775391974602826 ], [ 396111.405228083196562, 750727.438128830981441 ], [ 396186.735003658512142, 750690.317696951213293 ], [ 396319.27390479814494, 750679.706279203062877 ], [ 396453.91080535663059, 750731.710441491915844 ], [ 396607.373422462376766, 750838.394856013241224 ], [ 396668.558954748383258, 750880.666017896146514 ], [ 396703.63980439689476, 750925.465059100883082 ], [ 396713.149149863398634, 750999.886652467423119 ], [ 396693.709205553052016, 751145.366068930597976 ], [ 396680.601139285659883, 751246.94424520933535 ], [ 396683.115460649132729, 751270.60759780567605 ], [ 396723.584256868052762, 751300.107423659414053 ], [ 396791.639755101059563, 751329.060842121602036 ], [ 396863.086029587022495, 751323.499797994387336 ], [ 396934.478590532962698, 751290.334349085576832 ], [ 396925.958401922951452, 751474.732106717652641 ], [ 396951.329704322270118, 751595.959919421817176 ], [ 397028.954351180582307, 751731.883255539694801 ], [ 397096.133359024184756, 751816.051494765793905 ], [ 397240.057203846808989, 752089.885115076089278 ], [ 397283.645943603652995, 752205.158591168234125 ], [ 397338.715080218040384, 752396.83534256729763 ], [ 397416.314713019062765, 752517.468816362088546 ], [ 397517.065782418416347, 752635.59371938102413 ], [ 397582.338689078344032, 752755.270206265151501 ], [ 397721.919258839567192, 753074.464116849238053 ], [ 397755.185749341209885, 753208.002949460991658 ], [ 397755.215972432575654, 753223.776329686166719 ], [ 397788.785081560141407, 753254.772405027062632 ], [ 397813.094666309072636, 753340.506716325180605 ], [ 397866.911321235471405, 753392.660432689939626 ], [ 397913.889294299646281, 753479.837867967551574 ], [ 397991.806498530029785, 753514.19898866803851 ], [ 398034.158962706802413, 753498.33470846270211 ], [ 398263.465320777962916, 753590.094798985053785 ], [ 398337.878864080295898, 753591.924578263540752 ], [ 398378.268515895935707, 753580.011400441639125 ], [ 398390.605915352003649, 753593.303898983052932 ], [ 398416.157077884301543, 753555.783882881863974 ], [ 398623.344372082268819, 753414.387615554616787 ], [ 398761.568276842415798, 753283.978844304336235 ], [ 398845.651765874994453, 753191.135337798506953 ], [ 398906.205509484279901, 753158.482421572436579 ], [ 398942.203229737526271, 753171.235342703061178 ], [ 399197.322044777218252, 753361.541178256971762 ], [ 399347.74609169276664, 753430.769390039611608 ], [ 399415.736889750580303, 753427.678708243533038 ], [ 399440.781401553424075, 753382.280080493190326 ], [ 399452.49834181566257, 753322.107751367613673 ], [ 399424.864293821970932, 753302.935462988563813 ], [ 399419.902812737971544, 753284.214137197821401 ], [ 399452.808842098107561, 753226.963803928694688 ], [ 399444.258789677289315, 753133.305896205711178 ], [ 399515.012058031396009, 753021.755007676547393 ], [ 399536.970092906965874, 752907.839032466174103 ], [ 399541.347996751661412, 752876.767988588777371 ], [ 399514.713238981086761, 752863.013135191402398 ], [ 399508.235758892900776, 752829.500150517211296 ], [ 399545.435458879219368, 752696.32621745497454 ], [ 399674.346958432870451, 752592.549929517670535 ], [ 399726.937032418558374, 752519.489888482028618 ], [ 399745.993493791669607, 752430.219395041232929 ], [ 399810.933806379325688, 752373.403958896640688 ], [ 399947.815092778182589, 752316.942654940765351 ], [ 400139.917078361555468, 752271.23641370376572 ], [ 400232.988938450347632, 752239.995812959386967 ], [ 400310.287243496684823, 752205.347316011902876 ], [ 400359.250750992796384, 752032.215893036569469 ], [ 400358.579706455115229, 751940.021626553731039 ], [ 400394.914322885510046, 751868.473708740784787 ], [ 400408.592766981106251, 751804.353036141488701 ], [ 400397.008129410562105, 751667.822393382200971 ], [ 400373.11954463715665, 751544.613817651523277 ], [ 400304.179285092512146, 751303.668677798123099 ], [ 400313.469635620771442, 751265.194493757910095 ], [ 400317.727585909888148, 751169.552436199155636 ], [ 400363.914711601624731, 751097.981473779305816 ], [ 400388.313973315700423, 750969.262085774797015 ], [ 400438.472808208025526, 750916.416296817711554 ], [ 400462.975115466397256, 750837.985894556739368 ], [ 400559.378516456112266, 750739.696982318651862 ], [ 400628.297325800522231, 750701.614724545157515 ], [ 400623.828359994164202, 750683.872471304959618 ], [ 400689.247597645269707, 750617.685079073882662 ], [ 400702.986825945787132, 750586.110842437949032 ], [ 400694.541500230086967, 750552.107661697547883 ], [ 400675.299894158262759, 750536.864084844477475 ], [ 400691.521090947848279, 750518.098743124282919 ], [ 400702.799446096818428, 750485.052111086319201 ], [ 400738.710141567280516, 750453.91835926019121 ], [ 400753.909771539096255, 750412.481550380587578 ], [ 400736.612007228599396, 750383.923844897770323 ], [ 400730.680891720112413, 750375.055568962474354 ], [ 400767.014055232109968, 750302.522774034994654 ], [ 400793.00477082276484, 750234.435339460964315 ], [ 400815.084255851048511, 750180.169926430564374 ], [ 400804.68253276712494, 750152.579966971185058 ], [ 400790.390532671008259, 750150.14665289525874 ], [ 400783.444974219368305, 750127.481508027645759 ], [ 400809.485965357744135, 750086.507023601210676 ], [ 400833.988077440997586, 750013.007379496237263 ], [ 400836.396353000600357, 749980.956995492102578 ], [ 400836.829554380150512, 749950.394908056943677 ], [ 400826.958939528441988, 749940.062679055845365 ], [ 400833.791055244626477, 749906.525493453489617 ], [ 400850.516879652510397, 749890.7137671377277 ], [ 400847.935619997733738, 749824.166804501670413 ], [ 400861.693200719601009, 749802.450023340759799 ], [ 400878.899649824772496, 749781.70710187475197 ], [ 400885.25389984465437, 749754.582323447451927 ], [ 400895.588093322585337, 749745.687777915620245 ], [ 400874.843441075005103, 749717.140102780424058 ], [ 400849.151680630689953, 749682.178010691539384 ], [ 400867.838693385361694, 749662.426045120460913 ], [ 400938.794825354591012, 749656.871661965618841 ], [ 400956.958268362912349, 749618.882847478031181 ], [ 400963.84414985193871, 749614.427503764163703 ], [ 400951.009045854967553, 749600.152665685862303 ], [ 400963.799530751537532, 749590.269578164210543 ], [ 401023.433861884637736, 749594.598806014982983 ], [ 401021.843302485649474, 749533.967152405297384 ], [ 401047.874472834460903, 749482.642475635744631 ], [ 401065.573256924340967, 749463.389701285748743 ], [ 401072.437582827929873, 749442.169726168503985 ], [ 401094.089777499670163, 749426.851735577452928 ], [ 401088.087052067159675, 749379.042346064932644 ], [ 401060.971820518840104, 749373.669025337905623 ], [ 401053.518912359955721, 749336.212467317585833 ], [ 401071.737807248369791, 749328.294320593122393 ], [ 401116.496344596205745, 749284.337075442657806 ], [ 401131.609781783365179, 749196.064323240891099 ], [ 401172.445992797496729, 749159.99746594496537 ], [ 401189.127081917715259, 749120.030575308366679 ], [ 401192.027155223244336, 749088.973936227033846 ], [ 401209.222841109905858, 749057.389759605401196 ], [ 401241.705014639708679, 749036.620636451523751 ], [ 401284.468497023568489, 748978.369947710307315 ], [ 401299.693951807916164, 748945.804357085609809 ], [ 401319.832836021378171, 748911.75204429961741 ], [ 401355.254763179807924, 748881.613100905320607 ], [ 401410.402992651681416, 748854.400102913263254 ], [ 401432.45068064366933, 748782.872186659602448 ], [ 401520.507424962474033, 748700.873987716273405 ], [ 401527.86508853075793, 748681.635647333576344 ], [ 401531.250488960940856, 748648.10206430091057 ], [ 401573.967604659672361, 748559.778732601320371 ], [ 401628.090919717913494, 748513.342081136535853 ], [ 401921.632511339324992, 748418.643741277395748 ], [ 401999.484332817024551, 748412.58331708132755 ], [ 402336.547002062667161, 748404.082556754234247 ], [ 402339.53709889028687, 748422.318087187013589 ], [ 402523.373153608059511, 748432.332674190984108 ], [ 402705.236552108777687, 748441.864855963387527 ], [ 402961.086549658677541, 748485.771450313739479 ], [ 403020.246669333952013, 748499.96023194398731 ], [ 403132.615533062664326, 748502.717538553639315 ], [ 403233.772258390206844, 748575.492433524457738 ], [ 403309.333002696104813, 748668.04219370894134 ], [ 403392.83482038625516, 748789.167818075860851 ], [ 403415.682860401400831, 748886.242545971879736 ], [ 403415.301477896340657, 748946.389290476799943 ], [ 403359.740140461944975, 749020.437428864650428 ], [ 403306.865584066079464, 749211.325247394968756 ], [ 403317.967988401011098, 749358.214280020212755 ], [ 403354.780021992337424, 749549.424468139652163 ], [ 403422.533553166140337, 749678.959858824498951 ], [ 403440.874109006137587, 749741.049318757839501 ], [ 403441.8991516813403, 749761.258807904552668 ], [ 403329.540882901463192, 750037.539246570551768 ], [ 403248.023374782176688, 750191.005713877966627 ], [ 403142.397185035515577, 750644.253868426894769 ], [ 403087.879337607533671, 750742.953692527371459 ], [ 402950.748113257694058, 750941.38483661680948 ], [ 402833.417209971114062, 751186.117120651877485 ], [ 402805.499469146539923, 751279.842641741153784 ], [ 402769.605105239432305, 751326.243060405948199 ], [ 402536.815772283705883, 751484.920635502552614 ], [ 402486.706409397418611, 751569.805620479979552 ], [ 402434.04507998668123, 751876.546878925641067 ], [ 402371.794839672511443, 752057.588080965331756 ], [ 402310.924391166830901, 752189.817209592321888 ], [ 402303.159200338763185, 752253.429966187220998 ], [ 402358.973349179432262, 752322.343631048221141 ], [ 402496.557747037382796, 752381.250800350098871 ], [ 402723.799055722949561, 752419.789539257995784 ], [ 402956.498172274557874, 752480.493331160396338 ], [ 403134.024208868155256, 752550.667819369584322 ], [ 403178.389589424827136, 752560.944750817376189 ], [ 403650.064707227400504, 752885.957268609432504 ], [ 403722.222074391145725, 753007.103444628999569 ], [ 403723.73042280919617, 753023.860769398976117 ], [ 404065.331097734277137, 753359.470237750909291 ], [ 404091.977660981938243, 753382.587795236264355 ], [ 404107.300509615859482, 753406.716033932054415 ], [ 404230.693803046597168, 753522.344826763845049 ], [ 404380.622903837182093, 753590.609282299061306 ], [ 404535.853599228023086, 753598.21644389454741 ], [ 404739.41241367906332, 753627.429702885565348 ], [ 404886.735893180011772, 753622.726756336982362 ], [ 405269.034795704530552, 753853.760241625015624 ], [ 405335.62304526695516, 753891.10260602470953 ], [ 405409.185621503740549, 753970.838512298068963 ], [ 405442.631215353379957, 754215.791984202689491 ], [ 405479.791105964395683, 754326.156474776566029 ], [ 405563.24530736473389, 754427.564371065585874 ], [ 405610.621467500692233, 754471.36024325073231 ], [ 405631.866817483562045, 754503.859412786900066 ], [ 405756.194177315221168, 754587.446413795347326 ], [ 405843.470249280740973, 754621.799290377995931 ], [ 405962.761233261728194, 754648.211410525836982 ], [ 406174.14305632741889, 754645.3715563591104 ], [ 406461.300382158893626, 754581.763813528465107 ], [ 406562.254262458125595, 754546.590945601579733 ], [ 406583.831467510433868, 754490.841257209191099 ], [ 406617.788831289450172, 754464.159163950942457 ], [ 406703.469088375335559, 754430.485292718745768 ], [ 406842.385586253134534, 754411.016974667669274 ], [ 406898.563474484835751, 754411.908624725649133 ], [ 407103.852209973149002, 754305.06267750961706 ], [ 407245.04431411344558, 754174.170688951737247 ], [ 407499.204874337476213, 753833.081892783753574 ], [ 407713.189968225196935, 753623.681246574153192 ], [ 407799.846871334186289, 753588.037175995879807 ], [ 407981.602803631394636, 753545.819835185888223 ], [ 408072.748422242584638, 753538.762042290414684 ], [ 408197.016869980841875, 753591.791914249421097 ], [ 408250.326732913614251, 753647.403350840322673 ], [ 408328.89904450380709, 753777.905495210667141 ], [ 408467.089342629420571, 753901.905133172054775 ], [ 408590.04222456808202, 754053.038320863735862 ], [ 408645.805041745246854, 754103.229570756782778 ], [ 408690.669515903107822, 754114.00260392355267 ], [ 408748.810738490894437, 754113.895312011125498 ], [ 408838.936464044440072, 754087.613152857520618 ], [ 409016.049465234973468, 753923.148768768180162 ], [ 409074.022391128237359, 753825.441549019189551 ], [ 409105.879747585742734, 753724.819336350541562 ], [ 409113.992609676672146, 753571.486294540110976 ], [ 409108.927101735433098, 753486.694726233487017 ], [ 409137.96354374504881, 753469.889971038908698 ], [ 409133.562891542213038, 753488.137230367166921 ], [ 409201.54514109750744, 753477.665216647088528 ], [ 409264.094731709628832, 753459.809688644600101 ], [ 409299.414434903941583, 753364.610988507396542 ], [ 409329.90937390900217, 753331.530029729008675 ], [ 409364.373401579679921, 753314.211236177012324 ], [ 409445.164765977533534, 753306.682601087377407 ], [ 409523.588566697784699, 753345.986002680961974 ], [ 409603.500239828717895, 753397.614622361026704 ], [ 409684.360577426792588, 753426.559128360706381 ], [ 409954.418378545553423, 753446.317523277364671 ], [ 410045.136075599235483, 753475.741412257542834 ], [ 410167.723513912234921, 753703.789970727288164 ], [ 410197.420941997726914, 753779.658607688499615 ], [ 410248.649817056139, 753769.71166662115138 ], [ 410273.222682307707146, 753735.660807405714877 ], [ 410287.306864572979975, 753612.875826747855172 ], [ 410420.396561287110671, 753346.937860584352165 ], [ 410581.472079427912831, 753315.611226659966633 ], [ 411147.105228862375952, 753287.058382674469613 ], [ 411500.430675069394056, 753297.316236930666491 ], [ 411747.562869103392586, 753456.14002807054203 ], [ 411871.723681580682751, 753749.25993892760016 ], [ 411940.009700974740554, 754219.450374517939053 ], [ 411967.360302041808609, 754667.528877525241114 ], [ 411935.493665299552958, 755066.403729084646329 ], [ 411776.757927034050226, 755317.593049491522834 ], [ 411557.456367030914407, 755593.041689599282108 ], [ 411508.220494930865243, 756207.383097118581645 ], [ 411423.83799889695365, 756422.960390193271451 ], [ 411173.083552623924334, 756745.789727248018607 ], [ 411059.941818029968999, 757150.718662875238806 ], [ 411036.730816910567228, 757411.545147712226026 ], [ 410719.748718426679261, 757605.322539939195849 ], [ 410418.395646998193115, 757717.245188658358529 ], [ 410104.727448807680048, 757828.204115197993815 ], [ 409842.204839883255772, 757886.824997850810178 ], [ 409722.004397790122312, 757893.930345760658383 ], [ 409577.71428736357484, 757942.979758973466232 ], [ 409416.664151882985607, 757979.739215290755965 ], [ 409256.600144584255759, 758016.990406319615431 ], [ 409166.491760019911453, 758052.638133173924871 ], [ 409002.017791948514059, 758104.682979442295618 ], [ 408913.320021116407588, 758102.861716815736145 ], [ 408899.435993306280579, 758334.586790907080285 ], [ 408963.184591894270852, 758447.37625681317877 ], [ 409063.147092747618444, 758698.135576733853668 ], [ 409221.21030751161743, 758931.03965991071891 ], [ 409322.291471394011751, 758975.240397624089383 ], [ 409244.038404646504205, 759026.645215694559738 ], [ 409145.464508860837668, 759007.586879885871895 ], [ 408978.473154588893522, 759027.588663265458308 ], [ 408831.616205736238044, 759011.085684501216747 ], [ 408789.750688983360305, 759018.057572789024562 ], [ 408731.196254386275541, 759064.501539438497275 ], [ 408661.219963347481098, 759056.73476644558832 ], [ 408579.858797000022605, 759016.451034164871089 ], [ 408500.973800423089415, 758988.485038707847707 ], [ 408460.0785531513975, 758986.089034739998169 ], [ 408450.611011128523387, 758924.977121722418815 ], [ 408451.024424457689747, 758881.100248708156869 ], [ 408425.357846763334237, 758854.52177102479618 ], [ 408378.059747025661636, 758855.095240639289841 ], [ 408241.949306631169748, 759067.811110386275686 ], [ 408239.565281773509923, 759114.643595757312141 ], [ 408179.450356429966632, 759109.33101265039295 ], [ 408108.067917554115411, 759144.950043799122795 ], [ 407900.435467677889392, 759309.47213162551634 ], [ 407738.226992667303421, 759526.671528919716366 ], [ 407769.723923125537112, 759506.893473208183423 ], [ 407587.379921609419398, 759763.078524490236305 ], [ 407316.514342263399158, 759830.599495575297624 ], [ 407280.036166854028124, 759822.283856147318147 ], [ 407088.66405642114114, 759704.790011037606746 ], [ 406867.421169814188033, 759690.39064628246706 ], [ 406661.576774226617999, 759749.910685333306901 ], [ 406499.493571985512972, 759759.071149385534227 ], [ 406255.010486101964489, 759702.319285025703721 ], [ 406096.701270117366221, 759614.845734059694223 ], [ 405990.629892940691207, 759537.137981763808057 ], [ 405953.578504975419492, 759479.532158214715309 ], [ 405925.969450318138115, 759471.197119576740079 ], [ 405935.281193488743156, 759441.597631876007654 ], [ 405923.870128108770587, 759396.755816050921567 ], [ 405901.188153344322927, 759385.950734066427685 ], [ 405876.142897128709592, 759432.828903924673796 ], [ 405836.747853369393852, 759444.240750275319442 ], [ 405817.06651204341324, 759459.069699207204394 ], [ 405790.567222378216684, 759519.254455285728909 ], [ 405784.337067615706474, 759619.84122335142456 ], [ 405755.289452479744796, 759633.690004220698029 ], [ 405720.815190904831979, 759639.175330425496213 ], [ 405686.441260866529774, 759706.286189183127135 ], [ 405676.722690729890019, 759782.222187285427935 ], [ 405685.143836416304111, 759807.352440098766237 ], [ 405672.670564822328743, 759995.700345590943471 ], [ 405614.066918927244842, 760007.63428319490049 ], [ 405476.694188653840683, 760060.630880397395231 ], [ 405445.222986738895997, 760093.226122693624347 ], [ 405340.369431068946142, 760142.710295334807597 ], [ 405326.129286165116355, 760174.28232289198786 ], [ 405301.265958599047735, 760317.790482691605575 ], [ 405302.326059770421125, 760363.147916520363651 ], [ 405275.302580150775611, 760404.107947880984284 ], [ 405263.981273489189334, 760410.04820882237982 ], [ 405212.24538670189213, 760405.704136138432659 ], [ 405196.455594983766787, 760391.927974347956479 ], [ 405179.10230430867523, 760330.337654964649118 ], [ 405147.051982882025186, 760318.55907728523016 ], [ 405052.552125078160316, 760374.929268093197607 ], [ 405022.504504076146986, 760377.943600314087234 ], [ 404913.284944807062857, 760466.8782179976115 ], [ 404800.641773642448243, 760568.146335746627301 ], [ 404681.428242305933964, 760575.755868264124729 ], [ 404658.262884307303466, 760569.878880671574734 ], [ 404595.701835810323246, 760577.388162338873371 ], [ 404533.726931210723706, 760638.633942270302214 ], [ 404465.435444020549767, 760741.29473074816633 ], [ 404364.48131146770902, 760771.060906753176823 ], [ 404304.88983812823426, 760782.011411493760534 ], [ 404242.452719245164189, 760859.032648791675456 ], [ 404232.166971825179644, 760891.583712397143245 ], [ 404081.061814744025469, 760975.175005006603897 ], [ 404014.112725005776156, 761004.386967813014053 ], [ 403983.616586888732854, 761031.554489932954311 ], [ 403832.005232419469394, 761107.749809858272783 ], [ 403748.349304453004152, 761164.595787615980953 ], [ 403635.135660232277587, 761221.990964351105504 ], [ 403593.772238500940148, 761231.928151463391259 ], [ 403556.850092334963847, 761251.221230190480128 ], [ 403510.07859286677558, 761269.059734008973464 ], [ 403494.392925317166373, 761313.944122472777963 ], [ 403500.903577879129443, 761368.654452820774168 ], [ 403462.079599605000112, 761423.946289677289315 ], [ 403432.613923678989522, 761474.779288649791852 ], [ 403297.661734441644512, 761501.643302327021956 ], [ 403287.82583829871146, 761507.576282900176011 ], [ 403279.853124579065479, 761461.743405061191879 ], [ 403287.674977593414951, 761425.249321376672015 ], [ 403272.319689439726062, 761383.368563731084578 ], [ 403131.324100310914218, 761334.825344936922193 ], [ 403010.568494272069074, 761307.933548870496452 ], [ 402863.705362343229353, 761286.015125987585634 ], [ 402780.363946891680826, 761246.727202138281427 ], [ 402724.703567545162514, 761250.284207780379802 ], [ 402684.739814912143629, 761219.793091279570945 ], [ 402641.221663690928835, 761135.570146455662325 ], [ 402615.604971127642784, 761135.621941995457746 ], [ 402578.67952881520614, 761149.983753998531029 ], [ 402557.495988929003943, 761149.529800089774653 ], [ 402544.604569222021382, 761107.153125591226853 ], [ 402510.018947761156596, 761052.987299529486336 ], [ 402438.452436412393581, 760983.608721878612414 ], [ 402353.58367120148614, 760920.169486152124591 ], [ 402260.45297256775666, 760910.478396479040384 ], [ 402215.097519074799493, 760898.24231918877922 ], [ 402163.793897280935198, 760861.858504586620256 ], [ 402101.072899114107713, 760781.610179578070529 ], [ 402063.92595689476002, 760677.659477328648791 ], [ 402038.240711546386592, 760641.716358439996839 ], [ 402005.471199608931784, 760507.189466094016097 ], [ 402004.153814523946494, 760324.790158775052987 ], [ 402044.671318893902935, 760123.573085992946289 ], [ 402078.050056474399753, 760058.427940124296583 ], [ 402216.139353900274727, 759863.443682062556036 ], [ 402097.771345178131014, 759797.107556896051392 ], [ 402025.743841908173636, 759745.970824183663353 ], [ 401943.795602124067955, 759661.328789745806716 ], [ 401937.307238428562414, 759615.001660784822889 ], [ 401943.104073934489861, 759552.376974599552341 ], [ 401936.175161817925982, 759537.60099376947619 ], [ 401884.954549858404789, 759547.556419337051921 ], [ 401870.184125474537723, 759553.993245935998857 ], [ 401856.76572264963761, 759492.390950490953401 ], [ 401672.965042419091333, 759483.361318260082044 ], [ 401627.229693233501166, 759527.327150589902885 ], [ 401559.317243257653899, 759569.847930212970823 ], [ 401332.303924587671645, 759638.31012839009054 ], [ 401269.829010108485818, 759689.202962272218429 ], [ 401231.428402846620884, 759708.499888599268161 ], [ 401186.119395974325016, 759719.432920276070945 ], [ 401033.887898934073746, 759725.142933607567102 ], [ 400857.593250829551835, 759775.263805083232 ], [ 400774.441329085384496, 759838.51906200509984 ], [ 400737.510135210701264, 759848.940345373353921 ], [ 400687.243499601434451, 759843.616111685172655 ], [ 400619.866748233849648, 759648.017973155714571 ], [ 400595.973058087809477, 759515.941381708835252 ], [ 400596.355305636534467, 759458.753708215546794 ], [ 400619.879738695977721, 759389.197824044036679 ], [ 400604.857437159284018, 759262.526084770681337 ], [ 400568.070397954201326, 759089.550073253689334 ], [ 400555.268971495737787, 759092.53222087607719 ], [ 400555.169901348417625, 759039.785645342548378 ], [ 400518.350960994313937, 758850.046310461708345 ], [ 400472.797931442502886, 758733.291772654163651 ], [ 400444.511496758263092, 758624.40039405960124 ], [ 400406.904999777150806, 758537.210047749686055 ], [ 400382.738991131889634, 758526.406749344081618 ], [ 400337.417558822431602, 758533.392288531293161 ], [ 400177.244833498087246, 758512.000600120052695 ], [ 400132.389951692079194, 758502.227341651567258 ], [ 400056.05804461450316, 758520.610648892703466 ], [ 400042.251155576435849, 758515.216759281465784 ], [ 400019.953787471167743, 758452.155475622275844 ], [ 399985.925631705846172, 758435.952576712472364 ], [ 399955.897297714604065, 758448.333049793494865 ], [ 399845.031417825492099, 758448.048527874751016 ], [ 399787.34611328295432, 758427.453871655627154 ], [ 399743.954745003895368, 758410.771227850345895 ], [ 399602.571798500663135, 758425.33995563199278 ], [ 399546.54387846251484, 758499.889006258919835 ], [ 399504.664591223467141, 758501.439404101110995 ], [ 399495.298352166544646, 758498.995207800762728 ], [ 399527.160010976949707, 758409.706048102467321 ], [ 399430.566066979547031, 758399.039107512915507 ], [ 399374.377231800928712, 758389.284932919428684 ], [ 399346.352904459228739, 758421.380506406305358 ], [ 399300.777558217931073, 758550.141925097443163 ], [ 399289.641318773967214, 758657.143863314180635 ], [ 399260.599019046407193, 758669.034023912507109 ], [ 399201.934288374846801, 758655.339743183692917 ], [ 399105.840273873240221, 758646.645622045034543 ], [ 399093.488080800976604, 758629.422246434143744 ], [ 399094.73767989280168, 758509.128349327365868 ], [ 399020.365178440639284, 758522.084024671232328 ], [ 398960.702267857966945, 758499.523663788451813 ], [ 398941.397976924781688, 758452.224891211022623 ], [ 398933.363193550729193, 758372.872860693954863 ], [ 398770.82559046370443, 758403.747149719391018 ], [ 398775.289164621382952, 758422.96395262144506 ], [ 398741.338021563424263, 758444.724967340240255 ], [ 398719.713260132004507, 758474.833802654058672 ], [ 398636.507601419230923, 758509.996776359854266 ], [ 398462.781578653142788, 758612.871134765329771 ], [ 398353.98217423085589, 758662.873005582951009 ], [ 398353.530217944295146, 758682.595943692955188 ], [ 398331.8963887746213, 758708.276799985091202 ], [ 398322.505282010359224, 758693.502111435751431 ], [ 398327.876824498875067, 758665.39000427396968 ], [ 398318.91496496082982, 758619.071226031286642 ], [ 398269.550891015678644, 758571.339935667696409 ], [ 398255.174682435113937, 758526.009083881042898 ], [ 398286.544008799945004, 758439.185848525143228 ], [ 398286.895660614245571, 758367.206753439153545 ], [ 398274.979773370432667, 758317.932855761959217 ], [ 398261.637054610531777, 758295.772819755831733 ], [ 398257.121038640849292, 758254.370196251547895 ], [ 398230.46108304860536, 758228.290356957586482 ], [ 398176.733444015320856, 758219.020629155333154 ], [ 398173.745380616048351, 758198.323661778005771 ], [ 398213.525913021818269, 758130.705152607988566 ], [ 398220.828415813506581, 758087.803035317221656 ], [ 398239.510719121666625, 758065.086112805292942 ], [ 398300.538752215041313, 758030.462619565660134 ], [ 398304.196138751925901, 757879.596797054982744 ], [ 398325.303780947928317, 757839.625107952626422 ], [ 398288.705118897545617, 757768.697488035657443 ], [ 398234.396781843272038, 757712.113485193694942 ], [ 398188.700089001737069, 757519.432454194524325 ], [ 398192.841596669342835, 757365.61436914850492 ], [ 398154.221305990940891, 757272.50746774347499 ], [ 398175.084491640503984, 757099.915953129995614 ], [ 398175.319029328296892, 756966.813407398876734 ], [ 398189.063080085383262, 756937.696088182390667 ], [ 398208.24612016993342, 756920.400969950249419 ], [ 398282.620596871769521, 756908.918699800851755 ], [ 398283.939883878745604, 756825.601656160783023 ], [ 398274.038809622870758, 756800.476589658064768 ], [ 398187.79894585540751, 756794.232216394506395 ], [ 398194.123080883640796, 756751.828367081237957 ], [ 398228.062994713836815, 756722.671858896734193 ], [ 398247.769855232792906, 756718.195486743119545 ], [ 398251.575063394615427, 756649.172846296918578 ], [ 398264.845378385332879, 756628.437909738044254 ], [ 398239.67026251432253, 756605.811410734546371 ], [ 398188.394902811734937, 756589.147837175638415 ], [ 398130.153068939689547, 756540.453516737208702 ], [ 398112.911991343251429, 756543.931878789560869 ], [ 397973.723330239532515, 756416.51262753480114 ], [ 397932.350754987332039, 756426.454808572074398 ], [ 397805.354684078833088, 756498.185512718278915 ], [ 397701.988616318092681, 756553.107546990620904 ], [ 397592.734166306909174, 756622.833658328861929 ], [ 397486.872272923996206, 756659.518887633923441 ], [ 397398.674951129010879, 756663.136601894511841 ], [ 397323.72999568504747, 756636.656565535464324 ], [ 397374.723768214113079, 756509.856165765668266 ], [ 397368.253012879111338, 756476.344957810477354 ], [ 397340.166393184976187, 756474.433897955692373 ], [ 397299.3762160827755, 756528.736847179709002 ], [ 397240.204461043875199, 756509.131873077712953 ], [ 397170.531666020397097, 756403.763563263579272 ], [ 397090.891337366541848, 756245.177625491982326 ], [ 397055.37869319570018, 756227.990614319569431 ], [ 396800.774173761717975, 755796.612958432757296 ], [ 396282.097709514258895, 755637.398486856603995 ], [ 396135.598934060079046, 755561.75844068150036 ], [ 396126.169736678129993, 755524.315366070251912 ], [ 396096.026791172800586, 755479.996264469926246 ], [ 396063.468103748629801, 755462.805010659620166 ], [ 396024.524406210635789, 755456.969974495121278 ], [ 396016.594510987750255, 755429.871508188545704 ], [ 396015.990105587348808, 755376.130646671983413 ], [ 396047.334326473996043, 755277.961183301056735 ], [ 395938.885753398295492, 755254.51061459898483 ], [ 395942.253333284752443, 755213.097536239190958 ], [ 395993.369791013421491, 755145.943918640492484 ], [ 395997.221581765275914, 755101.569035813095979 ], [ 395978.465899472299498, 755084.352299184305593 ], [ 395781.914398489694577, 755112.834853566484526 ], [ 395655.782444193260744, 755121.462947171065025 ], [ 395617.414456737344153, 755155.553118975600228 ], [ 395569.143876308749896, 755166.007198230014183 ], [ 395434.553813543985598, 755379.242102927644737 ], [ 395419.881940273218788, 755436.461462418432347 ], [ 395386.921786514809355, 755465.612299653119408 ], [ 395371.743459025688935, 755514.452328355400823 ], [ 395371.830728424713016, 755558.822745469515212 ], [ 395342.859406220144592, 755608.671718421159312 ], [ 395233.376389104523696, 755561.561148448265158 ], [ 395125.347978738311213, 755502.609954921877943 ], [ 395117.895493981079198, 755474.521352255484089 ], [ 395127.629556665662676, 755412.390740748844109 ], [ 395105.919889876560774, 755398.624956087209284 ], [ 395032.991586780117359, 755397.292488592443988 ], [ 395002.032457389403135, 755438.268451718380675 ], [ 394982.832546764344443, 755450.142402153345756 ], [ 394929.093664284329861, 755432.0099339337321 ], [ 394879.222579310880974, 755382.807248244062066 ], [ 394735.379714459530078, 755399.847350384690799 ], [ 394648.103245872072875, 755373.402954919496551 ], [ 394532.134184188907966, 755286.866486578364857 ], [ 394417.273114905576222, 755260.958361359895207 ], [ 394379.670291717513464, 755184.129749583895318 ], [ 394447.025000520283356, 755104.621528285322711 ], [ 394442.04062790190801, 755076.527730276691727 ], [ 394415.491365309455432, 755108.625511285965331 ], [ 394370.219462176319212, 755137.311670452589169 ], [ 394372.688875907857437, 755142.238881105091423 ], [ 394345.117319071781822, 755153.13435946777463 ], [ 394297.715343867545016, 755105.899270683876239 ], [ 394266.112311076314654, 755070.471423096489161 ], [ 394241.997440735111013, 755085.304183706874028 ], [ 394232.582969283568673, 755061.66035141760949 ], [ 394255.715805981075391, 755045.836620661779307 ], [ 394183.505297747673467, 754911.390173183754086 ], [ 394086.068700537609402, 754977.652711643488146 ], [ 394063.843557748361491, 754952.546728902379982 ], [ 394025.401796433667187, 754947.694734155316837 ], [ 393989.807574988284614, 754891.563979495200329 ], [ 393975.917150198307354, 754844.7542900738772 ], [ 393938.859309718594886, 754792.076832665479742 ], [ 393960.898332683660556, 754723.510351010714658 ], [ 394013.596357931091916, 754712.559916088823229 ], [ 394026.844584408449009, 754682.953861315036193 ], [ 394061.724478085408919, 754631.117351730819792 ], [ 394082.391675942693837, 754616.773931785719469 ], [ 394147.862555169500411, 754579.17999317846261 ], [ 394183.618127133289818, 754470.151359971729107 ], [ 394210.573533178830985, 754400.091447340440936 ], [ 394219.92546386376489, 754392.183273426489905 ], [ 394242.915176685084589, 754308.827376833069138 ], [ 394372.532963526260573, 754070.446287897531874 ], [ 394385.169913830119185, 753979.709074881975539 ], [ 394385.027307026146445, 753907.727510567288846 ], [ 394334.49252959957812, 753773.237048930954188 ], [ 394271.722565459087491, 753675.748371100868098 ], [ 394162.619126396195497, 753576.876719171646982 ], [ 394029.937542744213715, 753513.044084721710533 ], [ 394053.460778821958229, 753446.443895860924385 ], [ 393998.777641948952805, 753454.930242509348318 ], [ 393964.276975782820955, 753451.554867060040124 ], [ 393908.475904435268603, 753391.018024596269242 ], [ 393878.369745872740168, 753365.449934914009646 ], [ 393860.529915731225628, 753318.648386154905893 ], [ 393868.322275008191355, 753270.319587274221703 ] ] ] } ] } },
{ "type": "Feature", "properties": { "id": "00000000000000000006", "adm2_name": "Colombo", "adm3_name": "Maharagama", "zone_id": "LK1121", "area_sqkm": 37.79675644 }, "geometry": { "type": "Polygon", "coordinates": [ [ [ 377297.962522309098858, 758853.895412989309989 ], [ 377412.733540182176512, 758623.38695423444733 ], [ 377438.80458317976445, 758601.630625584861264 ], [ 377487.037821675476152, 758578.346566894673742 ], [ 377525.810479707550257, 758513.673294970300049 ], [ 377812.012233142275363, 758262.550254750531167 ], [ 377900.573293959605508, 758203.180604007444344 ], [ 377901.430138320894912, 758148.950140741188079 ], [ 377917.140588359383401, 758121.306388261145912 ], [ 377950.112023173773196, 758103.973230905481614 ], [ 378018.56867001845967, 758087.049620371777564 ], [ 378047.49229797325097, 758021.408885857090354 ], [ 378202.28225111606298, 758053.102142945397645 ], [ 378186.452890334359836, 757811.061402628431097 ], [ 378196.978653353755362, 757671.514609727892093 ], [ 378391.06239642330911, 757644.936580210342072 ], [ 378405.844607353734318, 757644.902511572581716 ], [ 378408.355776300479192, 757665.60664302483201 ], [ 378443.337211059289984, 757665.033713759854436 ], [ 378448.292819118010812, 757677.342689123935997 ], [ 378491.64158497803146, 757670.342025035060942 ], [ 378491.609964502742514, 757656.537427367991768 ], [ 378520.671912188699935, 757651.543223978253081 ], [ 378601.538226704404224, 757676.006631013471633 ], [ 378645.848804694134742, 757660.61847181036137 ], [ 378654.174446922843345, 757635.951142514590174 ], [ 378634.854673050693236, 757591.623664663522504 ], [ 378546.704351630585734, 757617.956079885945655 ], [ 378313.69384178170003, 757644.122770565794781 ], [ 378298.63440674811136, 757523.370699302991852 ], [ 378544.487018449581228, 757507.028696447610855 ], [ 378545.933605347643606, 757495.688163579790853 ], [ 378639.643230237765238, 757530.966146804392338 ], [ 378693.148400332196616, 757441.610920226667076 ], [ 378810.969810536596924, 757466.97395466605667 ], [ 378924.742666061734781, 757439.597964751417749 ], [ 378967.719699706824031, 757489.795050396001898 ], [ 379026.874619005713612, 757498.528469672542997 ], [ 379078.603303323267028, 757495.950582589954138 ], [ 379083.497779681172688, 757481.641006595571525 ], [ 379167.282588698028121, 757488.348400730406865 ], [ 379222.449355661403388, 757478.857408363139257 ], [ 379259.307932711439207, 757433.41926120466087 ], [ 379308.094570214336272, 757436.755394507315941 ], [ 379361.810586084844545, 757437.123713013948873 ], [ 379362.773151630652137, 757428.745319782057777 ], [ 379402.684171728324145, 757426.67665895447135 ], [ 379480.587993303313851, 757446.72021336981561 ], [ 379534.739603141671978, 757427.367982363561168 ], [ 379558.902432250906713, 757431.748763359850273 ], [ 379627.438278692425229, 757454.275186251150444 ], [ 379642.541030719003174, 757375.849655240075663 ], [ 379640.931754915043712, 757319.649669515434653 ], [ 379597.753162101260386, 757183.175393265555613 ], [ 379574.541079940798227, 757161.038817540858872 ], [ 379576.473451550933532, 757143.292324815294705 ], [ 379598.115360452444293, 757126.478719828650355 ], [ 379584.746236899285577, 757095.444290221203119 ], [ 379571.398976581695024, 757078.222528383135796 ], [ 379585.518735361052677, 757003.253475920064375 ], [ 379617.920424184994772, 756948.945227732881904 ], [ 379631.578489515057299, 756886.790113952476531 ], [ 379646.260641139640938, 756843.373670014319941 ], [ 379793.961982689623255, 756785.354429316241294 ], [ 379854.064918954391032, 756781.27381526993122 ], [ 379909.782258756225929, 756795.445973339141347 ], [ 380037.238661059993319, 756722.190528906765394 ], [ 380073.154457222728524, 756698.936389302834868 ], [ 380083.963044369826093, 756683.133200721000321 ], [ 380058.587076820316724, 756575.716047881986015 ], [ 380049.117705864307936, 756528.403204665402882 ], [ 380066.560684748576023, 756395.250809842487797 ], [ 380064.535826877166983, 756372.07858694519382 ], [ 380075.807477787253447, 756343.954908530111425 ], [ 380065.387204505328555, 756314.397764736437239 ], [ 380079.10216187936021, 756277.389629564830102 ], [ 380063.811385722248815, 756268.546494066598825 ], [ 380052.304939444584306, 756192.648513470077887 ], [ 380069.24459659907734, 756058.011881037033163 ], [ 380042.583003460487816, 756033.423463772167452 ], [ 380014.974800537223928, 756028.551320495433174 ], [ 379989.640117157541681, 755935.428212103550322 ], [ 379893.560694720945321, 755940.582406241912395 ], [ 379886.988376386696473, 755868.117443831288256 ], [ 379911.114792583568487, 755860.666396948392503 ], [ 379913.87858635711018, 755776.352030236739665 ], [ 379984.829179787600879, 755769.289517327910289 ], [ 379999.032961200922728, 755731.294159761164337 ], [ 380052.23318027285859, 755725.753909174003638 ], [ 380062.128279292024672, 755740.025879791239277 ], [ 380073.949832002050243, 755738.03542526869569 ], [ 380075.900164418562781, 755728.169772803899832 ], [ 380142.949514613021165, 755745.272248405730352 ], [ 380148.893832998815924, 755757.088204436819069 ], [ 380177.981864738510922, 755765.404542611446232 ], [ 380186.89693073037779, 755784.618341622990556 ], [ 380208.57267247827258, 755783.089451494859532 ], [ 380237.643274617556017, 755779.567271142150275 ], [ 380248.415878091414925, 755751.935893343877979 ], [ 380265.662885341909714, 755749.431740336236544 ], [ 380278.396893899014685, 755716.859369109501131 ], [ 380339.570499278430361, 755744.824410686036572 ], [ 380353.821710349759087, 755728.0349783009151 ], [ 380386.47421850025421, 755785.644624612526968 ], [ 380439.2978437753045, 755831.86655796028208 ], [ 380456.044854097766802, 755825.418775476049632 ], [ 380476.611031308420934, 755767.20208931050729 ], [ 380491.873489512421656, 755763.715025787707418 ], [ 380501.634501878463197, 755722.772203302476555 ], [ 380487.227259959327057, 755670.046252229367383 ], [ 380502.501393195590936, 755667.549649000982754 ], [ 380504.33764028607402, 755606.903974537155591 ], [ 380536.116198278847151, 755498.372017926187254 ], [ 380542.418115922249854, 755451.023090908769518 ], [ 380558.187415174674243, 755450.498334471834823 ], [ 380562.577738245367073, 755430.268316113390028 ], [ 380589.174819289823063, 755426.762073534191586 ], [ 380601.022915709239896, 755432.649058828596026 ], [ 380610.354095651768148, 755418.827626171172597 ], [ 380617.716114764567465, 755406.485772900283337 ], [ 380642.347797582799103, 755401.988129232660867 ], [ 380625.462697311362717, 755346.809448771295138 ], [ 380702.123698793584481, 755249.515435106121004 ], [ 380728.246283884509467, 755253.395340171526186 ], [ 380749.38056080637034, 755229.688739636796527 ], [ 380760.236430981836747, 755235.084127887734212 ], [ 380800.025074188190047, 755180.265187218552455 ], [ 380826.539441793574952, 755135.83953907538671 ], [ 380879.071189237001818, 755048.451441095676273 ], [ 380941.438969575276133, 754953.657637446536683 ], [ 380951.716814366984181, 754920.105531200533733 ], [ 380899.914110631856602, 754894.585943373735063 ], [ 380968.060387426230591, 754737.650135918986052 ], [ 381038.063208932057023, 754752.779599263099954 ], [ 381101.654895415704232, 754762.499398711021058 ], [ 381162.749998390267137, 754757.427732082665898 ], [ 381206.685995048144832, 754793.81549694086425 ], [ 381262.989452985697426, 754849.399504233035259 ], [ 381357.704138493165374, 754893.564083508565091 ], [ 381397.191546219517477, 754924.535114651429467 ], [ 381394.793312889989465, 754953.632509084651247 ], [ 381454.493649874755647, 754988.497579020797275 ], [ 381496.4870191286318, 755034.752139277290553 ], [ 381487.663590328302234, 755055.968781505245715 ], [ 381533.10005536430981, 755101.717555078561418 ], [ 381588.682126353844069, 755054.759306932683103 ], [ 381622.759355416754261, 755089.19803222885821 ], [ 381652.894077830773313, 755124.624559331219643 ], [ 381705.735529440280516, 755173.813537153415382 ], [ 381715.147022398828994, 755196.470000937930308 ], [ 381729.448236051423009, 755202.848923669662327 ], [ 381680.422497792227659, 755316.354762775590643 ], [ 381780.537032058462501, 755351.133172897156328 ], [ 381790.493862924864516, 755398.439937813673168 ], [ 381847.73315450293012, 755431.343882037210278 ], [ 381923.331477033207193, 755526.335042046732269 ], [ 382077.210453854990192, 755586.630665776319802 ], [ 382147.304439527739305, 755638.734846877283417 ], [ 382164.597245511424262, 755658.418609349639155 ], [ 382185.751657372864429, 755645.059108226792887 ], [ 382188.797951495216694, 755686.957165619474836 ], [ 382209.584637888707221, 755724.879502464900725 ], [ 382245.390304521133658, 755872.211799996322952 ], [ 382255.851077984902076, 755925.928911036928184 ], [ 382311.602742721617687, 755953.410731065552682 ], [ 382302.280975942499936, 755975.1295102260774 ], [ 382338.847581112349872, 756018.926072505186312 ], [ 382542.111334136629011, 756129.404591269791126 ], [ 382662.021192225394771, 756207.529774067457765 ], [ 382763.601182069163769, 756240.834889434278011 ], [ 382783.85733053291915, 756261.495465679443441 ], [ 382959.974065387621522, 756354.776125451200642 ], [ 383005.791673494968563, 756350.729705285630189 ], [ 383048.587563494511414, 756315.63935214409139 ], [ 383069.254711974179372, 756304.740958458394744 ], [ 383130.371679937990848, 756307.566582190222107 ], [ 383225.051410432904959, 756341.867269181879237 ], [ 383263.513881396444049, 756353.127227489603683 ], [ 383334.454509935691021, 756344.591949745663442 ], [ 383337.483337683952413, 756379.089307632995769 ], [ 383410.447163416713011, 756394.218647781643085 ], [ 383455.866048344527371, 756433.063992447801866 ], [ 383460.773607203620486, 756425.161642913590185 ], [ 383471.652901224733796, 756442.889885606360622 ], [ 383481.169586188276298, 756510.416265391395427 ], [ 383532.451846922922414, 756530.019366495544091 ], [ 383562.536127180559561, 756541.791597638395615 ], [ 383610.890550516545773, 756568.799210446886718 ], [ 383653.690347300085705, 756536.66097446763888 ], [ 383700.347219130781014, 756465.068085648934357 ], [ 383773.765141584153753, 756464.904084161156788 ], [ 383786.67072237416869, 756507.770055138273165 ], [ 383810.853962463093922, 756526.453558196895756 ], [ 383913.407332600210793, 756553.837374500115402 ], [ 383986.40264026762452, 756581.2904955240665 ], [ 384033.297176585299894, 756619.148053691023961 ], [ 384031.902154294133652, 756658.596663577249274 ], [ 384052.186405502085108, 756697.988997904700227 ], [ 384084.449245316791348, 756805.395235667703673 ], [ 384111.162355091015343, 756851.191265721921809 ], [ 384130.373765961965546, 756848.679191638482735 ], [ 384139.876310056773946, 756914.728969894931652 ], [ 384176.33993999910308, 756911.193864347878844 ], [ 384179.701553613063879, 756873.717041545896791 ], [ 384214.171907745709177, 756860.328920927713625 ], [ 384209.670547635934781, 756833.715682136942632 ], [ 384291.889147986308672, 756800.505699908128008 ], [ 384283.46581808134215, 756779.324474005494267 ], [ 384314.935042661556508, 756748.194452883326449 ], [ 384351.88976005272707, 756745.159278110950254 ], [ 384362.702188510273118, 756732.807764926692471 ], [ 384343.395638641086407, 756691.434579876484349 ], [ 384356.181893384899013, 756680.075010932749137 ], [ 384352.19997159257764, 756662.332654377212748 ], [ 384355.639817685238086, 756656.409995262860321 ], [ 384337.847816027875524, 756634.749731488409452 ], [ 384399.807145973667502, 756573.480655231163837 ], [ 384413.622737753961701, 756584.304991918848827 ], [ 384431.85147212666925, 756581.301496352418326 ], [ 384543.253149949712679, 756598.81396535935346 ], [ 384596.952509989612736, 756596.227254730765708 ], [ 384606.388453454594128, 756627.75988064694684 ], [ 384630.970715377072338, 756601.087150936946273 ], [ 384670.355572538974229, 756588.184163212892599 ], [ 384752.909277099999599, 756480.519450832274742 ], [ 384763.218052730546333, 756462.260782501660287 ], [ 384759.737651900621131, 756449.444709281437099 ], [ 384775.499439564533532, 756444.485357800498605 ], [ 384781.429083775670733, 756451.378097313689068 ], [ 384819.310878454882186, 756424.179442699649371 ], [ 384810.857188389170915, 756388.695461123832501 ], [ 384819.709495695307851, 756381.777147764689289 ], [ 384823.091532806050964, 756349.228245583828539 ], [ 384891.544502221688163, 756329.849415948381647 ], [ 384912.730357776279561, 756329.310562714817934 ], [ 384920.095181346288882, 756319.437702289200388 ], [ 385020.611075198859908, 756313.30462377355434 ], [ 385146.179796784126665, 756276.546687771915458 ], [ 385134.78263785445597, 756245.02309561020229 ], [ 385185.020021795411594, 756235.054464897490107 ], [ 385254.464285764377564, 756217.157525646500289 ], [ 385331.170560085796751, 756142.05176018725615 ], [ 385375.299224267713726, 756042.369104721467011 ], [ 385401.402528704376891, 756034.90947131277062 ], [ 385430.980608018347993, 756042.245970440329984 ], [ 385454.198284071462695, 756065.862464295583777 ], [ 385507.886530471034348, 756055.887232378008775 ], [ 385489.583168215467595, 756023.387104804045521 ], [ 385486.557586942915805, 755993.806144960573874 ], [ 385562.232865836878773, 755896.028982183081098 ], [ 385611.413159876945429, 755851.556098523666151 ], [ 385630.539119101362303, 755806.153342443751171 ], [ 385651.737295317114331, 755812.020602516131476 ], [ 385668.150276143569499, 755654.220831169746816 ], [ 385645.751794522395357, 755550.734664174262434 ], [ 385602.003244070685469, 755370.8816736623412 ], [ 385597.292209458188154, 755241.725740853464231 ], [ 385603.629160966258496, 755210.155761268921196 ], [ 385644.542898773855995, 755216.472394051030278 ], [ 385717.500076171534602, 755227.663535520783626 ], [ 385737.69716037804028, 755224.161602345178835 ], [ 385749.073254040442407, 755246.321792126400396 ], [ 385771.260723684448749, 755251.698375452775508 ], [ 385792.489383336971514, 755267.432680617901497 ], [ 385797.868711405200884, 755251.153737741638906 ], [ 385824.49352614057716, 755258.487093128729612 ], [ 385824.122581209405325, 755314.204030673485249 ], [ 385859.122199618897866, 755321.025501917232759 ], [ 385919.666946278652176, 755289.347887783311307 ], [ 385922.017816439969465, 755237.575783056207001 ], [ 385900.240862710459623, 755194.727864552405663 ], [ 385895.769592380442191, 755176.988496523234062 ], [ 385885.408521995530464, 755170.602684504934587 ], [ 385910.546872568549588, 755171.038552370970137 ], [ 385928.704697997949552, 755140.439783479087055 ], [ 385901.997691794298589, 755094.645203165942803 ], [ 385934.459234660083894, 755065.974372776923701 ], [ 385955.656919507542625, 755067.415740811615251 ], [ 386012.512086357455701, 755154.064612780581228 ], [ 386076.741583644296043, 755235.758911989396438 ], [ 386097.056119251181372, 755287.48356548580341 ], [ 386119.24798449256923, 755295.322679650853388 ], [ 386184.502710393455345, 755393.793237806879915 ], [ 386246.89625863195397, 755535.15286819729954 ], [ 386269.13719134486746, 755566.163647864479572 ], [ 386299.246274372329935, 755589.274612462264486 ], [ 386337.217084418749437, 755601.51452296518255 ], [ 386416.034567637834698, 755590.502976549207233 ], [ 386471.130365201854147, 755548.479384950944223 ], [ 386500.563143285806291, 755484.820440730662085 ], [ 386500.491611650795676, 755451.290616364451125 ], [ 386527.588936593267135, 755451.237020021071658 ], [ 386575.948477046797052, 755483.665595082566142 ], [ 386640.696981173707172, 755572.271632215473801 ], [ 386693.018125372298528, 755614.072160657378845 ], [ 386757.598610849818215, 755628.721012557041831 ], [ 386807.366083577566314, 755627.629784139222465 ], [ 386900.036374874936882, 755644.197811312507838 ], [ 386926.195597951475065, 755664.844091893173754 ], [ 386935.0997696260456, 755678.635480629047379 ], [ 387028.295744361937977, 755708.017126523773186 ], [ 387136.765838923922274, 755740.326750650536269 ], [ 387196.925110539363232, 755757.453894925536588 ], [ 387236.822273746540304, 755750.467136259772815 ], [ 387267.906476279662456, 755768.145996805862524 ], [ 387294.9941058967961, 755764.639408661169 ], [ 387399.462447758065537, 755765.895663757342845 ], [ 387471.920760273002088, 755775.598392012994736 ], [ 387500.39148444624152, 755721.804092131787911 ], [ 387569.380779180210084, 755723.625535840517841 ], [ 387583.245499105600175, 755755.649718452827074 ], [ 387624.179191643255763, 755771.336532180197537 ], [ 387648.25051770178834, 755737.758064699242823 ], [ 387667.441785903123673, 755724.404501452692784 ], [ 387875.195328563742805, 755867.93378587893676 ], [ 388007.84805869119009, 755915.965912226121873 ], [ 388023.617308024899103, 755916.922278674668632 ], [ 388073.447429763444234, 755944.421025156159885 ], [ 388236.128344730765093, 755982.042788390303031 ], [ 388320.031532008433715, 756043.000441320822574 ], [ 388298.483968811808154, 756105.654725941247307 ], [ 388277.800032116647344, 756112.601019708672538 ], [ 388271.459357254731003, 756142.195772328530438 ], [ 388262.118328949902207, 756153.058205708162859 ], [ 388255.264405995490961, 756176.245582677074708 ], [ 388213.866406776825897, 756171.408014999004081 ], [ 388167.633858898712788, 756212.91563168913126 ], [ 388087.109819056990091, 756351.132004151237197 ], [ 388057.367002915474586, 756498.60360585548915 ], [ 388097.273543786723167, 756498.023859704611823 ], [ 388206.098263710271567, 756463.77680541947484 ], [ 388222.822910696326289, 756448.457118428545073 ], [ 388274.551757296430878, 756442.433047749800608 ], [ 388341.167554709245451, 756489.1321366422344 ], [ 388408.781152052863035, 756539.767884214757942 ], [ 388434.506080232444219, 756585.074796181172132 ], [ 388468.596961482428014, 756631.342410260112956 ], [ 388488.37507122621173, 756664.830224673263729 ], [ 388513.541950212267693, 756682.526168019510806 ], [ 388511.604293611948378, 756698.302775398362428 ], [ 388541.188567319884896, 756704.650391935952939 ], [ 388544.193787955329753, 756730.282685708720237 ], [ 388584.653694039967377, 756756.324602104607038 ], [ 388589.158020653878339, 756786.384802669868805 ], [ 388581.826405342668295, 756815.490876963129267 ], [ 388602.048976975551341, 756827.284830685355701 ], [ 388564.596572576207109, 756823.412769076880068 ], [ 388579.939441885740962, 756855.426113309105858 ], [ 388598.331940784060862, 756934.277210214408115 ], [ 388490.919323210662697, 756937.95135689387098 ], [ 388457.887034848972689, 756928.656068844604306 ], [ 388454.539515008917078, 756973.526205648900941 ], [ 388489.051059688732494, 756986.758195028989576 ], [ 388510.840248669148423, 757035.02853675361257 ], [ 388506.519103625672869, 757092.232348708435893 ], [ 388502.138009314076044, 757116.39741536648944 ], [ 388512.51520476967562, 757132.147748139803298 ], [ 388495.343368265312165, 757167.683070978266187 ], [ 388479.08806291030487, 757168.207334024016745 ], [ 388471.464046804700047, 757291.48085203487426 ], [ 388474.959759498771746, 757312.671112181968056 ], [ 388485.808655418630224, 757319.550791706657037 ], [ 388445.510312361584511, 757370.412871573702432 ], [ 388400.875436887319665, 757466.647415942396037 ], [ 388392.565325645788107, 757496.737216895562597 ], [ 388356.671730330097489, 757534.777821641997434 ], [ 388359.806885845959187, 757617.597528203041293 ], [ 388355.885081704647746, 757626.975271337316372 ], [ 388412.580879719113, 757643.125424147234298 ], [ 388446.627879442763515, 757664.249074851395562 ], [ 388476.772563124308363, 757708.558157707680948 ], [ 388461.036754607397597, 757722.89026068826206 ], [ 388448.870268736616708, 757793.411016307072714 ], [ 388424.349573709943797, 757849.669342672568746 ], [ 388414.614136520482134, 757905.893998427083716 ], [ 388414.746929586050101, 757968.998917546006851 ], [ 388432.62876975722611, 758037.981316074961796 ], [ 388381.53799131111009, 758113.029299560934305 ], [ 388374.687686402117833, 758133.25960792042315 ], [ 388384.637901895330288, 758179.083807283546776 ], [ 388370.91958255629288, 758215.59933234390337 ], [ 388356.668266234104522, 758236.333181605208665 ], [ 388270.849773352209013, 758195.595614340039901 ], [ 388161.416360679955687, 758171.666937941452488 ], [ 388120.998036618577316, 758165.83604874194134 ], [ 388038.657461664639413, 758143.328201564727351 ], [ 388020.071743844251614, 758205.984008053550497 ], [ 387951.101404442160856, 758214.512238671304658 ], [ 387916.161664230108727, 758235.78452508430928 ], [ 387881.344894623558503, 758315.236939072841778 ], [ 387912.113352945947554, 758417.222685923334211 ], [ 387889.640217560110614, 758509.959323847200722 ], [ 387890.72422095364891, 758554.324221263057552 ], [ 387880.433986979653127, 758579.980220248457044 ], [ 387852.880964100768324, 758602.722456282237545 ], [ 387781.641968208539765, 758698.023542810347863 ], [ 387765.492454171180725, 758748.839767148019746 ], [ 387766.508669091621414, 758765.595693230163306 ], [ 387695.079171286546625, 758771.167365837609395 ], [ 387581.188957402599044, 758742.822400342323817 ], [ 387527.657327479158994, 758824.283307663630694 ], [ 387089.120007572870236, 758821.266377532621846 ], [ 387094.194079836597666, 758887.818090889486484 ], [ 387082.969988606637344, 758940.093409000430256 ], [ 387069.94004621647764, 759069.790163226192817 ], [ 387051.728717440157197, 759078.212660917313769 ], [ 386861.957805035519414, 759044.106066218228079 ], [ 386797.42633396218298, 759054.591991203837097 ], [ 386667.924454735359177, 759095.791832396411337 ], [ 386526.047941695316695, 759106.443955638213083 ], [ 386541.113993436505552, 759011.759875221294351 ], [ 386455.357747916306835, 758999.1190898520872 ], [ 386391.822269279859029, 759013.560185469454154 ], [ 386225.273850221186876, 759008.983092900831252 ], [ 386153.893529040971771, 759042.664148654555902 ], [ 386063.879110762965865, 759112.859810106805526 ], [ 385977.567721359257121, 759076.562403098796494 ], [ 385886.42970185179729, 759081.199543145368807 ], [ 385850.943305665161461, 759079.307542704977095 ], [ 385812.48335310688708, 759067.558411361183971 ], [ 385761.855236953764688, 759125.34788074484095 ], [ 385667.309983955463395, 759151.683104693074711 ], [ 385600.261730108992197, 759131.610999101190828 ], [ 385517.862808275502175, 759083.471022175741382 ], [ 385417.789050030580256, 759058.054622260155156 ], [ 385349.262226034537889, 759039.963524740422145 ], [ 385303.426515432249289, 759038.090674345614389 ], [ 385257.659842172521167, 759063.827719885506667 ], [ 385115.814228421775624, 759089.770505711901933 ], [ 385045.438961548090447, 759129.361176545964554 ], [ 385047.47780655749375, 759160.418274448835291 ], [ 385035.699723923113197, 759183.618684348417446 ], [ 385004.627168519073166, 759169.875411654938944 ], [ 384968.795668143429793, 759232.076471491833217 ], [ 384865.509994525404181, 759545.367941678618081 ], [ 384828.03865888225846, 759759.913496343418956 ], [ 384836.148912604898214, 759867.369441378861666 ], [ 384842.61485466157319, 759895.460136906825937 ], [ 384803.732314123597462, 759912.30373664572835 ], [ 384784.632926151447464, 759965.104545972542837 ], [ 384729.888720945222303, 759945.011584248510189 ], [ 384560.885239038732834, 759942.910447227186523 ], [ 384439.185640622919891, 759945.148117555421777 ], [ 384415.914438118925318, 759893.431690887664445 ], [ 384330.660914599546231, 759886.22522977925837 ], [ 384237.947282812267076, 759849.945660070050508 ], [ 384110.893362853326835, 759881.773486182210036 ], [ 384000.930875177728012, 759844.543658457929268 ], [ 383845.703436645097099, 759836.998609718400985 ], [ 383781.684662061627023, 759853.411908766836859 ], [ 383752.140029804082587, 759862.843424128484912 ], [ 383727.967686253017746, 759848.595163615420461 ], [ 383677.270414505619556, 759874.347425784100778 ], [ 383643.391046173754148, 759924.707322360249236 ], [ 383614.276943474367727, 759907.026990986429155 ], [ 383591.16131902806228, 759927.292164492071606 ], [ 383572.40868317213608, 759911.057197643211111 ], [ 383557.66268655564636, 759927.856023589381948 ], [ 383526.138139347778633, 759933.840077210799791 ], [ 383513.361595937923994, 759949.640585101558827 ], [ 383505.575829314242583, 759995.512119572260417 ], [ 383520.701985528110527, 760151.271979066426866 ], [ 383552.482702478941064, 760261.641777089098468 ], [ 383550.537093566905241, 760273.478402969660237 ], [ 383624.844255306525156, 760456.225679829483852 ], [ 383637.265653415583074, 760502.044786140788347 ], [ 383597.380508973263204, 760511.013529731892049 ], [ 383586.715218838129658, 760594.348629483836703 ], [ 383660.715209465648513, 760633.627400851342827 ], [ 383669.187836509139743, 760676.998303230153397 ], [ 383681.554846826707944, 760698.167902838904411 ], [ 383676.172850441769697, 760717.413012499222532 ], [ 383647.673220398894046, 760751.488134605111554 ], [ 383647.324181727890391, 760820.021903953282163 ], [ 383572.909480691188946, 760810.821374089107849 ], [ 383450.149095968692563, 760777.565898450324312 ], [ 383413.838405929272994, 760846.16991456062533 ], [ 383370.944649657001719, 760834.440260982024483 ], [ 383289.122741846658755, 760821.305342246429063 ], [ 383141.758647745708004, 760802.896395266638137 ], [ 383085.595117189863231, 760806.468573824269697 ], [ 382975.125984222919215, 760758.402280379785225 ], [ 382929.770936184213497, 760748.144171051331796 ], [ 382928.266797137388494, 760737.795188124291599 ], [ 382904.106695513997693, 760729.964266610564664 ], [ 382841.047275715507567, 760734.539986697374843 ], [ 382823.741994902142324, 760707.956393189495429 ], [ 382725.066829517134465, 760649.008090903051198 ], [ 382691.549176204251125, 760642.187912919907831 ], [ 382644.689042826415971, 760617.635374710196629 ], [ 382622.978518990799785, 760604.369436210719869 ], [ 382599.325656315195374, 760604.422484516166151 ], [ 382577.524089152226225, 760550.239982374594547 ], [ 382493.090329058468342, 760469.083465398522094 ], [ 382403.347826863639057, 760440.686457221861929 ], [ 382343.096977010020055, 760377.709021268296055 ], [ 382312.065544589655474, 760382.220340204774402 ], [ 382312.498638475313783, 760352.143768533365801 ], [ 382323.765396723523736, 760323.03074960783124 ], [ 382283.757260581478477, 760279.237382870865986 ], [ 382269.401580366597045, 760251.667219891096465 ], [ 382313.53477518708678, 760156.41022505890578 ], [ 382238.941018826793879, 760067.830582600669004 ], [ 382179.431897862872574, 760118.259589458815753 ], [ 382142.41350205685012, 760091.217431358527392 ], [ 382105.480236639326904, 760098.20608924026601 ], [ 381985.978499283315614, 760202.992021957994439 ], [ 381875.901901626610197, 760337.344907062011771 ], [ 381812.647244888008572, 760473.066252733347937 ], [ 381783.159504781360738, 760506.165026125730947 ], [ 381687.124005228630267, 760527.579544467269443 ], [ 381597.859806875232607, 760488.827138355118223 ], [ 381582.096179338463116, 760271.440162443206646 ], [ 381578.125501424307004, 760259.617300327168778 ], [ 381428.373190786340274, 760274.741147140855901 ], [ 381415.16467921534786, 760317.662466855836101 ], [ 381429.49499191401992, 760337.358286153990775 ], [ 381415.278619788470678, 760368.450430773780681 ], [ 381413.373968786676414, 760398.525459881173447 ], [ 381397.165578426385764, 760420.751291591557674 ], [ 381400.180982413119636, 760448.348451378173195 ], [ 381392.337353445356712, 760464.144182192976587 ], [ 381398.804647316108458, 760495.190132716903463 ], [ 381306.580558612768073, 760673.377575522055849 ], [ 381296.262460240570363, 760688.189594554598443 ], [ 381211.298007020610385, 760809.176307684741914 ], [ 381174.421023963252082, 760846.725098790833727 ], [ 381146.320216743333731, 760838.409118207637221 ], [ 381133.057387194072362, 760857.174226955277845 ], [ 381135.601209734857548, 760893.156024233088829 ], [ 381077.484852676338051, 760902.16362412716262 ], [ 381081.973150460864417, 760925.817509657004848 ], [ 381095.31203849252779, 760945.014226161642 ], [ 381092.407355751085561, 760966.716182830510661 ], [ 381039.225421212206129, 760979.65597872948274 ], [ 381018.56061061413493, 760992.523038729210384 ], [ 380998.417537242814433, 761019.184459966258146 ], [ 380932.988014256989118, 761066.175504724145867 ], [ 380916.275204237084836, 761082.483165708603337 ], [ 380910.916553454007953, 761108.12981029227376 ], [ 380754.913066137232818, 761191.807645558961667 ], [ 380736.138717354624532, 761168.677474531461485 ], [ 380421.22180757985916, 761141.77811268158257 ], [ 380317.636282644351013, 761089.261540756211616 ], [ 380151.713773826370016, 761143.369124509277754 ], [ 380051.726399901672266, 761159.869729696889408 ], [ 379903.438766467850655, 761168.591526528238319 ], [ 379755.088194104318973, 761150.680674892268144 ], [ 379680.688314043683931, 761153.318121181451716 ], [ 379553.99725928879343, 761124.523499844013713 ], [ 379508.612733056186698, 761100.462514127953909 ], [ 379514.494892682298087, 761089.110708316671662 ], [ 379474.405232618039008, 761007.362257120781578 ], [ 379456.076846371986903, 760965.985240360489115 ], [ 379391.901630615931936, 760913.377203669748269 ], [ 379373.057474898116197, 760861.162313565611839 ], [ 379352.138252610980999, 760764.085314951837063 ], [ 379280.175893355219159, 760752.91437996190507 ], [ 379182.622665915172547, 760752.641893887077458 ], [ 379094.967797578428872, 760776.507854992058128 ], [ 379092.547292161558289, 760795.244762517977506 ], [ 379044.738477825012524, 760789.440185864106752 ], [ 378999.332957350299694, 760757.497922056005336 ], [ 378980.595286505587865, 760748.172106773476116 ], [ 378943.657258064835332, 760758.11505545466207 ], [ 378916.553985231555998, 760755.710290980525315 ], [ 378860.30449681909522, 760720.349647493683733 ], [ 378755.798621372494381, 760698.896048893337138 ], [ 378736.645026545622386, 760726.546871986356564 ], [ 378713.964451865700539, 760722.654580042697489 ], [ 378706.135272988583893, 760745.35075170150958 ], [ 378691.84179482772015, 760743.90225705166813 ], [ 378690.404473511269316, 760759.193816096289083 ], [ 378618.510530981118791, 760780.063303376547992 ], [ 378589.32259624323342, 760729.350962626980618 ], [ 378566.193150270497426, 760739.760089900810272 ], [ 378556.801552914781496, 760727.450879511539824 ], [ 378543.44980854622554, 760708.746598747908138 ], [ 378523.587441765412223, 760641.741109236143529 ], [ 378504.849467842956074, 760636.852203748072498 ], [ 378511.625701437995303, 760583.098193916492164 ], [ 378504.21582242770819, 760574.736654888023622 ], [ 378524.269114203809295, 760507.147680036257952 ], [ 378543.462396825663745, 760500.690337578183971 ], [ 378548.347541701048613, 760482.438386089168489 ], [ 378534.550607401528396, 760479.508665900095366 ], [ 378541.852842513297219, 760441.039077556575648 ], [ 378568.448413851612713, 760435.551775096915662 ], [ 378562.98824046558002, 760421.264314238331281 ], [ 378577.777729929541238, 760420.740312955691479 ], [ 378582.100321202364285, 760375.368080262094736 ], [ 378562.377351699979044, 760369.005838194279931 ], [ 378564.810303468897473, 760355.688852803083137 ], [ 378586.002708109386731, 760356.624753856100142 ], [ 378589.907373257214203, 760338.87235330499243 ], [ 378596.799960900389124, 760339.841634562937543 ], [ 378603.165874332597014, 760321.091366388136521 ], [ 378597.72988374880515, 760313.213766558794305 ], [ 378611.950028446619399, 760282.614834674168378 ], [ 378604.544741483055986, 760276.226496755029075 ], [ 378614.816067425184883, 760244.151691530947573 ], [ 378593.122673443402164, 760238.778933573164977 ], [ 378602.928119973861612, 760217.558806482120417 ], [ 378611.310907521867193, 760218.029544600402005 ], [ 378614.235820968518965, 760205.204130115569569 ], [ 378601.406592839921359, 760200.302318722824566 ], [ 378614.610046384274028, 760154.420763600384817 ], [ 378725.431334551656619, 760133.956949672545306 ], [ 378723.924569985945709, 760123.109917787835002 ], [ 378758.376251234789379, 760106.764986327849329 ], [ 378766.230397911393084, 760094.9075675298227 ], [ 378783.488794680335559, 760096.840170390089042 ], [ 378808.541021102457307, 760064.74161082378123 ], [ 378869.124842531513423, 760055.236650228383951 ], [ 378874.517736757639796, 760044.377165116253309 ], [ 378913.442313333274797, 760044.281991484225728 ], [ 378921.859861298988108, 760060.043861109181307 ], [ 378939.589187873294577, 760057.540102144586854 ], [ 378941.505384642980061, 760032.877604150096886 ], [ 378974.0157575099729, 760026.395156534854323 ], [ 378989.234174645622261, 760003.188924500253052 ], [ 379006.837061893835198, 759945.466037888661958 ], [ 379102.246702091651969, 759865.38002114626579 ], [ 379134.170780622633174, 759821.424346585990861 ], [ 379131.190671855641995, 759810.094672965002246 ], [ 379140.04018645035103, 759800.211154896882363 ], [ 379161.714409091684502, 759797.692573065753095 ], [ 379212.843512312276289, 759748.770962952752598 ], [ 379215.740283432067372, 759723.61910916515626 ], [ 379243.298396492085885, 759706.296547275152989 ], [ 379261.953005823364947, 759675.194180897320621 ], [ 379282.63488416315522, 759672.192707447800785 ], [ 379290.972157398471609, 759652.945476904162206 ], [ 379309.635723722225521, 759625.788617642130703 ], [ 379314.541103402676526, 759616.411020439350978 ], [ 379321.933466335700359, 759617.380610281252302 ], [ 379337.641710188589059, 759589.730728091089986 ], [ 379358.787261898163706, 759574.89364752988331 ], [ 379359.735559735447168, 759556.158775315387174 ], [ 379399.598921770928428, 759533.873942801263183 ], [ 379434.973028440377675, 759492.385857066721655 ], [ 379473.840013203152921, 759463.70057100430131 ], [ 379497.927561475662515, 759439.484885574434884 ], [ 379492.981817537976895, 759431.117637602961622 ], [ 379523.98088855977403, 759412.307380968821235 ], [ 379504.166496459569316, 759365.021431134664454 ], [ 379514.460103491088375, 759342.812852876842953 ], [ 379535.103881223127246, 759319.103754444979131 ], [ 379533.111124785384163, 759310.230060165980831 ], [ 379547.384604996594135, 759303.296545479097404 ], [ 379540.945891587354708, 759290.001295202877373 ], [ 379556.704497922677547, 759284.541708213859238 ], [ 379587.38880202465225, 759343.144307886017486 ], [ 379623.833065980346873, 759336.646838698768988 ], [ 379673.481556464801542, 759284.771919112186879 ], [ 379679.836090552387759, 759261.087915010750294 ], [ 379699.005707860575058, 759240.832023193826899 ], [ 379693.561464102589525, 759229.010432465584017 ], [ 379784.480467942194082, 759126.746260848478414 ], [ 379810.982051105471328, 759076.890371342655271 ], [ 379818.268904155294877, 759031.51876343798358 ], [ 379862.485058054560795, 758973.242031025351025 ], [ 379882.52531196171185, 758904.174811763456091 ], [ 379895.842598476679996, 758908.575968977878802 ], [ 379915.477071036933921, 758876.986060346476734 ], [ 379922.696912865387276, 758802.028584853745997 ], [ 379913.254192374297418, 758766.553133522858843 ], [ 379945.709588033496402, 758736.892211971688084 ], [ 379947.594928596867248, 758698.435561568941921 ], [ 379965.795106677454896, 758683.606674568960443 ], [ 379966.681672608596273, 758641.695498660556041 ], [ 379991.247591837192886, 758608.111199190374464 ], [ 379999.067765736253932, 758581.467089419835247 ], [ 380032.069640770438127, 758576.466553812962957 ], [ 380044.9005041528726, 758582.848430083948188 ], [ 380035.924165180011187, 758536.521712414221838 ], [ 380050.101184100669343, 758487.186760170967318 ], [ 380027.840044709504582, 758450.757376220193692 ], [ 380013.540189057355747, 758445.856196982203983 ], [ 380038.121763790841214, 758419.180406388128176 ], [ 380009.977084255544469, 758393.599593479768373 ], [ 379929.101175626856275, 758367.159326253342442 ], [ 379917.900915832608007, 758422.403781339991838 ], [ 379910.706140366848558, 758512.645300828153268 ], [ 379869.502366385946516, 758592.608534184051678 ], [ 379852.78710516996216, 758608.919918150641024 ], [ 379810.151618727133609, 758494.633067052345723 ], [ 379793.770429555384908, 758441.920637940755114 ], [ 379792.74700766953174, 758427.622468766872771 ], [ 379779.448935702443123, 758427.648569343262352 ], [ 379766.114577043510508, 758415.84931198565755 ], [ 379758.665367270587012, 758389.739373823394999 ], [ 379739.898999814060517, 758371.537358495406806 ], [ 379736.41945489065256, 758356.26496101624798 ], [ 379752.156294855114538, 758345.37942467618268 ], [ 379749.672834289143793, 758336.506626560003497 ], [ 379736.378060925810132, 758338.023151647648774 ], [ 379730.865057294606231, 758300.071987331379205 ], [ 379765.828248894191347, 758289.637943468755111 ], [ 379732.222644002526067, 758245.339355116477236 ], [ 379739.017817119427491, 758199.472920971689746 ], [ 379776.941861136700027, 758191.995011932216585 ], [ 379763.558221878425684, 758158.492205500020646 ], [ 379725.656495651521254, 758175.840423960005865 ], [ 379700.913509491248988, 758127.577819398255087 ], [ 379682.133504169294611, 758103.459824288613163 ], [ 379681.580077010730747, 758075.856861955486238 ], [ 379674.193386252154596, 758077.350812273332849 ], [ 379661.810133932740428, 758052.238011612789705 ], [ 379626.850239898893051, 758060.200031951186247 ], [ 379625.383005321607925, 758066.615387414465658 ], [ 379610.606187129858881, 758068.130789474234916 ], [ 379601.762278790120035, 758080.475423363503069 ], [ 379579.097322821908165, 758082.993439742363989 ], [ 379571.755355649860576, 758104.209899027715437 ], [ 379537.748756657470949, 758099.848201386164874 ], [ 379506.232312872074544, 758107.312863448401913 ], [ 379495.382110693957657, 758104.868634711718187 ], [ 379491.407124888850376, 758087.624343973235227 ], [ 379447.122611224593129, 758116.818980870652013 ], [ 379443.021550053439569, 758048.296254043467343 ], [ 379415.930712787318043, 758051.31095834239386 ], [ 379405.112929938419256, 758063.17215095332358 ], [ 379322.899387990764808, 758094.418702076887712 ], [ 379287.968173518253025, 758119.639832969056442 ], [ 379299.340858197712805, 758135.890131091466174 ], [ 379282.629061208572239, 758154.163734158035368 ], [ 379281.670588624314405, 758168.468476455542259 ], [ 379241.842037516471464, 758202.574985770275816 ], [ 379246.359007105638739, 758238.061285250238143 ], [ 379236.507439967128448, 758239.071522309677675 ], [ 379232.032017973600887, 758221.826489212107845 ], [ 379194.593309281568509, 758227.82314417976886 ], [ 379199.621379521675408, 758272.189596710493788 ], [ 379179.937253918964416, 758282.5900441481499 ], [ 379181.946994454949163, 758298.851740343263373 ], [ 379169.682484916294925, 758322.05518688086886 ], [ 379150.987798030371778, 758335.901154147577472 ], [ 379080.511102033837233, 758332.61013808962889 ], [ 379062.408773600356653, 758386.88438620173838 ], [ 379059.998153977561742, 758410.059513309039176 ], [ 379018.639876266999636, 758423.469641075003892 ], [ 379026.092290226311889, 758450.569930202211253 ], [ 379013.799531249445863, 758461.439984554890543 ], [ 379013.829932848166209, 758474.755452367360704 ], [ 379003.475653103319928, 758474.774530143593438 ], [ 378995.151911749970168, 758495.991171626839787 ], [ 378956.781549586681649, 758524.182664698455483 ], [ 378923.275036894949153, 758524.756041610962711 ], [ 378844.946991045901086, 758535.292048781295307 ], [ 378808.001642744406126, 758538.825928283738904 ], [ 378802.694218846445438, 758587.149001352721825 ], [ 378820.935377533431165, 758593.516674942686222 ], [ 378810.621949662396219, 758607.351339170360006 ], [ 378741.20450838515535, 758630.683159263338894 ], [ 378662.365095099899918, 758632.829497848055325 ], [ 378630.400520340481307, 758660.017464358825237 ], [ 378601.878891758213285, 758686.217311363550834 ], [ 378591.549470955331344, 758693.144282177789137 ], [ 378570.767012862896081, 758657.197898299084045 ], [ 378519.57842740311753, 758681.970943290740252 ], [ 378531.493878131499514, 758720.400840939022601 ], [ 378466.4952469735872, 758736.819242004072294 ], [ 378459.623454077518545, 758749.157138963928446 ], [ 378402.474113860633224, 758755.701350414543413 ], [ 378394.13430361286737, 758770.01958787010517 ], [ 378347.299888355424628, 758759.275247409823351 ], [ 378333.065361333778128, 758783.95965822134167 ], [ 378306.435452975914814, 758775.149009799351916 ], [ 378291.702101238013711, 758796.379201328265481 ], [ 378273.447469764156267, 758784.593937260215171 ], [ 378219.838026610668749, 758828.589416002272628 ], [ 378055.451778347196523, 758912.290193729801103 ], [ 377982.600736017106101, 758946.971919368137605 ], [ 377915.123650586989243, 758958.470730157219805 ], [ 377864.305054031079635, 758928.016861196025275 ], [ 377822.454791165073402, 758942.908223480335437 ], [ 377817.981658941658679, 758927.134536724886857 ], [ 377761.824780867027584, 758931.707107448251918 ], [ 377748.172759901033714, 758996.322372699622065 ], [ 377724.510690964292735, 758993.912785465014167 ], [ 377716.214905804023147, 759027.455717069911771 ], [ 377702.419770727050491, 759026.008606785093434 ], [ 377690.199738483934198, 759068.928901434177533 ], [ 377673.955231279192958, 759077.84176626347471 ], [ 377667.64493593852967, 759116.804102450725622 ], [ 377657.283629275276326, 759114.368587748962454 ], [ 377632.367527354275808, 759206.618329798919149 ], [ 377601.828890407166909, 759210.638623368693516 ], [ 377591.850405283388682, 759157.410261570592411 ], [ 377549.3931453335681, 759122.508051302400418 ], [ 377524.689531720301602, 759094.455900857457891 ], [ 377481.767220793990418, 759070.888556233257987 ], [ 377427.960551881056745, 759027.133913695928641 ], [ 377414.107611396932043, 759004.980729983770289 ], [ 377416.058936596964486, 758995.611053664237261 ], [ 377400.274351091997232, 758987.263488074881025 ], [ 377399.628240918100346, 758920.219503774889745 ], [ 377381.347425259707961, 758902.01705177128315 ], [ 377297.962522309098858, 758853.895412989309989 ] ] ] } },
{ "type": "Feature", "properties": { "id": "00000000000000000007", "adm2_name": "Colombo", "adm3_name": "Sri Jayawardanapura Kotte", "zone_id": "LK1124", "area_sqkm": 16.31575721 }, "geometry": { "type": "Polygon", "coordinates": [ [ [ 376533.010022810311057, 761504.72157153848093 ], [ 376694.499150735733565, 761241.062245570705272 ], [ 376750.420482497022022, 761133.949436606257223 ], [ 376740.389662269968539, 761059.031482606660575 ], [ 376758.977605128660798, 760791.765424042823724 ], [ 376777.032749477424659, 760712.83830686530564 ], [ 376795.820046692155302, 760530.86151547008194 ], [ 376800.878064524265938, 760376.042039318825118 ], [ 376885.618693761178292, 760157.928558142390102 ], [ 376929.281697990722023, 760076.965553714544512 ], [ 377043.437970583909191, 760008.661061353166588 ], [ 377096.545718247245532, 759962.196832701214589 ], [ 377118.197865359485149, 759952.287535167415626 ], [ 377122.654291520593688, 759960.654711496201344 ], [ 377138.916278878226876, 759963.086057872977108 ], [ 377144.189840981736779, 759896.510949812829494 ], [ 377028.926231978402939, 759914.533573543769307 ], [ 376888.591565252107102, 759954.789600686985068 ], [ 376889.55847302172333, 759948.381397907272913 ], [ 376862.434131709625944, 759935.623340965248644 ], [ 376818.485703222395387, 759898.252289369353093 ], [ 376835.118864063639194, 759844.968523346353322 ], [ 376852.837171163002495, 759836.056192908668891 ], [ 376866.455470383050852, 759761.080735966330394 ], [ 376880.691197386069689, 759736.394077991368249 ], [ 376949.234265374136157, 759758.421500972588547 ], [ 377024.582636659499258, 759739.511641444521956 ], [ 377108.843101956997998, 759741.289475188707002 ], [ 377109.842078197048977, 759748.680727992090397 ], [ 377134.475752976082731, 759746.164595370879397 ], [ 377115.670464672439266, 759713.669272662140429 ], [ 377115.565102510619909, 759668.308635929599404 ], [ 377132.316069430089556, 759665.804373637889512 ], [ 377170.603571108193137, 759603.594720062916167 ], [ 377175.487938818056136, 759584.845704284147359 ], [ 377206.47285137407016, 759561.109182772575878 ], [ 377221.789891450316645, 759575.366190878790803 ], [ 377250.334786372608505, 759561.99042291205842 ], [ 377354.285185852262657, 759555.339148323168047 ], [ 377455.244332069123629, 759533.413874506484717 ], [ 377514.568571942974813, 759616.110420961398631 ], [ 377567.249794621719047, 759598.236432753154077 ], [ 377586.945577012957074, 759591.780239000567235 ], [ 377603.041473493911326, 759522.716690378380008 ], [ 377621.729241332854144, 759504.924318457022309 ], [ 377620.645693573285826, 759464.990402528317645 ], [ 377657.102959508134518, 759460.965777925099246 ], [ 377666.43428015394602, 759446.647370606660843 ], [ 377703.879963528015651, 759445.577762446948327 ], [ 377699.709654534701258, 759348.456469416618347 ], [ 377661.08842299960088, 759265.716253630118445 ], [ 377602.841744025063235, 759220.002048113965429 ], [ 377601.828890407166909, 759210.638623368693516 ], [ 377632.367527354275808, 759206.618329798919149 ], [ 377657.283629275276326, 759114.368587748962454 ], [ 377667.64493593852967, 759116.804102450725622 ], [ 377673.955231279192958, 759077.84176626347471 ], [ 377690.199738483934198, 759068.928901434177533 ], [ 377702.419770727050491, 759026.008606785093434 ], [ 377720.151685060933232, 759023.50494108570274 ], [ 377724.510690964292735, 758993.912785465014167 ], [ 377748.172759901033714, 758996.322372699622065 ], [ 377761.824780867027584, 758931.707107448251918 ], [ 377817.981658941658679, 758927.134536724886857 ], [ 377822.454791165073402, 758942.908223480335437 ], [ 377864.305054031079635, 758928.016861196025275 ], [ 377915.123650586989243, 758958.470730157219805 ], [ 377982.600736017106101, 758946.971919368137605 ], [ 378096.788686537882313, 758888.036181103554554 ], [ 378219.838026610668749, 758828.589416002272628 ], [ 378273.447469764156267, 758784.593937260215171 ], [ 378291.702101238013711, 758796.379201328265481 ], [ 378306.435452975914814, 758775.149009799351916 ], [ 378333.065361333778128, 758783.95965822134167 ], [ 378347.299888355424628, 758759.275247409823351 ], [ 378394.13430361286737, 758770.01958787010517 ], [ 378408.390261668886524, 758754.69731516612228 ], [ 378464.542812421452254, 758745.697942475089803 ], [ 378466.4952469735872, 758736.819242004072294 ], [ 378531.493878131499514, 758720.400840939022601 ], [ 378519.57842740311753, 758681.970943290740252 ], [ 378570.767012862896081, 758657.197898299084045 ], [ 378591.549470955331344, 758693.144282177789137 ], [ 378625.986765524896327, 758669.893865498481318 ], [ 378644.64947663852945, 758641.750147553277202 ], [ 378679.603424558008555, 758629.834533587796614 ], [ 378741.20450838515535, 758630.683159263338894 ], [ 378818.005829840316437, 758604.375906421802938 ], [ 378820.935377533431165, 758593.516674942686222 ], [ 378802.694218846445438, 758587.149001352721825 ], [ 378808.001642744406126, 758538.825928283738904 ], [ 378911.952567755710334, 758530.700411331490614 ], [ 378938.050543680146802, 758522.259030563873239 ], [ 378962.188137741875835, 758519.242345351027325 ], [ 378999.566722677671351, 758486.614689254900441 ], [ 379008.89123132021632, 758473.778897996759042 ], [ 379017.755732910009101, 758470.304856439470313 ], [ 379013.799531249445863, 758461.439984554890543 ], [ 379027.551209342840593, 758444.644998416188173 ], [ 379018.639876266999636, 758423.469641075003892 ], [ 379059.998153977561742, 758410.059513309039176 ], [ 379072.177245700964704, 758349.390970600768924 ], [ 379080.511102033837233, 758332.61013808962889 ], [ 379150.987798030371778, 758335.901154147577472 ], [ 379169.682484916294925, 758322.05518688086886 ], [ 379180.935716295149177, 758289.980074535124004 ], [ 379179.937253918964416, 758282.5900441481499 ], [ 379199.621379521675408, 758272.189596710493788 ], [ 379194.593309281568509, 758227.82314417976886 ], [ 379232.032017973600887, 758221.826489212107845 ], [ 379236.507439967128448, 758239.071522309677675 ], [ 379246.359007105638739, 758238.061285250238143 ], [ 379241.842037516471464, 758202.574985770275816 ], [ 379281.670588624314405, 758168.468476455542259 ], [ 379285.073423142777756, 758145.776738360873424 ], [ 379299.340858197712805, 758135.890131091466174 ], [ 379290.419283464143518, 758114.215703902067617 ], [ 379344.549224137736019, 758081.057045616209507 ], [ 379410.029672943521291, 758058.722551741520874 ], [ 379430.215941546251997, 758049.313346916809678 ], [ 379443.021550053439569, 758048.296254043467343 ], [ 379447.122611224593129, 758116.818980870652013 ], [ 379491.407124888850376, 758087.624343973235227 ], [ 379495.382110693957657, 758104.868634711718187 ], [ 379527.910908260615543, 758106.775219312519766 ], [ 379537.748756657470949, 758099.848201386164874 ], [ 379571.755355649860576, 758104.209899027715437 ], [ 379579.097322821908165, 758082.993439742363989 ], [ 379609.143410579650663, 758076.509473101003096 ], [ 379610.606187129858881, 758068.130789474234916 ], [ 379625.383005321607925, 758066.615387414465658 ], [ 379626.850239898893051, 758060.200031951186247 ], [ 379661.810133932740428, 758052.238011612789705 ], [ 379674.193386252154596, 758077.350812273332849 ], [ 379684.550973586039618, 758083.239281377173029 ], [ 379682.133504169294611, 758103.459824288613163 ], [ 379718.216151903383434, 758153.667052167584188 ], [ 379725.656495651521254, 758175.840423960005865 ], [ 379763.558221878425684, 758158.492205500020646 ], [ 379776.941861136700027, 758191.995011932216585 ], [ 379734.589767302910332, 758202.932343405205756 ], [ 379734.711702241329476, 758256.675178983714432 ], [ 379765.828248894191347, 758289.637943468755111 ], [ 379730.865057294606231, 758300.071987331379205 ], [ 379736.378060925810132, 758338.023151647648774 ], [ 379749.672834289143793, 758336.506626560003497 ], [ 379752.156294855114538, 758345.37942467618268 ], [ 379736.41945489065256, 758356.26496101624798 ], [ 379750.284930529189296, 758385.81545576849021 ], [ 379761.635105794353876, 758396.631296830717474 ], [ 379771.053497550077736, 758421.261236589984037 ], [ 379779.448935702443123, 758427.648569343262352 ], [ 379792.74700766953174, 758427.622468766872771 ], [ 379791.811310231219977, 758447.836244007339701 ], [ 379852.78710516996216, 758608.919918150641024 ], [ 379901.905514951969963, 758539.788254779879935 ], [ 379917.995886937016621, 758464.31426842266228 ], [ 379922.735861203749664, 758381.969682190218009 ], [ 379929.101175626856275, 758367.159326253342442 ], [ 380031.685663621756248, 758406.86851806694176 ], [ 380038.121763790841214, 758419.180406388128176 ], [ 380013.540189057355747, 758445.856196982203983 ], [ 380027.840044709504582, 758450.757376220193692 ], [ 380052.584513454290573, 758496.059810490813106 ], [ 380034.464768934063613, 758546.38254170503933 ], [ 380044.9005041528726, 758582.848430083948188 ], [ 380010.389056249405257, 758575.531439570593648 ], [ 379999.067765736253932, 758581.467089419835247 ], [ 379989.782621302409098, 758615.508829018683173 ], [ 379966.681672608596273, 758641.695498660556041 ], [ 379965.795106677454896, 758683.606674568960443 ], [ 379947.594928596867248, 758698.435561568941921 ], [ 379945.709588033496402, 758736.892211971688084 ], [ 379913.254192374297418, 758766.553133522858843 ], [ 379924.731976891052909, 758829.626755503471941 ], [ 379906.655889863497578, 758899.185548887122422 ], [ 379890.911625499371439, 758906.617697120876983 ], [ 379882.52531196171185, 758904.174811763456091 ], [ 379853.657169000129215, 758992.48746762285009 ], [ 379814.351871479302645, 759043.850743914372288 ], [ 379802.657245056529064, 759101.563093053176999 ], [ 379736.321883739612531, 759182.075719479238614 ], [ 379694.556460613792296, 759234.92881305643823 ], [ 379694.094816438795533, 759247.745758152916096 ], [ 379673.955510600644629, 759277.372824154561386 ], [ 379661.195333865936846, 759298.106707699247636 ], [ 379623.833065980346873, 759336.646838698768988 ], [ 379587.38880202465225, 759343.144307886017486 ], [ 379556.704497922677547, 759284.541708213859238 ], [ 379540.945891587354708, 759290.001295202877373 ], [ 379547.384604996594135, 759303.296545479097404 ], [ 379533.111124785384163, 759310.230060165980831 ], [ 379535.103881223127246, 759319.103754444979131 ], [ 379520.838251199340448, 759329.491544485790655 ], [ 379504.166496459569316, 759365.021431134664454 ], [ 379523.98088855977403, 759412.307380968821235 ], [ 379492.981817537976895, 759431.117637602961622 ], [ 379497.927561475662515, 759439.484885574434884 ], [ 379454.663386890490074, 759481.002409048262052 ], [ 379434.973028440377675, 759492.385857066721655 ], [ 379399.598921770928428, 759533.873942801263183 ], [ 379374.987386337597854, 759547.735157617367804 ], [ 379356.794884054339491, 759562.074533037492074 ], [ 379351.421890535217244, 759585.751071751234122 ], [ 379331.256788243481424, 759600.097905318136327 ], [ 379321.933466335700359, 759617.380610281252302 ], [ 379309.621104330231901, 759619.3796890177764 ], [ 379303.739323952409904, 759635.165374738746323 ], [ 379290.972157398471609, 759652.945476904162206 ], [ 379276.728791483794339, 759673.188040065579116 ], [ 379258.017954804119654, 759679.645277065923437 ], [ 379233.470737167343032, 759717.661050580325536 ], [ 379215.740283432067372, 759723.61910916515626 ], [ 379208.419899043627083, 759754.203641319298185 ], [ 379161.714409091684502, 759797.692573065753095 ], [ 379140.04018645035103, 759800.211154896882363 ], [ 379131.190671855641995, 759810.094672965002246 ], [ 379129.764055416046176, 759834.256974898977205 ], [ 379082.573153046600055, 759880.209567508427426 ], [ 379006.837061893835198, 759945.466037888661958 ], [ 378988.255548197543249, 760008.615379449212924 ], [ 378961.210713634442072, 760031.848261321661994 ], [ 378941.505384642980061, 760032.877604150096886 ], [ 378939.589187873294577, 760057.540102144586854 ], [ 378917.414709726697765, 760056.103822693577968 ], [ 378913.442313333274797, 760044.281991484225728 ], [ 378874.517736757639796, 760044.377165116253309 ], [ 378869.124842531513423, 760055.236650228383951 ], [ 378802.638080709381029, 760067.218736159149557 ], [ 378778.569742396124639, 760100.308835191070102 ], [ 378761.306814148381818, 760096.40345708176028 ], [ 378758.376251234789379, 760106.764986327849329 ], [ 378723.924569985945709, 760123.109917787835002 ], [ 378721.98806624149438, 760138.890615785610862 ], [ 378614.610046384274028, 760154.420763600384817 ], [ 378601.406592839921359, 760200.302318722824566 ], [ 378614.235820968518965, 760205.204130115569569 ], [ 378611.310907521867193, 760218.029544600402005 ], [ 378595.5590396442567, 760226.944008950260468 ], [ 378593.122673443402164, 760238.778933573164977 ], [ 378614.816067425184883, 760244.151691530947573 ], [ 378604.544741483055986, 760276.226496755029075 ], [ 378611.950028446619399, 760282.614834674168378 ], [ 378597.72988374880515, 760313.213766558794305 ], [ 378603.165874332597014, 760321.091366388136521 ], [ 378596.799960900389124, 760339.841634562937543 ], [ 378589.907373257214203, 760338.87235330499243 ], [ 378586.002708109386731, 760356.624753856100142 ], [ 378564.810303468897473, 760355.688852803083137 ], [ 378562.377351699979044, 760369.005838194279931 ], [ 378580.639197324577253, 760380.303616164601408 ], [ 378577.777729929541238, 760420.740312955691479 ], [ 378562.98824046558002, 760421.264314238331281 ], [ 378568.448413851612713, 760435.551775096915662 ], [ 378541.852842513297219, 760441.039077556575648 ], [ 378534.550607401528396, 760479.508665900095366 ], [ 378548.347541701048613, 760482.438386089168489 ], [ 378543.462396825663745, 760500.690337578183971 ], [ 378519.839639382902533, 760510.107982968445867 ], [ 378504.21582242770819, 760574.736654888023622 ], [ 378511.625701437995303, 760583.098193916492164 ], [ 378504.849467842956074, 760636.852203748072498 ], [ 378523.587441765412223, 760641.741109236143529 ], [ 378543.44980854622554, 760708.746598747908138 ], [ 378566.193150270497426, 760739.760089900810272 ], [ 378589.32259624323342, 760729.350962626980618 ], [ 378618.510530981118791, 760780.063303376547992 ], [ 378690.404473511269316, 760759.193816096289083 ], [ 378691.84179482772015, 760743.90225705166813 ], [ 378711.551907464279793, 760744.846085311844945 ], [ 378713.964451865700539, 760722.654580042697489 ], [ 378743.037589530635159, 760723.570022733299993 ], [ 378755.798621372494381, 760698.896048893337138 ], [ 378873.613450990407728, 760724.752216912107542 ], [ 378916.553985231555998, 760755.710290980525315 ], [ 378958.426455550186802, 760753.15400180791039 ], [ 378980.595286505587865, 760748.172106773476116 ], [ 379034.363637215981726, 760776.148043816443533 ], [ 379044.738477825012524, 760789.440185864106752 ], [ 379063.969442502304446, 760795.802674988401122 ], [ 379092.547292161558289, 760795.244762517977506 ], [ 379094.967797578428872, 760776.507854992058128 ], [ 379213.656766944972333, 760749.121942389057949 ], [ 379340.314019024255686, 760760.657004403998144 ], [ 379352.138252610980999, 760764.085314951837063 ], [ 379381.015830140851904, 760895.165021745255217 ], [ 379412.642830912373029, 760932.561348711606115 ], [ 379465.465047326521017, 760977.304141044034623 ], [ 379486.293786053080112, 761034.940841077826917 ], [ 379514.494892682298087, 761089.110708316671662 ], [ 379508.612733056186698, 761100.462514127953909 ], [ 379593.44656007894082, 761136.759292510221712 ], [ 379680.688314043683931, 761153.318121181451716 ], [ 379755.088194104318973, 761150.680674892268144 ], [ 379903.438766467850655, 761168.591526528238319 ], [ 380051.726399901672266, 761159.869729696889408 ], [ 380151.713773826370016, 761143.369124509277754 ], [ 380317.636282644351013, 761089.261540756211616 ], [ 380421.22180757985916, 761141.77811268158257 ], [ 380736.138717354624532, 761168.677474531461485 ], [ 380754.913066137232818, 761191.807645558961667 ], [ 380910.916553454007953, 761108.12981029227376 ], [ 380877.296662137960084, 761276.331145148142241 ], [ 380673.142307140282355, 761637.190048158168793 ], [ 380600.447782699600793, 761739.412553774309345 ], [ 380472.844345795747358, 761743.149732269812375 ], [ 380307.539215573284309, 761851.004445333383046 ], [ 380195.400867904594634, 761938.526531240786426 ], [ 380084.305788107332774, 762053.650322795496322 ], [ 379974.447731730411761, 762277.242650138447061 ], [ 379859.937126388598699, 762405.690821822383441 ], [ 379735.01048964005895, 762502.610021663014777 ], [ 379638.758114607830066, 762642.845639252453111 ], [ 379606.143862030876335, 762816.954297036281787 ], [ 379539.0062080284697, 762973.892171281040646 ], [ 379434.065463630366139, 763190.082397195277736 ], [ 379422.23355248029111, 763187.152225609519519 ], [ 379414.860533978731837, 763198.505603580852039 ], [ 379315.359925110533368, 763206.620946160517633 ], [ 379259.773051168827806, 763248.164138888474554 ], [ 379165.435013021517079, 763359.798991696326993 ], [ 379491.520709907345008, 763540.48542825342156 ], [ 379454.66718987247441, 763581.492606715066358 ], [ 379390.695788409968372, 763616.644956511328928 ], [ 379294.143624238669872, 763626.235766210826114 ], [ 379129.379679830220994, 763748.882067630300298 ], [ 379052.9939425943885, 763742.154681295854971 ], [ 378956.325534460775089, 763915.919997180462815 ], [ 378925.372274688794278, 763950.011766358511522 ], [ 378926.924015547148883, 763984.524079567403533 ], [ 378785.197185724042356, 764055.355119819752872 ], [ 378715.369794076192193, 764114.672421822091565 ], [ 378689.376467705529649, 764167.489587063435465 ], [ 378653.656078830303159, 764275.050325912772678 ], [ 378608.433168773830403, 764321.992681232164614 ], [ 378562.645665778429247, 764332.948531203903258 ], [ 378420.407777917920612, 764400.824224003241397 ], [ 378387.147414070379455, 764502.950344887562096 ], [ 378388.556772491079755, 764687.837556540966034 ], [ 378431.156459227320738, 764787.827043802593835 ], [ 378590.930547214171384, 765059.605801913538016 ], [ 378626.879156378796324, 765267.576833760133013 ], [ 378619.620342550100759, 765324.295298376702704 ], [ 378587.216184198390692, 765371.701584328897297 ], [ 378538.602846872934606, 765441.819794311537407 ], [ 378332.117388269049115, 765422.0824097978184 ], [ 378212.945230252749752, 765444.551198522909544 ], [ 378073.081244813394733, 765470.51221231254749 ], [ 377828.24138116359245, 765481.435016600298695 ], [ 377611.9187342885416, 765467.638288493268192 ], [ 377446.294267591903917, 765432.036490584723651 ], [ 377303.886945277568884, 765420.538908317801543 ], [ 377250.193921611236874, 765427.566166003467515 ], [ 377057.694370130542666, 765487.175075066857971 ], [ 376984.826709672634024, 765505.592933077830821 ], [ 376953.288138158619404, 765505.171804072335362 ], [ 376926.273782787844539, 765328.732671690173447 ], [ 376941.835686535749119, 765242.411754177883267 ], [ 377020.759095880552195, 765072.628572364570573 ], [ 377004.050569344835822, 764878.907407867838629 ], [ 376968.873439202434383, 764796.155977660790086 ], [ 376950.977024860621896, 764728.158503627753817 ], [ 376981.468356298282743, 764704.425899908179417 ], [ 377003.537050873099361, 764659.508419184712693 ], [ 377069.009052275738213, 764634.698806147091091 ], [ 377104.974901942070574, 764635.114060549647547 ], [ 377144.365259941667318, 764626.636020987294614 ], [ 377302.496176991378888, 764614.929515499272384 ], [ 377336.910355298721697, 764581.813039424363524 ], [ 377373.630313043133356, 764485.094929963117465 ], [ 377373.990051751956344, 764428.887671376694925 ], [ 377365.575992873171344, 764411.159957961528562 ], [ 377302.411647015949711, 764368.412147870636545 ], [ 377288.04217879823409, 764334.924044441082515 ], [ 377255.443054532865062, 764296.544025110895745 ], [ 377260.550577742862515, 764163.407283111126162 ], [ 377272.280200472916476, 764125.42328452563379 ], [ 377275.314018045901321, 763944.96200281905476 ], [ 377195.262104015739169, 763846.054108028532937 ], [ 377140.405776140920352, 763772.229400995303877 ], [ 377083.907804859103635, 763634.308294547139667 ], [ 377060.880239271442406, 763479.057685241336003 ], [ 377070.118999583297409, 763425.295356335234828 ], [ 377062.194177134137135, 763407.070708029554226 ], [ 376981.352347840438597, 763391.481723873643205 ], [ 376925.078891528362874, 763346.256005272851326 ], [ 376806.011517082341015, 763205.032688393373974 ], [ 376703.642870351148304, 763044.055967165506445 ], [ 376655.762648993055336, 763008.171686332672834 ], [ 376634.482822705584113, 762967.300305234268308 ], [ 376599.413875788624864, 762931.891529714222997 ], [ 376544.029259027272929, 762844.254845679039136 ], [ 376596.88538521254668, 762694.747444830019958 ], [ 376654.689253345248289, 762549.658121533691883 ], [ 376729.721979046531487, 762186.612655514269136 ], [ 376780.162060967821162, 762053.374890495324507 ], [ 376778.493327168107498, 761973.507332010776736 ], [ 376716.549521814915352, 761821.799009065725841 ], [ 376696.189144751639105, 761754.302626639138907 ], [ 376690.596347446320578, 761679.872754839831032 ], [ 376676.129464700643439, 761605.454325335216708 ], [ 376578.932868882606272, 761546.52318622416351 ], [ 376533.010022810311057, 761504.72157153848093 ] ] ] } },
{ "type": "Feature", "properties": { "id": "00000000000000000008", "adm2_name": "Colombo", "adm3_name": "Thimbirigasyaya", "zone_id": "LK1127", "area_sqkm": 22.32937601 }, "geometry": { "type": "Polygon", "coordinates": [ [ [ 372539.013412824948318, 764780.087200089707039 ], [ 372664.537450717412867, 764325.20922720443923 ], [ 372909.696069965080824, 763423.341163284610957 ], [ 373166.531113067409024, 762458.346642247401178 ], [ 373230.9411814637715, 762196.390299790306017 ], [ 373329.684136819443665, 761869.271199819515459 ], [ 373438.848155662242789, 761366.602280248189345 ], [ 373495.800511335313786, 761073.60303872032091 ], [ 373543.103048918070272, 760867.899294086615555 ], [ 373575.803325241373386, 760736.179834017646499 ], [ 373600.600489154632669, 760597.083371047745459 ], [ 373602.497567721351516, 760568.97623332682997 ], [ 373604.85388416465139, 760523.606618180987425 ], [ 373586.58143726963317, 760504.428141887648962 ], [ 373604.197741926531307, 760454.589915552525781 ], [ 373625.869996181805618, 760450.099221565760672 ], [ 373663.879375922551844, 760275.475574353244156 ], [ 373691.774177448009141, 760195.531418217346072 ], [ 373726.930392977257725, 760059.862468337407336 ], [ 373841.082699300721288, 759579.378923855139874 ], [ 373966.491979604237713, 758856.293317424948327 ], [ 373982.908425777743105, 758714.753288128995337 ], [ 374013.95097139995778, 758715.16891444567591 ], [ 374017.39211915951455, 758708.755310949985869 ], [ 374101.656307776167523, 758712.003511435934342 ], [ 374245.986596068134531, 758689.97029936441686 ], [ 374298.221610406413674, 758691.320792818907648 ], [ 374369.260716660821345, 758729.612434154842049 ], [ 374544.026383693621028, 758868.726090215845034 ], [ 374586.039673228282481, 758920.883937915088609 ], [ 374526.070999954245053, 758982.657873386051506 ], [ 374516.284834472695366, 759013.252113063936122 ], [ 374523.89610397774959, 759104.938551499624737 ], [ 374603.985611655458342, 759217.653443785733543 ], [ 374660.797562295454554, 759278.651855724980123 ], [ 374672.773023444868159, 759343.213733542943373 ], [ 374635.627223720424809, 759471.980796883464791 ], [ 374690.250884342298377, 759649.836845594691113 ], [ 374736.198213858879171, 759701.004578805761412 ], [ 374758.881838597881142, 759709.822140407632105 ], [ 374876.647546304157004, 759708.064444019459188 ], [ 374920.066291303723119, 759732.615432992926799 ], [ 375004.494494883343577, 759805.386224542278796 ], [ 375088.36797408212442, 759847.587770821060985 ], [ 375106.093779539340176, 759844.58439587848261 ], [ 375104.640569128270727, 759852.973383730859496 ], [ 375333.940657223458402, 759930.328654990997165 ], [ 375398.991933402896393, 759932.145907109603286 ], [ 375468.459465131571051, 759929.030505253700539 ], [ 375543.933427105541341, 759966.817409719573334 ], [ 375563.19889804039849, 759984.514298868947662 ], [ 375615.794747698586434, 759930.161021149484441 ], [ 375631.539279534015805, 759924.210528546478599 ], [ 375660.04896099655889, 759894.063466278952546 ], [ 375678.249791322508827, 759880.706720730056986 ], [ 375685.113507894449867, 759864.422673030290753 ], [ 375687.037014086206909, 759843.216827073600143 ], [ 375706.238311712630093, 759837.751109909499064 ], [ 375733.834099738218356, 759840.646177878254093 ], [ 375742.700074669031892, 759836.681148709612899 ], [ 375737.641762100276537, 759781.472360889078118 ], [ 375786.861429122276604, 759757.196709612384439 ], [ 375797.230382444628049, 759766.049858636339195 ], [ 375836.140870145580266, 759762.500237918808125 ], [ 375838.568123209755868, 759746.721706461394206 ], [ 375867.632003440754488, 759743.691304770065472 ], [ 375918.792009656201117, 759705.609389917110093 ], [ 375945.852335648145527, 759689.769295528763905 ], [ 375968.01783674833132, 759684.297066115541384 ], [ 375962.563717580051161, 759669.521246725227684 ], [ 376042.31871838727966, 759642.216282377252355 ], [ 376116.185901315882802, 759624.787356784683652 ], [ 376127.031766840082128, 759623.778233280172572 ], [ 376127.492694746819325, 759610.95268603367731 ], [ 376159.044224363227841, 759618.27762872830499 ], [ 376197.460313984774984, 759609.800868859980255 ], [ 376231.476923506765161, 759617.609669577679597 ], [ 376246.713721854845062, 759600.814616571064107 ], [ 376263.454475251026452, 759597.328462656936608 ], [ 376282.117681774310768, 759572.137155427248217 ], [ 376284.541505949571729, 759554.877261895104311 ], [ 376295.893104406655766, 759560.267987143830396 ], [ 376306.221115261956584, 759551.868084333604202 ], [ 376336.796847413817886, 759566.091440864722244 ], [ 376499.493221496231854, 759605.156587914330885 ], [ 376552.714433350600302, 759606.018160134204663 ], [ 376535.32114186999388, 759754.455583127564751 ], [ 376551.627039511455223, 759771.185975824017078 ], [ 376571.841899065242615, 759780.010931070428342 ], [ 376580.753162342007272, 759795.762836290872656 ], [ 376630.017113849753514, 759792.203290892066434 ], [ 376659.75598160806112, 759865.096392296953127 ], [ 376818.485703222395387, 759898.252289369353093 ], [ 376881.674431438790634, 759947.902298702159896 ], [ 376889.55847302172333, 759948.381397907272913 ], [ 376888.591565252107102, 759954.789600686985068 ], [ 377087.534274120815098, 759903.05491500813514 ], [ 377144.189840981736779, 759896.510949812829494 ], [ 377138.916278878226876, 759963.086057872977108 ], [ 377122.654291520593688, 759960.654711496201344 ], [ 377118.197865359485149, 759952.287535167415626 ], [ 377059.656527030223515, 759992.356505048577674 ], [ 377019.811239210830536, 760022.032002589781769 ], [ 376929.281697990722023, 760076.965553714544512 ], [ 376860.631480603187811, 760219.616831865394488 ], [ 376800.878064524265938, 760376.042039318825118 ], [ 376792.011832649295684, 760590.033951895893551 ], [ 376767.256153541617095, 760746.878079715184867 ], [ 376747.427201311918907, 760907.157250676187687 ], [ 376744.469044590136036, 761120.15168149897363 ], [ 376750.420482497022022, 761133.949436606257223 ], [ 376576.704970608232543, 761437.565451691742055 ], [ 376533.010022810311057, 761504.72157153848093 ], [ 376609.030682946031447, 761567.161859898711555 ], [ 376676.129464700643439, 761605.454325335216708 ], [ 376697.070721849333495, 761711.412147414172068 ], [ 376696.189144751639105, 761754.302626639138907 ], [ 376748.290116025542375, 761911.456650440464728 ], [ 376778.493327168107498, 761973.507332010776736 ], [ 376780.162060967821162, 762053.374890495324507 ], [ 376717.022105468495283, 762233.978591336985119 ], [ 376654.689253345248289, 762549.658121533691883 ], [ 376544.029259027272929, 762844.254845679039136 ], [ 376626.595553374500014, 762965.347072338103317 ], [ 376634.482822705584113, 762967.300305234268308 ], [ 376655.762648993055336, 763008.171686332672834 ], [ 376716.490157546650153, 763059.801101800519973 ], [ 376806.011517082341015, 763205.032688393373974 ], [ 376925.078891528362874, 763346.256005272851326 ], [ 376981.352347840438597, 763391.481723873643205 ], [ 377062.194177134137135, 763407.070708029554226 ], [ 377070.118999583297409, 763425.295356335234828 ], [ 377061.931284341262653, 763504.689170593395829 ], [ 377083.907804859103635, 763634.308294547139667 ], [ 377140.405776140920352, 763772.229400995303877 ], [ 377212.064512137847487, 763866.225665279431269 ], [ 377275.314018045901321, 763944.96200281905476 ], [ 377268.887712272873614, 764148.106029624119401 ], [ 377255.164554977556691, 764177.228456154582091 ], [ 377255.443054532865062, 764296.544025110895745 ], [ 377288.04217879823409, 764334.924044441082515 ], [ 377302.411647015949711, 764368.412147870636545 ], [ 377320.189644425001461, 764386.121052008471452 ], [ 377365.575992873171344, 764411.159957961528562 ], [ 377376.03760850627441, 764460.927629078738391 ], [ 377344.261974766501226, 764568.975180490640923 ], [ 377319.718817877699621, 764605.03002909955103 ], [ 377272.944794956943952, 764620.423776634968817 ], [ 377119.74220889096614, 764628.669123044819571 ], [ 377084.285716125625186, 764636.141168076894246 ], [ 377035.526217069942504, 764646.611586470040493 ], [ 377003.537050873099361, 764659.508419184712693 ], [ 376973.60009727999568, 764710.35884977481328 ], [ 376950.977024860621896, 764728.158503627753817 ], [ 376981.261405836034101, 764825.705328485229984 ], [ 377007.050158162834123, 764898.123213801532984 ], [ 377020.759095880552195, 765072.628572364570573 ], [ 376935.979648478329182, 765265.104556997539476 ], [ 376925.819894900079817, 765344.507574557093903 ], [ 376953.288138158619404, 765505.171804072335362 ], [ 376941.174104991485365, 765592.463609802769497 ], [ 376915.649999451823533, 765632.952597687253729 ], [ 376873.842013800109271, 765661.153148740180768 ], [ 376812.226746900763828, 765647.984445535345003 ], [ 376771.834240136784501, 765652.021960672922432 ], [ 376707.885375211655628, 765694.576142231584527 ], [ 376690.267396912036929, 765745.399284647428431 ], [ 376688.942899184650742, 765812.451205295277759 ], [ 376662.992471009434666, 765880.553812849335372 ], [ 376669.56662835390307, 765950.553318605059758 ], [ 376752.920824954053387, 765991.275554484454915 ], [ 376763.787804415216669, 766000.120734571479261 ], [ 376749.225409174221568, 766093.830266038421541 ], [ 376668.218474212451838, 766216.29252929741051 ], [ 376627.981229497119784, 766286.404794854461215 ], [ 376583.856271534576081, 766377.223183625377715 ], [ 376512.577421901165508, 766445.92379333707504 ], [ 376448.003023557248525, 766639.835299899801612 ], [ 376445.840220135403797, 766767.532499122084118 ], [ 376476.553572661010548, 766837.964614233700559 ], [ 376559.583576573175378, 766949.196612603031099 ], [ 376586.825330476916861, 767008.789752412121743 ], [ 376626.344813378236722, 767055.037005772697739 ], [ 376681.119839104358107, 767093.864851400954649 ], [ 376686.593811997328885, 767117.511717360233888 ], [ 376657.635157031589188, 767162.445843142224476 ], [ 376598.111464298213832, 767199.569497188669629 ], [ 376528.313677033293061, 767267.277475454378873 ], [ 376495.454329656437039, 767331.44600281433668 ], [ 376484.773411653470248, 767397.538888135342859 ], [ 376472.018443133332767, 767420.740875538787805 ], [ 376424.890669405984227, 767494.80654719134327 ], [ 376388.506621555658057, 767525.456799951381981 ], [ 376253.097674831980839, 767555.854004570050165 ], [ 376214.199189119972289, 767565.316076556919143 ], [ 376167.484675658633932, 767602.899614797788672 ], [ 376143.943720785551704, 767647.814180296263658 ], [ 376115.831825091794599, 767636.055567899369635 ], [ 376082.773450661334209, 767616.411271024262533 ], [ 376066.110164397279732, 766610.173740495345555 ], [ 376051.848576889373362, 766203.943491945043206 ], [ 375848.511250709882006, 766264.080035278573632 ], [ 375775.631101360137109, 766280.523576415260322 ], [ 375680.054306394013111, 766280.749809362576343 ], [ 375524.300355022540316, 766253.021672717179172 ], [ 375479.455223685014062, 766248.684014142490923 ], [ 375311.226072422694415, 766153.434362239553593 ], [ 375229.920650140964426, 766146.232154671684839 ], [ 375277.877814076608047, 766009.550085803493857 ], [ 375172.380212476360612, 765985.147707762662321 ], [ 375168.839153510227334, 765945.222036608145572 ], [ 375120.021029426134191, 765926.606167596066371 ], [ 375134.123829827527516, 765850.151333127752878 ], [ 374836.331171600846574, 765759.652817169670016 ], [ 374776.652019496716093, 765732.675791527610272 ], [ 374934.893641023547389, 765566.149392851046287 ], [ 374736.541198390710633, 765442.86440869839862 ], [ 374715.789588766405359, 765415.798619950306602 ], [ 374670.465384047478437, 765418.375568834599108 ], [ 374717.355892009334639, 765249.149297747877426 ], [ 374755.874084105947986, 765076.989806029712781 ], [ 374824.96946631121682, 764922.510031980811618 ], [ 374606.925712493248284, 764807.162250199820846 ], [ 374599.041643916512839, 764807.182138536009006 ], [ 374591.594415060593747, 764784.516012501204386 ], [ 374558.054077569395304, 764767.838254478294402 ], [ 374559.474109332368243, 764741.705763284466229 ], [ 374506.260866448457818, 764742.811426700209267 ], [ 374478.159975590882823, 764734.498483615112491 ], [ 374323.703295049024746, 764631.821858466719277 ], [ 374310.870042585826013, 764623.477661472628824 ], [ 374293.120816343056504, 764616.611943360185251 ], [ 374291.127335343509912, 764608.241484243189916 ], [ 374180.639432789990678, 764556.245665723341517 ], [ 373825.89929887955077, 764352.979014065815136 ], [ 373739.587373494752683, 764316.207321495283395 ], [ 373670.524635527457576, 764282.353311031358317 ], [ 373578.377874679863453, 764274.191553999320604 ], [ 373609.036222625232767, 764528.026699544396251 ], [ 373454.944069914345164, 764579.675444184686057 ], [ 373266.463576177018695, 764669.36810647835955 ], [ 373190.110283806978259, 764675.964201659313403 ], [ 373075.300971622229554, 764674.265271913958713 ], [ 373004.897103495197371, 764693.173833316657692 ], [ 372970.619899891142268, 764780.527295446838252 ], [ 372890.554184191627428, 764881.301188682205975 ], [ 372842.706369922088925, 765062.354715516441502 ], [ 372627.090674574370496, 764936.659095865790732 ], [ 372589.542523642419837, 764894.353785937651992 ], [ 372557.299051128036808, 764804.208567397785373 ], [ 372539.013412824948318, 764780.087200089707039 ] ] ] } },
{ "type": "Feature", "properties": { "id": "00000000000000000009", "adm2_name": "Colombo", "adm3_name": "Dehiwala", "zone_id": "LK1130", "area_sqkm": 8.45870632 }, "geometry": { "type": "Polygon", "coordinates": [ [ [ 373989.747265081387013, 758687.620926214498468 ], [ 374027.650828621583059, 758463.690181701560505 ], [ 374067.39135442947736, 758186.022423010435887 ], [ 374097.12744737288449, 758049.86767749954015 ], [ 374112.043322228069883, 757896.501344196381979 ], [ 374143.038836333202198, 757670.126601484720595 ], [ 374146.45772823819425, 757658.288715076050721 ], [ 374187.886881803337019, 757673.968729720800184 ], [ 374215.371364227146842, 757627.555241052876227 ], [ 374305.529699480161071, 757204.808700209949166 ], [ 374318.35173349903198, 757207.744271860457957 ], [ 374318.368063670699485, 757214.641043978044763 ], [ 374647.623812063073274, 757249.858045690460131 ], [ 374698.8747428234783, 757250.724150630645454 ], [ 374702.314486283808947, 757039.692976932274178 ], [ 374809.785886117839254, 757058.665410603862256 ], [ 374868.895404883893207, 757052.613179042586125 ], [ 375036.495139969978482, 757074.402919332380407 ], [ 375131.081388172809966, 757064.815849041799083 ], [ 375266.690688166592736, 756896.375453367014416 ], [ 375400.95874599844683, 756788.577872560708784 ], [ 375623.524674996559042, 756718.046174599207006 ], [ 375758.453288390475791, 756676.315295767155476 ], [ 375782.214432453736663, 756512.576206162571907 ], [ 375802.288144801510498, 756459.775009091128595 ], [ 375846.577352937543765, 756433.540988993714564 ], [ 375891.601037582207937, 756297.352658551419154 ], [ 375971.373406449856702, 756274.9793941344833 ], [ 376553.063225563731976, 756158.26016172033269 ], [ 376765.498291515221354, 756178.968756241258234 ], [ 376746.538923282991163, 756288.464988264837302 ], [ 376758.221865671162959, 756440.780414440669119 ], [ 376754.100109327060636, 756576.868521744851023 ], [ 376779.516450653725769, 756699.079484667512588 ], [ 376783.01168885192601, 756720.271408201544546 ], [ 376848.506901767221279, 756700.403250729083084 ], [ 376883.264365575392731, 756812.237933131633326 ], [ 376870.153551611234434, 756899.040869475575164 ], [ 376813.032221128989477, 756914.454203233355656 ], [ 376820.531043856171891, 756960.292867010459304 ], [ 376846.636133284773678, 756956.2871819260763 ], [ 376850.60768080689013, 756967.121650249930099 ], [ 376887.544222978758626, 756960.134549193549901 ], [ 376895.012058467022143, 756992.66148929100018 ], [ 376852.167403252911754, 757004.587291764561087 ], [ 376873.565114590048324, 757091.809576905565336 ], [ 376886.89733005373273, 757104.595831086393446 ], [ 376892.799435646040365, 757101.129102269653231 ], [ 376923.783965207228903, 757287.917820666683838 ], [ 376916.396214764914475, 757289.902332662022673 ], [ 376906.693030585185625, 757355.99490302905906 ], [ 376908.849179383309092, 757434.874064015457407 ], [ 376922.817727798596025, 757506.329767751507461 ], [ 376918.606942777638324, 757603.962271172204055 ], [ 376891.245532132103108, 757705.095261643873528 ], [ 376870.580650269053876, 757717.956641292781569 ], [ 376862.255713738617487, 757739.179048370453529 ], [ 376860.841002027853392, 757768.267743038362823 ], [ 376824.391288610582706, 757773.283259372459725 ], [ 376796.819193913368508, 757783.70364164665807 ], [ 376785.457583778828848, 757773.870869441423565 ], [ 376767.743278381763957, 757780.80952342483215 ], [ 376768.788164369470906, 757807.92805348278489 ], [ 376752.032532198762055, 757808.951030461583287 ], [ 376747.534768422832713, 757778.885410023969598 ], [ 376719.449747234990355, 757779.936018070788123 ], [ 376716.516452309326269, 757789.31227981147822 ], [ 376685.489746032399125, 757800.229751073173247 ], [ 376672.646001299843192, 757786.460850955336355 ], [ 376594.788029332237784, 757784.174143344513141 ], [ 376587.417317346029449, 757793.556070347083732 ], [ 376592.125462659809273, 757909.901708490215242 ], [ 376584.290218440699391, 757930.625129414023831 ], [ 376564.087096960749477, 757931.163772126892582 ], [ 376564.598713203682564, 757940.042908689938486 ], [ 376545.876680472167209, 757940.08297747222241 ], [ 376546.182035095116589, 758071.231900304439478 ], [ 376541.784823980880901, 758088.495819430449046 ], [ 376548.229865932953544, 758103.269165156059898 ], [ 376549.748632032540627, 758122.991407576366328 ], [ 376609.419188264058903, 758144.049954209593125 ], [ 376609.951706078834832, 758157.855437839403749 ], [ 376674.521401940961368, 758166.576199488365091 ], [ 376698.635898363078013, 758155.18021172657609 ], [ 376770.187743818445597, 758198.896180064068176 ], [ 376765.776828729489353, 758210.243991485214792 ], [ 376779.12532360694604, 758225.995450639515184 ], [ 376759.955017747415695, 758248.219602566678077 ], [ 376748.73817436536774, 758296.569987293099985 ], [ 376764.052682854526211, 758313.295669698505662 ], [ 376778.396492692292668, 758338.89992795244325 ], [ 376798.126409109856468, 758346.249898901209235 ], [ 376798.702148330979981, 758382.731604952481575 ], [ 376818.415949796733912, 758383.174428743892349 ], [ 376821.892836476035882, 758396.482652809703723 ], [ 376873.612881880137138, 758389.461530688917264 ], [ 376886.90615785960108, 758381.537914211978205 ], [ 376904.655808611365501, 758385.932610735995695 ], [ 376910.057681369944476, 758378.529582909308374 ], [ 376972.667917000246234, 758394.156686232890934 ], [ 377013.146397691685706, 758425.126174057950266 ], [ 377021.061427378328517, 758438.910808467539027 ], [ 377049.152063921210356, 758440.814371034735814 ], [ 377051.221254969597794, 758482.224085313966498 ], [ 377068.489944476285018, 758491.062827749410644 ], [ 377064.115748079260811, 758518.189231902244501 ], [ 377073.488887379993685, 758521.623079352197237 ], [ 377070.084230379259679, 758539.379923619446345 ], [ 377099.659978326002602, 758546.701605496462435 ], [ 377121.816507196053863, 758538.266629490070045 ], [ 377183.470727936830372, 758565.736276203067973 ], [ 377203.182517631561495, 758565.688332988764159 ], [ 377215.021742726559751, 758570.096790451090783 ], [ 377227.300450645037927, 758552.319646437186748 ], [ 377305.758600375032984, 758600.461777809076011 ], [ 377368.428936367738061, 758639.266731314943172 ], [ 377394.098996323067695, 758660.4009184561437 ], [ 377297.962522309098858, 758853.895412989309989 ], [ 377392.206843326915987, 758907.415807976154611 ], [ 377402.620702590793371, 758936.482731486088596 ], [ 377400.274351091997232, 758987.263488074881025 ], [ 377416.058936596964486, 758995.611053664237261 ], [ 377422.027018902241252, 759016.794462787453085 ], [ 377443.26901540736435, 759041.889353453065269 ], [ 377481.767220793990418, 759070.888556233257987 ], [ 377524.689531720301602, 759094.455900857457891 ], [ 377549.3931453335681, 759122.508051302400418 ], [ 377591.850405283388682, 759157.410261570592411 ], [ 377602.841744025063235, 759220.002048113965429 ], [ 377661.08842299960088, 759265.716253630118445 ], [ 377704.650932311546057, 759354.359889393788762 ], [ 377703.879963528015651, 759445.577762446948327 ], [ 377660.524588550673798, 759450.605742189800367 ], [ 377657.102959508134518, 759460.965777925099246 ], [ 377620.645693573285826, 759464.990402528317645 ], [ 377621.252047545451205, 759510.841662875958718 ], [ 377599.609580690332223, 759528.64077040925622 ], [ 377586.945577012957074, 759591.780239000567235 ], [ 377514.568571942974813, 759616.110420961398631 ], [ 377455.244332069123629, 759533.413874506484717 ], [ 377289.746735707565676, 759561.404280519927852 ], [ 377239.993955532147083, 759564.481778657995164 ], [ 377221.789891450316645, 759575.366190878790803 ], [ 377206.47285137407016, 759561.109182772575878 ], [ 377171.07385628396878, 759594.714046494918875 ], [ 377156.878724260430317, 759632.708778014406562 ], [ 377132.316069430089556, 759665.804373637889512 ], [ 377115.565102510619909, 759668.308635929599404 ], [ 377121.136459808854852, 759729.918475665384904 ], [ 377134.475752976082731, 759746.164595370879397 ], [ 377109.842078197048977, 759748.680727992090397 ], [ 377108.843101956997998, 759741.289475188707002 ], [ 377011.273845461022574, 759740.527846663957462 ], [ 376949.234265374136157, 759758.421500972588547 ], [ 376880.691197386069689, 759736.394077991368249 ], [ 376858.160815442795865, 759795.117425714619458 ], [ 376849.402807600097731, 759840.989633978228085 ], [ 376829.220510141632985, 759849.917932171141729 ], [ 376818.485703222395387, 759898.252289369353093 ], [ 376654.318310487433337, 759861.164709180942737 ], [ 376630.017113849753514, 759792.203290892066434 ], [ 376580.753162342007272, 759795.762836290872656 ], [ 376565.42370178620331, 759772.633469713618979 ], [ 376539.774507665133569, 759761.349664586596191 ], [ 376541.569335920852609, 759684.929584894794971 ], [ 376552.714433350600302, 759606.018160134204663 ], [ 376447.736689830198884, 759596.896965964115225 ], [ 376324.478610268910415, 759563.16362414509058 ], [ 376306.221115261956584, 759551.868084333604202 ], [ 376290.960171711689327, 759558.309568996075541 ], [ 376280.121624254621565, 759558.337089512380771 ], [ 376277.704708656878211, 759578.551310092094354 ], [ 376255.093892093049362, 759603.257583137019537 ], [ 376236.875468157522846, 759608.723992800689302 ], [ 376225.069745580723975, 759619.104193408275023 ], [ 376178.236610690306406, 759609.357754940050654 ], [ 376159.044224363227841, 759618.27762872830499 ], [ 376127.492694746819325, 759610.95268603367731 ], [ 376127.031766840082128, 759623.778233280172572 ], [ 376050.186178864212707, 759635.2961011613952 ], [ 376010.324361345381476, 759655.598064495483413 ], [ 375962.563717580051161, 759669.521246725227684 ], [ 375968.01783674833132, 759684.297066115541384 ], [ 375931.085525081958622, 759693.747869521495886 ], [ 375883.872169478621799, 759731.82391194824595 ], [ 375867.632003440754488, 759743.691304770065472 ], [ 375838.568123209755868, 759746.721706461394206 ], [ 375836.140870145580266, 759762.500237918808125 ], [ 375797.230382444628049, 759766.049858636339195 ], [ 375786.861429122276604, 759757.196709612384439 ], [ 375737.641762100276537, 759781.472360889078118 ], [ 375742.700074669031892, 759836.681148709612899 ], [ 375718.070989040134009, 759842.651323700207286 ], [ 375698.846559247991536, 759838.263114098925143 ], [ 375687.037014086206909, 759843.216827073600143 ], [ 375681.192339744884521, 759875.282134742941707 ], [ 375668.918473248719238, 759891.580094616860151 ], [ 375643.329308185959235, 759906.921595041174442 ], [ 375631.539279534015805, 759924.210528546478599 ], [ 375600.06625991029432, 759946.956141486181878 ], [ 375563.19889804039849, 759984.514298868947662 ], [ 375504.458778031403199, 759943.731893081101589 ], [ 375445.782220176479314, 759926.121116956695914 ], [ 375350.205817716021556, 759932.759967789403163 ], [ 375211.657319544581696, 759891.667364688124508 ], [ 375104.640569128270727, 759852.973383730859496 ], [ 375106.093779539340176, 759844.58439587848261 ], [ 375079.486299496260472, 759845.144187704776414 ], [ 374987.228032606071793, 759795.073126453324221 ], [ 374893.411586395464838, 759713.450229889713228 ], [ 374787.952509094844572, 759708.273492846405134 ], [ 374758.881838597881142, 759709.822140407632105 ], [ 374736.198213858879171, 759701.004578805761412 ], [ 374690.250884342298377, 759649.836845594691113 ], [ 374635.627223720424809, 759471.980796883464791 ], [ 374672.760174914961681, 759337.787436087615788 ], [ 374658.322459476534277, 759274.223308974062093 ], [ 374551.597408999106847, 759150.724250137805939 ], [ 374523.89610397774959, 759104.938551499624737 ], [ 374516.284834472695366, 759013.252113063936122 ], [ 374526.070999954245053, 758982.657873386051506 ], [ 374586.039673228282481, 758920.883937915088609 ], [ 374505.509908734180499, 758833.81287010142114 ], [ 374336.69355021987576, 758707.010800889576785 ], [ 374298.221610406413674, 758691.320792818907648 ], [ 374153.859327416692395, 758699.5576491211541 ], [ 374101.656307776167523, 758712.003511435934342 ], [ 374018.364886857103556, 758704.811610539909452 ], [ 373989.747265081387013, 758687.620926214498468 ] ] ] } },
{ "type": "Feature", "properties": { "id": "0000000000000000000a", "adm2_name": "Colombo", "adm3_name": "Ratmalana", "zone_id": "LK1131", "area_sqkm": 12.86251454 }, "geometry": { "type": "Polygon", "coordinates": [ [ [ 374147.317914222658146, 755525.921189274871722 ], [ 374156.597814290376846, 755488.428284802590497 ], [ 374196.75706006528344, 755385.779116146732122 ], [ 374229.480980949709192, 755261.951252852217294 ], [ 374261.250765856239013, 755149.96092466195114 ], [ 374304.37088720680913, 755045.329220663174056 ], [ 374324.331860700622201, 754943.716049061738886 ], [ 374346.703250093618408, 754814.983102020807564 ], [ 374362.221052981971297, 754711.416824099840596 ], [ 374333.350253669777885, 754587.238732051453553 ], [ 374351.938273266074248, 754528.030443190480582 ], [ 374398.965660535148345, 754410.085239563137293 ], [ 374408.215444292640314, 754363.714779354049824 ], [ 374486.69988613697933, 754209.209244059282355 ], [ 374549.834458048455417, 754021.218207016354427 ], [ 374613.036231876176316, 753865.76399105717428 ], [ 374620.785104267532006, 753807.570836387458257 ], [ 374677.492485106282402, 753613.182344071683474 ], [ 374726.44870438426733, 753475.999034671462141 ], [ 374747.467105317511596, 753401.997771565220319 ], [ 374791.931627624842804, 753242.156709182308987 ], [ 374838.34362927993061, 753067.018856215756387 ], [ 374902.057763319229707, 752920.437910623382777 ], [ 374921.648170229804236, 752865.66554460756015 ], [ 374954.793256126868073, 752711.267677947413176 ], [ 375001.214987006620504, 752540.082814552704804 ], [ 375056.628843228390906, 752426.059460118296556 ], [ 375063.997910188045353, 752415.195120338350534 ], [ 375366.35057182359742, 752526.90244343446102 ], [ 375453.199319000123069, 752574.524145101895556 ], [ 375633.188479534350336, 752623.406540444120765 ], [ 375738.180635296273977, 752422.00325916626025 ], [ 378171.223881394835189, 753742.640695419395342 ], [ 378285.226391165866517, 753817.324689122382551 ], [ 378230.941529858915601, 753997.893579347757623 ], [ 378189.800436503952369, 754109.406537283444777 ], [ 378177.232236477721017, 754215.436332492507063 ], [ 378140.948079022753518, 754295.881144290440716 ], [ 378093.136386161611881, 754507.995173640549183 ], [ 377976.986438041785732, 754786.326206594705582 ], [ 377908.803224163712002, 754924.529701781808399 ], [ 377843.158961673616432, 755091.326133866910823 ], [ 377783.287496340868529, 755198.45331123250071 ], [ 377745.248865006724373, 755374.060105892131105 ], [ 377742.970659244805574, 755454.913764518802054 ], [ 377752.47839146660408, 755517.016203460632823 ], [ 377682.424706099787727, 755695.651136619737372 ], [ 377632.331857268174645, 755773.175234977970831 ], [ 377525.653797351988032, 755880.404668872244656 ], [ 377471.674917464959435, 755980.123509031254798 ], [ 377463.872608617180958, 756015.142689445870928 ], [ 377407.36822881543776, 756088.240318789146841 ], [ 377339.645116985833738, 756209.194069807650521 ], [ 377325.97160633810563, 756260.991524525219575 ], [ 377278.370889116427861, 756346.890842311317101 ], [ 377256.815124852349982, 756403.144430126529187 ], [ 377226.607466470450163, 756551.616633168188855 ], [ 377195.14568938955199, 756582.259257584693842 ], [ 376783.01168885192601, 756720.271408201544546 ], [ 376762.560621733427979, 756609.885041507077403 ], [ 376751.528407012694515, 756530.527345433481969 ], [ 376757.086733791744336, 756374.715747044072486 ], [ 376748.434111639857292, 756258.873997096554376 ], [ 376765.498291515221354, 756178.968756241258234 ], [ 376539.761183159425855, 756158.786373486160301 ], [ 376181.197081994265318, 756231.106118664029054 ], [ 375896.512381442706101, 756293.894445973681286 ], [ 375882.283878678164911, 756318.578731795656495 ], [ 375846.577352937543765, 756433.540988993714564 ], [ 375795.903565096552484, 756467.184372943360358 ], [ 375767.606486953271087, 756589.023472999338992 ], [ 375758.453288390475791, 756676.315295767155476 ], [ 375409.824381716316566, 756784.114377982565202 ], [ 375297.169570834841579, 756867.213364954222925 ], [ 375208.217966742115095, 756967.504420196288265 ], [ 375131.081388172809966, 757064.815849041799083 ], [ 375011.35687100328505, 757073.974684392451309 ], [ 374856.582761913305148, 757053.139923345763236 ], [ 374771.334565978846513, 757055.310297469724901 ], [ 374702.314486283808947, 757039.692976932274178 ], [ 374698.8747428234783, 757250.724150630645454 ], [ 374497.79455685132416, 757237.885401656618342 ], [ 374318.368063670699485, 757214.641043978044763 ], [ 374313.419820102863014, 757206.768239860190079 ], [ 374244.396447247010656, 757191.15042543457821 ], [ 374256.465879875526298, 757083.640446850447915 ], [ 374245.575448249175679, 757062.960752100567333 ], [ 374217.980853362940252, 757063.030523047083989 ], [ 374215.955708082357887, 757041.340027719736099 ], [ 374229.540459510404617, 756951.569690534262918 ], [ 374227.777644797228277, 756829.306258167489432 ], [ 374254.581161133246496, 756706.47580661450047 ], [ 374255.860763930017129, 756620.68888715072535 ], [ 374267.005427573341876, 756541.279487726045772 ], [ 374284.07712625770364, 756468.271459798212163 ], [ 374283.981466199154966, 756427.840950526413508 ], [ 374320.030083525751252, 756248.78637423471082 ], [ 374325.73090269730892, 756159.537609147140756 ], [ 374319.184493174427189, 756102.850805821595713 ], [ 374350.427320774644613, 755976.065891275298782 ], [ 374355.50089717132505, 755829.132004773244262 ], [ 374352.960332596790977, 755797.088482014136389 ], [ 374332.236118636792526, 755787.279893950908445 ], [ 374339.069673352059908, 755757.678245462244377 ], [ 374318.827307713858318, 755739.984719423577189 ], [ 374307.992706936667673, 755742.96566033794079 ], [ 374336.946797848679125, 755694.575226637069136 ], [ 374326.472830072976649, 755642.340750789036974 ], [ 374313.112912979209796, 755615.75005838891957 ], [ 374302.285277938470244, 755621.692442250438035 ], [ 374300.744330676039681, 755597.045222878223285 ], [ 374282.50458546896698, 755595.605682878522202 ], [ 374272.187926251499448, 755605.98179333365988 ], [ 374272.126174006785732, 755579.854997324757278 ], [ 374279.006270530109759, 755573.918812631396577 ], [ 374250.834842011507135, 755537.997009318321943 ], [ 374222.756552622362506, 755541.51940658246167 ], [ 374186.839033895696048, 755564.776382685755379 ], [ 374175.97043179103639, 755553.458550209878013 ], [ 374179.881775353220291, 755542.106007886002772 ], [ 374147.317914222658146, 755525.921189274871722 ] ] ] } },
{ "type": "Feature", "properties": { "id": "0000000000000000000b", "adm2_name": "Colombo", "adm3_name": "Moratuwa", "zone_id": "LK1133", "area_sqkm": 19.303715 }, "geometry": { "type": "Polygon", "coordinates": [ [ [ 375063.997910188045353, 752415.195120338350534 ], [ 375132.08414368762169, 752236.067708905204199 ], [ 375193.555581168970093, 751970.181646611657925 ], [ 375284.927859378629364, 751636.182907496462576 ], [ 375362.8737697416218, 751457.034396818606183 ], [ 375426.860501446179114, 751212.340226931264624 ], [ 375435.124457350408193, 751164.000552887911908 ], [ 375517.383785054786131, 750935.051135596469976 ], [ 375579.981630457448773, 750726.350178523804061 ], [ 375629.942356733838096, 750594.102544010966085 ], [ 375665.08749743149383, 750446.116020903922617 ], [ 375660.116797294758726, 750428.374768936191685 ], [ 375646.284098384319805, 750417.0642430143198 ], [ 375712.860778367554303, 750221.669640806736425 ], [ 375781.716917218524031, 749950.348984214710072 ], [ 375789.499349901045207, 749905.956722424947657 ], [ 375810.532765938201919, 749837.872071367688477 ], [ 375827.172637663665228, 749785.080435642856173 ], [ 375832.024452268786263, 749751.543547292705625 ], [ 375904.514096779865213, 749560.571451936848462 ], [ 375951.035477077239193, 749431.291690906509757 ], [ 376027.095751977351028, 749285.666716142906807 ], [ 376017.707474776194431, 749276.811620173160918 ], [ 376030.515208591998089, 749273.823901823256165 ], [ 376071.248125225887634, 749197.805460964795202 ], [ 376104.040911957446951, 749102.087352443719283 ], [ 376149.020946644362994, 748943.226325772353448 ], [ 376160.247025560413022, 748897.344414913910441 ], [ 376136.587148927850649, 748895.433766241767444 ], [ 376266.514977971673943, 748603.748100613709539 ], [ 376272.823530610767193, 748558.872808463638648 ], [ 376265.328399179154076, 748515.00645290419925 ], [ 376278.02014604199212, 748461.731453793356195 ], [ 376338.347500243631657, 748336.361962133669294 ], [ 376352.541160585940816, 748291.465556602110155 ], [ 376385.02360227186, 748274.131945780478418 ], [ 376472.443719456263352, 748140.812610757537186 ], [ 376474.755343086493667, 748074.248567631002516 ], [ 376445.556544548715465, 748020.581134038977325 ], [ 376492.33908893505577, 748004.698819136945531 ], [ 376513.933475105033722, 747962.739684803877026 ], [ 376529.062409468926489, 747901.565628132782876 ], [ 376554.178242695517838, 747892.141807956970297 ], [ 376562.934650884126313, 747839.858204583986662 ], [ 376543.655431536142714, 747816.734173048753291 ], [ 376544.02757219877094, 747764.963622905313969 ], [ 376553.258082803804427, 747705.285424422938377 ], [ 376582.236997134343255, 747663.313578262459487 ], [ 376615.10195784206735, 747594.710742709925398 ], [ 376636.721257451863494, 747563.597639374551363 ], [ 376668.480453453666996, 747445.195642563514411 ], [ 376727.365151214762591, 747333.143900088965893 ], [ 376861.221540388301946, 747029.132164578186348 ], [ 376980.352378381183371, 746752.271544701769017 ], [ 377000.836934288381599, 746658.555092149530537 ], [ 377118.462159372749738, 746367.398837953573093 ], [ 377169.954018232412636, 746255.857131740893237 ], [ 377209.128116260399111, 746142.369282582192682 ], [ 377207.107397677842528, 746121.66460644477047 ], [ 377269.350060055614449, 745966.720347578171641 ], [ 377317.811189489730168, 745822.150826246012002 ], [ 377346.238447861862369, 745749.606324542779475 ], [ 377354.075897363014519, 745728.880533706862479 ], [ 377366.868186923384201, 745719.488222482381389 ], [ 377385.458243445958942, 745660.284295900142752 ], [ 377412.987088705413043, 745628.664213083102368 ], [ 377462.481236619176343, 745502.335831166128628 ], [ 377481.580748454085551, 745447.080052185454406 ], [ 377531.069334590109065, 745318.287108211312443 ], [ 377545.715858250623569, 745260.571923201205209 ], [ 377664.323980560468044, 744965.467498264159076 ], [ 377724.031965678907, 744779.467707105213776 ], [ 377795.525571828649845, 744573.214476544293575 ], [ 377907.803503633651417, 744309.688450614805333 ], [ 377912.142188102938235, 744265.799340643570758 ], [ 377943.071391991339624, 744213.959282580413856 ], [ 377995.461129072937183, 744061.007114965817891 ], [ 378162.960462507151533, 743585.350262498250231 ], [ 378293.757017336727586, 743230.576367157162167 ], [ 378355.576354022719897, 743101.263314941432327 ], [ 378437.950706308474764, 742908.798250645399094 ], [ 378459.021141434437595, 742856.490857623983175 ], [ 378464.674433794862125, 742737.660401458735578 ], [ 378467.419442207319662, 742643.976855410845019 ], [ 378390.452492263284512, 742612.59448997292202 ], [ 378366.272469247691333, 742596.379295066581108 ], [ 378369.612510004022624, 742549.044920726446435 ], [ 378480.079501696338411, 742575.907327850814909 ], [ 378502.734268889180385, 742568.961672652396373 ], [ 378495.722105410881341, 742515.728919406188652 ], [ 378504.954099186463282, 742459.991517521440983 ], [ 378545.279027547920123, 742417.008501164615154 ], [ 378610.3732874924317, 742430.176006830413826 ], [ 378715.529548649676144, 742506.855392069322988 ], [ 378804.52181126922369, 742626.458375280257314 ], [ 378853.081319276418071, 742740.732000612770207 ], [ 378861.760602560883854, 742876.78217851370573 ], [ 378835.191508721152786, 743116.948337239329703 ], [ 378721.780091894033831, 743757.638184479437768 ], [ 378588.44610250351252, 744300.268171077594161 ], [ 378338.27245827531442, 745048.254315549856983 ], [ 378088.505696051171981, 745536.913252470316365 ], [ 378032.570004214474466, 745648.952274779439904 ], [ 377918.604301777377259, 746032.292372488998808 ], [ 377865.146193835069425, 746366.688584066578187 ], [ 377817.035553220601287, 746452.576596450526267 ], [ 377726.625032711832318, 746572.096048669889569 ], [ 377660.006693845905829, 746753.192809993284754 ], [ 377640.587418602837715, 746883.388459147769026 ], [ 377631.882360441435594, 747174.300309772836044 ], [ 377660.575746503076516, 747439.482495216070674 ], [ 377675.297097268688958, 747626.797689195373096 ], [ 377656.448028196929954, 747791.512093925615773 ], [ 377595.212429864390288, 747951.388183212373406 ], [ 377530.851417539233807, 748040.778367803664878 ], [ 377424.657946061633993, 748153.424473769962788 ], [ 377305.611989769968204, 748253.286224237992428 ], [ 377179.247640059678815, 748382.259025475243106 ], [ 377080.40449964342406, 748477.142903037252836 ], [ 376976.732271834393032, 748615.92424740048591 ], [ 376925.784689244115725, 748749.655413837404922 ], [ 376961.567851600877475, 748879.726827233447693 ], [ 377062.891246989369392, 749010.147148549905978 ], [ 377131.498858078499325, 749055.350834350450896 ], [ 377214.506207409664057, 749146.372518957708962 ], [ 377357.62463955860585, 749230.841239398461767 ], [ 377531.185007672058418, 749267.421821592375636 ], [ 377712.094275377341546, 749286.234686049865559 ], [ 377868.208972373220604, 749235.595400880556554 ], [ 378013.405383111559786, 749150.957518239622004 ], [ 378137.712318162026349, 748981.569178989389911 ], [ 378331.645892808330245, 748874.142834815429524 ], [ 378385.150969780632295, 748779.361895094159991 ], [ 378545.487560577807017, 748637.501091597718187 ], [ 378710.346848577552009, 748530.133868111064658 ], [ 379036.980225344537757, 748256.262193202506751 ], [ 379229.672917492396664, 748472.267934253788553 ], [ 379377.342169642390218, 748831.846305997925811 ], [ 379428.97241314384155, 748996.890074661467224 ], [ 379439.55896269378718, 749103.857772229937837 ], [ 379426.606000635772943, 749258.695511155645363 ], [ 379339.63806012913119, 749595.622992832795717 ], [ 379259.430316623242106, 749869.922686066362076 ], [ 379158.785064691270236, 750257.172436100663617 ], [ 379049.659891510091256, 750601.058010771870613 ], [ 378981.573953439074103, 751004.508192338980734 ], [ 378975.309972119459417, 751286.041834314470179 ], [ 378929.96401029615663, 751500.606191472732462 ], [ 378895.122562470904086, 751780.724968427559361 ], [ 378756.574220494250767, 752186.30184951168485 ], [ 378758.899604393460322, 752341.605434907483868 ], [ 378773.648304237402044, 752542.726666946895421 ], [ 378765.234184175438713, 752961.318281056010164 ], [ 378641.700270130415447, 753247.065163448802195 ], [ 378588.923928813601378, 753443.407577617675997 ], [ 378571.743209075357299, 753472.532563394401222 ], [ 378464.508291822858155, 753557.581280436017551 ], [ 378415.889080763619859, 753631.15372249041684 ], [ 378353.82361271395348, 753860.55185286141932 ], [ 378110.531490107008722, 753709.746994124841876 ], [ 375738.180635296273977, 752422.00325916626025 ], [ 375633.188479534350336, 752623.406540444120765 ], [ 375604.101582896546461, 752618.538294268655591 ], [ 375418.169016433821525, 752560.307814504601993 ], [ 375332.305699272663333, 752510.217138493084349 ], [ 375063.997910188045353, 752415.195120338350534 ] ] ] } },
{ "type": "Feature", "properties": { "id": "0000000000000000000c", "adm2_name": "Colombo", "adm3_name": "Kesbewa", "zone_id": "LK1136", "area_sqkm": 61.4082642 }, "geometry": { "type": "GeometryCollection", "geometries": [ { "type": "LineString", "coordinates": [ [ 384149.934937148995232, 753383.216080574202351 ], [ 384155.340679384069517, 753378.768657439271919 ] ] }, { "type": "LineString", "coordinates": [ [ 380083.963044369826093, 756683.133200721000321 ], [ 380089.377099305856973, 756681.646829719073139 ] ] }, { "type": "Polygon", "coordinates": [ [ [ 376541.784823980880901, 758088.495819430449046 ], [ 376550.438051173870917, 757993.323641659226269 ], [ 376545.876680472167209, 757940.08297747222241 ], [ 376564.598713203682564, 757940.042908689938486 ], [ 376564.087096960749477, 757931.163772126892582 ], [ 376584.290218440699391, 757930.625129414023831 ], [ 376593.033931184094399, 757878.349260436021723 ], [ 376587.417317346029449, 757793.556070347083732 ], [ 376594.788029332237784, 757784.174143344513141 ], [ 376672.646001299843192, 757786.460850955336355 ], [ 376685.489746032399125, 757800.229751073173247 ], [ 376716.516452309326269, 757789.31227981147822 ], [ 376719.449747234990355, 757779.936018070788123 ], [ 376749.019036076322664, 757783.812016507727094 ], [ 376752.032532198762055, 757808.951030461583287 ], [ 376768.788164369470906, 757807.92805348278489 ], [ 376772.156268030754291, 757774.396745393518358 ], [ 376785.457583778828848, 757773.870869441423565 ], [ 376796.819193913368508, 757783.70364164665807 ], [ 376860.841002027853392, 757768.267743038362823 ], [ 376862.731775081541855, 757732.772482115426101 ], [ 376870.580650269053876, 757717.956641292781569 ], [ 376891.245532132103108, 757705.095261643873528 ], [ 376922.991560816124547, 757581.26519511162769 ], [ 376920.317042493843473, 757490.561152205336839 ], [ 376903.748279038001783, 757360.436375418561511 ], [ 376913.057724329060875, 757336.25346749369055 ], [ 376916.396214764914475, 757289.902332662022673 ], [ 376923.783965207228903, 757287.917820666683838 ], [ 376892.799435646040365, 757101.129102269653231 ], [ 376886.89733005373273, 757104.595831086393446 ], [ 376866.617930207692552, 757072.103976262151264 ], [ 376852.167403252911754, 757004.587291764561087 ], [ 376895.012058467022143, 756992.66148929100018 ], [ 376887.544222978758626, 756960.134549193549901 ], [ 376850.60768080689013, 756967.121650249930099 ], [ 376846.636133284773678, 756956.2871819260763 ], [ 376820.531043856171891, 756960.292867010459304 ], [ 376813.032221128989477, 756914.454203233355656 ], [ 376870.153551611234434, 756899.040869475575164 ], [ 376883.264365575392731, 756812.237933131633326 ], [ 376850.493817643844523, 756706.310983062488958 ], [ 377009.508135237381794, 756643.825206495588645 ], [ 377211.869834263576195, 756571.867862633662298 ], [ 377237.377498644695152, 756518.060439502471127 ], [ 377256.815124852349982, 756403.144430126529187 ], [ 377304.379433378227986, 756301.471268211607821 ], [ 377325.97160633810563, 756260.991524525219575 ], [ 377339.645116985833738, 756209.194069807650521 ], [ 377407.36822881543776, 756088.240318789146841 ], [ 377463.872608617180958, 756015.142689445870928 ], [ 377471.674917464959435, 755980.123509031254798 ], [ 377525.653797351988032, 755880.404668872244656 ], [ 377632.331857268174645, 755773.175234977970831 ], [ 377687.815233399684075, 755683.317250617779791 ], [ 377752.47839146660408, 755517.016203460632823 ], [ 377743.330158917349763, 755397.724716214113869 ], [ 377757.893149751704186, 755301.55471859278623 ], [ 377797.012154821364675, 755168.838328466750681 ], [ 377854.425294841697905, 755064.180761673254892 ], [ 377961.770638474496081, 754812.005170581396669 ], [ 378050.035342076211236, 754620.994869253365323 ], [ 378100.959687022550497, 754477.906365967122838 ], [ 378151.731459003640339, 754272.198781797545962 ], [ 378180.139727242058143, 754194.72815675730817 ], [ 378189.800436503952369, 754109.406537283444777 ], [ 378243.68665402015904, 753969.263464243384078 ], [ 378285.226391165866517, 753817.324689122382551 ], [ 378353.82361271395348, 753860.55185286141932 ], [ 378415.889080763619859, 753631.15372249041684 ], [ 378464.508291822858155, 753557.581280436017551 ], [ 378571.743209075357299, 753472.532563394401222 ], [ 378601.161235564562958, 753407.385917346575297 ], [ 378651.498437438509427, 753221.895965906558558 ], [ 378765.234184175438713, 752961.318281056010164 ], [ 378773.648304237402044, 752542.726666946895421 ], [ 378753.8253282654332, 752277.027254811138846 ], [ 378756.574220494250767, 752186.30184951168485 ], [ 378895.122562470904086, 751780.724968427559361 ], [ 378929.96401029615663, 751500.606191472732462 ], [ 378975.249752841133159, 751259.420141959562898 ], [ 378986.887760515382979, 750958.152515974943526 ], [ 379049.659891510091256, 750601.058010771870613 ], [ 379158.785064691270236, 750257.172436100663617 ], [ 379259.430316623242106, 749869.922686066362076 ], [ 379350.393025433062576, 749559.119299631332979 ], [ 379426.606000635772943, 749258.695511155645363 ], [ 379439.55896269378718, 749103.857772229937837 ], [ 379428.97241314384155, 748996.890074661467224 ], [ 379377.342169642390218, 748831.846305997925811 ], [ 379229.672917492396664, 748472.267934253788553 ], [ 379036.980225344537757, 748256.262193202506751 ], [ 379459.916083590534981, 748071.417714768555015 ], [ 379564.768736693367828, 748017.439951019128785 ], [ 379708.591914162505418, 747977.677920745802112 ], [ 379826.221741303277668, 747905.928520619287156 ], [ 379897.527183225087356, 747837.239619788597338 ], [ 380013.878605481120758, 747633.355432385462336 ], [ 380205.155617641168647, 747435.723624017206021 ], [ 380495.829257145989686, 747167.366614733473398 ], [ 380572.771589880110696, 746969.003006096347235 ], [ 380576.631118244898971, 746934.477165648131631 ], [ 380587.947857126011513, 746925.58119067014195 ], [ 380664.557209362625144, 746802.647455404396169 ], [ 380675.79847513884306, 746759.732651385478675 ], [ 380663.348197997431271, 746700.100570608279668 ], [ 380607.543576725118328, 746648.957540968433022 ], [ 380437.872504056605976, 746589.671229370171204 ], [ 380399.869679335912224, 746568.554732109885663 ], [ 380368.736910540959798, 746529.675639188033529 ], [ 380358.213159036706202, 746453.777643581852317 ], [ 380379.304650221019983, 746404.42825678398367 ], [ 380491.91368609550409, 746292.264814278576523 ], [ 380484.507343306962866, 746285.374376503517851 ], [ 380669.528588047076482, 746153.823382519651204 ], [ 380775.906525898142718, 746114.635825664619915 ], [ 380776.380997885309625, 746107.241276275599375 ], [ 380876.895257704309188, 746093.219745118985884 ], [ 381075.504307589435484, 746090.807377884746529 ], [ 381271.963103869697079, 746001.136265483684838 ], [ 381463.596032225410454, 745963.243521058931947 ], [ 381763.794625083624851, 745981.814034147071652 ], [ 382058.113383238902315, 746022.085237755789421 ], [ 382291.706804472196382, 746013.193404285702854 ], [ 382480.822416907292791, 745946.71712394664064 ], [ 382586.271877878229134, 745936.136164498515427 ], [ 382628.663355785247404, 745939.986465032212436 ], [ 382684.452139983186498, 745981.280730687081814 ], [ 382740.319048761331942, 746062.99809262168128 ], [ 382933.644881704065483, 746122.728066482930444 ], [ 383041.634235261764843, 746145.666904073092155 ], [ 383148.606796380656306, 746157.263105226564221 ], [ 383267.368873554398306, 746149.120609099511057 ], [ 383338.402095923898742, 746177.067885158001445 ], [ 383411.333295574993826, 746170.989236014196649 ], [ 383471.518669398152269, 746196.989341299748048 ], [ 383512.502061108127236, 746232.398612798657268 ], [ 383553.74530787684489, 746388.103879499831237 ], [ 383573.06394738832023, 746432.92242989060469 ], [ 383588.459524215490092, 746487.621003473759629 ], [ 383646.704211562930141, 746528.903165531577542 ], [ 383670.515062176971696, 746600.340447443653829 ], [ 383665.342854046961293, 746717.690135138458572 ], [ 383664.012533578439616, 746783.263352096430026 ], [ 383660.248351467598695, 746866.595140462857671 ], [ 383717.619660016382113, 746962.610475035617128 ], [ 383756.666324742371216, 747010.83772894309368 ], [ 383784.969035591231659, 747108.891131344949827 ], [ 383823.848448851436842, 747311.436824096483178 ], [ 383843.037645033909939, 747528.31785294006113 ], [ 383864.389049583056476, 747601.734414593083784 ], [ 383890.600689243176021, 747640.620794320595451 ], [ 384023.841901480744127, 747723.656220562406816 ], [ 384226.080714448471554, 747806.049918223521672 ], [ 384258.697588127339259, 747844.923164620646276 ], [ 384319.114183371828403, 747981.854577530059032 ], [ 384352.310351946915034, 748062.145399367669597 ], [ 384379.457883203402162, 748080.821756440447643 ], [ 384381.731129957828671, 748220.830864738090895 ], [ 384439.978211027570069, 748266.555609700619243 ], [ 384504.728609473211691, 748353.185270818416029 ], [ 384547.64977481297683, 748375.774377483990975 ], [ 384567.376157047401648, 748379.180294635589235 ], [ 384599.488120510010049, 748416.58634047198575 ], [ 384651.516713879420422, 748546.137459706049412 ], [ 384683.581643999146763, 748561.84093410265632 ], [ 384729.073140014836099, 748630.763447826961055 ], [ 384758.303232205274981, 748701.701714464579709 ], [ 384852.758026669267565, 748853.341731842723675 ], [ 384868.130888589192182, 748899.16555813245941 ], [ 384913.087104298174381, 748947.875405252445489 ], [ 384982.676236074534245, 748996.535938991932198 ], [ 385016.369839336257428, 749081.75192524807062 ], [ 385045.472806755220518, 749094.014813209418207 ], [ 385080.646188576356508, 749178.742711654631421 ], [ 385077.24499648436904, 749202.906849636463448 ], [ 385124.763480883324519, 749298.936968163470738 ], [ 385165.746007925947197, 749334.348032824811526 ], [ 385171.721373673528433, 749362.44004714244511 ], [ 385184.560343852790538, 749375.229880454135127 ], [ 385252.323680384957697, 749488.968670839676633 ], [ 385280.480452386778779, 749522.439550025388598 ], [ 385360.572919289872516, 749640.591575070633553 ], [ 385386.315468022832647, 749696.741154266986996 ], [ 385499.555256194551475, 749875.955136208445765 ], [ 385532.681616513582412, 749926.663827446987852 ], [ 385592.267419279902242, 749905.825804199906997 ], [ 385653.829782187007368, 749887.458314431714825 ], [ 385704.11155187850818, 749892.281765155028552 ], [ 385741.497310411476064, 749861.634106229641475 ], [ 385793.746003947569989, 749864.479434140492231 ], [ 385711.463720648200251, 750106.232382745365612 ], [ 385676.328409983951133, 750267.520043068565428 ], [ 385677.861011295113713, 750291.673118980950676 ], [ 385601.052793072711211, 750326.847455278621055 ], [ 385629.830018674721941, 750417.499685737071559 ], [ 385596.03392397519201, 750516.668831957969815 ], [ 385520.157928943110164, 750520.28256847395096 ], [ 385471.598251589632127, 750628.351695819757879 ], [ 385452.556057498964947, 750714.175236077047884 ], [ 385346.832556781475432, 750819.914750213501975 ], [ 385287.761193805141374, 750852.086844586883672 ], [ 385228.414627634454519, 750984.834486513398588 ], [ 385220.145258546224795, 751035.136004904168658 ], [ 385190.638945842627436, 751062.804880049196072 ], [ 385165.533687301038299, 751075.184573560254648 ], [ 385083.476081300294027, 751188.761104669538327 ], [ 385017.04123844060814, 751232.289844572311267 ], [ 384999.846810432209168, 751255.989423886174336 ], [ 384885.211965667956974, 751343.004434250877239 ], [ 384756.852521337976214, 751466.535468035144731 ], [ 384748.502586907299701, 751479.370962136308663 ], [ 384662.855910894810222, 751526.394023257307708 ], [ 384654.047246812027879, 751554.022563946433365 ], [ 384474.947848583920859, 751686.532907064422034 ], [ 384345.207639617263339, 751849.508163637598045 ], [ 384290.793200328480452, 751982.255553590017371 ], [ 384278.537831399880815, 752012.844068195554428 ], [ 384247.735302821791265, 752126.800781845813617 ], [ 384184.612679892103188, 752333.511817188584246 ], [ 384162.102535911719315, 752403.566367794643156 ], [ 384149.360012904624455, 752440.077610479784198 ], [ 384135.243892696511466, 752517.51336362643633 ], [ 384134.294961323030293, 752536.740074739442207 ], [ 384112.663403086015023, 752559.468331444077194 ], [ 384069.890782796021085, 752604.91633217188064 ], [ 384029.056716182036325, 752635.07991637615487 ], [ 384032.682395482028369, 752718.886724863899872 ], [ 383996.445409466978163, 752823.976690490730107 ], [ 383992.105367753945757, 752867.371255971491337 ], [ 383995.074491899576969, 752874.757488501723856 ], [ 384035.98325940547511, 752874.67535323521588 ], [ 384046.993935113365296, 752953.04034041822888 ], [ 384082.080259802984074, 753000.294623814057559 ], [ 384129.677139362320304, 753130.341250371420756 ], [ 384157.335137837741058, 753158.880643980344757 ], [ 384176.349555208405945, 753295.405812299344689 ], [ 384153.80895715218503, 753351.163109838031232 ], [ 384127.254292936238926, 753378.831669549341314 ], [ 384134.188357385108247, 753396.06771453237161 ], [ 384149.934937148995232, 753383.216080574202351 ], [ 384134.376827864325605, 753482.842972941580229 ], [ 384152.128368529956788, 753485.271183266653679 ], [ 384154.617519884952344, 753497.59024067374412 ], [ 384146.74960132164415, 753506.477874006377533 ], [ 384145.334795192058664, 753537.052413839497603 ], [ 384129.167071023839526, 753577.509706191951409 ], [ 384109.753131493693218, 753713.136243096087128 ], [ 384116.240540227736346, 753750.593643494416028 ], [ 384208.40641647024313, 753759.758036116021685 ], [ 384205.568027926201466, 753812.516215459560044 ], [ 384219.900823204545304, 753835.163317115744576 ], [ 384253.964061615522951, 753863.683275734772906 ], [ 384288.952465073671192, 753862.126470764516853 ], [ 384332.930828495358583, 753916.76126614632085 ], [ 384455.790120719640981, 753989.955043888301589 ], [ 384580.501734784455039, 754008.908199724974111 ], [ 384572.774958373978734, 754078.44434505677782 ], [ 384598.897574580390938, 754082.822691341163591 ], [ 384640.386168388300575, 754125.621088643558323 ], [ 384658.72220620396547, 754176.361868065898307 ], [ 384696.200992977595888, 754188.606383039150387 ], [ 384767.350195238250308, 754275.722956871497445 ], [ 384779.251438066130504, 754308.727225536596961 ], [ 384880.008182083372958, 754415.989298825385049 ], [ 384964.94058714073617, 754495.669414681498893 ], [ 384988.534844806359615, 754469.983891585841775 ], [ 385002.70833949331427, 754415.22905365366023 ], [ 384957.29139309504535, 754378.349082397995517 ], [ 385076.502795001666527, 754356.890865125809796 ], [ 385155.84545553085627, 754360.670130429323763 ], [ 385157.372173496638425, 754381.866491975961253 ], [ 385194.308390801423229, 754375.377829222939909 ], [ 385192.447206766984891, 754422.219084087060764 ], [ 385227.001920234877616, 754453.204745297436602 ], [ 385235.031435064622201, 754519.740919006988406 ], [ 385219.862168003281113, 754567.591514352941886 ], [ 385194.240727075957693, 754571.598289042129181 ], [ 385176.733749117702246, 754677.139492719434202 ], [ 385182.730193469440565, 754715.084440470905975 ], [ 385207.472861645743251, 754767.297430363483727 ], [ 385206.05974554392742, 754794.416855283197947 ], [ 385242.140870809846092, 754846.593317929189652 ], [ 385260.972864087263588, 754896.350374578731135 ], [ 385347.172452368424274, 754878.911647272529081 ], [ 385361.077983021968976, 754927.684575215680525 ], [ 385412.825089447782375, 754931.02795138489455 ], [ 385491.154378587321844, 754921.488295876071788 ], [ 385729.687136585824192, 754937.737152096931823 ], [ 385840.818205943098292, 754826.078036101418547 ], [ 385777.662492331000976, 754788.746307646739297 ], [ 385795.348135336185805, 754766.525891152676195 ], [ 385824.952977617038414, 754782.237524771830067 ], [ 385837.695741955598351, 754751.14629837567918 ], [ 385786.888472622260451, 754727.588364546187222 ], [ 385774.54203139746096, 754714.796397528029047 ], [ 385779.429822458361741, 754693.594099735841155 ], [ 385837.920976742054336, 754627.40140059159603 ], [ 385946.393900104565546, 754653.29771100229118 ], [ 385902.245324095361866, 754748.0476906420663 ], [ 385890.455068412818946, 754765.828983728308231 ], [ 386009.411639946920332, 754860.230737307225354 ], [ 386044.4835767155746, 754896.635059298481792 ], [ 386100.676926080079284, 754907.858828221447766 ], [ 386111.554559035983402, 754922.131413130904548 ], [ 386109.689748231263366, 754971.93005697207991 ], [ 385974.154107811045833, 754961.867775967810303 ], [ 385809.673450212168973, 755011.5161743380595 ], [ 385725.356471663340926, 754985.571195925120264 ], [ 385718.5035885872785, 755005.310070790466852 ], [ 385692.359299036441371, 754993.534503265400417 ], [ 385627.607262015168089, 755131.223410812555812 ], [ 385724.713209342444316, 755147.283313963213004 ], [ 385752.801224654365797, 755146.240027300780639 ], [ 385755.720698519551661, 755126.507277881493792 ], [ 385766.558681035414338, 755126.48753604805097 ], [ 385768.511019402183592, 755117.602841095766053 ], [ 385895.769592380442191, 755176.988496523234062 ], [ 385913.134483669186011, 755229.700969523983076 ], [ 385922.017816439969465, 755237.575783056207001 ], [ 385919.666946278652176, 755289.347887783311307 ], [ 385859.122199618897866, 755321.025501917232759 ], [ 385824.122581209405325, 755314.204030673485249 ], [ 385824.49352614057716, 755258.487093128729612 ], [ 385797.868711405200884, 755251.153737741638906 ], [ 385792.489383336971514, 755267.432680617901497 ], [ 385749.073254040442407, 755246.321792126400396 ], [ 385737.69716037804028, 755224.161602345178835 ], [ 385702.223544735927135, 755229.660838493262418 ], [ 385603.629160966258496, 755210.155761268921196 ], [ 385594.963820125034545, 755303.846869896282442 ], [ 385618.445294269942679, 755454.661158906295896 ], [ 385666.141792234091554, 755636.972681486746296 ], [ 385663.882336490263697, 755731.146614558761939 ], [ 385651.737295317114331, 755812.020602516131476 ], [ 385630.539119101362303, 755806.153342443751171 ], [ 385611.413159876945429, 755851.556098523666151 ], [ 385547.977498201886192, 755912.329947513644584 ], [ 385487.070263015164528, 755999.722375283599831 ], [ 385492.070568174705841, 756035.211388743016869 ], [ 385507.886530471034348, 756055.887232378008775 ], [ 385454.198284071462695, 756065.862464295583777 ], [ 385425.5566658123862, 756037.816743004717864 ], [ 385383.179685389332008, 756039.884993544896133 ], [ 385375.299224267713726, 756042.369104721467011 ], [ 385331.170560085796751, 756142.05176018725615 ], [ 385254.464285764377564, 756217.157525646500289 ], [ 385142.67178211704595, 756246.482917796238326 ], [ 385134.78263785445597, 756245.02309561020229 ], [ 385146.179796784126665, 756276.546687771915458 ], [ 384986.612293509067968, 756316.832774646230973 ], [ 384920.095181346288882, 756319.437702289200388 ], [ 384912.730357776279561, 756329.310562714817934 ], [ 384852.139150996576063, 756337.335784239578061 ], [ 384821.134939463809133, 756356.133328294847161 ], [ 384819.709495695307851, 756381.777147764689289 ], [ 384810.857188389170915, 756388.695461123832501 ], [ 384819.310878454882186, 756424.179442699649371 ], [ 384781.429083775670733, 756451.378097313689068 ], [ 384770.578463632846251, 756445.972224101424217 ], [ 384759.737651900621131, 756449.444709281437099 ], [ 384763.218052730546333, 756462.260782501660287 ], [ 384716.554341646027751, 756528.920883812941611 ], [ 384661.009427365497686, 756593.621045719017275 ], [ 384623.102573833079077, 756609.478544436977245 ], [ 384606.388453454594128, 756627.75988064694684 ], [ 384596.952509989612736, 756596.227254730765708 ], [ 384499.384938352159224, 756593.483424451900646 ], [ 384422.97636583133135, 756577.868923951289617 ], [ 384413.622737753961701, 756584.304991918848827 ], [ 384399.807145973667502, 756573.480655231163837 ], [ 384337.847816027875524, 756634.749731488409452 ], [ 384355.639817685238086, 756656.409995262860321 ], [ 384349.74957949569216, 756667.756382362451404 ], [ 384353.238812152063474, 756684.516883887466975 ], [ 384345.868568959704135, 756696.361950458609499 ], [ 384360.250753387575969, 756737.749678797554225 ], [ 384340.061015285027679, 756745.677538346033543 ], [ 384300.670676657930017, 756756.608466309728101 ], [ 384283.46581808134215, 756779.324474005494267 ], [ 384291.889147986308672, 756800.505699908128008 ], [ 384209.670547635934781, 756833.715682136942632 ], [ 384214.171907745709177, 756860.328920927713625 ], [ 384175.773279635934159, 756880.630058897542767 ], [ 384176.33993999910308, 756911.193864347878844 ], [ 384139.876310056773946, 756914.728969894931652 ], [ 384130.373765961965546, 756848.679191638482735 ], [ 384111.162355091015343, 756851.191265721921809 ], [ 384067.616848880541511, 756765.496044028084725 ], [ 384043.262505757564213, 756672.373025876819156 ], [ 384031.902154294133652, 756658.596663577249274 ], [ 384033.297176585299894, 756619.148053691023961 ], [ 383986.40264026762452, 756581.2904955240665 ], [ 383833.526570204470772, 756527.38823102787137 ], [ 383797.533340384834446, 756518.101426671375521 ], [ 383786.67072237416869, 756507.770055138273165 ], [ 383773.765141584153753, 756464.904084161156788 ], [ 383700.347219130781014, 756465.068085648934357 ], [ 383653.690347300085705, 756536.66097446763888 ], [ 383610.890550516545773, 756568.799210446886718 ], [ 383538.361889059946407, 756527.54286571580451 ], [ 383486.105246700171847, 756515.336153525160626 ], [ 383472.178101860801689, 756458.665873926365748 ], [ 383470.163815238920506, 756435.01008721254766 ], [ 383460.773607203620486, 756425.161642913590185 ], [ 383455.866048344527371, 756433.063992447801866 ], [ 383410.447163416713011, 756394.218647781643085 ], [ 383337.483337683952413, 756379.089307632995769 ], [ 383334.454509935691021, 756344.591949745663442 ], [ 383252.182641122024506, 756353.146310959127732 ], [ 383130.371679937990848, 756307.566582190222107 ], [ 383055.95783034019405, 756307.729927991749719 ], [ 383012.192670856369659, 756348.253577046794817 ], [ 382968.356810272380244, 756356.735934735508636 ], [ 382916.560172261553816, 756332.198966697556898 ], [ 382766.090636505105067, 756248.715292556677014 ], [ 382753.734357878100127, 756233.458298574085347 ], [ 382640.312377223977819, 756195.746345480671152 ], [ 382470.563823967298958, 756088.153000599355437 ], [ 382328.965331053244881, 756009.087132235057652 ], [ 382301.288718575844541, 755970.195017650490627 ], [ 382311.602742721617687, 755953.410731065552682 ], [ 382268.684671791037545, 755934.770370166515931 ], [ 382253.876403715228662, 755920.51208598993253 ], [ 382222.506782440235838, 755773.654547880869359 ], [ 382198.682616351288743, 755697.785873003653251 ], [ 382184.322619614948053, 755668.727209756267257 ], [ 382185.751657372864429, 755645.059108226792887 ], [ 382159.171522215823643, 755658.432735092006624 ], [ 382133.475045378669165, 755623.487566841649823 ], [ 382043.17698163096793, 755570.932941993814893 ], [ 381913.955323747126386, 755519.450426341965795 ], [ 381847.73315450293012, 755431.343882037210278 ], [ 381790.493862924864516, 755398.439937813673168 ], [ 381780.537032058462501, 755351.133172897156328 ], [ 381680.422497792227659, 755316.354762775590643 ], [ 381729.448236051423009, 755202.848923669662327 ], [ 381712.67202450579498, 755191.05336310423445 ], [ 381679.06293386570178, 755146.26602730085142 ], [ 381632.64853210846195, 755105.939926090766676 ], [ 381608.921230570063926, 755070.49098072189372 ], [ 381588.682126353844069, 755054.759306932683103 ], [ 381533.10005536430981, 755101.717555078561418 ], [ 381487.663590328302234, 755055.968781505245715 ], [ 381496.4870191286318, 755034.752139277290553 ], [ 381441.171847336518113, 754977.195484388736077 ], [ 381390.350249602401163, 754950.186250524944626 ], [ 381397.191546219517477, 754924.535114651429467 ], [ 381313.294143892650027, 754868.522007295279764 ], [ 381252.629916143196169, 754842.03349725692533 ], [ 381186.439851988921873, 754771.180500978138298 ], [ 381155.356274158344604, 754755.478350793709978 ], [ 381075.046783342724666, 754760.582223390345462 ], [ 380996.656650648103096, 754746.463968344731256 ], [ 380968.060387426230591, 754737.650135918986052 ], [ 380899.914110631856602, 754894.585943373735063 ], [ 380951.716814366984181, 754920.105531200533733 ], [ 380929.16946746740723, 754974.38990777626168 ], [ 380879.071189237001818, 755048.451441095676273 ], [ 380826.539441793574952, 755135.83953907538671 ], [ 380800.025074188190047, 755180.265187218552455 ], [ 380760.236430981836747, 755235.084127887734212 ], [ 380744.459688953356817, 755232.165508490637876 ], [ 380728.246283884509467, 755253.395340171526186 ], [ 380702.123698793584481, 755249.515435106121004 ], [ 380625.462697311362717, 755346.809448771295138 ], [ 380642.347797582799103, 755401.988129232660867 ], [ 380617.716114764567465, 755406.485772900283337 ], [ 380610.354095651768148, 755418.827626171172597 ], [ 380601.022915709239896, 755432.649058828596026 ], [ 380570.952872925030533, 755427.784970222855918 ], [ 380562.577738245367073, 755430.268316113390028 ], [ 380558.187415174674243, 755450.498334471834823 ], [ 380542.418115922249854, 755451.023090908769518 ], [ 380521.97032419295283, 755561.997258938383311 ], [ 380504.33764028607402, 755606.903974537155591 ], [ 380502.501393195590936, 755667.549649000982754 ], [ 380487.227259959327057, 755670.046252229367383 ], [ 380501.66218460915843, 755735.09268188290298 ], [ 380491.873489512421656, 755763.715025787707418 ], [ 380476.611031308420934, 755767.20208931050729 ], [ 380452.107658341759816, 755828.886546891764738 ], [ 380436.333860349201132, 755827.439537456491962 ], [ 380380.541181174281519, 755778.753203067579307 ], [ 380353.821710349759087, 755728.0349783009151 ], [ 380339.570499278430361, 755744.824410686036572 ], [ 380278.396893899014685, 755716.859369109501131 ], [ 380265.662885341909714, 755749.431740336236544 ], [ 380248.415878091414925, 755751.935893343877979 ], [ 380232.725548527378123, 755783.525096824276261 ], [ 380208.57267247827258, 755783.089451494859532 ], [ 380186.89693073037779, 755784.618341622990556 ], [ 380170.093344942200929, 755761.973497953731567 ], [ 380143.964946002408396, 755756.11248451762367 ], [ 380142.949514613021165, 755745.272248405730352 ], [ 380075.900164418562781, 755728.169772803899832 ], [ 380070.012473417096771, 755741.494207041687332 ], [ 380054.709873310173862, 755731.661474012769759 ], [ 380042.869421102805063, 755725.283719379105605 ], [ 379999.032961200922728, 755731.294159761164337 ], [ 379984.829179787600879, 755769.289517327910289 ], [ 379913.87858635711018, 755776.352030236739665 ], [ 379906.194691737764515, 755863.633943152846768 ], [ 379886.017932005750481, 755873.050430744653568 ], [ 379893.560694720945321, 755940.582406241912395 ], [ 379991.123597883037291, 755940.353812362300232 ], [ 380014.974800537223928, 756028.551320495433174 ], [ 380048.99482002959121, 756034.891012158128433 ], [ 380069.24459659907734, 756058.011881037033163 ], [ 380053.83788786601508, 756215.320208586286753 ], [ 380063.811385722248815, 756268.546494066598825 ], [ 380079.10216187936021, 756277.389629564830102 ], [ 380065.387204505328555, 756314.397764736437239 ], [ 380073.36751533462666, 756354.311808698810637 ], [ 380063.075211784278508, 756381.454687552060932 ], [ 380052.54307428287575, 756515.575362443458289 ], [ 380053.620360016124323, 756557.974965594359674 ], [ 380069.035155828925781, 756617.596233027987182 ], [ 380083.963044369826093, 756683.133200721000321 ], [ 380048.079574374540243, 756720.690186825580895 ], [ 380024.436855583451688, 756724.680060569779016 ], [ 379909.782258756225929, 756795.445973339141347 ], [ 379854.064918954391032, 756781.27381526993122 ], [ 379793.961982689623255, 756785.354429316241294 ], [ 379646.260641139640938, 756843.373670014319941 ], [ 379623.723778303421568, 756902.58663286594674 ], [ 379616.45983106357744, 756958.313057095278054 ], [ 379585.518735361052677, 757003.253475920064375 ], [ 379571.398976581695024, 757078.222528383135796 ], [ 379597.101342837093398, 757112.183467197464779 ], [ 379594.681547473068349, 757131.419724699808285 ], [ 379573.046334494953044, 757151.186859417008236 ], [ 379582.457301511778496, 757172.367826381232589 ], [ 379597.753162101260386, 757183.175393265555613 ], [ 379640.931754915043712, 757319.649669515434653 ], [ 379634.796498200797942, 757436.014361090026796 ], [ 379627.438278692425229, 757454.275186251150444 ], [ 379558.902432250906713, 757431.748763359850273 ], [ 379534.739603141671978, 757427.367982363561168 ], [ 379523.902105752727948, 757426.405603459570557 ], [ 379480.587993303313851, 757446.72021336981561 ], [ 379390.858855890051927, 757427.203674388467334 ], [ 379362.773151630652137, 757428.745319782057777 ], [ 379361.810586084844545, 757437.123713013948873 ], [ 379308.094570214336272, 757436.755394507315941 ], [ 379259.307932711439207, 757433.41926120466087 ], [ 379215.556419245316647, 757481.832897713640705 ], [ 379150.043629864056129, 757490.852580725681037 ], [ 379083.497779681172688, 757481.641006595571525 ], [ 379078.603303323267028, 757495.950582589954138 ], [ 378982.514542380871717, 757495.677085143863223 ], [ 378948.965169100498315, 757473.568209887482226 ], [ 378924.742666061734781, 757439.597964751417749 ], [ 378799.645163511217106, 757467.992207783623599 ], [ 378693.148400332196616, 757441.610920226667076 ], [ 378634.719336153706536, 757532.461764842737466 ], [ 378545.933605347643606, 757495.688163579790853 ], [ 378544.487018449581228, 757507.028696447610855 ], [ 378298.63440674811136, 757523.370699302991852 ], [ 378313.69384178170003, 757644.122770565794781 ], [ 378546.704351630585734, 757617.956079885945655 ], [ 378634.854673050693236, 757591.623664663522504 ], [ 378654.174446922843345, 757635.951142514590174 ], [ 378640.927171814721078, 757663.095687615917996 ], [ 378601.538226704404224, 757676.006631013471633 ], [ 378514.750047163164709, 757650.075452992576174 ], [ 378491.609964502742514, 757656.537427367991768 ], [ 378491.64158497803146, 757670.342025035060942 ], [ 378448.292819118010812, 757677.342689123935997 ], [ 378443.337211059289984, 757665.033713759854436 ], [ 378408.355776300479192, 757665.60664302483201 ], [ 378405.844607353734318, 757644.902511572581716 ], [ 378308.30155644932529, 757655.478438756545074 ], [ 378196.978653353755362, 757671.514609727892093 ], [ 378187.135133054340258, 757894.381768793449737 ], [ 378202.28225111606298, 758053.102142945397645 ], [ 378047.49229797325097, 758021.408885857090354 ], [ 378018.56867001845967, 758087.049620371777564 ], [ 377937.306686834257562, 758105.97185979434289 ], [ 377907.802330933627672, 758132.659728693193756 ], [ 377899.075334205583204, 758196.281188311171718 ], [ 377900.573293959605508, 758203.180604007444344 ], [ 377787.409173213411123, 758277.890659119817428 ], [ 377525.810479707550257, 758513.673294970300049 ], [ 377487.037821675476152, 758578.346566894673742 ], [ 377428.974042404966895, 758612.502257879707031 ], [ 377412.733540182176512, 758623.38695423444733 ], [ 377392.114558673230931, 758655.473102839547209 ], [ 377364.964641135651618, 758635.328387420973741 ], [ 377233.222763828234747, 758557.732081408030353 ], [ 377227.300450645037927, 758552.319646437186748 ], [ 377215.021742726559751, 758570.096790451090783 ], [ 377191.842489392671268, 758560.789546909276396 ], [ 377174.596926464291755, 758561.812060057767667 ], [ 377111.958240346750244, 758537.304470089264214 ], [ 377091.778209025680553, 758547.213440884137526 ], [ 377070.084230379259679, 758539.379923619446345 ], [ 377073.488887379993685, 758521.623079352197237 ], [ 377064.115748079260811, 758518.189231902244501 ], [ 377068.489944476285018, 758491.062827749410644 ], [ 377051.221254969597794, 758482.224085313966498 ], [ 377049.152063921210356, 758440.814371034735814 ], [ 377021.061427378328517, 758438.910808467539027 ], [ 377004.264386568567716, 758417.748436349676922 ], [ 376948.99359184759669, 758383.368073374498636 ], [ 376910.057681369944476, 758378.529582909308374 ], [ 376892.3389473274583, 758387.440660088323057 ], [ 376886.90615785960108, 758381.537914211978205 ], [ 376839.63458403624827, 758397.423746985150501 ], [ 376821.892836476035882, 758396.482652809703723 ], [ 376818.415949796733912, 758383.174428743892349 ], [ 376798.702148330979981, 758382.731604952481575 ], [ 376798.126409109856468, 758346.249898901209235 ], [ 376770.010877407854423, 758333.985669963643886 ], [ 376759.5924774815212, 758303.440356408245862 ], [ 376748.73817436536774, 758296.569987293099985 ], [ 376768.289078777539544, 758230.949076563469134 ], [ 376779.12532360694604, 758225.995450639515184 ], [ 376765.776828729489353, 758210.243991485214792 ], [ 376770.187743818445597, 758198.896180064068176 ], [ 376698.635898363078013, 758155.18021172657609 ], [ 376674.521401940961368, 758166.576199488365091 ], [ 376609.951706078834832, 758157.855437839403749 ], [ 376609.419188264058903, 758144.049954209593125 ], [ 376549.748632032540627, 758122.991407576366328 ], [ 376548.696710195741616, 758092.918074043700472 ], [ 376541.784823980880901, 758088.495819430449046 ] ] ] } ] } }
]
}
