zone_id,name,n_bins,n_hot,n_cold,hot_share,cold_share,final_run,mk_tau,mk_z,mk_p,mk_slope,trend,category,reason,noise_sd,detectable_slope,underpowered,status
LK1103005,Sammanthranapura,12,0,0,0.0,0.0,0,-0.18181818181818182,-0.7542980294561158,0.4506702853141802,-0.04034714197503059,no trend,no_pattern,never significantly hot or cold,0.36844619737886664,0.10533992857801958,True,ok
LK1103010,Mattakkuliya,12,4,0,0.3333333333333333,0.0,0,-0.36363636363636365,-1.5771686070446058,0.11475673431864908,-0.07783952898122878,no trend,no_pattern,hot in only 33% of bins and not in the final bin,0.5137740288550698,0.1468896134356975,True,ok
LK1103015,Modara,12,6,0,0.5,0.0,0,-0.36363636363636365,-1.5771686070446058,0.11475673431864908,-0.08683438467541457,no trend,no_pattern,hot in only 50% of bins and not in the final bin,0.582273248200825,0.16647375604556727,True,ok
LK1103020,Madampitiya,12,4,0,0.3333333333333333,0.0,0,-0.30303030303030304,-1.302878414515109,0.19261627432960227,-0.08888391760449262,no trend,no_pattern,hot in only 33% of bins and not in the final bin,0.5354065488202876,0.15307441904452132,True,ok
LK1103025,Mahawatta,12,11,0,0.9166666666666666,0.0,0,-0.3333333333333333,-1.4400235107798574,0.14986074751304912,-0.11557602682778215,no trend,historical_hot_spot,hot in 92% of bins but not in the last 1 bin(s),0.6619615148069707,0.1892568825169902,False,ok
LK1103030,Aluthmawatha,12,11,0,0.9166666666666666,0.0,0,-0.36363636363636365,-1.5771686070446058,0.11475673431864908,-0.08957546355058807,no trend,historical_hot_spot,hot in 92% of bins but not in the last 1 bin(s),0.5351552657851215,0.153002576433129,False,ok
LK1103035,Lunupokuna,12,12,0,1.0,0.0,12,-0.30303030303030304,-1.302878414515109,0.19261627432960227,-0.06487316875899428,no trend,persistent_hot_spot,hot in 100% of bins with no significant trend,0.5553669825040967,0.15878116991777472,False,ok
LK1103040,Bloemendhal,12,12,0,1.0,0.0,12,-0.3939393939393939,-1.714313703309354,0.08647112777407262,-0.13057492139065244,no trend,persistent_hot_spot,hot in 100% of bins with no significant trend,0.6092498370974653,0.1741864477977598,False,ok
LK1103045,Kotahena East,12,12,0,1.0,0.0,12,-0.30303030303030304,-1.302878414515109,0.19261627432960227,-0.08259672382854265,no trend,persistent_hot_spot,hot in 100% of bins with no significant trend,0.5816061725422388,0.16628303701323227,False,ok
LK1103050,Kotahena West,12,11,0,0.9166666666666666,0.0,8,-0.21212121212121213,-0.8914431257208641,0.37269149047151817,-0.04714551236999645,no trend,persistent_hot_spot,hot in 92% of bins with no significant trend,0.5675237690755947,0.162256833497125,False,ok
LK1103055,Kochchikade North,12,12,0,1.0,0.0,12,-0.24242424242424243,-1.0285882219856124,0.303673214899419,-0.07236922959257819,no trend,persistent_hot_spot,hot in 100% of bins with no significant trend,0.558054520083998,0.1595495453786468,False,ok
LK1103060,Jinthupitiya,12,12,0,1.0,0.0,12,-0.24242424242424243,-1.0285882219856124,0.303673214899419,-0.06146068079523091,no trend,persistent_hot_spot,hot in 100% of bins with no significant trend,0.560684348270955,0.16030142154226928,False,ok
LK1103065,Masangasweediya,12,12,0,1.0,0.0,12,-0.45454545454545453,-1.9886038958388508,0.046744941053711075,-0.13058254090936394,decreasing,diminishing_hot_spot,hot in 100% of bins but significantly decreasing,0.6053007856616487,0.17305740155122712,False,ok
LK1103070,New Bazaar,12,12,0,1.0,0.0,12,-0.45454545454545453,-1.9886038958388508,0.046744941053711075,-0.14596731300694982,decreasing,diminishing_hot_spot,hot in 100% of bins but significantly decreasing,0.540625125127486,0.15456642645127425,False,ok
LK1103075,Grandpass South,12,12,0,1.0,0.0,12,-0.45454545454545453,-1.9886038958388508,0.046744941053711075,-0.15139973642131488,decreasing,diminishing_hot_spot,hot in 100% of bins but significantly decreasing,0.6632478607148651,0.18962465286454214,False,ok
LK1103080,Grandpass North,12,12,0,1.0,0.0,12,-0.48484848484848486,-2.125748992103599,0.03352416523500468,-0.14011992461051276,decreasing,diminishing_hot_spot,hot in 100% of bins but significantly decreasing,0.45802464951216715,0.13095069024954895,False,ok
LK1103085,Nawagampura,12,12,0,1.0,0.0,12,-0.5151515151515151,-2.2628940883683475,0.023642218909198487,-0.13625689674167257,decreasing,diminishing_hot_spot,hot in 100% of bins but significantly decreasing,0.4697971771652342,0.13431649299355625,False,ok
LK1103090,Maligawatta East,12,12,0,1.0,0.0,12,-0.2727272727272727,-1.1657333182503609,0.24372228477217428,-0.07753373407172777,no trend,persistent_hot_spot,hot in 100% of bins with no significant trend,0.8056129003958907,0.23032726621404376,False,ok
LK1103095,Khettarama,12,12,0,1.0,0.0,12,-0.42424242424242425,-1.8514587995741025,0.06410357671243583,-0.14133160304732972,no trend,persistent_hot_spot,hot in 100% of bins with no significant trend,0.64723088353208,0.18504534862833802,False,ok
LK1103100,Aluthkade East,12,12,0,1.0,0.0,12,-0.5757575757575758,-2.537184280897844,0.011174811327380407,-0.15417351291687725,decreasing,diminishing_hot_spot,hot in 100% of bins but significantly decreasing,0.5410254135479847,0.15468087017175752,False,ok
LK1103105,Aluthkade West,12,12,0,1.0,0.0,12,-0.48484848484848486,-2.125748992103599,0.03352416523500468,-0.13173717312405042,decreasing,diminishing_hot_spot,hot in 100% of bins but significantly decreasing,0.46425102159500503,0.13273082964350197,False,ok
LK1103110,Kochchikade South,12,12,0,1.0,0.0,12,-0.3333333333333333,-1.4400235107798574,0.14986074751304912,-0.11322996366288712,no trend,persistent_hot_spot,hot in 100% of bins with no significant trend,0.5814482418792433,0.16623788413913945,False,ok
LK1103115,Pettah,12,11,0,0.9166666666666666,0.0,8,0.0,0.0,1.0,-0.0004234126610905645,no trend,persistent_hot_spot,hot in 92% of bins with no significant trend,0.5599763470878013,0.1600990017735293,False,ok
LK1103120,Fort,12,6,0,0.5,0.0,0,0.06060606060606061,0.20571764439712248,0.837011475105446,0.02295689202816731,no trend,no_pattern,hot in only 50% of bins and not in the final bin,0.6586676818044288,0.18831516528472111,True,ok
LK1103125,Galle Face,12,0,0,0.0,0.0,0,0.30303030303030304,1.302878414515109,0.19261627432960227,0.040568221540274396,no trend,no_pattern,never significantly hot or cold,0.5289132658116529,0.15121796897601078,True,ok
LK1103130,Slave Island,12,1,0,0.08333333333333333,0.0,0,0.18181818181818182,0.7542980294561158,0.4506702853141802,0.04288776534380864,no trend,no_pattern,hot in only 8% of bins and not in the final bin,0.6333757626632966,0.18108412592298684,True,ok
LK1103135,Hunupitiya,12,4,0,0.3333333333333333,0.0,0,0.24242424242424243,1.0285882219856124,0.303673214899419,0.04089526924009966,no trend,no_pattern,hot in only 33% of bins and not in the final bin,0.7167702318772924,0.20492686739595944,True,ok
LK1103140,Suduwella,12,11,0,0.9166666666666666,0.0,8,-0.12121212121212122,-0.48000783692661914,0.6312218204782534,-0.03422477256758445,no trend,persistent_hot_spot,hot in 92% of bins with no significant trend,0.8361598306983715,0.23906072982211635,False,ok
LK1103145,Keselwatta,12,12,0,1.0,0.0,12,-0.5757575757575758,-2.537184280897844,0.011174811327380407,-0.1286881098570568,decreasing,diminishing_hot_spot,hot in 100% of bins but significantly decreasing,0.5894777936557479,0.1685335582882222,False,ok
LK1103150,Panchikawatta,12,12,0,1.0,0.0,12,-0.5454545454545454,-2.400039184633096,0.016393316888809073,-0.11760172843920166,decreasing,diminishing_hot_spot,hot in 100% of bins but significantly decreasing,0.6104647288053018,0.17453378916440696,False,ok
LK1103155,Maligawatta West,12,12,0,1.0,0.0,12,-0.30303030303030304,-1.302878414515109,0.19261627432960227,-0.09241168471318892,no trend,persistent_hot_spot,hot in 100% of bins with no significant trend,0.8675086351825376,0.24802345178494525,False,ok
LK1103160,Maligakanda,12,11,0,0.9166666666666666,0.0,8,-0.15151515151515152,-0.6171529331913674,0.5371338571769022,-0.028573766860367493,no trend,persistent_hot_spot,hot in 92% of bins with no significant trend,0.7956480789330836,0.22747829236480238,False,ok
LK1103165,Maradana,12,11,0,0.9166666666666666,0.0,8,-0.18181818181818182,-0.7542980294561158,0.4506702853141802,-0.04677022464153244,no trend,persistent_hot_spot,hot in 92% of bins with no significant trend,0.7732600194458238,0.2210774756263863,False,ok
LK1103170,Ibbanwala,12,11,0,0.9166666666666666,0.0,8,-0.21212121212121213,-0.8914431257208641,0.37269149047151817,-0.04425480396386908,no trend,persistent_hot_spot,hot in 92% of bins with no significant trend,0.8410159244037935,0.24044910231106162,False,ok
LK1103175,Wekanda,12,7,0,0.5833333333333334,0.0,2,-0.2727272727272727,-1.1657333182503609,0.24372228477217428,-0.036890363277445784,no trend,sporadic_hot_spot,"on and off hot in 58% of bins, never the opposite",0.6470278803990045,0.18498730939305366,False,ok
LK1106005,Wadulla,12,12,0,1.0,0.0,12,-0.48484848484848486,-2.125748992103599,0.03352416523500468,-0.15252060687624597,decreasing,diminishing_hot_spot,hot in 100% of bins but significantly decreasing,0.6065718414143364,0.1734208003952356,False,ok
LK1106010,Sedawatta,12,4,0,0.3333333333333333,0.0,0,-0.18181818181818182,-0.7542980294561158,0.4506702853141802,-0.07039502025051943,no trend,no_pattern,hot in only 33% of bins and not in the final bin,0.6235042244197756,0.1782618220400174,True,ok
LK1106015,Halmulla,12,0,0,0.0,0.0,0,0.12121212121212122,0.48000783692661914,0.6312218204782534,0.033613673501321106,no trend,no_pattern,never significantly hot or cold,0.5497757175150858,0.15718260964277875,True,ok
LK1106020,Kotuvila,12,2,0,0.16666666666666666,0.0,0,0.06060606060606061,0.20571764439712248,0.837011475105446,0.013575363727578171,no trend,no_pattern,hot in only 17% of bins and not in the final bin,0.6851276568145249,0.195880155499218,True,ok
LK1106025,Veheragoda,12,10,0,0.8333333333333334,0.0,5,-0.18181818181818182,-0.7542980294561158,0.4506702853141802,-0.0756719460688163,no trend,sporadic_hot_spot,"on and off hot in 83% of bins, never the opposite",0.6766255788692689,0.1934493846298498,False,ok
LK1106030,Orugodawatta,12,12,0,1.0,0.0,12,-0.3939393939393939,-1.714313703309354,0.08647112777407262,-0.10939881692439415,no trend,persistent_hot_spot,hot in 100% of bins with no significant trend,0.6281051174920285,0.17957723186395935,False,ok
LK1106035,Meethotamulla,12,12,0,1.0,0.0,12,-0.21212121212121213,-0.8914431257208641,0.37269149047151817,-0.07059033543670087,no trend,persistent_hot_spot,hot in 100% of bins with no significant trend,0.8911386164195271,0.25477933786414075,False,ok
LK1106040,Welewatta,12,3,0,0.25,0.0,0,0.06060606060606061,0.20571764439712248,0.837011475105446,0.013036667182226935,no trend,no_pattern,hot in only 25% of bins and not in the final bin,0.7303135345663682,0.2087989403013849,True,ok
LK1106045,Kittampahuwa,12,3,0,0.25,0.0,0,0.21212121212121213,0.8914431257208641,0.37269149047151817,0.07025227797821651,no trend,no_pattern,hot in only 25% of bins and not in the final bin,0.8524017077164676,0.243704333629757,True,ok
LK1106050,Wennawatta,12,4,0,0.3333333333333333,0.0,1,0.42424242424242425,1.8514587995741025,0.06410357671243583,0.114615544274701,no trend,sporadic_hot_spot,"on and off hot in 33% of bins, never the opposite",0.4784990907782958,0.13680439750990933,False,ok
LK1106055,Maha Buthgamuwa B,12,1,0,0.08333333333333333,0.0,1,0.45454545454545453,1.9886038958388508,0.046744941053711075,0.10628560527573158,increasing,new_hot_spot,hot only in the final 1 bin(s),0.35829228676339026,0.1024368935443264,False,ok
LK1106060,Kuda Buthgamuwa,12,1,0,0.08333333333333333,0.0,1,0.5454545454545454,2.400039184633096,0.016393316888809073,0.11810657145442009,increasing,new_hot_spot,hot only in the final 1 bin(s),0.44378508678359907,0.1268795544053454,False,ok
LK1106065,Kelanimulla,12,0,0,0.0,0.0,0,0.30303030303030304,1.302878414515109,0.19261627432960227,0.10205447724820213,no trend,no_pattern,never significantly hot or cold,0.4451783055587427,0.12727788004233462,True,ok
LK1106070,Ambathale,12,0,0,0.0,0.0,0,0.3939393939393939,1.714313703309354,0.08647112777407262,0.07631832771861359,no trend,no_pattern,never significantly hot or cold,0.49964563069595674,0.14285025989211236,True,ok
LK1106075,Mulleriyawa North,12,0,0,0.0,0.0,0,0.36363636363636365,1.5771686070446058,0.11475673431864908,0.08473540498611687,no trend,no_pattern,never significantly hot or cold,0.45179045651503263,0.1291683148315596,True,ok
LK1106080,Belagama,12,1,0,0.08333333333333333,0.0,1,0.5454545454545454,2.400039184633096,0.016393316888809073,0.1312008105714408,increasing,new_hot_spot,hot only in the final 1 bin(s),0.3411781199557743,0.0975438993378133,False,ok
LK1106085,Kotikawatta East,12,5,0,0.4166666666666667,0.0,3,0.5757575757575758,2.537184280897844,0.011174811327380407,0.1511160029630319,increasing,sporadic_hot_spot,"on and off hot in 42% of bins, never the opposite",0.3870487251512691,0.1106584498732753,False,ok
LK1106090,Maha Buthgamuwa A,12,6,0,0.5,0.0,3,0.5757575757575758,2.537184280897844,0.011174811327380407,0.1137950777866256,increasing,sporadic_hot_spot,"on and off hot in 50% of bins, never the opposite",0.3624193836191005,0.1036168435373183,False,ok
LK1106095,Maha Buthgamuwa C,12,8,0,0.6666666666666666,0.0,4,0.48484848484848486,2.125748992103599,0.03352416523500468,0.12801821323149026,increasing,sporadic_hot_spot,"on and off hot in 67% of bins, never the opposite",0.5061245250259508,0.14470259619206968,False,ok
LK1106100,Wellampitiya,12,9,0,0.75,0.0,4,0.0,0.0,1.0,0.0016324642934274613,no trend,sporadic_hot_spot,"on and off hot in 75% of bins, never the opposite",0.9195473440753826,0.2629014825993815,False,ok
LK1106105,Kuruniyawatta,12,8,0,0.6666666666666666,0.0,1,-0.21212121212121213,-0.8914431257208641,0.37269149047151817,-0.05710900568693741,no trend,sporadic_hot_spot,"on and off hot in 67% of bins, never the opposite",0.8254484187107997,0.2359983033897971,False,ok
LK1106110,Kolonnawa,12,10,0,0.8333333333333334,0.0,5,-0.18181818181818182,-0.7542980294561158,0.4506702853141802,-0.06820603835382852,no trend,sporadic_hot_spot,"on and off hot in 83% of bins, never the opposite",0.9125385876612475,0.26089765706029866,False,ok
LK1106115,Dahampura,12,10,0,0.8333333333333334,0.0,5,-0.18181818181818182,-0.7542980294561158,0.4506702853141802,-0.06188476434800402,no trend,sporadic_hot_spot,"on and off hot in 83% of bins, never the opposite",0.8612420326485287,0.246231810378261,False,ok
LK1106120,Singhapura,12,9,0,0.75,0.0,4,-0.06060606060606061,-0.20571764439712248,0.837011475105446,-0.01128526745673111,no trend,sporadic_hot_spot,"on and off hot in 75% of bins, never the opposite",1.0738407030464379,0.3070144400127017,False,ok
LK1106125,Megoda Kolonnawa,12,3,0,0.25,0.0,0,0.2727272727272727,1.1657333182503609,0.24372228477217428,0.09136779461537314,no trend,no_pattern,hot in only 25% of bins and not in the final bin,0.8693345400419588,0.24854548373655716,True,ok
LK1106130,Bopetta,12,7,0,0.5833333333333334,0.0,4,0.3333333333333333,1.4400235107798574,0.14986074751304912,0.100616347639572,no trend,sporadic_hot_spot,"on and off hot in 58% of bins, never the opposite",0.6233323479474522,0.17821268201510307,False,ok
LK1106135,Batalandahena,12,9,0,0.75,0.0,4,0.42424242424242425,1.8514587995741025,0.06410357671243583,0.11639049261566428,no trend,sporadic_hot_spot,"on and off hot in 75% of bins, never the opposite",0.6455331138684101,0.18455995093286656,False,ok
LK1106140,Kotikawatta West,12,1,0,0.08333333333333333,0.0,1,0.696969696969697,3.0857646659568374,0.0020302944356094255,0.1196169546470547,increasing,new_hot_spot,hot only in the final 1 bin(s),0.24599421656623005,0.07033052149279387,False,ok
LK1106145,Mulleriyawa South,12,0,0,0.0,0.0,0,0.45454545454545453,1.9886038958388508,0.046744941053711075,0.08709088152668365,increasing,no_pattern,never significantly hot or cold,0.38580618343559736,0.11030320328227988,True,ok
LK1106150,Malgama,12,0,0,0.0,0.0,0,0.24242424242424243,1.0285882219856124,0.303673214899419,0.07679444646909295,no trend,no_pattern,never significantly hot or cold,0.660816445696938,0.18892950365102318,True,ok
LK1106155,Udumulla North,12,0,0,0.0,0.0,0,0.3939393939393939,1.714313703309354,0.08647112777407262,0.08219946447566057,no trend,no_pattern,never significantly hot or cold,0.5775549295311679,0.16512477387339158,True,ok
LK1106160,Maligagodella,12,0,0,0.0,0.0,0,0.24242424242424243,1.0285882219856124,0.303673214899419,0.02575461078749334,no trend,no_pattern,never significantly hot or cold,0.5388784920956011,0.15406705856489175,True,ok
LK1106165,Rajasinghagama,12,1,0,0.08333333333333333,0.0,0,0.15151515151515152,0.6171529331913674,0.5371338571769022,0.021200948572175915,no trend,no_pattern,hot in only 8% of bins and not in the final bin,0.6782852035553485,0.1939238765560568,True,ok
LK1106170,Udumulla South,12,1,0,0.08333333333333333,0.0,0,0.06060606060606061,0.20571764439712248,0.837011475105446,0.0018458836599996292,no trend,no_pattern,hot in only 8% of bins and not in the final bin,0.5765671203419557,0.16484235611421647,True,ok
LK1106175,Himbutana East,12,0,0,0.0,0.0,0,0.09090909090909091,0.34286274066187084,0.7317017232242102,0.01655925904872045,no trend,no_pattern,never significantly hot or cold,0.6389615919405051,0.1826811321108539,True,ok
LK1106180,Himbutana West,12,0,0,0.0,0.0,0,0.12121212121212122,0.48000783692661914,0.6312218204782534,0.030248927053690658,no trend,no_pattern,never significantly hot or cold,0.5662103898590665,0.1618813342414693,True,ok
LK1106185,Malpura,12,7,0,0.5833333333333334,0.0,3,0.36363636363636365,1.5771686070446058,0.11475673431864908,0.09129287959677967,no trend,sporadic_hot_spot,"on and off hot in 58% of bins, never the opposite",0.3932761082163797,0.1124388783102451,False,ok
LK1106190,Gothatuwa New Town,12,10,0,0.8333333333333334,0.0,8,0.3333333333333333,1.4400235107798574,0.14986074751304912,0.0649997029381227,no trend,sporadic_hot_spot,"on and off hot in 83% of bins, never the opposite",0.5322039843310449,0.15215879576773544,False,ok
LK1106195,Kajugahawatta,12,8,0,0.6666666666666666,0.0,3,0.24242424242424243,1.0285882219856124,0.303673214899419,0.05941433943423198,no trend,sporadic_hot_spot,"on and off hot in 67% of bins, never the opposite",0.7672819919870852,0.21936833874284445,False,ok
LK1106200,Gothatuwa,12,7,0,0.5833333333333334,0.0,3,0.15151515151515152,0.6171529331913674,0.5371338571769022,0.07560669201556901,no trend,sporadic_hot_spot,"on and off hot in 58% of bins, never the opposite",0.9365458519449227,0.26776140955112854,False,ok
LK1106205,Salamulla,12,1,0,0.08333333333333333,0.0,0,0.0,0.0,1.0,0.008883891205751976,no trend,no_pattern,hot in only 8% of bins and not in the final bin,0.9031320346367278,0.2582082939163242,True,ok
LK1106210,Wijayapura,12,2,0,0.16666666666666666,0.0,0,-0.15151515151515152,-0.6171529331913674,0.5371338571769022,-0.04930570665380257,no trend,no_pattern,hot in only 17% of bins and not in the final bin,0.878447983224447,0.25115104585328596,True,ok
LK1106215,Gajabapura,12,10,0,0.8333333333333334,0.0,5,-0.21212121212121213,-0.8914431257208641,0.37269149047151817,-0.06028287859490876,no trend,sporadic_hot_spot,"on and off hot in 83% of bins, never the opposite",1.14402762652697,0.3270811025516221,False,ok
LK1106220,Madinnagoda,12,0,0,0.0,0.0,0,0.0,0.0,1.0,-0.01140024624642234,no trend,no_pattern,never significantly hot or cold,0.7448896516430629,0.21296629809399362,True,ok
LK1106225,Elhena,12,3,0,0.25,0.0,0,0.09090909090909091,0.34286274066187084,0.7317017232242102,0.02674199456127042,no trend,no_pattern,hot in only 25% of bins and not in the final bin,0.7953323823532422,0.22738803371805993,True,ok
LK1106230,Dodamgahahena,12,9,0,0.75,0.0,3,0.06060606060606061,0.20571764439712248,0.837011475105446,0.015605280827184017,no trend,sporadic_hot_spot,"on and off hot in 75% of bins, never the opposite",0.623891253750079,0.17837247494484257,False,ok
LK1109005,Welivita,12,0,0,0.0,0.0,0,0.3939393939393939,1.714313703309354,0.08647112777407262,0.07586035067404279,no trend,no_pattern,never significantly hot or cold,0.551235684725639,0.1576000188677348,True,ok
LK1109010,Raggahawatta,12,0,0,0.0,0.0,0,0.18181818181818182,0.7542980294561158,0.4506702853141802,0.035090643629691214,no trend,no_pattern,never significantly hot or cold,0.5571422099078362,0.1592887130251538,True,ok
LK1109015,Hewagama,12,0,0,0.0,0.0,0,0.09090909090909091,0.34286274066187084,0.7317017232242102,0.01432765081650914,no trend,no_pattern,never significantly hot or cold,0.6653301593804164,0.1902199886130659,True,ok
LK1109020,Kaduwela,12,0,1,0.0,0.08333333333333333,0,-0.06060606060606061,-0.20571764439712248,0.837011475105446,-0.013195937442317122,no trend,no_pattern,cold in only 8% of bins and not in the final bin,0.7595964305342864,0.21717101251101115,True,ok
LK1109025,Pahala Bomiriya A,12,0,1,0.0,0.08333333333333333,0,0.12121212121212122,0.48000783692661914,0.6312218204782534,0.028457142939394126,no trend,no_pattern,cold in only 8% of bins and not in the final bin,0.6012218141736765,0.17189121075248495,True,ok
LK1109030,Ihala Bomiriya,12,0,1,0.0,0.08333333333333333,0,0.2727272727272727,1.1657333182503609,0.24372228477217428,0.06488787901236684,no trend,no_pattern,cold in only 8% of bins and not in the final bin,0.4490354564624941,0.12838065163722778,True,ok
LK1109035,Wekewatta,12,0,1,0.0,0.08333333333333333,0,0.12121212121212122,0.48000783692661914,0.6312218204782534,0.049143829263932674,no trend,no_pattern,cold in only 8% of bins and not in the final bin,0.5716155193022499,0.16342667777751457,True,ok
LK1109040,Nawagamuwa,12,0,1,0.0,0.08333333333333333,0,0.24242424242424243,1.0285882219856124,0.303673214899419,0.05333439953167536,no trend,no_pattern,cold in only 8% of bins and not in the final bin,0.7512792049933366,0.2147930915263904,True,ok
LK1109045,Pahala Bomiriya B,12,0,1,0.0,0.08333333333333333,0,0.09090909090909091,0.34286274066187084,0.7317017232242102,0.0347629137770432,no trend,no_pattern,cold in only 8% of bins and not in the final bin,0.7830268273640515,0.2238698367794135,True,ok
LK1109050,Welihinda,12,0,1,0.0,0.08333333333333333,0,0.12121212121212122,0.48000783692661914,0.6312218204782534,0.014344949212632102,no trend,no_pattern,cold in only 8% of bins and not in the final bin,0.7184105727936657,0.20539584603165614,True,ok
LK1109055,Kothalawala,12,0,1,0.0,0.08333333333333333,0,-0.09090909090909091,-0.34286274066187084,0.7317017232242102,-0.007088431613273517,no trend,no_pattern,cold in only 8% of bins and not in the final bin,0.9469799953784848,0.2707445640303537,True,ok
LK1109060,Mahadeniya,12,0,0,0.0,0.0,0,0.030303030303030304,0.06857254813237416,0.9453298708327,0.011768935120113644,no trend,no_pattern,never significantly hot or cold,0.8180575566269324,0.2338852326359578,True,ok
LK1109065,Thalahena North,12,1,0,0.08333333333333333,0.0,0,-0.12121212121212122,-0.48000783692661914,0.6312218204782534,-0.028079844009248296,no trend,no_pattern,hot in only 8% of bins and not in the final bin,0.6523562032810097,0.18651069369128787,True,ok
LK1109070,Malabe North,12,0,0,0.0,0.0,0,-0.09090909090909091,-0.34286274066187084,0.7317017232242102,-0.0305905832871878,no trend,no_pattern,never significantly hot or cold,0.6852879022050464,0.19592597016120278,True,ok
LK1109075,Thunadahena,12,0,0,0.0,0.0,0,0.0,0.0,1.0,0.002644072205026498,no trend,no_pattern,never significantly hot or cold,0.8728796778069126,0.24955904979210658,True,ok
LK1109080,Korathota,12,0,5,0.0,0.4166666666666667,1,0.12121212121212122,0.48000783692661914,0.6312218204782534,0.030696887150600947,no trend,sporadic_cold_spot,"on and off cold in 42% of bins, never the opposite",0.9750730748361895,0.27877646395132977,False,ok
LK1109085,Nawagamuwa South,12,0,0,0.0,0.0,0,0.21212121212121213,0.8914431257208641,0.37269149047151817,0.031738266135935785,no trend,no_pattern,never significantly hot or cold,0.6980904143949952,0.19958624872915245,True,ok
LK1109090,Batewela,12,0,1,0.0,0.08333333333333333,0,0.24242424242424243,1.0285882219856124,0.303673214899419,0.030367895413582376,no trend,no_pattern,cold in only 8% of bins and not in the final bin,0.6268515494833338,0.1792188328210516,True,ok
LK1109095,Ranala,12,0,0,0.0,0.0,0,0.2727272727272727,1.1657333182503609,0.24372228477217428,0.03418622490735521,no trend,no_pattern,never significantly hot or cold,0.5013000711040143,0.1433232696169004,True,ok
LK1109100,Dedigamuwa,12,0,5,0.0,0.4166666666666667,0,0.09090909090909091,0.34286274066187084,0.7317017232242102,0.019597115775770235,no trend,no_pattern,cold in only 42% of bins and not in the final bin,0.6462586242095603,0.18476737662503834,True,ok
LK1109105,Embilladeniya,12,0,5,0.0,0.4166666666666667,0,0.0,0.0,1.0,-0.0004348002988973456,no trend,no_pattern,cold in only 42% of bins and not in the final bin,0.46754867989013427,0.1336736405389729,True,ok
LK1109110,Welipillewa,12,0,2,0.0,0.16666666666666666,0,-0.030303030303030304,-0.06857254813237416,0.9453298708327,-0.01268095052162278,no trend,no_pattern,cold in only 17% of bins and not in the final bin,0.36075390512785355,0.10314067798977222,True,ok
LK1109115,Shanthalokagama,12,0,0,0.0,0.0,0,-0.06060606060606061,-0.20571764439712248,0.837011475105446,-0.016244562113349084,no trend,no_pattern,never significantly hot or cold,0.7849092608770311,0.2244080304511648,True,ok
LK1109120,Pore,12,0,1,0.0,0.08333333333333333,0,-0.15151515151515152,-0.6171529331913674,0.5371338571769022,-0.04451222476584303,no trend,no_pattern,cold in only 8% of bins and not in the final bin,0.873434465192977,0.24971766525357628,True,ok
LK1109125,Malabe East,12,0,0,0.0,0.0,0,-0.09090909090909091,-0.34286274066187084,0.7317017232242102,-0.03611393066629756,no trend,no_pattern,never significantly hot or cold,0.7216522812814374,0.2063226607009401,True,ok
LK1109130,Malabe West,12,0,0,0.0,0.0,0,-0.18181818181818182,-0.7542980294561158,0.4506702853141802,-0.058128857117776433,no trend,no_pattern,never significantly hot or cold,0.5523032405281818,0.15790523643489368,True,ok
LK1109135,Thalangama North B,12,0,0,0.0,0.0,0,-0.24242424242424243,-1.0285882219856124,0.303673214899419,-0.07236309606008276,no trend,no_pattern,never significantly hot or cold,0.6888511193114948,0.19694470515744236,True,ok
LK1109140,Thalahena South,12,1,0,0.08333333333333333,0.0,0,-0.15151515151515152,-0.6171529331913674,0.5371338571769022,-0.02987916326440341,no trend,no_pattern,hot in only 8% of bins and not in the final bin,0.6566102492244348,0.18772693882839595,True,ok
LK1109145,Muttettugoda,12,1,0,0.08333333333333333,0.0,0,-0.12121212121212122,-0.48000783692661914,0.6312218204782534,-0.050457973947989614,no trend,no_pattern,hot in only 8% of bins and not in the final bin,0.727362143075827,0.20795512817621947,True,ok
LK1109150,Thalangama North A,12,5,0,0.4166666666666667,0.0,0,-0.06060606060606061,-0.20571764439712248,0.837011475105446,-0.03397307405554753,no trend,no_pattern,hot in only 42% of bins and not in the final bin,0.7732174835498323,0.2210653144797179,True,ok
LK1109155,Walpola,12,3,0,0.25,0.0,0,-0.030303030303030304,-0.06857254813237416,0.9453298708327,-0.026087878090980787,no trend,no_pattern,hot in only 25% of bins and not in the final bin,0.8476148667525706,0.2423357607177865,True,ok
LK1109160,Kalapaluwawa,12,0,0,0.0,0.0,0,-0.09090909090909091,-0.34286274066187084,0.7317017232242102,-0.03881221779337094,no trend,no_pattern,never significantly hot or cold,0.671699931699266,0.19204112658626066,True,ok
LK1109165,Kotuwegoda,12,0,0,0.0,0.0,0,-0.18181818181818182,-0.7542980294561158,0.4506702853141802,-0.042293175910012845,no trend,no_pattern,never significantly hot or cold,0.6184618911266071,0.17682020306620896,True,ok
LK1109170,Subhoothipura,12,1,0,0.08333333333333333,0.0,0,-0.18181818181818182,-0.7542980294561158,0.4506702853141802,-0.052298277509657716,no trend,no_pattern,hot in only 8% of bins and not in the final bin,0.8992213916095709,0.2570902287548286,True,ok
LK1109175,Udumulla,12,5,0,0.4166666666666667,0.0,0,-0.12121212121212122,-0.48000783692661914,0.6312218204782534,-0.032255793502153685,no trend,no_pattern,hot in only 42% of bins and not in the final bin,0.9088967373077144,0.25985644057099255,True,ok
LK1109180,Battaramulla North,12,5,0,0.4166666666666667,0.0,0,-0.030303030303030304,-0.06857254813237416,0.9453298708327,-0.003618909224417192,no trend,no_pattern,hot in only 42% of bins and not in the final bin,0.8605082313464362,0.24602201427423606,True,ok
LK1109185,Batapotha,12,0,0,0.0,0.0,0,0.0,0.0,1.0,0.0005539452850478279,no trend,no_pattern,never significantly hot or cold,0.5850480736029761,0.16726708736981077,True,ok
LK1109190,Pothuarawa,12,0,0,0.0,0.0,0,-0.15151515151515152,-0.6171529331913674,0.5371338571769022,-0.0385533574659535,no trend,no_pattern,never significantly hot or cold,0.5410619828354576,0.15469132544625333,True,ok
LK1109195,Hokandara North,12,0,0,0.0,0.0,0,-0.15151515151515152,-0.6171529331913674,0.5371338571769022,-0.021107849889922134,no trend,no_pattern,never significantly hot or cold,0.7029947303479275,0.20098840811057958,True,ok
LK1109200,Oruwala,12,0,0,0.0,0.0,0,-0.12121212121212122,-0.48000783692661914,0.6312218204782534,-0.04942504725626144,no trend,no_pattern,never significantly hot or cold,0.6583685381132673,0.18822963916100025,True,ok
LK1109205,Athurugiriya,12,0,1,0.0,0.08333333333333333,0,-0.06060606060606061,-0.20571764439712248,0.837011475105446,-0.013931352779150905,no trend,no_pattern,cold in only 8% of bins and not in the final bin,0.5774179814822782,0.16508561999477492,True,ok
LK1109210,Thaldiyawala,12,0,0,0.0,0.0,0,0.030303030303030304,0.06857254813237416,0.9453298708327,0.005904386010914902,no trend,no_pattern,never significantly hot or cold,0.6159362907440812,0.17609812596023106,True,ok
LK1109215,Boralugoda,12,0,0,0.0,0.0,0,0.18181818181818182,0.7542980294561158,0.4506702853141802,0.036850763426156355,no trend,no_pattern,never significantly hot or cold,0.7931542768486278,0.2267653064924196,True,ok
LK1109220,Hokandara East,12,0,1,0.0,0.08333333333333333,0,0.21212121212121213,0.8914431257208641,0.37269149047151817,0.06301724572189552,no trend,no_pattern,cold in only 8% of bins and not in the final bin,0.9419491084435734,0.2693062176064314,True,ok
LK1109225,Arangala,12,0,0,0.0,0.0,0,0.06060606060606061,0.20571764439712248,0.837011475105446,0.007108205271479529,no trend,no_pattern,never significantly hot or cold,0.4679220265661732,0.13378038152983823,True,ok
LK1109230,Evarihena,12,0,0,0.0,0.0,0,0.06060606060606061,0.20571764439712248,0.837011475105446,0.02535629121471027,no trend,no_pattern,never significantly hot or cold,0.6324618052702191,0.18082282262498822,True,ok
LK1109235,Kumaragewatta,12,1,0,0.08333333333333333,0.0,0,0.18181818181818182,0.7542980294561158,0.4506702853141802,0.036810589163917926,no trend,no_pattern,hot in only 8% of bins and not in the final bin,0.51224960793769,0.1464537766929057,True,ok
LK1109240,Jayawadanagama,12,2,0,0.16666666666666666,0.0,1,0.36363636363636365,1.5771686070446058,0.11475673431864908,0.0986994151110938,no trend,sporadic_hot_spot,"on and off hot in 17% of bins, never the opposite",0.43663236329191213,0.12483456822523878,False,ok
LK1109245,Aruppitiya,12,2,0,0.16666666666666666,0.0,0,0.06060606060606061,0.20571764439712248,0.837011475105446,0.027265146523191355,no trend,no_pattern,hot in only 17% of bins and not in the final bin,0.47307295662989285,0.13525304866246887,True,ok
LK1109250,Asiri Uyana,12,0,0,0.0,0.0,0,0.06060606060606061,0.20571764439712248,0.837011475105446,0.009115690287043251,no trend,no_pattern,never significantly hot or cold,0.3674638047499237,0.10505905943048971,True,ok
LK1109255,Battaramulla South,12,1,0,0.08333333333333333,0.0,0,0.06060606060606061,0.20571764439712248,0.837011475105446,0.012042883126607729,no trend,no_pattern,hot in only 8% of bins and not in the final bin,0.5015430821794779,0.14339274724895387,True,ok
LK1109260,Rajamalwatta,12,0,0,0.0,0.0,0,-0.12121212121212122,-0.48000783692661914,0.6312218204782534,-0.012157400756918846,no trend,no_pattern,never significantly hot or cold,0.4595849470820628,0.13139678424032028,True,ok
LK1109265,Pahalawela,12,1,0,0.08333333333333333,0.0,0,0.09090909090909091,0.34286274066187084,0.7317017232242102,0.01993691871563691,no trend,no_pattern,hot in only 8% of bins and not in the final bin,0.4937246173451014,0.14115742352163071,True,ok
LK1109270,Wickramasinghapura,12,0,0,0.0,0.0,0,0.18181818181818182,0.7542980294561158,0.4506702853141802,0.054802595939688295,no trend,no_pattern,never significantly hot or cold,0.5401614055415882,0.15443384756077083,True,ok
LK1109275,Wellangiriya,12,0,0,0.0,0.0,0,0.06060606060606061,0.20571764439712248,0.837011475105446,0.026710400098490794,no trend,no_pattern,never significantly hot or cold,0.8307234446441069,0.2375064499224926,True,ok
LK1109280,Hokandara South,12,0,1,0.0,0.08333333333333333,0,0.21212121212121213,0.8914431257208641,0.37269149047151817,0.11327879731933871,no trend,no_pattern,cold in only 8% of bins and not in the final bin,0.7381882054213266,0.21105033350706304,True,ok
LK1109285,Athurugiriya South,12,0,2,0.0,0.16666666666666666,1,-0.06060606060606061,-0.20571764439712248,0.837011475105446,-0.010797110672150168,no trend,sporadic_cold_spot,"on and off cold in 17% of bins, never the opposite",0.5162400572204838,0.14759465871430832,False,ok
LK1112005,Jalthara,12,0,7,0.0,0.5833333333333334,0,0.030303030303030304,0.06857254813237416,0.9453298708327,0.005638852661357397,no trend,no_pattern,cold in only 58% of bins and not in the final bin,0.6043841080303958,0.1727953205285644,True,ok
LK1112010,Henpita,12,0,0,0.0,0.0,0,0.06060606060606061,0.20571764439712248,0.837011475105446,0.009088821557367566,no trend,no_pattern,never significantly hot or cold,0.4013422711587439,0.11474501970698638,True,ok
LK1112015,Atigala West,12,0,5,0.0,0.4166666666666667,0,0.06060606060606061,0.20571764439712248,0.837011475105446,0.01039133359038428,no trend,no_pattern,cold in only 42% of bins and not in the final bin,0.5964653738211468,0.17053132947107802,True,ok
LK1112020,Atigala East,12,0,7,0.0,0.5833333333333334,0,-0.06060606060606061,-0.20571764439712248,0.837011475105446,-0.017364262209711618,no trend,no_pattern,cold in only 58% of bins and not in the final bin,0.6085678033438062,0.1739914521989197,True,ok
LK1112025,Batawala,12,0,8,0.0,0.6666666666666666,0,0.0,0.0,1.0,0.001629258791789027,no trend,no_pattern,cold in only 67% of bins and not in the final bin,0.525940695416235,0.1503681017352194,True,ok
LK1112030,Walpita,12,0,7,0.0,0.5833333333333334,0,0.06060606060606061,0.20571764439712248,0.837011475105446,0.004767835451784722,no trend,no_pattern,cold in only 58% of bins and not in the final bin,0.5188403176492244,0.1483380813627069,True,ok
LK1112035,Nawalamulla,12,0,6,0.0,0.5,0,0.09090909090909091,0.34286274066187084,0.7317017232242102,0.006201074957012283,no trend,no_pattern,cold in only 50% of bins and not in the final bin,0.4422075852326661,0.12642854174219634,True,ok
LK1112040,Meegasmulla,12,0,1,0.0,0.08333333333333333,1,-0.15151515151515152,-0.6171529331913674,0.5371338571769022,-0.004572562215021153,no trend,new_cold_spot,cold only in the final 1 bin(s),0.37904492582462274,0.10837013843073716,False,ok
LK1112045,Habarakada North,12,0,10,0.0,0.8333333333333334,5,-0.06060606060606061,-0.20571764439712248,0.837011475105446,-0.005258163845358129,no trend,sporadic_cold_spot,"on and off cold in 83% of bins, never the opposite",0.5720511744156429,0.163551232946915,False,ok
LK1112050,Mullegama North,12,0,0,0.0,0.0,0,-0.030303030303030304,-0.06857254813237416,0.9453298708327,-0.0015340948204415673,no trend,no_pattern,never significantly hot or cold,0.6504330490324103,0.18596085783293684,True,ok
LK1112055,Mullegama South,12,0,1,0.0,0.08333333333333333,1,-0.06060606060606061,-0.20571764439712248,0.837011475105446,-0.009987968532081158,no trend,new_cold_spot,cold only in the final 1 bin(s),0.4960547810899123,0.14182362467718523,False,ok
LK1112060,Habarakada South,12,0,2,0.0,0.16666666666666666,1,-0.12121212121212122,-0.48000783692661914,0.6312218204782534,-0.015574628186072368,no trend,sporadic_cold_spot,"on and off cold in 17% of bins, never the opposite",0.48031728481247965,0.13732422491229385,False,ok
LK1112065,Panagoda Town,12,0,2,0.0,0.16666666666666666,1,0.030303030303030304,0.06857254813237416,0.9453298708327,0.0008092719032179896,no trend,sporadic_cold_spot,"on and off cold in 17% of bins, never the opposite",0.5572087907856688,0.1593077487078815,False,ok
LK1112070,Henawatta,12,0,3,0.0,0.25,1,-0.24242424242424243,-1.0285882219856124,0.303673214899419,-0.011911001224796783,no trend,sporadic_cold_spot,"on and off cold in 25% of bins, never the opposite",0.4706315531787177,0.1345550437244169,False,ok
LK1112075,Meegoda North,12,0,4,0.0,0.3333333333333333,0,-0.030303030303030304,-0.06857254813237416,0.9453298708327,-0.007805649754705657,no trend,no_pattern,cold in only 33% of bins and not in the final bin,0.4667127354343725,0.1334346413855237,True,ok
LK1112080,Panaluwa,12,0,10,0.0,0.8333333333333334,8,-0.09090909090909091,-0.34286274066187084,0.7317017232242102,-0.03537418849279032,no trend,sporadic_cold_spot,"on and off cold in 83% of bins, never the opposite",0.6286984797509366,0.1797468760031008,False,ok
LK1112085,Watareka North,12,0,7,0.0,0.5833333333333334,3,-0.12121212121212122,-0.48000783692661914,0.6312218204782534,-0.03222176276435476,no trend,sporadic_cold_spot,"on and off cold in 58% of bins, never the opposite",0.4538283489759052,0.12975095470626904,False,ok
LK1112090,Meegoda South,12,0,4,0.0,0.3333333333333333,0,-0.12121212121212122,-0.48000783692661914,0.6312218204782534,-0.02715599124245268,no trend,no_pattern,cold in only 33% of bins and not in the final bin,0.4821150936908325,0.1378382241344052,True,ok
LK1112095,Godagama North,12,0,0,0.0,0.0,0,0.0,0.0,1.0,0.0001822817342706077,no trend,no_pattern,never significantly hot or cold,0.5502323075501631,0.15731315017224176,True,ok
LK1112100,Panagoda West,12,0,1,0.0,0.08333333333333333,0,-0.06060606060606061,-0.20571764439712248,0.837011475105446,-0.01960737016739647,no trend,no_pattern,cold in only 8% of bins and not in the final bin,0.7263225893455972,0.2076579164897522,True,ok
LK1112105,Panagoda East,12,0,2,0.0,0.16666666666666666,1,-0.030303030303030304,-0.06857254813237416,0.9453298708327,-0.01390934577128334,no trend,sporadic_cold_spot,"on and off cold in 17% of bins, never the opposite",0.8603998535571987,0.24599102872286133,False,ok
LK1112110,Habarakada Watta,12,0,0,0.0,0.0,0,-0.030303030303030304,-0.06857254813237416,0.9453298708327,-0.010262648342786344,no trend,no_pattern,never significantly hot or cold,0.4726847287362431,0.13514205308460706,True,ok
LK1112115,Homagama North,12,0,0,0.0,0.0,0,0.0,0.0,1.0,-0.0075537157861777435,no trend,no_pattern,never significantly hot or cold,0.5379443728830708,0.1537999909391941,True,ok
LK1112120,Homagama West,12,0,0,0.0,0.0,0,-0.15151515151515152,-0.6171529331913674,0.5371338571769022,-0.04197474673215426,no trend,no_pattern,never significantly hot or cold,0.5931822790243103,0.1695926823256496,True,ok
LK1112125,Homagama South,12,0,0,0.0,0.0,0,0.12121212121212122,0.48000783692661914,0.6312218204782534,0.009334371082632032,no trend,no_pattern,never significantly hot or cold,0.48902990922459577,0.13981519167983977,True,ok
LK1112130,Galavilawatta North,12,0,0,0.0,0.0,0,-0.12121212121212122,-0.48000783692661914,0.6312218204782534,-0.009602346859824334,no trend,no_pattern,never significantly hot or cold,0.6590271845317007,0.18841794824702018,True,ok
LK1112135,Homagama Town,12,0,0,0.0,0.0,0,-0.18181818181818182,-0.7542980294561158,0.4506702853141802,-0.006930663347102042,no trend,no_pattern,never significantly hot or cold,0.8093720553552992,0.23140202045972433,True,ok
LK1112140,Homagama East,12,0,0,0.0,0.0,0,-0.06060606060606061,-0.20571764439712248,0.837011475105446,-0.005078458587107915,no trend,no_pattern,never significantly hot or cold,0.6242299339654221,0.17846930468538227,True,ok
LK1112145,Pitipana Town,12,0,0,0.0,0.0,0,-0.15151515151515152,-0.6171529331913674,0.5371338571769022,-0.047609619482258766,no trend,no_pattern,never significantly hot or cold,0.8288906759792201,0.2369824555872744,True,ok
LK1112150,Godagama South,12,0,0,0.0,0.0,0,-0.18181818181818182,-0.7542980294561158,0.4506702853141802,-0.03135881699950954,no trend,no_pattern,never significantly hot or cold,0.618847113690717,0.1769303394108874,True,ok
LK1112155,Kurunduwatta,12,0,1,0.0,0.08333333333333333,0,-0.09090909090909091,-0.34286274066187084,0.7317017232242102,-0.026758334789055344,no trend,no_pattern,cold in only 8% of bins and not in the final bin,0.5989772300587671,0.17124947708272809,True,ok
LK1112160,Gehenuwala,12,0,5,0.0,0.4166666666666667,3,-0.24242424242424243,-1.0285882219856124,0.303673214899419,-0.04167377745721315,no trend,sporadic_cold_spot,"on and off cold in 42% of bins, never the opposite",0.5157798475339451,0.14746308331508917,False,ok
LK1112165,Watareka South,12,0,11,0.0,0.9166666666666666,11,-0.09090909090909091,-0.34286274066187084,0.7317017232242102,-0.020396089108362103,no trend,persistent_cold_spot,cold in 92% of bins with no significant trend,0.5198576615825646,0.14862894319827402,False,ok
LK1112170,Ovitigama,12,0,11,0.0,0.9166666666666666,8,-0.030303030303030304,-0.06857254813237416,0.9453298708327,-0.0018014562068024431,no trend,persistent_cold_spot,cold in 92% of bins with no significant trend,0.6295448171083159,0.17998884651986413,False,ok
LK1112175,Kandanawatta,12,0,3,0.0,0.25,1,-0.2727272727272727,-1.1657333182503609,0.24372228477217428,-0.05642339302637227,no trend,sporadic_cold_spot,"on and off cold in 25% of bins, never the opposite",0.6714572419889728,0.19197174083352178,False,ok
LK1112180,Kiriberiyakele,12,0,6,0.0,0.5,3,-0.12121212121212122,-0.48000783692661914,0.6312218204782534,-0.013080378716122307,no trend,sporadic_cold_spot,"on and off cold in 50% of bins, never the opposite",0.919325489699931,0.2628380537345132,False,ok
LK1112185,Mawathgama,12,0,3,0.0,0.25,0,-0.030303030303030304,-0.06857254813237416,0.9453298708327,-0.009064457864275462,no trend,no_pattern,cold in only 25% of bins and not in the final bin,0.8816814040801636,0.25207549106245614,True,ok
LK1112190,Katuwana,12,0,1,0.0,0.08333333333333333,0,0.09090909090909091,0.34286274066187084,0.7317017232242102,0.03402199672987863,no trend,no_pattern,cold in only 8% of bins and not in the final bin,0.9638707254298042,0.2755736769643298,True,ok
LK1112195,Galavilawatta South,12,0,0,0.0,0.0,0,0.030303030303030304,0.06857254813237416,0.9453298708327,0.01171587175474829,no trend,no_pattern,never significantly hot or cold,0.6701244816940126,0.19159070046648452,True,ok
LK1112200,Niyandagala,12,0,0,0.0,0.0,0,0.18181818181818182,0.7542980294561158,0.4506702853141802,0.02158378236548259,no trend,no_pattern,never significantly hot or cold,0.8242578030841593,0.23565790263124292,True,ok
LK1112205,Hiripitiya,12,0,0,0.0,0.0,0,-0.06060606060606061,-0.20571764439712248,0.837011475105446,-0.005863941253692209,no trend,no_pattern,never significantly hot or cold,0.7136219225486037,0.20402675584050062,True,ok
LK1112210,Mambulgoda,12,0,0,0.0,0.0,0,0.0,0.0,1.0,-0.0025927854936820816,no trend,no_pattern,never significantly hot or cold,0.7483029674919851,0.2139421758484598,True,ok
LK1112215,Kithulhena,12,1,0,0.08333333333333333,0.0,0,0.030303030303030304,0.06857254813237416,0.9453298708327,0.010705424941642516,no trend,no_pattern,hot in only 8% of bins and not in the final bin,0.8742749078644032,0.2499579504610551,True,ok
LK1112220,Siddamulla North,12,1,0,0.08333333333333333,0.0,0,0.09090909090909091,0.34286274066187084,0.7317017232242102,0.030268189059862213,no trend,no_pattern,hot in only 8% of bins and not in the final bin,0.8475410190398026,0.2423146474240574,True,ok
LK1112225,Siddamulla South,12,0,0,0.0,0.0,0,0.24242424242424243,1.0285882219856124,0.303673214899419,0.05250872889436895,no trend,no_pattern,never significantly hot or cold,0.7440329150606605,0.21272135440603462,True,ok
LK1112230,Mattegoda West,12,1,0,0.08333333333333333,0.0,0,0.06060606060606061,0.20571764439712248,0.837011475105446,0.01901822047427175,no trend,no_pattern,hot in only 8% of bins and not in the final bin,0.8075374952194313,0.23087751393730882,True,ok
LK1112235,Mattegoda Central 'A',12,1,0,0.08333333333333333,0.0,0,-0.06060606060606061,-0.20571764439712248,0.837011475105446,-0.01460231942429615,no trend,no_pattern,hot in only 8% of bins and not in the final bin,0.6541752339929322,0.1870307603024737,True,ok
LK1112240,Mattegoda East,12,1,0,0.08333333333333333,0.0,0,0.0,0.0,1.0,0.002961860939664282,no trend,no_pattern,hot in only 8% of bins and not in the final bin,0.8871258152073233,0.25363206535570265,True,ok
LK1112245,Brahmanagama,12,0,1,0.0,0.08333333333333333,0,0.24242424242424243,1.0285882219856124,0.303673214899419,0.030361195696992374,no trend,no_pattern,cold in only 8% of bins and not in the final bin,0.9759635796889449,0.27903106209416567,True,ok
LK1112250,Deepangoda,12,0,4,0.0,0.3333333333333333,0,0.12121212121212122,0.48000783692661914,0.6312218204782534,0.037221594117711615,no trend,no_pattern,cold in only 33% of bins and not in the final bin,1.095334695919227,0.3131596402893864,True,ok
LK1112255,Magammana West,12,0,1,0.0,0.08333333333333333,0,0.24242424242424243,1.0285882219856124,0.303673214899419,0.06380197577689686,no trend,no_pattern,cold in only 8% of bins and not in the final bin,0.8152856218824674,0.23309272775985346,True,ok
LK1112260,Magammana East,12,0,2,0.0,0.16666666666666666,0,0.12121212121212122,0.48000783692661914,0.6312218204782534,0.04778723403277206,no trend,no_pattern,cold in only 17% of bins and not in the final bin,0.9203964532669,0.26314424559225724,True,ok
LK1112265,Uduwana,12,0,4,0.0,0.3333333333333333,0,0.12121212121212122,0.48000783692661914,0.6312218204782534,0.024150809987285738,no trend,no_pattern,cold in only 33% of bins and not in the final bin,0.7941640201017146,0.2270539952695572,True,ok
LK1112270,Prasannapura,12,0,8,0.0,0.6666666666666666,3,-0.06060606060606061,-0.20571764439712248,0.837011475105446,-0.009424673031614181,no trend,sporadic_cold_spot,"on and off cold in 67% of bins, never the opposite",0.7507756199235266,0.21464911496844483,False,ok
LK1112275,Pitipana North,12,0,10,0.0,0.8333333333333334,5,-0.18181818181818182,-0.7542980294561158,0.4506702853141802,-0.03420987997144043,no trend,sporadic_cold_spot,"on and off cold in 83% of bins, never the opposite",0.6321575901148976,0.1807358465536869,False,ok
LK1112280,Suwapubudugama,12,0,10,0.0,0.8333333333333334,0,0.030303030303030304,0.06857254813237416,0.9453298708327,0.0025706819296960957,no trend,no_pattern,cold in only 83% of bins and not in the final bin,0.5603380273043042,0.1602024072868594,True,ok
LK1112285,Pitipana South,12,0,10,0.0,0.8333333333333334,0,0.06060606060606061,0.20571764439712248,0.837011475105446,0.016038725538928687,no trend,no_pattern,cold in only 83% of bins and not in the final bin,0.4478183870471095,0.12803268765713202,True,ok
LK1112290,Dolahena,12,0,8,0.0,0.6666666666666666,3,0.030303030303030304,0.06857254813237416,0.9453298708327,0.005008961793867525,no trend,sporadic_cold_spot,"on and off cold in 67% of bins, never the opposite",0.544387160145991,0.15564200411492382,False,ok
LK1112295,Diyagama East,12,0,7,0.0,0.5833333333333334,0,0.24242424242424243,1.0285882219856124,0.303673214899419,0.06685200834930494,no trend,no_pattern,cold in only 58% of bins and not in the final bin,0.9241020975084151,0.26420370095511275,True,ok
LK1112300,Diyagama West,12,0,6,0.0,0.5,0,0.2727272727272727,1.1657333182503609,0.24372228477217428,0.06073187832009569,no trend,no_pattern,cold in only 50% of bins and not in the final bin,0.9047600542369008,0.25867374984890235,True,ok
LK1112305,Kirigampamunuwa,12,0,1,0.0,0.08333333333333333,0,0.09090909090909091,0.34286274066187084,0.7317017232242102,0.03147580069709028,no trend,no_pattern,cold in only 8% of bins and not in the final bin,0.8710941016857312,0.24904854795380846,True,ok
LK1112310,Mattegoda Central 'B',12,1,0,0.08333333333333333,0.0,0,-0.12121212121212122,-0.48000783692661914,0.6312218204782534,-0.02280891003451955,no trend,no_pattern,hot in only 8% of bins and not in the final bin,0.6946319316149058,0.19859745760677236,True,ok
LK1112315,Siyambalagoda North,12,0,1,0.0,0.08333333333333333,0,0.030303030303030304,0.06857254813237416,0.9453298708327,0.012258888184527706,no trend,no_pattern,cold in only 8% of bins and not in the final bin,0.5797880068749227,0.16576321772102462,True,ok
LK1112320,Kudamaduwa,12,0,2,0.0,0.16666666666666666,0,0.09090909090909091,0.34286274066187084,0.7317017232242102,0.027542933139270198,no trend,no_pattern,cold in only 17% of bins and not in the final bin,0.564881358195915,0.16150135990201278,True,ok
LK1112325,Sangharama,12,0,1,0.0,0.08333333333333333,0,0.30303030303030304,1.302878414515109,0.19261627432960227,0.07274198415436847,no trend,no_pattern,cold in only 8% of bins and not in the final bin,0.5847858829493386,0.16719212623593432,True,ok
LK1112330,Siyambalagoda South,12,0,2,0.0,0.16666666666666666,0,0.12121212121212122,0.48000783692661914,0.6312218204782534,0.04156927060830693,no trend,no_pattern,cold in only 17% of bins and not in the final bin,0.5695940976362645,0.1628487469549527,True,ok
LK1112335,Rilawala,12,0,3,0.0,0.25,1,0.06060606060606061,0.20571764439712248,0.837011475105446,0.033168719588960636,no trend,sporadic_cold_spot,"on and off cold in 25% of bins, never the opposite",0.6599424436861782,0.18867962372270405,False,ok
LK1112340,Kahathuduwa West,12,0,7,0.0,0.5833333333333334,2,0.15151515151515152,0.6171529331913674,0.5371338571769022,0.0165714598756586,no trend,sporadic_cold_spot,"on and off cold in 58% of bins, never the opposite",0.828971665313423,0.23700561069307063,False,ok
LK1112345,Kiriwattuduwa South,12,0,5,0.0,0.4166666666666667,0,0.15151515151515152,0.6171529331913674,0.5371338571769022,0.052773595220179034,no trend,no_pattern,cold in only 42% of bins and not in the final bin,0.8244602161936787,0.23571577317693376,True,ok
LK1112350,Kiriwattuduwa North,12,0,6,0.0,0.5,0,0.18181818181818182,0.7542980294561158,0.4506702853141802,0.07038673373588251,no trend,no_pattern,cold in only 50% of bins and not in the final bin,0.7607170591306474,0.21749140375712236,True,ok
LK1112355,Moonamale - Yakahaluwa,12,0,9,0.0,0.75,0,0.09090909090909091,0.34286274066187084,0.7317017232242102,0.03200734179020794,no trend,no_pattern,cold in only 75% of bins and not in the final bin,0.500958329885216,0.14322556472582954,True,ok
LK1112360,Kithulavila,12,0,3,0.0,0.25,0,0.21212121212121213,0.8914431257208641,0.37269149047151817,0.057113870266582725,no trend,no_pattern,cold in only 25% of bins and not in the final bin,0.5459646355790202,0.15609300931088194,True,ok
LK1112365,Kahathuduwa North,12,0,2,0.0,0.16666666666666666,0,0.18181818181818182,0.7542980294561158,0.4506702853141802,0.05063590618094701,no trend,no_pattern,cold in only 17% of bins and not in the final bin,0.6637750129898525,0.1897753673606937,True,ok
LK1112370,Kahathuduwa East,12,0,1,0.0,0.08333333333333333,0,0.09090909090909091,0.34286274066187084,0.7317017232242102,0.04883498741963038,no trend,no_pattern,cold in only 8% of bins and not in the final bin,0.6012252804793484,0.17189220178019676,True,ok
LK1112375,Kahathuduwa South,12,0,2,0.0,0.16666666666666666,0,0.18181818181818182,0.7542980294561158,0.4506702853141802,0.04549139920525129,no trend,no_pattern,cold in only 17% of bins and not in the final bin,0.6471000452547484,0.18500794155265793,True,ok
LK1112380,Undurugoda,12,0,3,0.0,0.25,1,0.06060606060606061,0.20571764439712248,0.837011475105446,0.02658115639050558,no trend,sporadic_cold_spot,"on and off cold in 25% of bins, never the opposite",0.5987024023623796,0.1711709029785178,False,ok
LK1112385,Wethara,12,0,3,0.0,0.25,1,0.030303030303030304,0.06857254813237416,0.9453298708327,0.012490066087234542,no trend,sporadic_cold_spot,"on and off cold in 25% of bins, never the opposite",0.5045240585246582,0.14424501777726434,False,ok
LK1112390,Ambalangoda,12,0,9,0.0,0.75,3,0.030303030303030304,0.06857254813237416,0.9453298708327,0.005838159550246092,no trend,sporadic_cold_spot,"on and off cold in 75% of bins, never the opposite",0.4974307983306553,0.14221703234129784,False,ok
LK1112395,Heraliyawala,12,0,11,0.0,0.9166666666666666,7,-0.12121212121212122,-0.48000783692661914,0.6312218204782534,-0.010490739522722115,no trend,persistent_cold_spot,cold in 92% of bins with no significant trend,0.4250967172726598,0.12153649068660746,False,ok
LK1112400,Palagama,12,0,9,0.0,0.75,3,-0.030303030303030304,-0.06857254813237416,0.9453298708327,-0.004231033139447169,no trend,sporadic_cold_spot,"on and off cold in 75% of bins, never the opposite",0.4074895358332956,0.1165025420436916,False,ok
LK1112405,Weniwelkola,12,0,7,0.0,0.5833333333333334,2,0.09090909090909091,0.34286274066187084,0.7317017232242102,0.028401431402480526,no trend,sporadic_cold_spot,"on and off cold in 58% of bins, never the opposite",0.5953639982843311,0.17021644273534534,False,ok
LK1115005,Bollathawa,12,0,12,0.0,1.0,12,0.0,0.0,1.0,0.006579289884159555,no trend,persistent_cold_spot,cold in 100% of bins with no significant trend,0.46813869527202445,0.13384232779543095,False,ok
LK1115010,Kanampella West,12,0,12,0.0,1.0,12,-0.030303030303030304,-0.06857254813237416,0.9453298708327,-0.0013038921689354657,no trend,persistent_cold_spot,cold in 100% of bins with no significant trend,0.46339843657701796,0.13248707290088835,False,ok
LK1115015,Kanampella East,12,0,12,0.0,1.0,12,-0.18181818181818182,-0.7542980294561158,0.4506702853141802,-0.03762529906520265,no trend,persistent_cold_spot,cold in 100% of bins with no significant trend,0.5934785289925425,0.1696773811248687,False,ok
LK1115020,Manakada,12,0,12,0.0,1.0,12,-0.18181818181818182,-0.7542980294561158,0.4506702853141802,-0.05220120850192041,no trend,persistent_cold_spot,cold in 100% of bins with no significant trend,0.6878392639948356,0.1966554125346756,False,ok
LK1115025,Eswatta North,12,0,12,0.0,1.0,12,-0.18181818181818182,-0.7542980294561158,0.4506702853141802,-0.05500671650320311,no trend,persistent_cold_spot,cold in 100% of bins with no significant trend,0.7134912309635156,0.20398939070459512,False,ok
LK1115030,Kiriwandala North,12,0,11,0.0,0.9166666666666666,5,-0.18181818181818182,-0.7542980294561158,0.4506702853141802,-0.1373628210618793,no trend,persistent_cold_spot,cold in 92% of bins with no significant trend,1.2664077348765463,0.3620699610732329,False,ok
LK1115035,Kudagama,12,0,4,0.0,0.3333333333333333,0,-0.15151515151515152,-0.6171529331913674,0.5371338571769022,-0.08409438542904829,no trend,no_pattern,cold in only 33% of bins and not in the final bin,1.2761879939146024,0.3648661679437952,True,ok
LK1115040,Weralupitiya,12,0,3,0.0,0.25,0,-0.15151515151515152,-0.6171529331913674,0.5371338571769022,-0.09333128220306738,no trend,no_pattern,cold in only 25% of bins and not in the final bin,1.0482417669810216,0.299695623545093,True,ok
LK1115045,Seethagama,12,0,4,0.0,0.3333333333333333,0,-0.18181818181818182,-0.7542980294561158,0.4506702853141802,-0.09616423250806111,no trend,no_pattern,cold in only 33% of bins and not in the final bin,1.2861667571005813,0.3677191277756132,True,ok
LK1115050,Avissawella,12,0,5,0.0,0.4166666666666667,0,-0.24242424242424243,-1.0285882219856124,0.303673214899419,-0.13352361681673067,no trend,no_pattern,cold in only 42% of bins and not in the final bin,1.30630073228903,0.3734754947117657,True,ok
LK1115055,Ukwatta,12,0,7,0.0,0.5833333333333334,5,-0.18181818181818182,-0.7542980294561158,0.4506702853141802,-0.11584612924288193,no trend,sporadic_cold_spot,"on and off cold in 58% of bins, never the opposite",1.356470611163783,0.38781922113649525,False,ok
LK1115060,Agra Pedesa,12,0,3,0.0,0.25,0,-0.15151515151515152,-0.6171529331913674,0.5371338571769022,-0.0779722857835282,no trend,no_pattern,cold in only 25% of bins and not in the final bin,1.0981710389120014,0.3139705596865933,True,ok
LK1115065,Eswatta South,12,0,12,0.0,1.0,12,-0.2727272727272727,-1.1657333182503609,0.24372228477217428,-0.09250727583231969,no trend,persistent_cold_spot,cold in 100% of bins with no significant trend,0.8652373036233734,0.24737407093661115,False,ok
LK1115070,Ihala Kosgama North,12,0,10,0.0,0.8333333333333334,5,-0.18181818181818182,-0.7542980294561158,0.4506702853141802,-0.05185060905197464,no trend,sporadic_cold_spot,"on and off cold in 83% of bins, never the opposite",0.6121894828007834,0.1750269017653544,False,ok
LK1115075,Thawalgoda,12,0,12,0.0,1.0,12,0.030303030303030304,0.06857254813237416,0.9453298708327,0.019757059869881768,no trend,persistent_cold_spot,cold in 100% of bins with no significant trend,0.652670568932934,0.18660057182154585,False,ok
LK1115080,Muruthagama,12,0,11,0.0,0.9166666666666666,5,0.15151515151515152,0.6171529331913674,0.5371338571769022,0.04650435779649463,no trend,persistent_cold_spot,cold in 92% of bins with no significant trend,0.5407410255536648,0.15459956274824974,False,ok
LK1115085,Akaravita,12,0,12,0.0,1.0,12,0.09090909090909091,0.34286274066187084,0.7317017232242102,0.03413714822527991,no trend,persistent_cold_spot,cold in 100% of bins with no significant trend,0.45055388350273945,0.1288147747116638,False,ok
LK1115090,Kahatapitiya,12,0,12,0.0,1.0,12,-0.06060606060606061,-0.20571764439712248,0.837011475105446,-0.0035386392799681885,no trend,persistent_cold_spot,cold in 100% of bins with no significant trend,0.30755629699805653,0.08793131423251252,False,ok
LK1115095,Kalu Aggala,12,0,12,0.0,1.0,12,0.06060606060606061,0.20571764439712248,0.837011475105446,0.009741452407991597,no trend,persistent_cold_spot,cold in 100% of bins with no significant trend,0.4871106020682696,0.1392664557172895,False,ok
LK1115100,Salawa,12,0,12,0.0,1.0,12,0.15151515151515152,0.6171529331913674,0.5371338571769022,0.04626422263307621,no trend,persistent_cold_spot,cold in 100% of bins with no significant trend,0.564885486413375,0.16150254017239007,False,ok
LK1115105,Pahala Kosgama West,12,0,8,0.0,0.6666666666666666,3,0.18181818181818182,0.7542980294561158,0.4506702853141802,0.0381223582850541,no trend,sporadic_cold_spot,"on and off cold in 67% of bins, never the opposite",0.574067414814997,0.164127682429024,False,ok
LK1115110,Pahala Kosgama East,12,0,12,0.0,1.0,12,-0.15151515151515152,-0.6171529331913674,0.5371338571769022,-0.02470105395291782,no trend,persistent_cold_spot,cold in 100% of bins with no significant trend,0.6595211716830128,0.18855918072983008,False,ok
LK1115115,Ihala Kosgama South,12,0,9,0.0,0.75,5,-0.24242424242424243,-1.0285882219856124,0.303673214899419,-0.07143191724382278,no trend,sporadic_cold_spot,"on and off cold in 75% of bins, never the opposite",0.6114548270748259,0.17481686137885472,False,ok
LK1115120,Miriswatta,12,0,12,0.0,1.0,12,-0.24242424242424243,-1.0285882219856124,0.303673214899419,-0.06050757120165644,no trend,persistent_cold_spot,cold in 100% of bins with no significant trend,0.7157048426608128,0.20462226926258165,False,ok
LK1115125,Aluth Ambalama,12,0,11,0.0,0.9166666666666666,5,-0.21212121212121213,-0.8914431257208641,0.37269149047151817,-0.07562035590158928,no trend,persistent_cold_spot,cold in 92% of bins with no significant trend,0.6469880383645564,0.18497591842988723,False,ok
LK1115130,Kiriwandala South,12,0,9,0.0,0.75,5,-0.24242424242424243,-1.0285882219856124,0.303673214899419,-0.14738139449300985,no trend,sporadic_cold_spot,"on and off cold in 75% of bins, never the opposite",1.3331392469854668,0.38114871061513317,False,ok
LK1115135,Kotahera,12,0,7,0.0,0.5833333333333334,5,-0.2727272727272727,-1.1657333182503609,0.24372228477217428,-0.12691729676318167,no trend,sporadic_cold_spot,"on and off cold in 58% of bins, never the opposite",0.9707894981578515,0.27755177588407687,False,ok
LK1115140,Seethawaka,12,0,4,0.0,0.3333333333333333,0,-0.30303030303030304,-1.302878414515109,0.19261627432960227,-0.11120813348388843,no trend,no_pattern,cold in only 33% of bins and not in the final bin,0.987161023713653,0.2822324466170903,True,ok
LK1115145,Aradhana Kanda,12,0,3,0.0,0.25,0,-0.2727272727272727,-1.1657333182503609,0.24372228477217428,-0.10391295620330905,no trend,no_pattern,cold in only 25% of bins and not in the final bin,0.6988915180142495,0.19981528677768218,True,ok
LK1115150,Puwakpitiya South,12,0,9,0.0,0.75,5,-0.24242424242424243,-1.0285882219856124,0.303673214899419,-0.12019276839985472,no trend,sporadic_cold_spot,"on and off cold in 75% of bins, never the opposite",0.9455873915881824,0.27034641421946803,False,ok
LK1115155,Puwakpitiya,12,0,9,0.0,0.75,5,-0.24242424242424243,-1.0285882219856124,0.303673214899419,-0.1350045645045092,no trend,sporadic_cold_spot,"on and off cold in 75% of bins, never the opposite",1.0415207402461895,0.2977740608277822,False,ok
LK1115160,Egodagama,12,0,9,0.0,0.75,5,-0.2727272727272727,-1.1657333182503609,0.24372228477217428,-0.11962070566679664,no trend,sporadic_cold_spot,"on and off cold in 75% of bins, never the opposite",0.8934993706885516,0.2554542849469399,False,ok
LK1115165,Weragolla North,12,0,12,0.0,1.0,12,-0.2727272727272727,-1.1657333182503609,0.24372228477217428,-0.14529378298437765,no trend,persistent_cold_spot,cold in 100% of bins with no significant trend,1.0653130068954375,0.304576344817604,False,ok
LK1115170,Hingurala,12,0,12,0.0,1.0,12,-0.21212121212121213,-0.8914431257208641,0.37269149047151817,-0.08802668405242153,no trend,persistent_cold_spot,cold in 100% of bins with no significant trend,0.6996967577143345,0.2000455073447516,False,ok
LK1115175,Kadugoda North,12,0,12,0.0,1.0,12,-0.06060606060606061,-0.20571764439712248,0.837011475105446,-0.03043262853994541,no trend,persistent_cold_spot,cold in 100% of bins with no significant trend,0.6660610326698887,0.19042894758905834,False,ok
LK1115180,Mawalgama,12,0,12,0.0,1.0,12,0.030303030303030304,0.06857254813237416,0.9453298708327,0.011584132118658674,no trend,persistent_cold_spot,cold in 100% of bins with no significant trend,0.5983612045866064,0.17107335345951985,False,ok
LK1115185,Suduwella,12,0,11,0.0,0.9166666666666666,5,-0.030303030303030304,-0.06857254813237416,0.9453298708327,-0.004343600563850488,no trend,persistent_cold_spot,cold in 92% of bins with no significant trend,0.5376488977045273,0.15371551365478792,False,ok
LK1115190,Gira Imbula,12,0,11,0.0,0.9166666666666666,5,-0.030303030303030304,-0.06857254813237416,0.9453298708327,-0.005646824238170279,no trend,persistent_cold_spot,cold in 92% of bins with no significant trend,0.28994094870197534,0.08289503065953252,False,ok
LK1115195,Walawwatta,12,0,2,0.0,0.16666666666666666,0,-0.06060606060606061,-0.20571764439712248,0.837011475105446,-0.007873234068102685,no trend,no_pattern,cold in only 17% of bins and not in the final bin,0.5386210873215368,0.15399346572906258,True,ok
LK1115200,Pahala Hanwella,12,0,4,0.0,0.3333333333333333,0,0.0,0.0,1.0,-0.0010590224636455388,no trend,no_pattern,cold in only 33% of bins and not in the final bin,0.6351886233499315,0.181602428504505,True,ok
LK1115205,Hanwella Town,12,0,10,0.0,0.8333333333333334,5,-0.06060606060606061,-0.20571764439712248,0.837011475105446,-0.009875551943270871,no trend,sporadic_cold_spot,"on and off cold in 83% of bins, never the opposite",0.5818800731865686,0.16636134607033867,False,ok
LK1115210,Ihala Hanwella North,12,0,11,0.0,0.9166666666666666,5,-0.030303030303030304,-0.06857254813237416,0.9453298708327,-0.015973492328318285,no trend,persistent_cold_spot,cold in 92% of bins with no significant trend,0.5760687262465789,0.16469986367221492,False,ok
LK1115215,Niripola,12,0,12,0.0,1.0,12,-0.09090909090909091,-0.34286274066187084,0.7317017232242102,-0.013021172506699163,no trend,persistent_cold_spot,cold in 100% of bins with no significant trend,0.5392900350006008,0.15418471997794977,False,ok
LK1115220,Brandigampala,12,0,11,0.0,0.9166666666666666,3,-0.06060606060606061,-0.20571764439712248,0.837011475105446,-0.007365479946508902,no trend,persistent_cold_spot,cold in 92% of bins with no significant trend,0.4453901182669162,0.12733843796289301,False,ok
LK1115225,Kadugoda South,12,0,12,0.0,1.0,12,-0.06060606060606061,-0.20571764439712248,0.837011475105446,-0.019621400298244496,no trend,persistent_cold_spot,cold in 100% of bins with no significant trend,0.4337587448792061,0.12401299166804157,False,ok
LK1115230,Weragolla South,12,0,12,0.0,1.0,12,-0.30303030303030304,-1.302878414515109,0.19261627432960227,-0.13229441405235096,no trend,persistent_cold_spot,cold in 100% of bins with no significant trend,0.9498501932087117,0.27156516263224395,False,ok
LK1115235,Digana,12,0,12,0.0,1.0,12,-0.45454545454545453,-1.9886038958388508,0.046744941053711075,-0.10508365665329455,decreasing,intensifying_cold_spot,cold in 100% of bins and significantly decreasing,0.7288122658634135,0.20836972284963565,False,ok
LK1115240,Lahirugama,12,0,12,0.0,1.0,12,-0.24242424242424243,-1.0285882219856124,0.303673214899419,-0.05428025603593789,no trend,persistent_cold_spot,cold in 100% of bins with no significant trend,0.5717561306167541,0.16346687899531112,False,ok
LK1115245,Mambula,12,0,12,0.0,1.0,12,-0.09090909090909091,-0.34286274066187084,0.7317017232242102,-0.022070792617234047,no trend,persistent_cold_spot,cold in 100% of bins with no significant trend,0.4996850576525882,0.1428615321832234,False,ok
LK1115250,Welikanna,12,0,12,0.0,1.0,12,0.030303030303030304,0.06857254813237416,0.9453298708327,0.00533458549689546,no trend,persistent_cold_spot,cold in 100% of bins with no significant trend,0.4258009447587658,0.12173783154347294,False,ok
LK1115255,Kahahena,12,0,12,0.0,1.0,12,0.0,0.0,1.0,0.0022535402169142505,no trend,persistent_cold_spot,cold in 100% of bins with no significant trend,0.4642740048375937,0.13273740062496414,False,ok
LK1115260,Neluwattuduwa,12,0,12,0.0,1.0,12,0.0,0.0,1.0,-0.004648664144490268,no trend,persistent_cold_spot,cold in 100% of bins with no significant trend,0.560820208999196,0.160340264552487,False,ok
LK1115265,Diddeniya North,12,0,12,0.0,1.0,12,-0.06060606060606061,-0.20571764439712248,0.837011475105446,-0.026123860528461763,no trend,persistent_cold_spot,cold in 100% of bins with no significant trend,0.6870828123509686,0.19643914062658005,False,ok
LK1115270,Ihala Hanwella South,12,0,9,0.0,0.75,0,-0.09090909090909091,-0.34286274066187084,0.7317017232242102,-0.01289324218934984,no trend,no_pattern,cold in only 75% of bins and not in the final bin,0.6829315680245839,0.1952522867956485,True,ok
LK1115275,Pahathgama,12,0,6,0.0,0.5,0,-0.030303030303030304,-0.06857254813237416,0.9453298708327,-0.034122016626540734,no trend,no_pattern,cold in only 50% of bins and not in the final bin,0.6032211907815,0.17246283882346794,True,ok
LK1115280,Jayaweeragoda,12,0,6,0.0,0.5,0,-0.06060606060606061,-0.20571764439712248,0.837011475105446,-0.02563658666084464,no trend,no_pattern,cold in only 50% of bins and not in the final bin,0.6787756359659618,0.1940640927273021,True,ok
LK1115285,Koodaluvila,12,0,10,0.0,0.8333333333333334,8,-0.12121212121212122,-0.48000783692661914,0.6312218204782534,-0.04272885363753742,no trend,sporadic_cold_spot,"on and off cold in 83% of bins, never the opposite",0.7266665162648406,0.20775624627946612,False,ok
LK1115290,Thunnana East,12,0,11,0.0,0.9166666666666666,11,-0.18181818181818182,-0.7542980294561158,0.4506702853141802,-0.04182116486563399,no trend,persistent_cold_spot,cold in 92% of bins with no significant trend,0.7289924923962687,0.20842125018316193,False,ok
LK1115295,Diddeniya South,12,0,12,0.0,1.0,12,-0.09090909090909091,-0.34286274066187084,0.7317017232242102,-0.027788346197811252,no trend,persistent_cold_spot,cold in 100% of bins with no significant trend,0.7310995154032472,0.20902365469879092,False,ok
LK1115300,Elamalawala,12,0,12,0.0,1.0,12,0.0,0.0,1.0,-0.00018017774753273678,no trend,persistent_cold_spot,cold in 100% of bins with no significant trend,0.3209146216643305,0.0917505013384669,False,ok
LK1115305,Ilukovita,12,0,12,0.0,1.0,12,-0.3333333333333333,-1.4400235107798574,0.14986074751304912,-0.07328160948974319,no trend,persistent_cold_spot,cold in 100% of bins with no significant trend,0.4878988573377426,0.13949182038213945,False,ok
LK1115310,Koswatta,12,0,12,0.0,1.0,12,-0.36363636363636365,-1.5771686070446058,0.11475673431864908,-0.06866596359124105,no trend,persistent_cold_spot,cold in 100% of bins with no significant trend,0.49862668932350124,0.14255894134366964,False,ok
LK1115315,Pagngnagula,12,0,12,0.0,1.0,12,-0.36363636363636365,-1.5771686070446058,0.11475673431864908,-0.0668668495213802,no trend,persistent_cold_spot,cold in 100% of bins with no significant trend,0.389990995026023,0.11149965409975056,False,ok
LK1115320,Pelpola,12,0,12,0.0,1.0,12,-0.15151515151515152,-0.6171529331913674,0.5371338571769022,-0.03816962200949581,no trend,persistent_cold_spot,cold in 100% of bins with no significant trend,0.3606711308596352,0.10311701256571777,False,ok
LK1115325,Kudakanda,12,0,11,0.0,0.9166666666666666,11,-0.12121212121212122,-0.48000783692661914,0.6312218204782534,-0.014815827028651946,no trend,persistent_cold_spot,cold in 92% of bins with no significant trend,0.7927752452732009,0.22665694017090962,False,ok
LK1115330,Thunnana West,12,0,11,0.0,0.9166666666666666,11,-0.15151515151515152,-0.6171529331913674,0.5371338571769022,-0.020389142676062386,no trend,persistent_cold_spot,cold in 92% of bins with no significant trend,0.8540068907154136,0.2441632605061002,False,ok
LK1115335,Mawathagama West,12,0,7,0.0,0.5833333333333334,0,-0.30303030303030304,-1.302878414515109,0.19261627432960227,-0.03904001828091547,no trend,no_pattern,cold in only 58% of bins and not in the final bin,0.5696700213288156,0.16287045377784193,True,ok
LK1115340,Mawathagama East,12,0,11,0.0,0.9166666666666666,11,-0.15151515151515152,-0.6171529331913674,0.5371338571769022,-0.025727830129515517,no trend,persistent_cold_spot,cold in 92% of bins with no significant trend,0.6566809110235862,0.1877471412593852,False,ok
LK1118005,Pinnawala North,12,0,12,0.0,1.0,12,-0.06060606060606061,-0.20571764439712248,0.837011475105446,-0.015938386683997014,no trend,persistent_cold_spot,cold in 100% of bins with no significant trend,0.5031191667410659,0.1438433547903852,False,ok
LK1118010,Pinnawala South,12,0,12,0.0,1.0,12,-0.21212121212121213,-0.8914431257208641,0.37269149047151817,-0.03499114456738561,no trend,persistent_cold_spot,cold in 100% of bins with no significant trend,0.4366761564017742,0.1248470888133135,False,ok
LK1118015,Waga North,12,0,12,0.0,1.0,12,-0.21212121212121213,-0.8914431257208641,0.37269149047151817,-0.02910795908466604,no trend,persistent_cold_spot,cold in 100% of bins with no significant trend,0.23627546509283373,0.06755189982874026,False,ok
LK1118020,Waga East,12,0,12,0.0,1.0,12,-0.30303030303030304,-1.302878414515109,0.19261627432960227,-0.061416930333504524,no trend,persistent_cold_spot,cold in 100% of bins with no significant trend,0.4521993267298375,0.12928521211407093,False,ok
LK1118025,Thummodara,12,0,12,0.0,1.0,12,-0.3333333333333333,-1.4400235107798574,0.14986074751304912,-0.0637466941706925,no trend,persistent_cold_spot,cold in 100% of bins with no significant trend,0.46561870843665787,0.13312185562027073,False,ok
LK1118030,Waga South,12,0,12,0.0,1.0,12,-0.36363636363636365,-1.5771686070446058,0.11475673431864908,-0.07409621454418036,no trend,persistent_cold_spot,cold in 100% of bins with no significant trend,0.7191599925894143,0.2056101075122216,False,ok
LK1118035,Siyambalawa,12,0,12,0.0,1.0,12,-0.3939393939393939,-1.714313703309354,0.08647112777407262,-0.07949101847964836,no trend,persistent_cold_spot,cold in 100% of bins with no significant trend,0.6495450337763,0.1857069714736249,False,ok
LK1118040,Pahala Bope,12,0,12,0.0,1.0,12,-0.42424242424242425,-1.8514587995741025,0.06410357671243583,-0.0900318166142422,no trend,persistent_cold_spot,cold in 100% of bins with no significant trend,0.4555963057037008,0.13025641910449032,False,ok
LK1118045,Halpe,12,0,12,0.0,1.0,12,-0.5757575757575758,-2.537184280897844,0.011174811327380407,-0.09354852391758331,decreasing,intensifying_cold_spot,cold in 100% of bins and significantly decreasing,0.308968867784881,0.08833517267060755,False,ok
LK1118050,Waga West,12,0,12,0.0,1.0,12,-0.30303030303030304,-1.302878414515109,0.19261627432960227,-0.05739170154899119,no trend,persistent_cold_spot,cold in 100% of bins with no significant trend,0.25201948846903066,0.07205316571173125,False,ok
LK1118055,Uggalla,12,0,12,0.0,1.0,12,-0.2727272727272727,-1.1657333182503609,0.24372228477217428,-0.06865238797332743,no trend,persistent_cold_spot,cold in 100% of bins with no significant trend,0.4345888000344447,0.12425030705191766,False,ok
LK1118060,Wewelpanawa,12,0,11,0.0,0.9166666666666666,11,-0.24242424242424243,-1.0285882219856124,0.303673214899419,-0.06639612545895539,no trend,persistent_cold_spot,cold in 92% of bins with no significant trend,0.5220051371153039,0.14924291321845906,False,ok
LK1118065,Pitumpe North,12,0,12,0.0,1.0,12,-0.24242424242424243,-1.0285882219856124,0.303673214899419,-0.05778936402627115,no trend,persistent_cold_spot,cold in 100% of bins with no significant trend,0.4181576654894001,0.11955259392108834,False,ok
LK1118070,Pitumpe South,12,0,7,0.0,0.5833333333333334,1,-0.30303030303030304,-1.302878414515109,0.19261627432960227,-0.0522861998878473,no trend,sporadic_cold_spot,"on and off cold in 58% of bins, never the opposite",0.37995895219405973,0.10863146144929424,False,ok
LK1118075,Galagedara East,12,0,8,0.0,0.6666666666666666,1,-0.09090909090909091,-0.34286274066187084,0.7317017232242102,-0.02623006994518227,no trend,sporadic_cold_spot,"on and off cold in 67% of bins, never the opposite",0.4496878332696503,0.1285671682216319,False,ok
LK1118080,Galagedara North,12,0,2,0.0,0.16666666666666666,0,-0.06060606060606061,-0.20571764439712248,0.837011475105446,-0.010736913992319824,no trend,no_pattern,cold in only 17% of bins and not in the final bin,0.32051935317082453,0.0916374928309256,True,ok
LK1118085,Galagedara South,12,0,8,0.0,0.6666666666666666,0,-0.09090909090909091,-0.34286274066187084,0.7317017232242102,-0.01301415644927769,no trend,no_pattern,cold in only 67% of bins and not in the final bin,0.24864002670062194,0.07108696694553727,True,ok
LK1118090,Padukka,12,0,11,0.0,0.9166666666666666,11,-0.18181818181818182,-0.7542980294561158,0.4506702853141802,-0.030595875218386078,no trend,persistent_cold_spot,cold in 92% of bins with no significant trend,0.3870843380357572,0.11066863170914476,False,ok
LK1118095,Arukwatta North,12,0,12,0.0,1.0,12,-0.36363636363636365,-1.5771686070446058,0.11475673431864908,-0.05262243051176496,no trend,persistent_cold_spot,cold in 100% of bins with no significant trend,0.36916840730059747,0.10554641066988178,False,ok
LK1118100,Arukwatta South,12,0,12,0.0,1.0,12,-0.5454545454545454,-2.400039184633096,0.016393316888809073,-0.07046337069121128,decreasing,intensifying_cold_spot,cold in 100% of bins and significantly decreasing,0.3970083783151187,0.1135059460895626,False,ok
LK1118105,Ganegoda,12,0,11,0.0,0.9166666666666666,4,-0.3333333333333333,-1.4400235107798574,0.14986074751304912,-0.03562814427697079,no trend,persistent_cold_spot,cold in 92% of bins with no significant trend,0.30489490439036393,0.08717041370156164,False,ok
LK1118110,Angampitiya,12,0,12,0.0,1.0,12,-0.45454545454545453,-1.9886038958388508,0.046744941053711075,-0.10358550303296665,decreasing,intensifying_cold_spot,cold in 100% of bins and significantly decreasing,0.4086823853017806,0.11684358146466663,False,ok
LK1118115,Weragala,12,0,12,0.0,1.0,12,-0.24242424242424243,-1.0285882219856124,0.303673214899419,-0.05160622942591919,no trend,persistent_cold_spot,cold in 100% of bins with no significant trend,0.4497576030508041,0.12858711562186545,False,ok
LK1118120,Angamuwa,12,0,12,0.0,1.0,12,-0.42424242424242425,-1.8514587995741025,0.06410357671243583,-0.051484571543861775,no trend,persistent_cold_spot,cold in 100% of bins with no significant trend,0.34476573034567587,0.09856960845064039,False,ok
LK1118125,Udumulla,12,0,12,0.0,1.0,12,-0.24242424242424243,-1.0285882219856124,0.303673214899419,-0.030846727527303157,no trend,persistent_cold_spot,cold in 100% of bins with no significant trend,0.2273421913204034,0.06499784871395005,False,ok
LK1118130,Poregedara,12,0,11,0.0,0.9166666666666666,11,-0.24242424242424243,-1.0285882219856124,0.303673214899419,-0.026721713592551467,no trend,persistent_cold_spot,cold in 92% of bins with no significant trend,0.33061207535777337,0.09452303390013563,False,ok
LK1118135,Pahala Padukka,12,0,11,0.0,0.9166666666666666,11,-0.15151515151515152,-0.6171529331913674,0.5371338571769022,-0.01970232466020585,no trend,persistent_cold_spot,cold in 92% of bins with no significant trend,0.2237607909845755,0.06397391507514669,False,ok
LK1118140,Liyanwala,12,0,12,0.0,1.0,12,-0.15151515151515152,-0.6171529331913674,0.5371338571769022,-0.022479112409903978,no trend,persistent_cold_spot,cold in 100% of bins with no significant trend,0.4208110104270596,0.12031119359782348,False,ok
LK1118145,Kurugala,12,0,11,0.0,0.9166666666666666,11,-0.12121212121212122,-0.48000783692661914,0.6312218204782534,-0.03183637443143783,no trend,persistent_cold_spot,cold in 92% of bins with no significant trend,0.5837322247710464,0.16689088204333155,False,ok
LK1118150,Madulawa South,12,0,11,0.0,0.9166666666666666,11,-0.06060606060606061,-0.20571764439712248,0.837011475105446,-0.013585546218423894,no trend,persistent_cold_spot,cold in 92% of bins with no significant trend,0.6937575994134145,0.1983474832758829,False,ok
LK1118155,Madulawa North,12,0,11,0.0,0.9166666666666666,8,0.0,0.0,1.0,-0.00566064216243503,no trend,persistent_cold_spot,cold in 92% of bins with no significant trend,0.6442906353462049,0.1842047224090823,False,ok
LK1118160,Horakandawala,12,0,10,0.0,0.8333333333333334,5,0.030303030303030304,0.06857254813237416,0.9453298708327,0.007206780645712341,no trend,sporadic_cold_spot,"on and off cold in 83% of bins, never the opposite",0.48241748275652163,0.1379246781209277,False,ok
LK1118165,Dampe,12,0,11,0.0,0.9166666666666666,8,0.0,0.0,1.0,0.0017143325218192647,no trend,persistent_cold_spot,cold in 92% of bins with no significant trend,0.8031694963995417,0.22962868931382407,False,ok
LK1118170,Beruketiya,12,0,10,0.0,0.8333333333333334,0,0.36363636363636365,1.5771686070446058,0.11475673431864908,0.037177060690557526,no trend,no_pattern,cold in only 83% of bins and not in the final bin,0.6994594115089434,0.19997764931689835,True,ok
LK1118175,Horagala West,12,0,10,0.0,0.8333333333333334,5,0.09090909090909091,0.34286274066187084,0.7317017232242102,0.008508975480478206,no trend,sporadic_cold_spot,"on and off cold in 83% of bins, never the opposite",0.5963432773325558,0.17049642170033888,False,ok
LK1118180,Horagala East,12,0,11,0.0,0.9166666666666666,8,0.030303030303030304,0.06857254813237416,0.9453298708327,0.011111660148345932,no trend,persistent_cold_spot,cold in 92% of bins with no significant trend,0.7332327722648646,0.2096335595561079,False,ok
LK1118185,Beliattavila,12,0,12,0.0,1.0,12,-0.24242424242424243,-1.0285882219856124,0.303673214899419,-0.025903700258442314,no trend,persistent_cold_spot,cold in 100% of bins with no significant trend,0.35228369420879657,0.10071901800358776,False,ok
LK1118190,Miriyagalla,12,0,12,0.0,1.0,12,-0.30303030303030304,-1.302878414515109,0.19261627432960227,-0.04709279299977291,no trend,persistent_cold_spot,cold in 100% of bins with no significant trend,0.4874148476643448,0.13935344049169818,False,ok
LK1118195,Malagala,12,0,12,0.0,1.0,12,-0.21212121212121213,-0.8914431257208641,0.37269149047151817,-0.026897738398983326,no trend,persistent_cold_spot,cold in 100% of bins with no significant trend,0.6002003957704857,0.1715991840131514,False,ok
LK1118200,Kahawala,12,0,10,0.0,0.8333333333333334,6,-0.21212121212121213,-0.8914431257208641,0.37269149047151817,-0.022787262868221136,no trend,sporadic_cold_spot,"on and off cold in 83% of bins, never the opposite",0.5780505999995308,0.16526648762184937,False,ok
LK1118205,Yatawathura,12,0,10,0.0,0.8333333333333334,6,-0.21212121212121213,-0.8914431257208641,0.37269149047151817,-0.022787262868221136,no trend,sporadic_cold_spot,"on and off cold in 83% of bins, never the opposite",0.5780505999995308,0.16526648762184937,False,ok
LK1118210,Mahingala,12,0,12,0.0,1.0,12,-0.3939393939393939,-1.714313703309354,0.08647112777407262,-0.06978266143745931,no trend,persistent_cold_spot,cold in 100% of bins with no significant trend,0.4846152890739259,0.1385530378710098,False,ok
LK1118215,Ihala Bope,12,0,12,0.0,1.0,12,-0.24242424242424243,-1.0285882219856124,0.303673214899419,-0.05368787213303901,no trend,persistent_cold_spot,cold in 100% of bins with no significant trend,0.4499007914666827,0.12862805364106378,False,ok
LK1118220,Gurulana,12,0,12,0.0,1.0,12,-0.3333333333333333,-1.4400235107798574,0.14986074751304912,-0.07242668217788392,no trend,persistent_cold_spot,cold in 100% of bins with no significant trend,0.6837786987516221,0.19549448413929674,False,ok
LK1118225,Udagama,12,0,12,0.0,1.0,12,-0.2727272727272727,-1.1657333182503609,0.24372228477217428,-0.06374003010304644,no trend,persistent_cold_spot,cold in 100% of bins with no significant trend,0.508059492425476,0.14525580946748634,False,ok
LK1118230,Dambora,12,0,12,0.0,1.0,12,-0.3333333333333333,-1.4400235107798574,0.14986074751304912,-0.07800621679650455,no trend,persistent_cold_spot,cold in 100% of bins with no significant trend,0.719351082738325,0.20566474078780272,False,ok
LK1121005,Mirihana South,12,11,0,0.9166666666666666,0.0,7,0.21212121212121213,0.8914431257208641,0.37269149047151817,0.04304554135936584,no trend,persistent_hot_spot,hot in 92% of bins with no significant trend,0.4988977519360463,0.1426364389985479,False,ok
LK1121010,Mirihana North,12,5,0,0.4166666666666667,0.0,0,0.18181818181818182,0.7542980294561158,0.4506702853141802,0.02346154455708177,no trend,no_pattern,hot in only 42% of bins and not in the final bin,0.5318410144971109,0.15205502154871897,True,ok
LK1121015,Madiwela,12,2,0,0.16666666666666666,0.0,0,0.030303030303030304,0.06857254813237416,0.9453298708327,0.02449094567674312,no trend,no_pattern,hot in only 17% of bins and not in the final bin,0.6170906893214322,0.17642817215029574,True,ok
LK1121020,Thalawathugoda West,12,0,0,0.0,0.0,0,0.0,0.0,1.0,-0.002604596557089398,no trend,no_pattern,never significantly hot or cold,0.7017682667916314,0.20063775831600206,True,ok
LK1121025,Thalawathugoda East,12,0,0,0.0,0.0,0,0.06060606060606061,0.20571764439712248,0.837011475105446,0.031219101774868203,no trend,no_pattern,never significantly hot or cold,0.8126412756998221,0.2323367008555264,True,ok
LK1121030,Kalalgoda,12,0,0,0.0,0.0,0,0.09090909090909091,0.34286274066187084,0.7317017232242102,0.022601486139465575,no trend,no_pattern,never significantly hot or cold,0.7978818936426089,0.22811694702763216,True,ok
LK1121035,Kottawa East,12,0,0,0.0,0.0,0,0.21212121212121213,0.8914431257208641,0.37269149047151817,0.0592519213831702,no trend,no_pattern,never significantly hot or cold,0.7729560044103598,0.22099055676998272,True,ok
LK1121040,Rukmale West,12,0,0,0.0,0.0,0,0.2727272727272727,1.1657333182503609,0.24372228477217428,0.044666938547448375,no trend,no_pattern,never significantly hot or cold,0.8402507018260091,0.2402303227653273,True,ok
LK1121045,Rukmale East A,12,0,0,0.0,0.0,0,0.12121212121212122,0.48000783692661914,0.6312218204782534,0.024539019399638172,no trend,no_pattern,never significantly hot or cold,0.38437316789720644,0.10989349962530315,True,ok
LK1121050,Rukmale East B,12,0,0,0.0,0.0,0,0.09090909090909091,0.34286274066187084,0.7317017232242102,0.008812952022485474,no trend,no_pattern,never significantly hot or cold,0.31400178950219737,0.08977410084522977,True,ok
LK1121055,Liyanagoda,12,0,1,0.0,0.08333333333333333,0,0.2727272727272727,1.1657333182503609,0.24372228477217428,0.09373946990407,no trend,no_pattern,cold in only 8% of bins and not in the final bin,0.696523885366016,0.19913837314459762,True,ok
LK1121060,Kottawa North,12,0,0,0.0,0.0,0,0.12121212121212122,0.48000783692661914,0.6312218204782534,0.055349765594190595,no trend,no_pattern,never significantly hot or cold,0.6441309307093491,0.18415906235027413,True,ok
LK1121065,Depanama,12,0,0,0.0,0.0,0,0.12121212121212122,0.48000783692661914,0.6312218204782534,0.030375478791111885,no trend,no_pattern,never significantly hot or cold,0.5534729615507765,0.15823966336032516,True,ok
LK1121070,Polwatta,12,0,0,0.0,0.0,0,0.030303030303030304,0.06857254813237416,0.9453298708327,0.0027614512884756607,no trend,no_pattern,never significantly hot or cold,0.47590231310366504,0.13606197059188277,True,ok
LK1121075,Pamunuwa,12,0,0,0.0,0.0,0,-0.06060606060606061,-0.20571764439712248,0.837011475105446,-0.019416327509902666,no trend,no_pattern,never significantly hot or cold,0.5133448223249706,0.1467669019365763,True,ok
LK1121080,Thalapathpitiya,12,1,0,0.08333333333333333,0.0,0,0.0,0.0,1.0,0.004704956096737833,no trend,no_pattern,hot in only 8% of bins and not in the final bin,0.7051382462766073,0.20160124606748975,True,ok
LK1121085,Pragathipura,12,2,0,0.16666666666666666,0.0,0,0.06060606060606061,0.20571764439712248,0.837011475105446,0.014713286204082712,no trend,no_pattern,hot in only 17% of bins and not in the final bin,0.5278588971597584,0.1509165216567669,True,ok
LK1121090,Udahamulla East,12,7,0,0.5833333333333334,0.0,0,0.06060606060606061,0.20571764439712248,0.837011475105446,0.01740149431832411,no trend,no_pattern,hot in only 58% of bins and not in the final bin,0.646319056597103,0.1847846544350221,True,ok
LK1121095,Udahamulla West,12,5,0,0.4166666666666667,0.0,0,-0.06060606060606061,-0.20571764439712248,0.837011475105446,-0.011538747197036932,no trend,no_pattern,hot in only 42% of bins and not in the final bin,0.6624057706685839,0.1893838966674024,True,ok
LK1121100,Pathiragoda,12,9,0,0.75,0.0,5,-0.12121212121212122,-0.48000783692661914,0.6312218204782534,-0.034497284789515595,no trend,sporadic_hot_spot,"on and off hot in 75% of bins, never the opposite",0.6035751767433625,0.1725640445251565,False,ok
LK1121105,Maharagama East,12,2,0,0.16666666666666666,0.0,0,-0.06060606060606061,-0.20571764439712248,0.837011475105446,-0.02717415515490685,no trend,no_pattern,hot in only 17% of bins and not in the final bin,0.6234269991408637,0.17823974308948712,True,ok
LK1121110,Maharagama West,12,2,0,0.16666666666666666,0.0,0,-0.21212121212121213,-0.8914431257208641,0.37269149047151817,-0.06496049144356808,no trend,no_pattern,hot in only 17% of bins and not in the final bin,0.6042157608427342,0.17274718953725346,True,ok
LK1121115,Dambahena,12,0,0,0.0,0.0,0,-0.06060606060606061,-0.20571764439712248,0.837011475105446,-0.02321932236969035,no trend,no_pattern,never significantly hot or cold,0.6452743976558133,0.18448598315262943,True,ok
LK1121120,Pannipitiya North,12,1,0,0.08333333333333333,0.0,0,0.030303030303030304,0.06857254813237416,0.9453298708327,0.006656449091774477,no trend,no_pattern,hot in only 8% of bins and not in the final bin,0.8257729076574272,0.23609107580190303,True,ok
LK1121125,Kottawa West,12,1,0,0.08333333333333333,0.0,0,0.18181818181818182,0.7542980294561158,0.4506702853141802,0.056027980070713274,no trend,no_pattern,hot in only 8% of bins and not in the final bin,0.6886968521098695,0.1969005996784966,True,ok
LK1121130,Kottawa South,12,1,0,0.08333333333333333,0.0,0,0.15151515151515152,0.6171529331913674,0.5371338571769022,0.07591947760323552,no trend,no_pattern,hot in only 8% of bins and not in the final bin,0.9929352363827539,0.28388331221017965,True,ok
LK1121135,Malapalla West,12,1,0,0.08333333333333333,0.0,0,0.21212121212121213,0.8914431257208641,0.37269149047151817,0.03596850594793335,no trend,no_pattern,hot in only 8% of bins and not in the final bin,0.8375615264645127,0.23946147905753754,True,ok
LK1121140,Malapalla East,12,0,0,0.0,0.0,0,0.24242424242424243,1.0285882219856124,0.303673214899419,0.01783188856157092,no trend,no_pattern,never significantly hot or cold,0.4329342425631472,0.12377726385838053,True,ok
LK1121145,Makumbura North,12,0,0,0.0,0.0,0,-0.06060606060606061,-0.20571764439712248,0.837011475105446,-0.0059404759489121006,no trend,no_pattern,never significantly hot or cold,0.6590217018727622,0.18841638073755718,True,ok
LK1121150,Makumbura South,12,1,0,0.08333333333333333,0.0,0,-0.030303030303030304,-0.06857254813237416,0.9453298708327,-0.005087769823510352,no trend,no_pattern,hot in only 8% of bins and not in the final bin,0.834004098157258,0.23844439909722437,True,ok
LK1121155,Kottawa Town,12,1,0,0.08333333333333333,0.0,0,0.0,0.0,1.0,0.007331940538206022,no trend,no_pattern,hot in only 8% of bins and not in the final bin,1.1796599739665274,0.33726850294020716,True,ok
LK1121160,Pannipitiya South,12,0,0,0.0,0.0,0,-0.06060606060606061,-0.20571764439712248,0.837011475105446,-0.00788395425469022,no trend,no_pattern,never significantly hot or cold,0.612538534501598,0.17512669674626455,True,ok
LK1121165,Maharagama Town,12,1,0,0.08333333333333333,0.0,0,-0.15151515151515152,-0.6171529331913674,0.5371338571769022,-0.050858856078040596,no trend,no_pattern,hot in only 8% of bins and not in the final bin,0.8666922753637084,0.24779005194089418,True,ok
LK1121170,Godigamuwa South A,12,1,0,0.08333333333333333,0.0,0,-0.030303030303030304,-0.06857254813237416,0.9453298708327,-0.004122105723353877,no trend,no_pattern,hot in only 8% of bins and not in the final bin,0.8503931777892072,0.24313008859591054,True,ok
LK1121175,Godigamuwa South B,12,1,0,0.08333333333333333,0.0,0,-0.06060606060606061,-0.20571764439712248,0.837011475105446,-0.016251697619507722,no trend,no_pattern,hot in only 8% of bins and not in the final bin,0.6691317067189393,0.1913068629734876,True,ok
LK1121180,Godigamuwa North,12,1,0,0.08333333333333333,0.0,0,-0.09090909090909091,-0.34286274066187084,0.7317017232242102,-0.013976104832431138,no trend,no_pattern,hot in only 8% of bins and not in the final bin,0.8672113174787727,0.2479384477167736,True,ok
LK1121185,Wattegedara,12,8,0,0.6666666666666666,0.0,0,-0.30303030303030304,-1.302878414515109,0.19261627432960227,-0.06616324624195885,no trend,no_pattern,hot in only 67% of bins and not in the final bin,0.8946018033500002,0.2557694739179355,True,ok
LK1121190,Navinna,12,8,0,0.6666666666666666,0.0,5,0.06060606060606061,0.20571764439712248,0.837011475105446,0.03676103093928103,no trend,sporadic_hot_spot,"on and off hot in 67% of bins, never the opposite",0.9136570946094048,0.26121744172050443,False,ok
LK1121195,Wijerama,12,7,0,0.5833333333333334,0.0,3,0.30303030303030304,1.302878414515109,0.19261627432960227,0.06715211450037442,no trend,sporadic_hot_spot,"on and off hot in 58% of bins, never the opposite",1.0512894736455662,0.3005669724819359,False,ok
LK1121200,Gangodavila South B,12,7,0,0.5833333333333334,0.0,3,0.24242424242424243,1.0285882219856124,0.303673214899419,0.07824701263327477,no trend,sporadic_hot_spot,"on and off hot in 58% of bins, never the opposite",1.1805789626473393,0.33753124469921947,False,ok
LK1121205,Jambugasmulla,12,10,0,0.8333333333333334,0.0,5,0.24242424242424243,1.0285882219856124,0.303673214899419,0.06841858101396452,no trend,sporadic_hot_spot,"on and off hot in 83% of bins, never the opposite",0.4993269096046653,0.14275913652801797,False,ok
LK1124005,Obeysekarapura,12,8,0,0.6666666666666666,0.0,4,-0.06060606060606061,-0.20571764439712248,0.837011475105446,-0.010453216219597062,no trend,sporadic_hot_spot,"on and off hot in 67% of bins, never the opposite",0.9960328353386732,0.2847689255103065,False,ok
LK1124010,Welikada West,12,6,0,0.5,0.0,0,-0.18181818181818182,-0.7542980294561158,0.4506702853141802,-0.07247760030973605,no trend,no_pattern,hot in only 50% of bins and not in the final bin,1.0665150222850521,0.30492000480430614,True,ok
LK1124015,Welikada East,12,0,0,0.0,0.0,0,-0.15151515151515152,-0.6171529331913674,0.5371338571769022,-0.06291075869191767,no trend,no_pattern,never significantly hot or cold,0.8699567624664801,0.24872337908796807,True,ok
LK1124020,Rajagiriya,12,3,0,0.25,0.0,0,-0.2727272727272727,-1.1657333182503609,0.24372228477217428,-0.0714946113552648,no trend,no_pattern,hot in only 25% of bins and not in the final bin,0.7351813458908684,0.21019066289453966,True,ok
LK1124025,Welikada North,12,6,0,0.5,0.0,0,-0.18181818181818182,-0.7542980294561158,0.4506702853141802,-0.05000520390152567,no trend,no_pattern,hot in only 50% of bins and not in the final bin,0.8717640325833985,0.24924008330799186,True,ok
LK1124030,Nawala West,12,5,0,0.4166666666666667,0.0,0,-0.030303030303030304,-0.06857254813237416,0.9453298708327,-0.0020203483328343867,no trend,no_pattern,hot in only 42% of bins and not in the final bin,0.9172857897485954,0.26225489709258604,True,ok
LK1124035,Koswatta,12,5,0,0.4166666666666667,0.0,0,-0.12121212121212122,-0.48000783692661914,0.6312218204782534,-0.0229084269635405,no trend,no_pattern,hot in only 42% of bins and not in the final bin,0.7253098777400371,0.20736837905129105,True,ok
LK1124040,Ethulkotte West,12,4,0,0.3333333333333333,0.0,0,-0.18181818181818182,-0.7542980294561158,0.4506702853141802,-0.040916235958835534,no trend,no_pattern,hot in only 33% of bins and not in the final bin,0.620064529985053,0.1772784025647682,True,ok
LK1124045,Ethulkotte,12,1,0,0.08333333333333333,0.0,0,-0.06060606060606061,-0.20571764439712248,0.837011475105446,-0.006592901758366414,no trend,no_pattern,hot in only 8% of bins and not in the final bin,0.5276876930200796,0.15086757385387373,True,ok
LK1124050,Pitakotte East,12,2,0,0.16666666666666666,0.0,0,0.12121212121212122,0.48000783692661914,0.6312218204782534,0.021978178768970447,no trend,no_pattern,hot in only 17% of bins and not in the final bin,0.3118765491412981,0.08916648793072315,True,ok
LK1124055,Pitakotte,12,9,0,0.75,0.0,4,0.21212121212121213,0.8914431257208641,0.37269149047151817,0.04577870590767977,no trend,sporadic_hot_spot,"on and off hot in 75% of bins, never the opposite",0.4839709071493807,0.13836880704873114,False,ok
LK1124060,Pitakotte West,12,10,0,0.8333333333333334,0.0,4,0.09090909090909091,0.34286274066187084,0.7317017232242102,0.02501769989479196,no trend,sporadic_hot_spot,"on and off hot in 83% of bins, never the opposite",0.6441324109668781,0.18415948556056505,False,ok
LK1124065,Nawala East,12,5,0,0.4166666666666667,0.0,1,0.030303030303030304,0.06857254813237416,0.9453298708327,0.008971880311350877,no trend,sporadic_hot_spot,"on and off hot in 42% of bins, never the opposite",0.47203672277461783,0.1349567861387101,False,ok
LK1124070,Nugegoda West,12,12,0,1.0,0.0,12,0.18181818181818182,0.7542980294561158,0.4506702853141802,0.018407584501625038,no trend,persistent_hot_spot,hot in 100% of bins with no significant trend,0.473647017671093,0.13541717452266133,False,ok
LK1124075,Pagoda,12,12,0,1.0,0.0,12,0.09090909090909091,0.34286274066187084,0.7317017232242102,0.031373894513328185,no trend,persistent_hot_spot,hot in 100% of bins with no significant trend,0.47755083195944936,0.1365332873262207,False,ok
LK1124080,Nugegoda,12,12,0,1.0,0.0,12,0.06060606060606061,0.20571764439712248,0.837011475105446,0.022424394908136615,no trend,persistent_hot_spot,hot in 100% of bins with no significant trend,0.46547857730027686,0.13308179168691237,False,ok
LK1124085,Pagoda East,12,12,0,1.0,0.0,12,0.15151515151515152,0.6171529331913674,0.5371338571769022,0.052166883865599936,no trend,persistent_hot_spot,hot in 100% of bins with no significant trend,0.6069145191611529,0.1735187730426173,False,ok
LK1124090,Gangodavila North,12,12,0,1.0,0.0,12,0.2727272727272727,1.1657333182503609,0.24372228477217428,0.024480983845840062,no trend,persistent_hot_spot,hot in 100% of bins with no significant trend,0.2795369491469332,0.07992049441014104,False,ok
LK1124095,Gangodavila South,12,11,0,0.9166666666666666,0.0,5,0.24242424242424243,1.0285882219856124,0.303673214899419,0.06354466085954132,no trend,persistent_hot_spot,hot in 92% of bins with no significant trend,0.47607164231973403,0.13611038234820913,False,ok
LK1124100,Gangodavila East,12,10,0,0.8333333333333334,0.0,5,0.12121212121212122,0.48000783692661914,0.6312218204782534,0.022301605740862214,no trend,sporadic_hot_spot,"on and off hot in 83% of bins, never the opposite",0.48039183863409624,0.13734554008476726,False,ok
LK1127005,Kollupitiya,12,4,0,0.3333333333333333,0.0,1,-0.06060606060606061,-0.20571764439712248,0.837011475105446,-0.004145038673173205,no trend,sporadic_hot_spot,"on and off hot in 33% of bins, never the opposite",0.726470264453365,0.2077001372682965,False,ok
LK1127010,Bambalapitiya,12,1,0,0.08333333333333333,0.0,0,0.12121212121212122,0.48000783692661914,0.6312218204782534,0.0173319277737722,no trend,no_pattern,hot in only 8% of bins and not in the final bin,0.7963078538770302,0.22766692409982184,True,ok
LK1127015,Kurunduwatta,12,10,0,0.8333333333333334,0.0,5,0.0,0.0,1.0,-5.332500203817736e-05,no trend,sporadic_hot_spot,"on and off hot in 83% of bins, never the opposite",1.067546251123712,0.3052148363780469,False,ok
LK1127020,Kuppiyawatta West,12,10,0,0.8333333333333334,0.0,5,-0.12121212121212122,-0.48000783692661914,0.6312218204782534,-0.05116380045855964,no trend,sporadic_hot_spot,"on and off hot in 83% of bins, never the opposite",0.98612366336054,0.28193586202405074,False,ok
LK1127025,Kuppiyawatta East,12,10,0,0.8333333333333334,0.0,5,-0.21212121212121213,-0.8914431257208641,0.37269149047151817,-0.05890386174221354,no trend,sporadic_hot_spot,"on and off hot in 83% of bins, never the opposite",0.9425862000681255,0.2694883641089748,False,ok
LK1127030,Dematagoda,12,12,0,1.0,0.0,12,-0.2727272727272727,-1.1657333182503609,0.24372228477217428,-0.10257715728261618,no trend,persistent_hot_spot,hot in 100% of bins with no significant trend,0.8905598842126679,0.2546138765029704,False,ok
LK1127035,Wanathamulla,12,10,0,0.8333333333333334,0.0,5,-0.21212121212121213,-0.8914431257208641,0.37269149047151817,-0.07251726260323224,no trend,sporadic_hot_spot,"on and off hot in 83% of bins, never the opposite",0.9503038178659589,0.2716948553508433,False,ok
LK1127040,Borella North,12,10,0,0.8333333333333334,0.0,5,-0.12121212121212122,-0.48000783692661914,0.6312218204782534,-0.06374529251504753,no trend,sporadic_hot_spot,"on and off hot in 83% of bins, never the opposite",1.2010856031322583,0.34339415781767196,False,ok
LK1127045,Borella South,12,10,0,0.8333333333333334,0.0,5,-0.030303030303030304,-0.06857254813237416,0.9453298708327,-0.01343434786216656,no trend,sporadic_hot_spot,"on and off hot in 83% of bins, never the opposite",0.9949759255094651,0.284466751660463,False,ok
LK1127050,Gothamipura,12,6,0,0.5,0.0,1,-0.030303030303030304,-0.06857254813237416,0.9453298708327,-0.008957030731049864,no trend,sporadic_hot_spot,"on and off hot in 50% of bins, never the opposite",1.0223014080095532,0.2922791931930304,False,ok
LK1127055,Narahenpita,12,5,0,0.4166666666666667,0.0,1,0.09090909090909091,0.34286274066187084,0.7317017232242102,0.015007242681908117,no trend,sporadic_hot_spot,"on and off hot in 42% of bins, never the opposite",1.123748583743588,0.32128326033305943,False,ok
LK1127060,Thimbirigasyaya,12,9,0,0.75,0.0,5,0.09090909090909091,0.34286274066187084,0.7317017232242102,0.024703147042632646,no trend,sporadic_hot_spot,"on and off hot in 75% of bins, never the opposite",1.1599424158018996,0.33163119094303906,False,ok
LK1127065,Milagiriya,12,3,0,0.25,0.0,1,0.30303030303030304,1.302878414515109,0.19261627432960227,0.042812821778578834,no trend,sporadic_hot_spot,"on and off hot in 25% of bins, never the opposite",0.9509634622862082,0.2718834497687265,False,ok
LK1127070,Havelock Town,12,8,0,0.6666666666666666,0.0,5,0.21212121212121213,0.8914431257208641,0.37269149047151817,0.03242063351420557,no trend,sporadic_hot_spot,"on and off hot in 67% of bins, never the opposite",1.029884433666758,0.29444720411787617,False,ok
LK1127075,Kirula,12,9,0,0.75,0.0,5,0.030303030303030304,0.06857254813237416,0.9453298708327,0.018663660369249737,no trend,sporadic_hot_spot,"on and off hot in 75% of bins, never the opposite",0.9792579639297663,0.2799729369271955,False,ok
LK1127080,Kirulapone,12,10,0,0.8333333333333334,0.0,5,0.09090909090909091,0.34286274066187084,0.7317017232242102,0.04028266068213542,no trend,sporadic_hot_spot,"on and off hot in 83% of bins, never the opposite",0.6245166412326694,0.17855127519632655,False,ok
LK1127085,Wellawatta North,12,9,0,0.75,0.0,5,0.15151515151515152,0.6171529331913674,0.5371338571769022,0.04018573706473923,no trend,sporadic_hot_spot,"on and off hot in 75% of bins, never the opposite",0.8101896083024519,0.2316357614229219,False,ok
LK1127090,Wellawatta South,12,9,0,0.75,0.0,7,0.09090909090909091,0.34286274066187084,0.7317017232242102,0.048347593530151105,no trend,sporadic_hot_spot,"on and off hot in 75% of bins, never the opposite",0.6821835830090185,0.19503843552325753,False,ok
LK1127095,Pamankada West,12,10,0,0.8333333333333334,0.0,7,0.24242424242424243,1.0285882219856124,0.303673214899419,0.06203878912827564,no trend,sporadic_hot_spot,"on and off hot in 83% of bins, never the opposite",0.5771463506450838,0.1650079598826793,False,ok
LK1127100,Pamankada East,12,10,0,0.8333333333333334,0.0,8,0.3333333333333333,1.4400235107798574,0.14986074751304912,0.06468393773150061,no trend,sporadic_hot_spot,"on and off hot in 83% of bins, never the opposite",0.6001188193197993,0.17157586104890293,False,ok
LK1130005,Sri Saranankara,12,10,0,0.8333333333333334,0.0,7,0.21212121212121213,0.8914431257208641,0.37269149047151817,0.08392010169849357,no trend,sporadic_hot_spot,"on and off hot in 83% of bins, never the opposite",0.6465567093032424,0.1848526000924049,False,ok
LK1130010,Vilawala,12,12,0,1.0,0.0,12,0.2727272727272727,1.1657333182503609,0.24372228477217428,0.07298341327480665,no trend,persistent_hot_spot,hot in 100% of bins with no significant trend,0.5462868901157742,0.1561851428981658,False,ok
LK1130015,Dutugemunu,12,12,0,1.0,0.0,12,0.30303030303030304,1.302878414515109,0.19261627432960227,0.0595864503232515,no trend,persistent_hot_spot,hot in 100% of bins with no significant trend,0.48887410196556513,0.13977064589363003,False,ok
LK1130020,Kohuwala,12,12,0,1.0,0.0,12,0.42424242424242425,1.8514587995741025,0.06410357671243583,0.057121926720564264,no trend,persistent_hot_spot,hot in 100% of bins with no significant trend,0.3948134643814434,0.11287841328110072,False,ok
LK1130025,Kalubovila,12,12,0,1.0,0.0,12,0.24242424242424243,1.0285882219856124,0.303673214899419,0.0704230654380579,no trend,persistent_hot_spot,hot in 100% of bins with no significant trend,0.49733459730308494,0.1421895281644452,False,ok
LK1130030,Hathbodhiya,12,11,0,0.9166666666666666,0.0,7,0.3333333333333333,1.4400235107798574,0.14986074751304912,0.06833627884719806,no trend,persistent_hot_spot,hot in 92% of bins with no significant trend,0.5751272317419895,0.1644306874272826,False,ok
LK1130035,Galwala,12,11,0,0.9166666666666666,0.0,7,0.21212121212121213,0.8914431257208641,0.37269149047151817,0.06654389610247746,no trend,persistent_hot_spot,hot in 92% of bins with no significant trend,0.7317648751640855,0.20921388315055403,False,ok
LK1130040,Dehiwala West,12,10,0,0.8333333333333334,0.0,7,0.15151515151515152,0.6171529331913674,0.5371338571769022,0.052802538315807446,no trend,sporadic_hot_spot,"on and off hot in 83% of bins, never the opposite",0.7121049908968617,0.20359306030234878,False,ok
LK1130045,Dehiwala East,12,11,0,0.9166666666666666,0.0,7,0.2727272727272727,1.1657333182503609,0.24372228477217428,0.07690873068103712,no trend,persistent_hot_spot,hot in 92% of bins with no significant trend,0.7490264778500452,0.21414902973916541,False,ok
LK1130050,Udyanaya,12,12,0,1.0,0.0,12,0.30303030303030304,1.302878414515109,0.19261627432960227,0.09166016765089671,no trend,persistent_hot_spot,hot in 100% of bins with no significant trend,0.6709937610664067,0.19183923017761675,False,ok
LK1130055,Nedimala,12,11,0,0.9166666666666666,0.0,10,0.36363636363636365,1.5771686070446058,0.11475673431864908,0.06224106418777621,no trend,persistent_hot_spot,hot in 92% of bins with no significant trend,0.32538725285755904,0.09302924068712151,False,ok
LK1130060,Malwatta,12,11,0,0.9166666666666666,0.0,7,0.18181818181818182,0.7542980294561158,0.4506702853141802,0.06151403353015461,no trend,persistent_hot_spot,hot in 92% of bins with no significant trend,0.7151346242433393,0.20445924202061838,False,ok
LK1130065,Jayathilaka,12,11,0,0.9166666666666666,0.0,7,0.21212121212121213,0.8914431257208641,0.37269149047151817,0.06260163229978646,no trend,persistent_hot_spot,hot in 92% of bins with no significant trend,0.8123936736052852,0.23226591063665636,False,ok
LK1130070,Karagampitiya,12,11,0,0.9166666666666666,0.0,7,0.15151515151515152,0.6171529331913674,0.5371338571769022,0.042131819313497215,no trend,persistent_hot_spot,hot in 92% of bins with no significant trend,0.724964194475268,0.2072695471168582,False,ok
LK1130075,Kawdana East,12,10,0,0.8333333333333334,0.0,7,0.15151515151515152,0.6171529331913674,0.5371338571769022,0.038958087106603326,no trend,sporadic_hot_spot,"on and off hot in 83% of bins, never the opposite",0.5040845108633867,0.14411934971616241,False,ok
LK1131005,Mount Lavinia,12,12,0,1.0,0.0,12,0.18181818181818182,0.7542980294561158,0.4506702853141802,0.04239646062489766,no trend,persistent_hot_spot,hot in 100% of bins with no significant trend,0.8059220444122462,0.2304156514622425,False,ok
LK1131010,Kawdana West,12,12,0,1.0,0.0,12,0.12121212121212122,0.48000783692661914,0.6312218204782534,0.020854572908067595,no trend,persistent_hot_spot,hot in 100% of bins with no significant trend,0.6085443084826203,0.17398473494408878,False,ok
LK1131015,Watarappala,12,12,0,1.0,0.0,12,0.15151515151515152,0.6171529331913674,0.5371338571769022,0.03353848860289401,no trend,persistent_hot_spot,hot in 100% of bins with no significant trend,0.5873594550887589,0.16792791861833783,False,ok
LK1131020,Wathumulla,12,11,0,0.9166666666666666,0.0,10,0.21212121212121213,0.8914431257208641,0.37269149047151817,0.03901902568793125,no trend,persistent_hot_spot,hot in 92% of bins with no significant trend,0.7376220127274914,0.21088845723217056,False,ok
LK1131025,Katukurunduwatta,12,11,0,0.9166666666666666,0.0,10,0.21212121212121213,0.8914431257208641,0.37269149047151817,0.05987889441732324,no trend,persistent_hot_spot,hot in 92% of bins with no significant trend,0.7104342736664094,0.20311539698275982,False,ok
LK1131030,Attidiya North,12,0,0,0.0,0.0,0,0.15151515151515152,0.6171529331913674,0.5371338571769022,0.04967519896049063,no trend,no_pattern,never significantly hot or cold,0.5277779315809059,0.1508933733427002,True,ok
LK1131035,Attidiya South,12,9,0,0.75,0.0,5,0.09090909090909091,0.34286274066187084,0.7317017232242102,0.007626483616022568,no trend,sporadic_hot_spot,"on and off hot in 75% of bins, never the opposite",0.7016789143495901,0.20061221217132785,False,ok
LK1131040,Piriwena,12,10,0,0.8333333333333334,0.0,7,0.09090909090909091,0.34286274066187084,0.7317017232242102,0.02066568572423605,no trend,sporadic_hot_spot,"on and off hot in 83% of bins, never the opposite",0.8083053435784058,0.23109704420215763,False,ok
LK1131045,Wedikanda,12,8,0,0.6666666666666666,0.0,5,0.18181818181818182,0.7542980294561158,0.4506702853141802,0.03545201468274964,no trend,sporadic_hot_spot,"on and off hot in 67% of bins, never the opposite",0.7541694581744575,0.21561942401628334,False,ok
LK1131050,Vihara,12,10,0,0.8333333333333334,0.0,7,0.06060606060606061,0.20571764439712248,0.837011475105446,0.033652750074368916,no trend,sporadic_hot_spot,"on and off hot in 83% of bins, never the opposite",0.8201993236249363,0.23449757056807793,False,ok
LK1131055,Rathmalana West,12,9,0,0.75,0.0,2,0.06060606060606061,0.20571764439712248,0.837011475105446,0.020609622425445846,no trend,sporadic_hot_spot,"on and off hot in 75% of bins, never the opposite",0.8124985507694985,0.23229589534830838,False,ok
LK1131060,Rathmalana East,12,11,0,0.9166666666666666,0.0,10,0.0,0.0,1.0,-0.0011281400724631463,no trend,persistent_hot_spot,hot in 92% of bins with no significant trend,0.6671200478406443,0.19073172336268293,False,ok
LK1131065,Kandawala,12,9,0,0.75,0.0,2,0.12121212121212122,0.48000783692661914,0.6312218204782534,0.013935471781728251,no trend,sporadic_hot_spot,"on and off hot in 75% of bins, never the opposite",0.4340133561011984,0.12408578581853255,False,ok
LK1133005,Angulana North,12,8,0,0.6666666666666666,0.0,2,0.12121212121212122,0.48000783692661914,0.6312218204782534,0.05321370367039791,no trend,sporadic_hot_spot,"on and off hot in 67% of bins, never the opposite",0.9303700570717476,0.26599573034075574,False,ok
LK1133010,Kaldemulla,12,11,0,0.9166666666666666,0.0,10,0.06060606060606061,0.20571764439712248,0.837011475105446,0.013144955697473959,no trend,persistent_hot_spot,hot in 92% of bins with no significant trend,0.7826851779181196,0.22377215812649429,False,ok
LK1133015,Soysapura North,12,10,0,0.8333333333333334,0.0,9,0.12121212121212122,0.48000783692661914,0.6312218204782534,0.030035071804732853,no trend,sporadic_hot_spot,"on and off hot in 83% of bins, never the opposite",0.5866399864515397,0.16772222026835362,False,ok
LK1133020,Soysapura South,12,12,0,1.0,0.0,12,0.030303030303030304,0.06857254813237416,0.9453298708327,0.017700665079817858,no trend,persistent_hot_spot,hot in 100% of bins with no significant trend,0.6527343812669852,0.18661881596888455,False,ok
LK1133025,Dahampura,12,12,0,1.0,0.0,12,0.09090909090909091,0.34286274066187084,0.7317017232242102,0.04484771126817426,no trend,persistent_hot_spot,hot in 100% of bins with no significant trend,0.9754698811025203,0.27888991211296627,False,ok
LK1133030,Thelawala North,12,12,0,1.0,0.0,12,0.09090909090909091,0.34286274066187084,0.7317017232242102,0.033254647609693586,no trend,persistent_hot_spot,hot in 100% of bins with no significant trend,0.5569241225149987,0.15922636115248226,False,ok
LK1133035,Borupana,12,9,0,0.75,0.0,2,0.09090909090909091,0.34286274066187084,0.7317017232242102,0.026913346271846307,no trend,sporadic_hot_spot,"on and off hot in 75% of bins, never the opposite",0.5130048484153598,0.1466697023247698,False,ok
LK1133040,Thelawala South,12,12,0,1.0,0.0,12,0.030303030303030304,0.06857254813237416,0.9453298708327,0.0018245484339095722,no trend,persistent_hot_spot,hot in 100% of bins with no significant trend,0.4810043759321335,0.13752066642800448,False,ok
LK1133045,Lakshapathiya North,12,12,0,1.0,0.0,12,0.0,0.0,1.0,0.001052601550287724,no trend,persistent_hot_spot,hot in 100% of bins with no significant trend,0.6500286831003513,0.18584524833905278,False,ok
LK1133050,Lakshapathiya Central,12,10,0,0.8333333333333334,0.0,9,0.09090909090909091,0.34286274066187084,0.7317017232242102,0.041160090802273196,no trend,sporadic_hot_spot,"on and off hot in 83% of bins, never the opposite",0.929003358376063,0.26560498687803236,False,ok
LK1133055,Angulana South,12,7,0,0.5833333333333334,0.0,2,0.12121212121212122,0.48000783692661914,0.6312218204782534,0.05251785266493588,no trend,sporadic_hot_spot,"on and off hot in 58% of bins, never the opposite",0.8773591729925674,0.25083975157782007,False,ok
LK1133060,Uyana South,12,6,0,0.5,0.0,3,0.06060606060606061,0.20571764439712248,0.837011475105446,0.03762145742185313,no trend,sporadic_hot_spot,"on and off hot in 50% of bins, never the opposite",0.7359312365948599,0.21040505900925532,False,ok
LK1133065,Uyana North,12,8,0,0.6666666666666666,0.0,2,0.0,0.0,1.0,0.0009605159422923898,no trend,sporadic_hot_spot,"on and off hot in 67% of bins, never the opposite",0.7116703778447047,0.20346880306153858,False,ok
LK1133070,Rawathawatta South,12,10,0,0.8333333333333334,0.0,5,-0.06060606060606061,-0.20571764439712248,0.837011475105446,-0.03234903415614555,no trend,sporadic_hot_spot,"on and off hot in 83% of bins, never the opposite",0.6582792568713438,0.18820411337266402,False,ok
LK1133075,Rawathawatta East,12,11,0,0.9166666666666666,0.0,6,-0.06060606060606061,-0.20571764439712248,0.837011475105446,-0.01774708618834821,no trend,persistent_hot_spot,hot in 92% of bins with no significant trend,0.6168884757662261,0.17637035865781175,False,ok
LK1133080,Lakshapathiya South,12,12,0,1.0,0.0,12,0.0,0.0,1.0,-0.00286202908672577,no trend,persistent_hot_spot,hot in 100% of bins with no significant trend,0.6492597091914823,0.1856253962759432,False,ok
LK1133085,Kuduwamulla,12,9,0,0.75,0.0,4,-0.09090909090909091,-0.34286274066187084,0.7317017232242102,-0.025063284935173832,no trend,sporadic_hot_spot,"on and off hot in 75% of bins, never the opposite",0.5637288414774989,0.16117185174134616,False,ok
LK1133090,Katubedda,12,12,0,1.0,0.0,12,-0.06060606060606061,-0.20571764439712248,0.837011475105446,-0.009514603128993953,no trend,persistent_hot_spot,hot in 100% of bins with no significant trend,0.5102149085978241,0.14587204974155163,False,ok
LK1133095,Molpe,12,5,0,0.4166666666666667,0.0,0,-0.15151515151515152,-0.6171529331913674,0.5371338571769022,-0.029026292993887606,no trend,no_pattern,hot in only 42% of bins and not in the final bin,0.6191010849216795,0.17700295058592674,True,ok
LK1133100,Moratumulla North,12,11,0,0.9166666666666666,0.0,6,-0.09090909090909091,-0.34286274066187084,0.7317017232242102,-0.04811725394967253,no trend,persistent_hot_spot,hot in 92% of bins with no significant trend,0.8224799665415516,0.23514961356284167,False,ok
LK1133105,Kadalana,12,10,0,0.8333333333333334,0.0,5,-0.24242424242424243,-1.0285882219856124,0.303673214899419,-0.04947968482552015,no trend,sporadic_hot_spot,"on and off hot in 83% of bins, never the opposite",0.9444880838838668,0.27003211868356164,False,ok
LK1133110,Rawathawatta West,12,12,0,1.0,0.0,12,0.0,0.0,1.0,-0.0039137507134398165,no trend,persistent_hot_spot,hot in 100% of bins with no significant trend,0.6012765853875796,0.17190687001509025,False,ok
LK1133115,Idama,12,9,0,0.75,0.0,5,-0.06060606060606061,-0.20571764439712248,0.837011475105446,-0.030781350275183562,no trend,sporadic_hot_spot,"on and off hot in 75% of bins, never the opposite",0.8804685160574469,0.2517287225556971,False,ok
LK1133120,Uswatta,12,5,0,0.4166666666666667,0.0,3,0.21212121212121213,0.8914431257208641,0.37269149047151817,0.07129531025762506,no trend,sporadic_hot_spot,"on and off hot in 42% of bins, never the opposite",0.985812086314307,0.281846781164945,False,ok
LK1133125,Moratuwella South,12,3,0,0.25,0.0,0,0.15151515151515152,0.6171529331913674,0.5371338571769022,0.07363827583951768,no trend,no_pattern,hot in only 25% of bins and not in the final bin,1.0978448776696677,0.31387730915987655,True,ok
LK1133130,Indibedda West,12,2,1,0.16666666666666666,0.08333333333333333,0,-0.30303030303030304,-1.302878414515109,0.19261627432960227,-0.07286278584361472,no trend,no_pattern,hot in only 17% of bins and not in the final bin,1.0675595848518475,0.3052186485329273,True,ok
LK1133135,Moratumulla East,12,9,0,0.75,0.0,2,-0.3333333333333333,-1.4400235107798574,0.14986074751304912,-0.07467542188203119,no trend,sporadic_hot_spot,"on and off hot in 75% of bins, never the opposite",1.0677170254812665,0.30526366130487675,False,ok
LK1133140,Moratumulla West,12,6,0,0.5,0.0,0,-0.21212121212121213,-0.8914431257208641,0.37269149047151817,-0.05035485257235102,no trend,no_pattern,hot in only 50% of bins and not in the final bin,1.0839699294407392,0.3099104177497961,True,ok
LK1133145,Villorawatta East,12,0,1,0.0,0.08333333333333333,0,-0.36363636363636365,-1.5771686070446058,0.11475673431864908,-0.06136129799472982,no trend,no_pattern,cold in only 8% of bins and not in the final bin,0.8400651402397985,0.24017727012323922,True,ok
LK1133150,Villorawatta West,12,6,0,0.5,0.0,0,-0.2727272727272727,-1.1657333182503609,0.24372228477217428,-0.07673428980162457,no trend,no_pattern,hot in only 50% of bins and not in the final bin,0.8656713295631633,0.24749816032014593,True,ok
LK1133155,Indibedda East,12,0,1,0.0,0.08333333333333333,0,-0.21212121212121213,-0.8914431257208641,0.37269149047151817,-0.030030069143270333,no trend,no_pattern,cold in only 8% of bins and not in the final bin,0.8856317222868555,0.25320489948277286,True,ok
LK1133160,Moratuwella North,12,4,0,0.3333333333333333,0.0,0,0.24242424242424243,1.0285882219856124,0.303673214899419,0.0785773481191037,no trend,no_pattern,hot in only 33% of bins and not in the final bin,0.9483610726793039,0.2711394183815832,True,ok
LK1133165,Moratuwella West,12,1,0,0.08333333333333333,0.0,0,0.18181818181818182,0.7542980294561158,0.4506702853141802,0.05732823138578466,no trend,no_pattern,hot in only 8% of bins and not in the final bin,0.8420387199715665,0.24074152278608785,True,ok
LK1133170,Koralawella North,12,1,0,0.08333333333333333,0.0,0,0.06060606060606061,0.20571764439712248,0.837011475105446,0.02739275351688831,no trend,no_pattern,hot in only 8% of bins and not in the final bin,0.9358531362057746,0.2675633599389848,True,ok
LK1133175,Koralawella East,12,1,0,0.08333333333333333,0.0,0,0.06060606060606061,0.20571764439712248,0.837011475105446,0.02739275351688831,no trend,no_pattern,hot in only 8% of bins and not in the final bin,0.9358531362057746,0.2675633599389848,True,ok
LK1133180,Koralawella West,12,1,0,0.08333333333333333,0.0,0,-0.06060606060606061,-0.20571764439712248,0.837011475105446,-0.01325431531633518,no trend,no_pattern,hot in only 8% of bins and not in the final bin,1.0133030551570295,0.28970653576421734,True,ok
LK1133185,Koralawella South,12,0,1,0.0,0.08333333333333333,0,-0.09090909090909091,-0.34286274066187084,0.7317017232242102,-0.03479446340292562,no trend,no_pattern,cold in only 8% of bins and not in the final bin,1.0985459287318882,0.3140777418671462,True,ok
LK1133190,Katukurunda North,12,0,1,0.0,0.08333333333333333,0,-0.09090909090909091,-0.34286274066187084,0.7317017232242102,-0.03548409929657595,no trend,no_pattern,cold in only 8% of bins and not in the final bin,1.0882439851215833,0.31113238373387064,True,ok
LK1133195,Katukurunda South,12,0,1,0.0,0.08333333333333333,0,-0.12121212121212122,-0.48000783692661914,0.6312218204782534,-0.043002421571649276,no trend,no_pattern,cold in only 8% of bins and not in the final bin,1.0213912148080764,0.29201896608926914,True,ok
LK1133200,Egoda Uyana North,12,0,1,0.0,0.08333333333333333,0,-0.06060606060606061,-0.20571764439712248,0.837011475105446,-0.014939354943086264,no trend,no_pattern,cold in only 8% of bins and not in the final bin,1.0770566532171117,0.30793389029797874,True,ok
LK1133205,Egoda Uyana Central,12,0,1,0.0,0.08333333333333333,0,-0.18181818181818182,-0.7542980294561158,0.4506702853141802,-0.023904711526137344,no trend,no_pattern,cold in only 8% of bins and not in the final bin,1.0394875323024173,0.29719276027126973,True,ok
LK1133210,Egoda Uyana South,12,0,1,0.0,0.08333333333333333,0,-0.18181818181818182,-0.7542980294561158,0.4506702853141802,-0.024759735534165862,no trend,no_pattern,cold in only 8% of bins and not in the final bin,0.8869826066328839,0.25359112157310826,True,ok
LK1136005,Pepiliyana West,12,5,0,0.4166666666666667,0.0,3,0.5454545454545454,2.400039184633096,0.016393316888809073,0.06693487334828407,increasing,sporadic_hot_spot,"on and off hot in 42% of bins, never the opposite",0.26398150551899163,0.07547314407127509,False,ok
LK1136010,Pepiliyana East,12,6,0,0.5,0.0,3,0.3939393939393939,1.714313703309354,0.08647112777407262,0.06928555202834635,no trend,sporadic_hot_spot,"on and off hot in 50% of bins, never the opposite",0.4520483955828973,0.12924206042366948,False,ok
LK1136015,Divulpitiya East,12,2,0,0.16666666666666666,0.0,1,0.21212121212121213,0.8914431257208641,0.37269149047151817,0.06436889087773784,no trend,sporadic_hot_spot,"on and off hot in 17% of bins, never the opposite",0.7480895325353872,0.21388115412196615,False,ok
LK1136020,Divulpitiya West,12,0,0,0.0,0.0,0,0.3333333333333333,1.4400235107798574,0.14986074751304912,0.06374550568772762,no trend,no_pattern,never significantly hot or cold,0.6115508640689374,0.17484431865802472,True,ok
LK1136025,Bellanvila,12,0,0,0.0,0.0,0,0.5454545454545454,2.400039184633096,0.016393316888809073,0.07780160036033587,increasing,no_pattern,never significantly hot or cold,0.33187560452092635,0.09488428086848448,True,ok
LK1136030,Boralesgamuwa West A,12,0,0,0.0,0.0,0,0.24242424242424243,1.0285882219856124,0.303673214899419,0.03553888587693332,no trend,no_pattern,never significantly hot or cold,0.613034775067895,0.17526857348751776,True,ok
LK1136035,Boralesgamuwa West C,12,0,0,0.0,0.0,0,0.18181818181818182,0.7542980294561158,0.4506702853141802,0.024548560902270204,no trend,no_pattern,never significantly hot or cold,0.7040898700600962,0.2013015120044004,True,ok
LK1136040,Rattanapitiya,12,0,1,0.0,0.08333333333333333,0,0.15151515151515152,0.6171529331913674,0.5371338571769022,0.04697954715889237,no trend,no_pattern,cold in only 8% of bins and not in the final bin,1.3257540068276354,0.3790372471876588,True,ok
LK1136045,Egodawatta,12,7,0,0.5833333333333334,0.0,3,0.18181818181818182,0.7542980294561158,0.4506702853141802,0.044004092537486605,no trend,sporadic_hot_spot,"on and off hot in 58% of bins, never the opposite",1.2070937078520054,0.3451118938848911,False,ok
LK1136050,Boralesgamuwa East A,12,0,1,0.0,0.08333333333333333,0,0.030303030303030304,0.06857254813237416,0.9453298708327,0.02242287002443273,no trend,no_pattern,cold in only 8% of bins and not in the final bin,0.9647762846346786,0.27583257919386356,True,ok
LK1136055,Boralesgamuwa West B,12,0,0,0.0,0.0,0,0.18181818181818182,0.7542980294561158,0.4506702853141802,0.036035035589885404,no trend,no_pattern,never significantly hot or cold,0.6465395451580819,0.18484769280922983,True,ok
LK1136060,Werahera North,12,0,0,0.0,0.0,0,-0.06060606060606061,-0.20571764439712248,0.837011475105446,-0.03375960154371646,no trend,no_pattern,never significantly hot or cold,0.6712866967984861,0.19192298142627862,True,ok
LK1136065,Boralesgamuwa East B,12,1,0,0.08333333333333333,0.0,0,-0.15151515151515152,-0.6171529331913674,0.5371338571769022,-0.036518517220450006,no trend,no_pattern,hot in only 8% of bins and not in the final bin,1.0452783642145642,0.298848377358303,True,ok
LK1136070,Neelammahara,12,1,0,0.08333333333333333,0.0,0,0.06060606060606061,0.20571764439712248,0.837011475105446,0.011298836553335552,no trend,no_pattern,hot in only 8% of bins and not in the final bin,0.8787442335768001,0.2512357447623264,True,ok
LK1136075,Katuwawala North,12,1,0,0.08333333333333333,0.0,0,-0.09090909090909091,-0.34286274066187084,0.7317017232242102,-0.023064833185278223,no trend,no_pattern,hot in only 8% of bins and not in the final bin,0.8491876598019142,0.24278542720549762,True,ok
LK1136080,Vishwakalawa,12,0,0,0.0,0.0,0,0.09090909090909091,0.34286274066187084,0.7317017232242102,0.016705977882498446,no trend,no_pattern,never significantly hot or cold,0.6734367129734768,0.19253767782408734,True,ok
LK1136085,Werahera South,12,0,0,0.0,0.0,0,0.09090909090909091,0.34286274066187084,0.7317017232242102,0.026080243171912966,no trend,no_pattern,never significantly hot or cold,0.5460758083922381,0.1561247939684181,True,ok
LK1136090,Katuwawala South,12,0,0,0.0,0.0,0,0.24242424242424243,1.0285882219856124,0.303673214899419,0.05771085192075211,no trend,no_pattern,never significantly hot or cold,0.701927970108328,0.20068341799737255,True,ok
LK1136095,Niwanthidiya,12,0,0,0.0,0.0,0,0.21212121212121213,0.8914431257208641,0.37269149047151817,0.053729818226833814,no trend,no_pattern,never significantly hot or cold,0.7304337313909245,0.20883330495219182,True,ok
LK1136100,Erewwala West,12,0,0,0.0,0.0,0,0.06060606060606061,0.20571764439712248,0.837011475105446,0.01018099679678611,no trend,no_pattern,never significantly hot or cold,0.8124252844199286,0.23227494826814912,True,ok
LK1136105,Erewwala North,12,1,0,0.08333333333333333,0.0,0,-0.06060606060606061,-0.20571764439712248,0.837011475105446,-0.030348940519708,no trend,no_pattern,hot in only 8% of bins and not in the final bin,0.901293579615256,0.2576826738338442,True,ok
LK1136110,Erewwala East,12,0,0,0.0,0.0,0,-0.21212121212121213,-0.8914431257208641,0.37269149047151817,-0.03545721729122356,no trend,no_pattern,never significantly hot or cold,0.6524331395613531,0.18653269001621692,True,ok
LK1136115,Rathmaldeniya,12,1,0,0.08333333333333333,0.0,0,-0.12121212121212122,-0.48000783692661914,0.6312218204782534,-0.029934925485671143,no trend,no_pattern,hot in only 8% of bins and not in the final bin,1.11940524258481,0.3200414854125676,True,ok
LK1136120,Mahalwarawa,12,1,0,0.08333333333333333,0.0,0,-0.06060606060606061,-0.20571764439712248,0.837011475105446,-0.024462579121591707,no trend,no_pattern,hot in only 8% of bins and not in the final bin,1.020164123206358,0.2916681367345268,True,ok
LK1136125,Bangalawatta,12,1,0,0.08333333333333333,0.0,0,-0.06060606060606061,-0.20571764439712248,0.837011475105446,-0.02123262478503571,no trend,no_pattern,hot in only 8% of bins and not in the final bin,0.8633986360364977,0.24684839008101245,True,ok
LK1136130,Pelenwatta East,12,1,0,0.08333333333333333,0.0,0,0.0,0.0,1.0,7.87898013116671e-05,no trend,no_pattern,hot in only 8% of bins and not in the final bin,1.1853935564408997,0.33890775223262287,True,ok
LK1136135,Pelenwatta North,12,1,0,0.08333333333333333,0.0,0,0.030303030303030304,0.06857254813237416,0.9453298708327,0.024779198516708935,no trend,no_pattern,hot in only 8% of bins and not in the final bin,1.061624101745199,0.30352167521367907,True,ok
LK1136140,Pelenwatta West,12,0,0,0.0,0.0,0,0.12121212121212122,0.48000783692661914,0.6312218204782534,0.035981241038345796,no trend,no_pattern,never significantly hot or cold,0.9365509071878312,0.26776285486100204,True,ok
LK1136145,Paligedara,12,0,0,0.0,0.0,0,0.09090909090909091,0.34286274066187084,0.7317017232242102,0.04036578112725535,no trend,no_pattern,never significantly hot or cold,0.8030614444309142,0.22959779691558818,True,ok
LK1136150,Kaliyammahara,12,0,0,0.0,0.0,0,0.12121212121212122,0.48000783692661914,0.6312218204782534,0.04637989968251832,no trend,no_pattern,never significantly hot or cold,0.7648715042592924,0.21867917270750392,True,ok
LK1136155,Bokundara,12,0,0,0.0,0.0,0,0.18181818181818182,0.7542980294561158,0.4506702853141802,0.04309271683072405,no trend,no_pattern,never significantly hot or cold,0.703800353637934,0.20121873834721604,True,ok
LK1136160,Thumbovila South,12,0,0,0.0,0.0,0,0.030303030303030304,0.06857254813237416,0.9453298708327,0.01689207281953243,no trend,no_pattern,never significantly hot or cold,0.7086503454448175,0.20260536628414585,True,ok
LK1136165,Thumbovila North,12,0,0,0.0,0.0,0,0.24242424242424243,1.0285882219856124,0.303673214899419,0.04799264793000302,no trend,no_pattern,never significantly hot or cold,0.5682581473384873,0.16246679455606033,True,ok
LK1136170,Wewala West,12,0,0,0.0,0.0,0,-0.15151515151515152,-0.6171529331913674,0.5371338571769022,-0.009220809799615707,no trend,no_pattern,never significantly hot or cold,0.3474465379887951,0.09933605980138457,True,ok
LK1136175,Wewala East,12,1,0,0.08333333333333333,0.0,0,0.0,0.0,1.0,-0.002571900730086194,no trend,no_pattern,hot in only 8% of bins and not in the final bin,0.5320379928136363,0.15211133826997114,True,ok
LK1136180,Thumbovila West,12,1,0,0.08333333333333333,0.0,0,0.0,0.0,1.0,6.323216063764195e-05,no trend,no_pattern,hot in only 8% of bins and not in the final bin,0.7647737672526427,0.21865122938939355,True,ok
LK1136185,Mampe North,12,1,0,0.08333333333333333,0.0,0,0.12121212121212122,0.48000783692661914,0.6312218204782534,0.0276642703439385,no trend,no_pattern,hot in only 8% of bins and not in the final bin,1.0969068265166169,0.31360911737999697,True,ok
LK1136190,Makuludoowa,12,0,0,0.0,0.0,0,0.21212121212121213,0.8914431257208641,0.37269149047151817,0.0879092452769353,no trend,no_pattern,never significantly hot or cold,0.959042564314434,0.2741932904908787,True,ok
LK1136195,Gorakapitiya,12,0,0,0.0,0.0,0,0.21212121212121213,0.8914431257208641,0.37269149047151817,0.05554457007231431,no trend,no_pattern,never significantly hot or cold,0.8029465143315414,0.2295649380381034,True,ok
LK1136200,Nampamunuwa,12,0,0,0.0,0.0,0,0.24242424242424243,1.0285882219856124,0.303673214899419,0.0974789101043474,no trend,no_pattern,never significantly hot or cold,0.8227740556115057,0.23523369455443535,True,ok
LK1136205,Mavittara North,12,0,0,0.0,0.0,0,0.24242424242424243,1.0285882219856124,0.303673214899419,0.08492271172727872,no trend,no_pattern,never significantly hot or cold,0.9037353088066686,0.25838077190205627,True,ok
LK1136210,Mampe East,12,0,0,0.0,0.0,0,0.18181818181818182,0.7542980294561158,0.4506702853141802,0.03412999549235454,no trend,no_pattern,never significantly hot or cold,0.7719232777389001,0.2206952969611257,True,ok
LK1136215,Bodhirajapura,12,0,0,0.0,0.0,0,0.030303030303030304,0.06857254813237416,0.9453298708327,0.0038659044291791808,no trend,no_pattern,never significantly hot or cold,0.5226436629654233,0.1494254697706105,True,ok
LK1136220,Mampe West,12,0,0,0.0,0.0,0,0.18181818181818182,0.7542980294561158,0.4506702853141802,0.08985029559129044,no trend,no_pattern,never significantly hot or cold,0.8011590314241226,0.2290538910436129,True,ok
LK1136225,Mampe South,12,0,0,0.0,0.0,0,0.21212121212121213,0.8914431257208641,0.37269149047151817,0.058129079279362256,no trend,no_pattern,never significantly hot or cold,0.6275680974497467,0.1794236961420511,True,ok
LK1136230,Kolamunna,12,0,0,0.0,0.0,0,0.15151515151515152,0.6171529331913674,0.5371338571769022,0.04137856897075412,no trend,no_pattern,never significantly hot or cold,0.7818667510623704,0.2235381673100758,True,ok
LK1136235,Suwarapola East,12,0,0,0.0,0.0,0,0.030303030303030304,0.06857254813237416,0.9453298708327,0.005553129537874024,no trend,no_pattern,never significantly hot or cold,0.6281288320130906,0.1795840119202409,True,ok
LK1136240,Suwarapola West,12,0,0,0.0,0.0,0,0.15151515151515152,0.6171529331913674,0.5371338571769022,0.019613981061994162,no trend,no_pattern,never significantly hot or cold,0.4259606719289711,0.12178349804463671,True,ok
LK1136245,Hedigama,12,0,0,0.0,0.0,0,0.09090909090909091,0.34286274066187084,0.7317017232242102,0.01121102722730756,no trend,no_pattern,never significantly hot or cold,0.592953939028212,0.1695273992014062,True,ok
LK1136250,Batakettara North,12,0,0,0.0,0.0,0,-0.030303030303030304,-0.06857254813237416,0.9453298708327,-0.019914493167649722,no trend,no_pattern,never significantly hot or cold,0.6818706843223027,0.19494897680297413,True,ok
LK1136255,Kesbewa North,12,0,0,0.0,0.0,0,0.09090909090909091,0.34286274066187084,0.7317017232242102,0.040414066094439136,no trend,no_pattern,never significantly hot or cold,0.7106588539700477,0.20317960519908443,True,ok
LK1136260,Kesbewa East,12,0,0,0.0,0.0,0,-0.09090909090909091,-0.34286274066187084,0.7317017232242102,-0.026378209981919983,no trend,no_pattern,never significantly hot or cold,0.4797277039120606,0.13715566187545716,True,ok
LK1136265,Mavittara South,12,0,0,0.0,0.0,0,0.24242424242424243,1.0285882219856124,0.303673214899419,0.04212133681153636,no trend,no_pattern,never significantly hot or cold,0.6354252152314188,0.18167007086877773,True,ok
LK1136270,Honnanthara North,12,0,0,0.0,0.0,0,0.18181818181818182,0.7542980294561158,0.4506702853141802,0.05519622570674531,no trend,no_pattern,never significantly hot or cold,0.5557116460795212,0.15887971031981157,True,ok
LK1136275,Honnanthara South,12,0,0,0.0,0.0,0,0.06060606060606061,0.20571764439712248,0.837011475105446,0.009979958814644125,no trend,no_pattern,never significantly hot or cold,0.4395964460316487,0.1256820088185315,True,ok
LK1136280,Makandana East,12,0,0,0.0,0.0,0,0.12121212121212122,0.48000783692661914,0.6312218204782534,0.026926212488061554,no trend,no_pattern,never significantly hot or cold,0.5789646316541711,0.16552781215146273,True,ok
LK1136285,Kesbewa South,12,0,0,0.0,0.0,0,-0.030303030303030304,-0.06857254813237416,0.9453298708327,-0.010600234637899893,no trend,no_pattern,never significantly hot or cold,0.580223534989241,0.16588773658098946,True,ok
LK1136290,Batakettara South,12,0,0,0.0,0.0,0,0.12121212121212122,0.48000783692661914,0.6312218204782534,0.021154388406330334,no trend,no_pattern,never significantly hot or cold,0.5237966190629755,0.14975510355115634,True,ok
LK1136295,Madapatha,12,0,6,0.0,0.5,0,0.030303030303030304,0.06857254813237416,0.9453298708327,0.00765933662205987,no trend,no_pattern,cold in only 50% of bins and not in the final bin,0.6581513706855541,0.188167550309256,True,ok
LK1136300,Delthara West,12,0,0,0.0,0.0,0,-0.09090909090909091,-0.34286274066187084,0.7317017232242102,-0.009075269951095661,no trend,no_pattern,never significantly hot or cold,0.46266735669987297,0.13227805486082947,True,ok
LK1136305,Delthara East,12,0,1,0.0,0.08333333333333333,0,-0.18181818181818182,-0.7542980294561158,0.4506702853141802,-0.026008882921789354,no trend,no_pattern,cold in only 8% of bins and not in the final bin,0.7338858815913027,0.20982028557008245,True,ok
LK1136310,Dampe,12,0,9,0.0,0.75,3,-0.24242424242424243,-1.0285882219856124,0.303673214899419,-0.02361164033460266,no trend,sporadic_cold_spot,"on and off cold in 75% of bins, never the opposite",0.6273822754011689,0.17937056903295168,False,ok
LK1136315,Makandana West,12,0,0,0.0,0.0,0,-0.06060606060606061,-0.20571764439712248,0.837011475105446,-0.0026808977802314643,no trend,no_pattern,never significantly hot or cold,0.5924808336841036,0.1693921368930616,True,ok
LK1136320,Nivungama,12,0,0,0.0,0.0,0,0.24242424242424243,1.0285882219856124,0.303673214899419,0.010000342282549004,no trend,no_pattern,never significantly hot or cold,0.6085670035280354,0.1739912235290711,True,ok
LK1136325,Halpita,12,0,5,0.0,0.4166666666666667,1,0.06060606060606061,0.20571764439712248,0.837011475105446,0.00648990999204279,no trend,sporadic_cold_spot,"on and off cold in 42% of bins, never the opposite",0.5923058893927106,0.16934211976901042,False,ok
LK1136330,Horathuduwa,12,0,1,0.0,0.08333333333333333,0,0.09090909090909091,0.34286274066187084,0.7317017232242102,0.02488955586624975,no trend,no_pattern,cold in only 8% of bins and not in the final bin,0.47443698827795183,0.1356430296078739,True,ok
LK1136335,Morenda,12,0,4,0.0,0.3333333333333333,0,0.15151515151515152,0.6171529331913674,0.5371338571769022,0.018342485381713944,no trend,no_pattern,cold in only 33% of bins and not in the final bin,0.627075230746262,0.1792827839988049,True,ok
LK1136340,Batuwandara North,12,0,0,0.0,0.0,0,-0.030303030303030304,-0.06857254813237416,0.9453298708327,-0.00624999737996031,no trend,no_pattern,never significantly hot or cold,0.6434404206383856,0.18396164334561305,True,ok
LK1136345,Batuwandara South,12,0,6,0.0,0.5,3,-0.21212121212121213,-0.8914431257208641,0.37269149047151817,-0.01890341635609527,no trend,sporadic_cold_spot,"on and off cold in 50% of bins, never the opposite",0.4653693943722894,0.1330505759438325,False,ok
LK1136350,Jamburaliya,12,0,3,0.0,0.25,1,-0.06060606060606061,-0.20571764439712248,0.837011475105446,-0.012029042916682997,no trend,sporadic_cold_spot,"on and off cold in 25% of bins, never the opposite",0.5559873901338647,0.15895854641364834,False,ok
LK1136355,Polhena,12,0,1,0.0,0.08333333333333333,0,-0.12121212121212122,-0.48000783692661914,0.6312218204782534,-0.02848171870413351,no trend,no_pattern,cold in only 8% of bins and not in the final bin,0.5760077229065369,0.1646824226251129,True,ok
LK1136360,Regidel Watta,12,0,1,0.0,0.08333333333333333,0,-0.30303030303030304,-1.302878414515109,0.19261627432960227,-0.05558944742113278,no trend,no_pattern,cold in only 8% of bins and not in the final bin,0.539957069965344,0.15437542737578686,True,ok
LK1136365,Kahapola,12,0,6,0.0,0.5,2,-0.21212121212121213,-0.8914431257208641,0.37269149047151817,-0.035283080064527184,no trend,sporadic_cold_spot,"on and off cold in 50% of bins, never the opposite",0.6853314512095603,0.1959384209587894,False,ok
