zone_id,name,n_bins,n_hot,n_cold,hot_share,cold_share,final_run,mk_tau,mk_z,mk_p,mk_slope,trend,category,reason,noise_sd,detectable_slope,underpowered,status
LK1103005,Sammanthranapura,26,17,0,0.6538461538461539,0.0,4,0.11384615384615385,0.7934958270402966,0.4274889995990474,0.007864970993407184,no trend,sporadic_hot_spot,"on and off hot in 65% of bins, never the opposite",0.35751346316597904,0.02876122874845189,False,ok
LK1103010,Mattakkuliya,26,25,0,0.9615384615384616,0.0,8,-0.003076923076923077,0.0,1.0,-0.0002882974017526981,no trend,persistent_hot_spot,hot in 96% of bins with no significant trend,0.5341626155455265,0.04297229267543346,False,ok
LK1103015,Modara,26,25,0,0.9615384615384616,0.0,8,-0.04,-0.2644986090134322,0.7913957365052897,-0.004357422164100577,no trend,persistent_hot_spot,hot in 96% of bins with no significant trend,0.6806655262602792,0.05475815296183286,False,ok
LK1103020,Madampitiya,26,24,0,0.9230769230769231,0.0,8,-0.015384615384615385,-0.0881662030044774,0.9297445787752687,-0.001487357445145565,no trend,persistent_hot_spot,hot in 92% of bins with no significant trend,0.5875159903865165,0.04726446283516588,False,ok
LK1103025,Mahawatta,26,25,0,0.9615384615384616,0.0,8,-0.08307692307692308,-0.5730803195291031,0.5665903119394651,-0.014352734453365823,no trend,persistent_hot_spot,hot in 96% of bins with no significant trend,0.808210006336844,0.06501884618048624,False,ok
LK1103030,Aluthmawatha,26,24,0,0.9230769230769231,0.0,8,-0.07076923076923076,-0.48491411652462574,0.6277372683701175,-0.012339781591051483,no trend,persistent_hot_spot,hot in 92% of bins with no significant trend,0.7571844188908896,0.060913941767765135,False,ok
LK1103035,Lunupokuna,26,26,0,1.0,0.0,26,-0.15076923076923077,-1.0579944360537288,0.29005797903523867,-0.020351773287036048,no trend,persistent_hot_spot,hot in 100% of bins with no significant trend,0.7336936861156959,0.05902416023944703,False,ok
LK1103040,Bloemendhal,26,26,0,1.0,0.0,26,-0.10153846153846154,-0.7053296240358192,0.4806051289858302,-0.024246391698737213,no trend,persistent_hot_spot,hot in 100% of bins with no significant trend,0.9387266931244888,0.07551864736544679,False,ok
LK1103045,Kotahena East,26,26,0,1.0,0.0,26,-0.12,-0.8375789285425354,0.40226723126443065,-0.015534200007745943,no trend,persistent_hot_spot,hot in 100% of bins with no significant trend,0.698928697218284,0.05622738780670749,False,ok
LK1103050,Kotahena West,26,26,0,1.0,0.0,26,-0.23076923076923078,-1.631074755582832,0.10287454664474693,-0.022998136525978354,no trend,persistent_hot_spot,hot in 100% of bins with no significant trend,0.6063549622154528,0.048780019685415545,False,ok
LK1103055,Kochchikade North,26,26,0,1.0,0.0,26,-0.28,-1.9837395676007417,0.04728488016768839,-0.0246923389901903,decreasing,diminishing_hot_spot,hot in 100% of bins but significantly decreasing,0.5901950103028235,0.04747998452196399,False,ok
LK1103060,Jinthupitiya,26,26,0,1.0,0.0,26,-0.2676923076923077,-1.8955733645962642,0.058016482085702537,-0.021731586536928103,no trend,persistent_hot_spot,hot in 100% of bins with no significant trend,0.5671189970746637,0.045623566335135375,False,ok
LK1103065,Masangasweediya,26,26,0,1.0,0.0,26,-0.18153846153846154,-1.2784099435649223,0.20110491981248035,-0.02019856677845855,no trend,persistent_hot_spot,hot in 100% of bins with no significant trend,0.6541202065845126,0.0526226361490267,False,ok
LK1103070,New Bazaar,26,26,0,1.0,0.0,26,-0.10153846153846154,-0.7053296240358192,0.4806051289858302,-0.013276663735256822,no trend,persistent_hot_spot,hot in 100% of bins with no significant trend,0.6886963405984315,0.0554042155916721,False,ok
LK1103075,Grandpass South,26,26,0,1.0,0.0,26,-0.07692307692307693,-0.5289972180268644,0.5968073797467659,-0.01251555007305,no trend,persistent_hot_spot,hot in 100% of bins with no significant trend,0.8107322507699977,0.06522175559950233,False,ok
LK1103080,Grandpass North,26,26,0,1.0,0.0,26,-0.07076923076923076,-0.48491411652462574,0.6277372683701175,-0.009483151996598771,no trend,persistent_hot_spot,hot in 100% of bins with no significant trend,0.6998922253035199,0.056304901675470975,False,ok
LK1103085,Nawagampura,26,26,0,1.0,0.0,26,-0.07076923076923076,-0.48491411652462574,0.6277372683701175,-0.007211500612458557,no trend,persistent_hot_spot,hot in 100% of bins with no significant trend,0.6739328330584791,0.054216521529116095,False,ok
LK1103090,Maligawatta East,26,26,0,1.0,0.0,26,0.021538461538461538,0.1322493045067161,0.8947871042097533,0.001939873914026058,no trend,persistent_hot_spot,hot in 100% of bins with no significant trend,0.7103084379180673,0.05714286473019494,False,ok
LK1103095,Khettarama,26,26,0,1.0,0.0,26,-0.08307692307692308,-0.5730803195291031,0.5665903119394651,-0.011793670547862047,no trend,persistent_hot_spot,hot in 100% of bins with no significant trend,0.6386130827573596,0.051375119673217076,False,ok
LK1103100,Aluthkade East,26,26,0,1.0,0.0,26,-0.18153846153846154,-1.2784099435649223,0.20110491981248035,-0.019726559431074264,no trend,persistent_hot_spot,hot in 100% of bins with no significant trend,0.6320504306219477,0.05084716769739045,False,ok
LK1103105,Aluthkade West,26,26,0,1.0,0.0,26,-0.16923076923076924,-1.190243740560445,0.23395060590621997,-0.01620670081538679,no trend,persistent_hot_spot,hot in 100% of bins with no significant trend,0.5892726426704709,0.047405781927663516,False,ok
LK1103110,Kochchikade South,26,26,0,1.0,0.0,26,-0.2,-1.4106592480716384,0.15834511256712158,-0.026742787726737563,no trend,persistent_hot_spot,hot in 100% of bins with no significant trend,0.6803653083472946,0.05473400104320784,False,ok
LK1103115,Pettah,26,26,0,1.0,0.0,26,-0.24307692307692308,-1.7192409585873094,0.08557050563653745,-0.033551757336251896,no trend,persistent_hot_spot,hot in 100% of bins with no significant trend,0.6696836745790745,0.05387468539815663,False,ok
LK1103120,Fort,26,26,0,1.0,0.0,26,-0.13230769230769232,-0.9257451315470128,0.3545784475977316,-0.013877105442809779,no trend,persistent_hot_spot,hot in 100% of bins with no significant trend,0.6305777397039465,0.050728692717474134,False,ok
LK1103125,Galle Face,26,23,0,0.8846153846153846,0.0,5,-0.003076923076923077,0.0,1.0,-0.0006003635413798077,no trend,sporadic_hot_spot,"on and off hot in 88% of bins, never the opposite",0.7369888627981688,0.059289250481061706,False,ok
LK1103130,Slave Island,26,25,0,0.9615384615384616,0.0,19,0.003076923076923077,0.0,1.0,0.0009235692223159712,no trend,persistent_hot_spot,hot in 96% of bins with no significant trend,0.6463693890779235,0.05199909869306516,False,ok
LK1103135,Hunupitiya,26,26,0,1.0,0.0,26,-0.08307692307692308,-0.5730803195291031,0.5665903119394651,-0.00676528878014209,no trend,persistent_hot_spot,hot in 100% of bins with no significant trend,0.5386094230096234,0.04333002926398772,False,ok
LK1103140,Suduwella,26,26,0,1.0,0.0,26,-0.2,-1.4106592480716384,0.15834511256712158,-0.02914661758551532,no trend,persistent_hot_spot,hot in 100% of bins with no significant trend,0.6750020210706577,0.05430253552344529,False,ok
LK1103145,Keselwatta,26,26,0,1.0,0.0,26,-0.2246153846153846,-1.5869916540805933,0.11251453486444052,-0.024649269413373025,no trend,persistent_hot_spot,hot in 100% of bins with no significant trend,0.6657648492823589,0.05355942389783173,False,ok
LK1103150,Panchikawatta,26,26,0,1.0,0.0,26,-0.13846153846153847,-0.9698282330492515,0.3321321174074414,-0.017522828369719804,no trend,persistent_hot_spot,hot in 100% of bins with no significant trend,0.56567107061645,0.045507083605486984,False,ok
LK1103155,Maligawatta West,26,26,0,1.0,0.0,26,-0.06461538461538462,-0.44083101502238703,0.6593353383597194,-0.009781123809072081,no trend,persistent_hot_spot,hot in 100% of bins with no significant trend,0.6731629866391797,0.05415458895524722,False,ok
LK1103160,Maligakanda,26,26,0,1.0,0.0,26,-0.08307692307692308,-0.5730803195291031,0.5665903119394651,-0.007792730860973072,no trend,persistent_hot_spot,hot in 100% of bins with no significant trend,0.5348077772996553,0.04302419462235857,False,ok
LK1103165,Maradana,26,26,0,1.0,0.0,26,-0.1076923076923077,-0.7494127255380579,0.4536084832864735,-0.01205899501617009,no trend,persistent_hot_spot,hot in 100% of bins with no significant trend,0.5170698245463097,0.041597212510551054,False,ok
LK1103170,Ibbanwala,26,26,0,1.0,0.0,26,0.021538461538461538,0.1322493045067161,0.8947871042097533,0.006488704164105014,no trend,persistent_hot_spot,hot in 100% of bins with no significant trend,0.6605714641178828,0.05314162665637521,False,ok
LK1103175,Wekanda,26,24,0,0.9230769230769231,0.0,12,0.052307692307692305,0.3526648120179096,0.7243397423849234,0.006577570558578418,no trend,persistent_hot_spot,hot in 92% of bins with no significant trend,0.7012443507397781,0.05641367740834671,False,ok
LK1106005,Wadulla,26,26,0,1.0,0.0,26,-0.09538461538461539,-0.6612465225335805,0.5084542305885602,-0.014261128604550866,no trend,persistent_hot_spot,hot in 100% of bins with no significant trend,0.8013662458724891,0.06446827961308527,False,ok
LK1106010,Sedawatta,26,21,0,0.8076923076923077,0.0,1,-0.08307692307692308,-0.5730803195291031,0.5665903119394651,-0.010443414887241794,no trend,sporadic_hot_spot,"on and off hot in 81% of bins, never the opposite",0.7162328289199028,0.05761946989994195,False,ok
LK1106015,Halmulla,26,7,0,0.2692307692307692,0.0,0,-0.07076923076923076,-0.48491411652462574,0.6277372683701175,-0.010728846315418197,no trend,no_pattern,hot in only 27% of bins and not in the final bin,0.6848067406273344,0.05509130520917061,True,ok
LK1106020,Kotuvila,26,17,0,0.6538461538461539,0.0,1,-0.04,-0.2644986090134322,0.7913957365052897,-0.0068159969182330915,no trend,sporadic_hot_spot,"on and off hot in 65% of bins, never the opposite",0.7458010374356044,0.05999817195292506,False,ok
LK1106025,Veheragoda,26,26,0,1.0,0.0,26,-0.046153846153846156,-0.3085817105156709,0.7576397352113808,-0.002762681219729446,no trend,persistent_hot_spot,hot in 100% of bins with no significant trend,0.633026387679926,0.050925681451654714,False,ok
LK1106030,Orugodawatta,26,26,0,1.0,0.0,26,0.033846153846153845,0.22041550751119351,0.8255475691294885,0.00438460184371839,no trend,persistent_hot_spot,hot in 100% of bins with no significant trend,0.6804962049310385,0.0547445314063279,False,ok
LK1106035,Meethotamulla,26,26,0,1.0,0.0,26,0.06461538461538462,0.44083101502238703,0.6593353383597194,0.009431775049748887,no trend,persistent_hot_spot,hot in 100% of bins with no significant trend,0.6521381889113919,0.05246318687073859,False,ok
LK1106040,Welewatta,26,24,0,0.9230769230769231,0.0,14,0.05846153846153846,0.3967479135201483,0.6915533638570888,0.007161689109529967,no trend,persistent_hot_spot,hot in 92% of bins with no significant trend,0.6352516696999196,0.051104700850365135,False,ok
LK1106045,Kittampahuwa,26,20,0,0.7692307692307693,0.0,2,0.12615384615384614,0.8816620300447741,0.37795959996135187,0.01960365708170185,no trend,sporadic_hot_spot,"on and off hot in 77% of bins, never the opposite",0.9558628443617829,0.0768972157730233,False,ok
LK1106050,Wennawatta,26,16,0,0.6153846153846154,0.0,0,0.1753846153846154,1.2343268420626836,0.21708113765003478,0.022091907255790983,no trend,no_pattern,hot in only 62% of bins and not in the final bin,0.9846528860497311,0.07921331589225188,True,ok
LK1106055,Maha Buthgamuwa B,26,11,0,0.4230769230769231,0.0,0,0.13846153846153847,0.9698282330492515,0.3321321174074414,0.025939022666106763,no trend,no_pattern,hot in only 42% of bins and not in the final bin,1.0097864683947453,0.08123526131688447,True,ok
LK1106060,Kuda Buthgamuwa,26,5,0,0.19230769230769232,0.0,0,0.10153846153846154,0.7053296240358192,0.4806051289858302,0.028010958354670712,no trend,no_pattern,hot in only 19% of bins and not in the final bin,1.3069334158821202,0.10514012703272718,True,ok
LK1106065,Kelanimulla,26,0,1,0.0,0.038461538461538464,0,-0.033846153846153845,-0.22041550751119351,0.8255475691294885,-0.007723103712504652,no trend,no_pattern,cold in only 4% of bins and not in the final bin,1.1933527460937556,0.09600279386418878,True,ok
LK1106070,Ambathale,26,1,1,0.038461538461538464,0.038461538461538464,0,-0.05846153846153846,-0.3967479135201483,0.6915533638570888,-0.005480202014557289,no trend,no_pattern,hot in only 4% of bins and not in the final bin,1.1337905379798154,0.09121113573428888,True,ok
LK1106075,Mulleriyawa North,26,0,3,0.0,0.11538461538461539,0,0.003076923076923077,0.0,1.0,0.00034001250079318974,no trend,no_pattern,cold in only 12% of bins and not in the final bin,1.2604569902197766,0.10140119340475218,True,ok
LK1106080,Belagama,26,4,2,0.15384615384615385,0.07692307692307693,0,0.1076923076923077,0.7494127255380579,0.4536084832864735,0.02616276810853877,no trend,no_pattern,hot in only 15% of bins and not in the final bin,1.5245028066369306,0.12264314065561635,True,ok
LK1106085,Kotikawatta East,26,9,0,0.34615384615384615,0.0,0,0.15692307692307692,1.1020775375559675,0.2704279639103757,0.03721901536110398,no trend,no_pattern,hot in only 35% of bins and not in the final bin,1.386344481308852,0.11152858523978541,True,ok
LK1106090,Maha Buthgamuwa A,26,8,0,0.3076923076923077,0.0,0,0.14461538461538462,1.01391133455149,0.31062506239573384,0.030865756171586333,no trend,no_pattern,hot in only 31% of bins and not in the final bin,1.1233237075629225,0.0903691005806316,True,ok
LK1106095,Maha Buthgamuwa C,26,14,0,0.5384615384615384,0.0,0,0.2,1.4106592480716384,0.15834511256712158,0.0353012884442101,no trend,no_pattern,hot in only 54% of bins and not in the final bin,1.1956224928249033,0.09618539035819909,True,ok
LK1106100,Wellampitiya,26,23,0,0.8846153846153846,0.0,4,0.15692307692307692,1.1020775375559675,0.2704279639103757,0.022810512729378972,no trend,sporadic_hot_spot,"on and off hot in 88% of bins, never the opposite",0.7647760986246862,0.06152467691456251,False,ok
LK1106105,Kuruniyawatta,26,26,0,1.0,0.0,26,0.07692307692307693,0.5289972180268644,0.5968073797467659,0.007668404454006383,no trend,persistent_hot_spot,hot in 100% of bins with no significant trend,0.5821709310098716,0.04683446371277096,False,ok
LK1106110,Kolonnawa,26,22,0,0.8461538461538461,0.0,4,0.15076923076923077,1.0579944360537288,0.29005797903523867,0.015147390953499004,no trend,sporadic_hot_spot,"on and off hot in 85% of bins, never the opposite",0.6374607370588437,0.05128241581267204,False,ok
LK1106115,Dahampura,26,22,0,0.8461538461538461,0.0,4,0.16307692307692306,1.1461606390582062,0.2517286908429268,0.021073605335546666,no trend,sporadic_hot_spot,"on and off hot in 85% of bins, never the opposite",0.6022121828480161,0.04844674153698986,False,ok
LK1106120,Singhapura,26,21,0,0.8076923076923077,0.0,2,0.15076923076923077,1.0579944360537288,0.29005797903523867,0.028971657929584026,no trend,sporadic_hot_spot,"on and off hot in 81% of bins, never the opposite",0.9415022856833745,0.0757419381243225,False,ok
LK1106125,Megoda Kolonnawa,26,16,0,0.6153846153846154,0.0,2,0.2123076923076923,1.4988254510761159,0.13391892014731077,0.04054147954782047,no trend,sporadic_hot_spot,"on and off hot in 62% of bins, never the opposite",1.0949721276020208,0.08808827381283811,False,ok
LK1106130,Bopetta,26,8,0,0.3076923076923077,0.0,0,0.2,1.4106592480716384,0.15834511256712158,0.03379620763124144,no trend,no_pattern,hot in only 31% of bins and not in the final bin,1.0231993612462893,0.08231430118314716,True,ok
LK1106135,Batalandahena,26,14,0,0.5384615384615384,0.0,0,0.2,1.4106592480716384,0.15834511256712158,0.047958890052589354,no trend,no_pattern,hot in only 54% of bins and not in the final bin,1.2944939982724046,0.10413940126368265,True,ok
LK1106140,Kotikawatta West,26,3,0,0.11538461538461539,0.0,0,0.15076923076923077,1.0579944360537288,0.29005797903523867,0.02894328392126962,no trend,no_pattern,hot in only 12% of bins and not in the final bin,1.0572153354143234,0.08505081690897329,True,ok
LK1106145,Mulleriyawa South,26,0,2,0.0,0.07692307692307693,0,0.14461538461538462,1.01391133455149,0.31062506239573384,0.02418301190344659,no trend,no_pattern,cold in only 8% of bins and not in the final bin,1.393245897659386,0.11208379010560571,True,ok
LK1106150,Malgama,26,1,6,0.038461538461538464,0.23076923076923078,0,0.14461538461538462,1.01391133455149,0.31062506239573384,0.03513484847020814,no trend,no_pattern,cold in only 23% of bins and not in the final bin,1.5765656666557744,0.1268314915306865,True,ok
LK1106155,Udumulla North,26,1,3,0.038461538461538464,0.11538461538461539,0,0.07692307692307693,0.5289972180268644,0.5968073797467659,0.007861789172127731,no trend,no_pattern,cold in only 12% of bins and not in the final bin,1.114779222444105,0.08968171418442766,True,ok
LK1106160,Maligagodella,26,0,5,0.0,0.19230769230769232,0,0.14461538461538462,1.01391133455149,0.31062506239573384,0.020172052801920276,no trend,no_pattern,cold in only 19% of bins and not in the final bin,1.1218119542203286,0.09024748310834807,True,ok
LK1106165,Rajasinghagama,26,0,6,0.0,0.23076923076923078,0,0.15692307692307692,1.1020775375559675,0.2704279639103757,0.03789130782230188,no trend,no_pattern,cold in only 23% of bins and not in the final bin,1.491130413948958,0.11995839974689054,True,ok
LK1106170,Udumulla South,26,0,7,0.0,0.2692307692307692,0,0.16307692307692306,1.1461606390582062,0.2517286908429268,0.037712900714680336,no trend,no_pattern,cold in only 27% of bins and not in the final bin,1.3761798041179303,0.11071085769673471,True,ok
LK1106175,Himbutana East,26,0,6,0.0,0.23076923076923078,0,0.18769230769230769,1.322493045067161,0.18600402378747005,0.041452389027845586,no trend,no_pattern,cold in only 23% of bins and not in the final bin,1.440657433447238,0.11589795143545961,True,ok
LK1106180,Himbutana West,26,0,4,0.0,0.15384615384615385,0,0.18153846153846154,1.2784099435649223,0.20110491981248035,0.04740043119537887,no trend,no_pattern,cold in only 15% of bins and not in the final bin,1.4644362997957538,0.11781091272193016,True,ok
LK1106185,Malpura,26,6,1,0.23076923076923078,0.038461538461538464,0,0.19384615384615383,1.3665761465693997,0.17175819814532312,0.04551448764805627,no trend,no_pattern,hot in only 23% of bins and not in the final bin,1.5129862221043784,0.12171665492495776,True,ok
LK1106190,Gothatuwa New Town,26,13,0,0.5,0.0,0,0.20615384615384616,1.4547423495738772,0.1457406036479898,0.04203260557252823,no trend,no_pattern,hot in only 50% of bins and not in the final bin,1.0577953359579575,0.08509747676944948,True,ok
LK1106195,Kajugahawatta,26,15,0,0.5769230769230769,0.0,0,0.2123076923076923,1.4988254510761159,0.13391892014731077,0.0447077491051967,no trend,no_pattern,hot in only 58% of bins and not in the final bin,0.9946459995487243,0.08001724148629405,True,ok
LK1106200,Gothatuwa,26,17,0,0.6538461538461539,0.0,2,0.24923076923076923,1.7633240600895481,0.07784584959716478,0.04746098700707871,no trend,sporadic_hot_spot,"on and off hot in 65% of bins, never the opposite",1.1309543999759137,0.09098297421788042,False,ok
LK1106205,Salamulla,26,14,0,0.5384615384615384,0.0,2,0.23076923076923078,1.631074755582832,0.10287454664474693,0.041148301471747674,no trend,sporadic_hot_spot,"on and off hot in 54% of bins, never the opposite",0.9131467297426722,0.07346079149706544,False,ok
LK1106210,Wijayapura,26,11,0,0.4230769230769231,0.0,0,0.18769230769230769,1.322493045067161,0.18600402378747005,0.023939064815945984,no trend,no_pattern,hot in only 42% of bins and not in the final bin,0.7946444648341945,0.06392752604166063,True,ok
LK1106215,Gajabapura,26,25,0,0.9615384615384616,0.0,14,0.1076923076923077,0.7494127255380579,0.4536084832864735,0.019026741494113653,no trend,persistent_hot_spot,hot in 96% of bins with no significant trend,0.7821255068245802,0.06292040140971461,False,ok
LK1106220,Madinnagoda,26,22,0,0.8461538461538461,0.0,4,0.2,1.4106592480716384,0.15834511256712158,0.03030122505675507,no trend,sporadic_hot_spot,"on and off hot in 85% of bins, never the opposite",0.8895357251323873,0.07156133434498084,False,ok
LK1106225,Elhena,26,16,0,0.6153846153846154,0.0,4,0.20615384615384616,1.4547423495738772,0.1457406036479898,0.04156450643084951,no trend,sporadic_hot_spot,"on and off hot in 62% of bins, never the opposite",0.8548884511679296,0.06877403183844721,False,ok
LK1106230,Dodamgahahena,26,19,0,0.7307692307692307,0.0,4,0.23076923076923078,1.631074755582832,0.10287454664474693,0.03666290672000114,no trend,sporadic_hot_spot,"on and off hot in 73% of bins, never the opposite",1.0150361283975144,0.08165758575427536,False,ok
LK1109005,Welivita,26,1,2,0.038461538461538464,0.07692307692307693,1,-0.033846153846153845,-0.22041550751119351,0.8255475691294885,-0.005540595807001518,no trend,oscillating_cold_spot,"cold in the final bin, having been the opposite earlier",0.9493223878803267,0.07637104939227606,False,ok
LK1109010,Raggahawatta,26,0,1,0.0,0.038461538461538464,1,0.021538461538461538,0.1322493045067161,0.8947871042097533,0.0033121025451247435,no trend,new_cold_spot,cold only in the final 1 bin(s),0.8412111960270148,0.06767372456533016,False,ok
LK1109015,Hewagama,26,0,4,0.0,0.15384615384615385,1,0.009230769230769232,0.0440831015022387,0.964838162737043,0.0006180795395534696,no trend,sporadic_cold_spot,"on and off cold in 15% of bins, never the opposite",0.8971639587690209,0.07217501017868783,False,ok
LK1109020,Kaduwela,26,0,5,0.0,0.19230769230769232,0,0.015384615384615385,0.0881662030044774,0.9297445787752687,0.005420687279222916,no trend,no_pattern,cold in only 19% of bins and not in the final bin,0.9494712843775587,0.0763830278117146,True,ok
LK1109025,Pahala Bomiriya A,26,0,3,0.0,0.11538461538461539,0,-0.06461538461538462,-0.44083101502238703,0.6593353383597194,-0.007077117410135737,no trend,no_pattern,cold in only 12% of bins and not in the final bin,0.951290134614576,0.07652935060264611,True,ok
LK1109030,Ihala Bomiriya,26,0,3,0.0,0.11538461538461539,0,-0.08923076923076922,-0.6171634210313418,0.537126940170827,-0.011446090706468959,no trend,no_pattern,cold in only 12% of bins and not in the final bin,0.7897106374022939,0.06353060969026605,True,ok
LK1109035,Wekewatta,26,0,4,0.0,0.15384615384615385,0,-0.05846153846153846,-0.3967479135201483,0.6915533638570888,-0.007457565628963547,no trend,no_pattern,cold in only 15% of bins and not in the final bin,0.8832080618260039,0.07105228674104883,True,ok
LK1109040,Nawagamuwa,26,0,6,0.0,0.23076923076923078,1,0.033846153846153845,0.22041550751119351,0.8255475691294885,0.005428407153514053,no trend,sporadic_cold_spot,"on and off cold in 23% of bins, never the opposite",0.8772700824647303,0.07057458841550664,False,ok
LK1109045,Pahala Bomiriya B,26,0,7,0.0,0.2692307692307692,1,0.015384615384615385,0.0881662030044774,0.9297445787752687,0.004148020726747325,no trend,sporadic_cold_spot,"on and off cold in 27% of bins, never the opposite",1.0120554311936185,0.08141779474514259,False,ok
LK1109050,Welihinda,26,0,2,0.0,0.07692307692307693,0,-0.015384615384615385,-0.0881662030044774,0.9297445787752687,-0.0009899525198403536,no trend,no_pattern,cold in only 8% of bins and not in the final bin,0.9871940532198078,0.07941774760684915,True,ok
LK1109055,Kothalawala,26,0,7,0.0,0.2692307692307692,1,0.08307692307692308,0.5730803195291031,0.5665903119394651,0.011844388540542105,no trend,sporadic_cold_spot,"on and off cold in 27% of bins, never the opposite",1.1082072702532306,0.08915301403811213,False,ok
LK1109060,Mahadeniya,26,0,10,0.0,0.38461538461538464,1,0.08923076923076922,0.6171634210313418,0.537126940170827,0.018449482457959118,no trend,sporadic_cold_spot,"on and off cold in 38% of bins, never the opposite",1.225573334301202,0.0985948744522527,False,ok
LK1109065,Thalahena North,26,0,10,0.0,0.38461538461538464,1,0.20615384615384616,1.4547423495738772,0.1457406036479898,0.05393362451947401,no trend,sporadic_cold_spot,"on and off cold in 38% of bins, never the opposite",1.3267307654271274,0.10673278341504827,False,ok
LK1109070,Malabe North,26,0,10,0.0,0.38461538461538464,1,0.14461538461538462,1.01391133455149,0.31062506239573384,0.0386854719066008,no trend,sporadic_cold_spot,"on and off cold in 38% of bins, never the opposite",1.2188277028893941,0.09805220216693605,False,ok
LK1109075,Thunadahena,26,0,9,0.0,0.34615384615384615,1,0.1753846153846154,1.2343268420626836,0.21708113765003478,0.04515558710147141,no trend,sporadic_cold_spot,"on and off cold in 35% of bins, never the opposite",1.222052889096144,0.09831166181756638,False,ok
LK1109080,Korathota,26,0,12,0.0,0.46153846153846156,1,0.08307692307692308,0.5730803195291031,0.5665903119394651,0.020468319450543875,no trend,sporadic_cold_spot,"on and off cold in 46% of bins, never the opposite",1.3701043450274926,0.11022209940745367,False,ok
LK1109085,Nawagamuwa South,26,0,5,0.0,0.19230769230769232,1,0.05846153846153846,0.3967479135201483,0.6915533638570888,0.011024027102188416,no trend,sporadic_cold_spot,"on and off cold in 19% of bins, never the opposite",0.8799335881314662,0.07078886201257736,False,ok
LK1109090,Batewela,26,0,6,0.0,0.23076923076923078,1,0.09538461538461539,0.6612465225335805,0.5084542305885602,0.025104516128837885,no trend,sporadic_cold_spot,"on and off cold in 23% of bins, never the opposite",0.8016471600388986,0.0644908785846799,False,ok
LK1109095,Ranala,26,0,1,0.0,0.038461538461538464,1,0.08923076923076922,0.6171634210313418,0.537126940170827,0.011083253388022768,no trend,new_cold_spot,cold only in the final 1 bin(s),0.5906768686648662,0.047518749044151036,False,ok
LK1109100,Dedigamuwa,26,0,8,0.0,0.3076923076923077,1,0.07076923076923076,0.48491411652462574,0.6277372683701175,0.013946011476631461,no trend,sporadic_cold_spot,"on and off cold in 31% of bins, never the opposite",1.0150206463697657,0.08165634025672786,False,ok
LK1109105,Embilladeniya,26,0,7,0.0,0.2692307692307692,1,-0.05846153846153846,-0.3967479135201483,0.6915533638570888,-0.009162077196600841,no trend,sporadic_cold_spot,"on and off cold in 27% of bins, never the opposite",1.0925429871795922,0.08789285442154333,False,ok
LK1109110,Welipillewa,26,0,10,0.0,0.38461538461538464,1,-0.24307692307692308,-1.7192409585873094,0.08557050563653745,-0.030811497782909092,no trend,sporadic_cold_spot,"on and off cold in 38% of bins, never the opposite",1.0247555489054474,0.08243949330554784,False,ok
LK1109115,Shanthalokagama,26,0,9,0.0,0.34615384615384615,1,0.15076923076923077,1.0579944360537288,0.29005797903523867,0.044545012586780564,no trend,sporadic_cold_spot,"on and off cold in 35% of bins, never the opposite",1.2763029399247467,0.10267596773119349,False,ok
LK1109120,Pore,26,0,13,0.0,0.5,1,0.13230769230769232,0.9257451315470128,0.3545784475977316,0.028594293316871782,no trend,sporadic_cold_spot,"on and off cold in 50% of bins, never the opposite",1.2494645894729701,0.10051687719026943,False,ok
LK1109125,Malabe East,26,0,12,0.0,0.46153846153846156,1,0.23692307692307693,1.6751578570850707,0.09390326367306256,0.04563855503053693,no trend,sporadic_cold_spot,"on and off cold in 46% of bins, never the opposite",1.3115401284190464,0.1055107276581682,False,ok
LK1109130,Malabe West,26,0,11,0.0,0.4230769230769231,1,0.23692307692307693,1.6751578570850707,0.09390326367306256,0.07015668335370583,no trend,sporadic_cold_spot,"on and off cold in 42% of bins, never the opposite",1.3064895192517278,0.10510441645440567,False,ok
LK1109135,Thalangama North B,26,0,8,0.0,0.3076923076923077,1,0.18153846153846154,1.2784099435649223,0.20110491981248035,0.03891055566826744,no trend,sporadic_cold_spot,"on and off cold in 31% of bins, never the opposite",1.1730798729957137,0.0943718825821417,False,ok
LK1109140,Thalahena South,26,0,7,0.0,0.2692307692307692,0,0.19384615384615383,1.3665761465693997,0.17175819814532312,0.031432622341319626,no trend,no_pattern,cold in only 27% of bins and not in the final bin,1.3092931905996372,0.1053299660945748,True,ok
LK1109145,Muttettugoda,26,0,8,0.0,0.3076923076923077,0,0.14461538461538462,1.01391133455149,0.31062506239573384,0.03817144028327723,no trend,no_pattern,cold in only 31% of bins and not in the final bin,1.1951742555363032,0.09614933058278015,True,ok
LK1109150,Thalangama North A,26,0,4,0.0,0.15384615384615385,0,0.15076923076923077,1.0579944360537288,0.29005797903523867,0.04254082229880231,no trend,no_pattern,cold in only 15% of bins and not in the final bin,1.5034847962548918,0.12095228459922637,True,ok
LK1109155,Walpola,26,3,1,0.11538461538461539,0.038461538461538464,0,0.24923076923076923,1.7633240600895481,0.07784584959716478,0.045818282184286394,no trend,no_pattern,hot in only 12% of bins and not in the final bin,1.18248570999317,0.09512856297973808,True,ok
LK1109160,Kalapaluwawa,26,21,0,0.8076923076923077,0.0,4,0.1753846153846154,1.2343268420626836,0.21708113765003478,0.027093970973305456,no trend,sporadic_hot_spot,"on and off hot in 81% of bins, never the opposite",0.9959964561483973,0.0801258829646711,False,ok
LK1109165,Kotuwegoda,26,23,0,0.8846153846153846,0.0,14,0.13846153846153847,0.9698282330492515,0.3321321174074414,0.019874019053188086,no trend,sporadic_hot_spot,"on and off hot in 88% of bins, never the opposite",0.7820878818331741,0.06291737455591474,False,ok
LK1109170,Subhoothipura,26,20,0,0.7692307692307693,0.0,2,0.1076923076923077,0.7494127255380579,0.4536084832864735,0.02527016972247511,no trend,sporadic_hot_spot,"on and off hot in 77% of bins, never the opposite",1.0228517860636148,0.08228633946878916,False,ok
LK1109175,Udumulla,26,0,0,0.0,0.0,0,0.18769230769230769,1.322493045067161,0.18600402378747005,0.031102329370786632,no trend,no_pattern,never significantly hot or cold,0.9863924329970482,0.07935325889531362,True,ok
LK1109180,Battaramulla North,26,8,0,0.3076923076923077,0.0,0,0.1753846153846154,1.2343268420626836,0.21708113765003478,0.039228781166100554,no trend,no_pattern,hot in only 31% of bins and not in the final bin,1.0919489381500505,0.08784506438903619,True,ok
LK1109185,Batapotha,26,0,4,0.0,0.15384615384615385,0,0.14461538461538462,1.01391133455149,0.31062506239573384,0.03365576214781746,no trend,no_pattern,cold in only 15% of bins and not in the final bin,1.0414009221602096,0.08377857962566586,True,ok
LK1109190,Pothuarawa,26,0,11,0.0,0.4230769230769231,1,0.24307692307692308,1.7192409585873094,0.08557050563653745,0.06299305541832485,no trend,sporadic_cold_spot,"on and off cold in 42% of bins, never the opposite",1.0020650843589598,0.08061409172360184,False,ok
LK1109195,Hokandara North,26,0,12,0.0,0.46153846153846156,1,0.1753846153846154,1.2343268420626836,0.21708113765003478,0.040217875037646456,no trend,sporadic_cold_spot,"on and off cold in 46% of bins, never the opposite",1.0388393928910644,0.08357250982173924,False,ok
LK1109200,Oruwala,26,0,11,0.0,0.4230769230769231,1,0.09538461538461539,0.6612465225335805,0.5084542305885602,0.030402032465921613,no trend,sporadic_cold_spot,"on and off cold in 42% of bins, never the opposite",1.177269299133162,0.09470891336805073,False,ok
LK1109205,Athurugiriya,26,0,12,0.0,0.46153846153846156,1,-0.009230769230769232,-0.0440831015022387,0.964838162737043,-0.0026718351198757504,no trend,sporadic_cold_spot,"on and off cold in 46% of bins, never the opposite",1.1921876024249523,0.09590906043304326,False,ok
LK1109210,Thaldiyawala,26,0,12,0.0,0.46153846153846156,1,-0.04,-0.2644986090134322,0.7913957365052897,-0.007432928392666566,no trend,sporadic_cold_spot,"on and off cold in 46% of bins, never the opposite",1.001265879502339,0.08054979732334461,False,ok
LK1109215,Boralugoda,26,0,14,0.0,0.5384615384615384,1,-0.003076923076923077,0.0,1.0,-5.649966570875353e-05,no trend,sporadic_cold_spot,"on and off cold in 54% of bins, never the opposite",0.8446876626687965,0.06795339921432157,False,ok
LK1109220,Hokandara East,26,0,12,0.0,0.46153846153846156,1,0.033846153846153845,0.22041550751119351,0.8255475691294885,0.00749327914040711,no trend,sporadic_cold_spot,"on and off cold in 46% of bins, never the opposite",0.9019428412293037,0.072559461523219,False,ok
LK1109225,Arangala,26,0,10,0.0,0.38461538461538464,1,0.2123076923076923,1.4988254510761159,0.13391892014731077,0.04298562725945373,no trend,sporadic_cold_spot,"on and off cold in 38% of bins, never the opposite",0.9699367252349038,0.07802943077714013,False,ok
LK1109230,Evarihena,26,0,7,0.0,0.2692307692307692,1,0.3415384615384615,2.4245705826231285,0.01532650367247368,0.06592330065435716,increasing,sporadic_cold_spot,"on and off cold in 27% of bins, never the opposite",0.9145913136171142,0.0735770053226686,False,ok
LK1109235,Kumaragewatta,26,0,3,0.0,0.11538461538461539,0,0.2923076923076923,2.071905770605219,0.03827422971644756,0.06527657190480525,increasing,no_pattern,cold in only 12% of bins and not in the final bin,1.0123030401566049,0.08143771438106777,True,ok
LK1109240,Jayawadanagama,26,0,4,0.0,0.15384615384615385,0,0.40307692307692305,2.8654015976455156,0.004164806898991236,0.04829346829616157,increasing,no_pattern,cold in only 15% of bins and not in the final bin,0.7276055941550054,0.05853438566152648,True,ok
LK1109245,Aruppitiya,26,3,0,0.11538461538461539,0.0,0,0.18769230769230769,1.322493045067161,0.18600402378747005,0.03524473983453132,no trend,no_pattern,hot in only 12% of bins and not in the final bin,0.9848654683480667,0.07923041770446379,True,ok
LK1109250,Asiri Uyana,26,2,0,0.07692307692307693,0.0,0,0.19384615384615383,1.3665761465693997,0.17175819814532312,0.03472429941605012,no trend,no_pattern,hot in only 8% of bins and not in the final bin,0.7732994729107875,0.06221036498734264,True,ok
LK1109255,Battaramulla South,26,10,0,0.38461538461538464,0.0,1,0.19384615384615383,1.3665761465693997,0.17175819814532312,0.03142919955103345,no trend,sporadic_hot_spot,"on and off hot in 38% of bins, never the opposite",0.9325929013454218,0.07502519633037007,False,ok
LK1109260,Rajamalwatta,26,17,0,0.6538461538461539,0.0,2,0.14461538461538462,1.01391133455149,0.31062506239573384,0.021276309645420932,no trend,sporadic_hot_spot,"on and off hot in 65% of bins, never the opposite",0.7512276454345772,0.06043473149561891,False,ok
LK1109265,Pahalawela,26,4,0,0.15384615384615385,0.0,0,0.24923076923076923,1.7633240600895481,0.07784584959716478,0.04576752821122986,no trend,no_pattern,hot in only 15% of bins and not in the final bin,0.920323048538977,0.07403811170381949,True,ok
LK1109270,Wickramasinghapura,26,0,4,0.0,0.15384615384615385,0,0.39076923076923076,2.777235394641038,0.0054823458538613146,0.05445740634013963,increasing,no_pattern,cold in only 15% of bins and not in the final bin,0.8475191713808575,0.06818118831364568,True,ok
LK1109275,Wellangiriya,26,0,6,0.0,0.23076923076923078,1,0.10153846153846154,0.7053296240358192,0.4806051289858302,0.013732397170435522,no trend,sporadic_cold_spot,"on and off cold in 23% of bins, never the opposite",0.8864012957905447,0.07130917589897921,False,ok
LK1109280,Hokandara South,26,0,13,0.0,0.5,1,-0.04,-0.2644986090134322,0.7913957365052897,-0.008873190665863244,no trend,sporadic_cold_spot,"on and off cold in 50% of bins, never the opposite",1.0334926143572825,0.08314237239665989,False,ok
LK1109285,Athurugiriya South,26,0,13,0.0,0.5,1,-0.14461538461538462,-1.01391133455149,0.31062506239573384,-0.0412322986412393,no trend,sporadic_cold_spot,"on and off cold in 50% of bins, never the opposite",1.3193598359027807,0.10613980717224862,False,ok
LK1112005,Jalthara,26,0,12,0.0,0.46153846153846156,2,-0.046153846153846156,-0.3085817105156709,0.7576397352113808,-0.010033436281997044,no trend,sporadic_cold_spot,"on and off cold in 46% of bins, never the opposite",1.104412650118495,0.08884774458967755,False,ok
LK1112010,Henpita,26,0,6,0.0,0.23076923076923078,2,0.015384615384615385,0.0881662030044774,0.9297445787752687,0.0016617091368213248,no trend,sporadic_cold_spot,"on and off cold in 23% of bins, never the opposite",0.8760420234411144,0.07047579357242006,False,ok
LK1112015,Atigala West,26,0,8,0.0,0.3076923076923077,2,-0.12615384615384614,-0.8816620300447741,0.37795959996135187,-0.02651738500398166,no trend,sporadic_cold_spot,"on and off cold in 31% of bins, never the opposite",1.0940145164898294,0.08801123595248483,False,ok
LK1112020,Atigala East,26,0,8,0.0,0.3076923076923077,1,-0.04,-0.2644986090134322,0.7913957365052897,-0.004939221410068219,no trend,sporadic_cold_spot,"on and off cold in 31% of bins, never the opposite",0.8934754030209482,0.07187827339377832,False,ok
LK1112025,Batawala,26,0,8,0.0,0.3076923076923077,2,-0.27384615384615385,-1.939656466098503,0.05242145358650174,-0.055747659120868424,no trend,sporadic_cold_spot,"on and off cold in 31% of bins, never the opposite",0.9579354372594122,0.0770639516433406,False,ok
LK1112030,Walpita,26,0,11,0.0,0.4230769230769231,2,-0.18153846153846154,-1.2784099435649223,0.20110491981248035,-0.04557122833859958,no trend,sporadic_cold_spot,"on and off cold in 42% of bins, never the opposite",1.1316450738945774,0.09103853752559297,False,ok
LK1112035,Nawalamulla,26,0,10,0.0,0.38461538461538464,2,-0.3353846153846154,-2.38048748112089,0.017289748509042413,-0.05660690800928482,decreasing,sporadic_cold_spot,"on and off cold in 38% of bins, never the opposite",1.0793193239959789,0.0868290376960182,False,ok
LK1112040,Meegasmulla,26,0,8,0.0,0.3076923076923077,1,-0.18153846153846154,-1.2784099435649223,0.20110491981248035,-0.029494108778604314,no trend,sporadic_cold_spot,"on and off cold in 31% of bins, never the opposite",0.904206221169926,0.07274154582192043,False,ok
LK1112045,Habarakada North,26,1,14,0.038461538461538464,0.5384615384615384,1,0.033846153846153845,0.22041550751119351,0.8255475691294885,0.009910726309015409,no trend,oscillating_cold_spot,"cold in the final bin, having been the opposite earlier",1.227501387062238,0.09874998236345742,False,ok
LK1112050,Mullegama North,26,0,10,0.0,0.38461538461538464,1,0.12,0.8375789285425354,0.40226723126443065,0.02981818231541619,no trend,sporadic_cold_spot,"on and off cold in 38% of bins, never the opposite",1.1994825214678462,0.09649592178767903,False,ok
LK1112055,Mullegama South,26,0,10,0.0,0.38461538461538464,1,0.05846153846153846,0.3967479135201483,0.6915533638570888,0.014807518809692837,no trend,sporadic_cold_spot,"on and off cold in 38% of bins, never the opposite",1.1690470132406987,0.09404744724228832,False,ok
LK1112060,Habarakada South,26,1,12,0.038461538461538464,0.46153846153846156,1,-0.04,-0.2644986090134322,0.7913957365052897,-0.014740165986765252,no trend,oscillating_cold_spot,"cold in the final bin, having been the opposite earlier",1.1745342454878585,0.09448888388206927,False,ok
LK1112065,Panagoda Town,26,1,9,0.038461538461538464,0.34615384615384615,0,-0.14461538461538462,-1.01391133455149,0.31062506239573384,-0.025730730356847226,no trend,no_pattern,cold in only 35% of bins and not in the final bin,1.0616649614295606,0.08540878024421665,True,ok
LK1112070,Henawatta,26,0,11,0.0,0.4230769230769231,1,-0.20615384615384616,-1.4547423495738772,0.1457406036479898,-0.04756349506542566,no trend,sporadic_cold_spot,"on and off cold in 42% of bins, never the opposite",1.2007286700449946,0.09659617189844279,False,ok
LK1112075,Meegoda North,26,0,11,0.0,0.4230769230769231,1,-0.3292307692307692,-2.336404379618651,0.019470175913089083,-0.05804577431037967,decreasing,sporadic_cold_spot,"on and off cold in 42% of bins, never the opposite",0.9401012241209883,0.07562922557993436,False,ok
LK1112080,Panaluwa,26,0,14,0.0,0.5384615384615384,3,-0.15692307692307692,-1.1020775375559675,0.2704279639103757,-0.030795102263208696,no trend,sporadic_cold_spot,"on and off cold in 54% of bins, never the opposite",1.019184429880007,0.08199130814559162,False,ok
LK1112085,Watareka North,26,0,12,0.0,0.46153846153846156,0,-0.06461538461538462,-0.44083101502238703,0.6593353383597194,-0.01693482201635114,no trend,no_pattern,cold in only 46% of bins and not in the final bin,1.1936796042755506,0.09602908893809078,True,ok
LK1112090,Meegoda South,26,0,8,0.0,0.3076923076923077,1,-0.20615384615384616,-1.4547423495738772,0.1457406036479898,-0.0380229690524654,no trend,sporadic_cold_spot,"on and off cold in 31% of bins, never the opposite",0.9674559782314458,0.07782985974168413,False,ok
LK1112095,Godagama North,26,0,7,0.0,0.2692307692307692,0,-0.10153846153846154,-0.7053296240358192,0.4806051289858302,-0.013572158590234798,no trend,no_pattern,cold in only 27% of bins and not in the final bin,0.962759305852935,0.07745202203051473,True,ok
LK1112100,Panagoda West,26,0,6,0.0,0.23076923076923078,0,-0.04,-0.2644986090134322,0.7913957365052897,-0.005604902122312141,no trend,no_pattern,cold in only 23% of bins and not in the final bin,0.9117375138686751,0.07334742295494381,True,ok
LK1112105,Panagoda East,26,0,12,0.0,0.46153846153846156,1,-0.16307692307692306,-1.1461606390582062,0.2517286908429268,-0.028960924589844506,no trend,sporadic_cold_spot,"on and off cold in 46% of bins, never the opposite",1.1022179002677037,0.08867118144169078,False,ok
LK1112110,Habarakada Watta,26,0,8,0.0,0.3076923076923077,0,-0.10153846153846154,-0.7053296240358192,0.4806051289858302,-0.027093522783169323,no trend,no_pattern,cold in only 31% of bins and not in the final bin,1.0752951075869068,0.08650529769571265,True,ok
LK1112115,Homagama North,26,0,6,0.0,0.23076923076923078,1,-0.18769230769230769,-1.322493045067161,0.18600402378747005,-0.04075366053626914,no trend,sporadic_cold_spot,"on and off cold in 23% of bins, never the opposite",1.060491551195086,0.08531438178472751,False,ok
LK1112120,Homagama West,26,0,5,0.0,0.19230769230769232,1,-0.20615384615384616,-1.4547423495738772,0.1457406036479898,-0.05179624447830541,no trend,sporadic_cold_spot,"on and off cold in 19% of bins, never the opposite",1.1061990659074892,0.08899145809543511,False,ok
LK1112125,Homagama South,26,0,5,0.0,0.19230769230769232,1,-0.19384615384615383,-1.3665761465693997,0.17175819814532312,-0.051561246033538545,no trend,sporadic_cold_spot,"on and off cold in 19% of bins, never the opposite",1.1214173222962556,0.09021573577514502,False,ok
LK1112130,Galavilawatta North,26,0,4,0.0,0.15384615384615385,1,-0.2553846153846154,-1.8074071615917868,0.07069881814594603,-0.03869610177119111,no trend,sporadic_cold_spot,"on and off cold in 15% of bins, never the opposite",0.8304983357977964,0.06681189681519675,False,ok
LK1112135,Homagama Town,26,0,8,0.0,0.3076923076923077,1,-0.2123076923076923,-1.4988254510761159,0.13391892014731077,-0.034071734396362734,no trend,sporadic_cold_spot,"on and off cold in 31% of bins, never the opposite",0.8558875536689139,0.0688544075963823,False,ok
LK1112140,Homagama East,26,0,4,0.0,0.15384615384615385,1,-0.18769230769230769,-1.322493045067161,0.18600402378747005,-0.037709343740170084,no trend,sporadic_cold_spot,"on and off cold in 15% of bins, never the opposite",0.9560423320643586,0.07691165519252263,False,ok
LK1112145,Pitipana Town,26,0,3,0.0,0.11538461538461539,0,-0.052307692307692305,-0.3526648120179096,0.7243397423849234,-0.007264033333618257,no trend,no_pattern,cold in only 12% of bins and not in the final bin,0.7383591017210598,0.05939948340698373,True,ok
LK1112150,Godagama South,26,0,5,0.0,0.19230769230769232,0,-0.003076923076923077,0.0,1.0,-0.001239409943294824,no trend,no_pattern,cold in only 19% of bins and not in the final bin,0.883985903262866,0.07111486249776998,True,ok
LK1112155,Kurunduwatta,26,0,8,0.0,0.3076923076923077,1,-0.07692307692307693,-0.5289972180268644,0.5968073797467659,-0.018532651112651236,no trend,sporadic_cold_spot,"on and off cold in 31% of bins, never the opposite",1.0394913017507035,0.08362495455953788,False,ok
LK1112160,Gehenuwala,26,0,10,0.0,0.38461538461538464,1,-0.12615384615384614,-0.8816620300447741,0.37795959996135187,-0.02387602587329227,no trend,sporadic_cold_spot,"on and off cold in 38% of bins, never the opposite",1.0658789716733719,0.08574778877132855,False,ok
LK1112165,Watareka South,26,0,14,0.0,0.5384615384615384,1,0.08307692307692308,0.5730803195291031,0.5665903119394651,0.022744640898630767,no trend,sporadic_cold_spot,"on and off cold in 54% of bins, never the opposite",1.1921614225091148,0.09590695431222379,False,ok
LK1112170,Ovitigama,26,0,11,0.0,0.4230769230769231,1,0.021538461538461538,0.1322493045067161,0.8947871042097533,0.010111659899831427,no trend,sporadic_cold_spot,"on and off cold in 42% of bins, never the opposite",1.0129616367937375,0.08149069713692203,False,ok
LK1112175,Kandanawatta,26,0,8,0.0,0.3076923076923077,1,0.046153846153846156,0.3085817105156709,0.7576397352113808,0.006876157463493326,no trend,sporadic_cold_spot,"on and off cold in 31% of bins, never the opposite",0.8488734786646971,0.06829013957170815,False,ok
LK1112180,Kiriberiyakele,26,0,8,0.0,0.3076923076923077,0,0.033846153846153845,0.22041550751119351,0.8255475691294885,0.004301925368308557,no trend,no_pattern,cold in only 31% of bins and not in the final bin,0.84225613679046,0.06775778791796558,True,ok
LK1112185,Mawathgama,26,0,7,0.0,0.2692307692307692,0,0.021538461538461538,0.1322493045067161,0.8947871042097533,0.007494450506887329,no trend,no_pattern,cold in only 27% of bins and not in the final bin,0.8228465967127345,0.06619633001611717,True,ok
LK1112190,Katuwana,26,0,10,0.0,0.38461538461538464,0,0.052307692307692305,0.3526648120179096,0.7243397423849234,0.005557675334985213,no trend,no_pattern,cold in only 38% of bins and not in the final bin,0.8511271241565351,0.06847144075386413,True,ok
LK1112195,Galavilawatta South,26,0,7,0.0,0.2692307692307692,1,-0.15076923076923077,-1.0579944360537288,0.29005797903523867,-0.03091183564180744,no trend,sporadic_cold_spot,"on and off cold in 27% of bins, never the opposite",0.7961112383399224,0.06404552497783167,False,ok
LK1112200,Niyandagala,26,0,8,0.0,0.3076923076923077,1,-0.033846153846153845,-0.22041550751119351,0.8255475691294885,-0.004960690516905338,no trend,sporadic_cold_spot,"on and off cold in 31% of bins, never the opposite",0.9345332580473232,0.07518129406851613,False,ok
LK1112205,Hiripitiya,26,0,6,0.0,0.23076923076923078,0,-0.033846153846153845,-0.22041550751119351,0.8255475691294885,-0.005492400263979098,no trend,no_pattern,cold in only 23% of bins and not in the final bin,0.9244629202731351,0.07437115593907978,True,ok
LK1112210,Mambulgoda,26,0,4,0.0,0.15384615384615385,0,-0.052307692307692305,-0.3526648120179096,0.7243397423849234,-0.0037634607760429636,no trend,no_pattern,cold in only 15% of bins and not in the final bin,0.8224652779856748,0.06616565370245359,True,ok
LK1112215,Kithulhena,26,0,5,0.0,0.19230769230769232,0,-0.027692307692307693,-0.1763324060089548,0.8600328045734926,-0.005650120070427407,no trend,no_pattern,cold in only 19% of bins and not in the final bin,1.0000816214296757,0.08045452617740385,True,ok
LK1112220,Siddamulla North,26,0,6,0.0,0.23076923076923078,0,-0.11384615384615385,-0.7934958270402966,0.4274889995990474,-0.02466718074703837,no trend,no_pattern,cold in only 23% of bins and not in the final bin,0.8781892892174362,0.07064853672348805,True,ok
LK1112225,Siddamulla South,26,0,4,0.0,0.15384615384615385,0,-0.1076923076923077,-0.7494127255380579,0.4536084832864735,-0.02720084713376193,no trend,no_pattern,cold in only 15% of bins and not in the final bin,0.8925372627153926,0.0718028019200965,True,ok
LK1112230,Mattegoda West,26,0,13,0.0,0.5,0,-0.10153846153846154,-0.7053296240358192,0.4806051289858302,-0.020122463258392398,no trend,no_pattern,cold in only 50% of bins and not in the final bin,1.1258688207324528,0.09057384974283468,True,ok
LK1112235,Mattegoda Central 'A',26,0,4,0.0,0.15384615384615385,0,-0.033846153846153845,-0.22041550751119351,0.8255475691294885,-0.004860655135624697,no trend,no_pattern,cold in only 15% of bins and not in the final bin,0.9035213866083884,0.07268645227857579,True,ok
LK1112240,Mattegoda East,26,0,10,0.0,0.38461538461538464,0,0.05846153846153846,0.3967479135201483,0.6915533638570888,0.009308813443248066,no trend,no_pattern,cold in only 38% of bins and not in the final bin,0.9989898270475486,0.08036669354673155,True,ok
LK1112245,Brahmanagama,26,0,9,0.0,0.34615384615384615,0,0.08307692307692308,0.5730803195291031,0.5665903119394651,0.014708085239168904,no trend,no_pattern,cold in only 35% of bins and not in the final bin,1.073820770193705,0.08638669026022543,True,ok
LK1112250,Deepangoda,26,0,9,0.0,0.34615384615384615,0,0.2123076923076923,1.4988254510761159,0.13391892014731077,0.03507388474443557,no trend,no_pattern,cold in only 35% of bins and not in the final bin,0.8944332470599899,0.07195532999262151,True,ok
LK1112255,Magammana West,26,0,6,0.0,0.23076923076923078,0,0.13846153846153847,0.9698282330492515,0.3321321174074414,0.02113877546329696,no trend,no_pattern,cold in only 23% of bins and not in the final bin,0.8493755402717027,0.06833052940373582,True,ok
LK1112260,Magammana East,26,0,6,0.0,0.23076923076923078,0,0.2123076923076923,1.4988254510761159,0.13391892014731077,0.028104629239357585,no trend,no_pattern,cold in only 23% of bins and not in the final bin,0.7631558563646081,0.06139433173019562,True,ok
LK1112265,Uduwana,26,0,7,0.0,0.2692307692307692,0,0.09538461538461539,0.6612465225335805,0.5084542305885602,0.01505417534610659,no trend,no_pattern,cold in only 27% of bins and not in the final bin,0.7839783583306126,0.06306945953337238,True,ok
LK1112270,Prasannapura,26,0,7,0.0,0.2692307692307692,0,0.15692307692307692,1.1020775375559675,0.2704279639103757,0.026315593394094245,no trend,no_pattern,cold in only 27% of bins and not in the final bin,0.7822803335936244,0.06293285690742212,True,ok
LK1112275,Pitipana North,26,0,9,0.0,0.34615384615384615,0,0.11384615384615385,0.7934958270402966,0.4274889995990474,0.018465010587493214,no trend,no_pattern,cold in only 35% of bins and not in the final bin,0.8029636292726345,0.06459678584880495,True,ok
LK1112280,Suwapubudugama,26,0,6,0.0,0.23076923076923078,0,0.13230769230769232,0.9257451315470128,0.3545784475977316,0.024324194090817833,no trend,no_pattern,cold in only 23% of bins and not in the final bin,0.8250329159181632,0.06637221493588388,True,ok
LK1112285,Pitipana South,26,0,9,0.0,0.34615384615384615,0,0.15692307692307692,1.1020775375559675,0.2704279639103757,0.025565922442285033,no trend,no_pattern,cold in only 35% of bins and not in the final bin,0.8459677444045985,0.06805637917847197,True,ok
LK1112290,Dolahena,26,0,6,0.0,0.23076923076923078,0,0.13846153846153847,0.9698282330492515,0.3321321174074414,0.025341260688745794,no trend,no_pattern,cold in only 23% of bins and not in the final bin,0.7569958590437095,0.06089877251274046,True,ok
LK1112295,Diyagama East,26,0,13,0.0,0.5,0,0.12615384615384614,0.8816620300447741,0.37795959996135187,0.019955652534186574,no trend,no_pattern,cold in only 50% of bins and not in the final bin,0.9060367120291148,0.07288880507715759,True,ok
LK1112300,Diyagama West,26,0,15,0.0,0.5769230769230769,0,0.12,0.8375789285425354,0.40226723126443065,0.021510097321578884,no trend,no_pattern,cold in only 58% of bins and not in the final bin,0.9088362438480083,0.07311402170066243,True,ok
LK1112305,Kirigampamunuwa,26,0,17,0.0,0.6538461538461539,0,0.021538461538461538,0.1322493045067161,0.8947871042097533,0.0024001170108465253,no trend,no_pattern,cold in only 65% of bins and not in the final bin,0.9021859281924351,0.07257901737348119,True,ok
LK1112310,Mattegoda Central 'B',26,0,5,0.0,0.19230769230769232,0,-0.015384615384615385,-0.0881662030044774,0.9297445787752687,-0.0022117243046713263,no trend,no_pattern,cold in only 19% of bins and not in the final bin,0.8523983835837633,0.06857371098128816,True,ok
LK1112315,Siyambalagoda North,26,0,12,0.0,0.46153846153846156,0,-0.08923076923076922,-0.6171634210313418,0.537126940170827,-0.01093133655575658,no trend,no_pattern,cold in only 46% of bins and not in the final bin,0.8007824997028751,0.06442131842464044,True,ok
LK1112320,Kudamaduwa,26,0,14,0.0,0.5384615384615384,0,-0.20615384615384616,-1.4547423495738772,0.1457406036479898,-0.05365018761387536,no trend,no_pattern,cold in only 54% of bins and not in the final bin,0.9680899675765106,0.07788086289109288,True,ok
LK1112325,Sangharama,26,0,6,0.0,0.23076923076923078,0,-0.1753846153846154,-1.2343268420626836,0.21708113765003478,-0.04464367026515767,no trend,no_pattern,cold in only 23% of bins and not in the final bin,0.9668404696162672,0.0777803433292922,True,ok
LK1112330,Siyambalagoda South,26,0,13,0.0,0.5,0,-0.12,-0.8375789285425354,0.40226723126443065,-0.028569258009640466,no trend,no_pattern,cold in only 50% of bins and not in the final bin,0.8620285499120754,0.0693484382158976,True,ok
LK1112335,Rilawala,26,0,15,0.0,0.5769230769230769,0,-0.015384615384615385,-0.0881662030044774,0.9297445787752687,-0.004465078885035408,no trend,no_pattern,cold in only 58% of bins and not in the final bin,0.8565818819577263,0.06891026489071804,True,ok
LK1112340,Kahathuduwa West,26,0,16,0.0,0.6153846153846154,0,0.07692307692307693,0.5289972180268644,0.5968073797467659,0.009389070809527745,no trend,no_pattern,cold in only 62% of bins and not in the final bin,0.8365436929739203,0.06729823346688214,True,ok
LK1112345,Kiriwattuduwa South,26,0,15,0.0,0.5769230769230769,0,0.027692307692307693,0.1763324060089548,0.8600328045734926,0.006002612477907343,no trend,no_pattern,cold in only 58% of bins and not in the final bin,0.8679718834784893,0.06982656727632021,True,ok
LK1112350,Kiriwattuduwa North,26,0,12,0.0,0.46153846153846156,0,0.10153846153846154,0.7053296240358192,0.4806051289858302,0.022723371166878392,no trend,no_pattern,cold in only 46% of bins and not in the final bin,0.9371346489859608,0.07539057066243161,True,ok
LK1112355,Moonamale - Yakahaluwa,26,0,12,0.0,0.46153846153846156,0,0.15692307692307692,1.1020775375559675,0.2704279639103757,0.02780251622627611,no trend,no_pattern,cold in only 46% of bins and not in the final bin,0.9608726468565385,0.07730024416322782,True,ok
LK1112360,Kithulavila,26,0,5,0.0,0.19230769230769232,0,0.07076923076923076,0.48491411652462574,0.6277372683701175,0.009980784723710268,no trend,no_pattern,cold in only 19% of bins and not in the final bin,0.8061172423744132,0.06485048758915664,True,ok
LK1112365,Kahathuduwa North,26,0,12,0.0,0.46153846153846156,0,0.046153846153846156,0.3085817105156709,0.7576397352113808,0.00702501296265029,no trend,no_pattern,cold in only 46% of bins and not in the final bin,0.7758290830612726,0.06241386696329126,True,ok
LK1112370,Kahathuduwa East,26,0,7,0.0,0.2692307692307692,0,0.033846153846153845,0.22041550751119351,0.8255475691294885,0.005589852551882268,no trend,no_pattern,cold in only 27% of bins and not in the final bin,0.7287247678034949,0.0586244208983212,True,ok
LK1112375,Kahathuduwa South,26,0,11,0.0,0.4230769230769231,0,0.04,0.2644986090134322,0.7913957365052897,0.009524242637391758,no trend,no_pattern,cold in only 42% of bins and not in the final bin,0.7790911298717749,0.06267629197429414,True,ok
LK1112380,Undurugoda,26,0,16,0.0,0.6153846153846154,0,-0.04,-0.2644986090134322,0.7913957365052897,-0.005926428042227538,no trend,no_pattern,cold in only 62% of bins and not in the final bin,0.7171352594555762,0.05769206859548825,True,ok
LK1112385,Wethara,26,0,14,0.0,0.5384615384615384,0,-0.08307692307692308,-0.5730803195291031,0.5665903119394651,-0.016747574631245914,no trend,no_pattern,cold in only 54% of bins and not in the final bin,0.7448085126492773,0.059918325358714955,True,ok
LK1112390,Ambalangoda,26,0,18,0.0,0.6923076923076923,0,-0.15692307692307692,-1.1020775375559675,0.2704279639103757,-0.02599844589562845,no trend,no_pattern,cold in only 69% of bins and not in the final bin,0.6081776948092387,0.04892665480402867,True,ok
LK1112395,Heraliyawala,26,0,16,0.0,0.6153846153846154,1,-0.18153846153846154,-1.2784099435649223,0.20110491981248035,-0.02155911280711754,no trend,sporadic_cold_spot,"on and off cold in 62% of bins, never the opposite",0.6432212983256111,0.05174584121446188,False,ok
LK1112400,Palagama,26,0,14,0.0,0.5384615384615384,0,-0.2,-1.4106592480716384,0.15834511256712158,-0.021910217503903075,no trend,no_pattern,cold in only 54% of bins and not in the final bin,0.5239726065623915,0.04215252724137858,True,ok
LK1112405,Weniwelkola,26,0,16,0.0,0.6153846153846154,0,-0.07692307692307693,-0.5289972180268644,0.5968073797467659,-0.010827316733480474,no trend,no_pattern,cold in only 62% of bins and not in the final bin,0.6571633454864575,0.052867450465380196,True,ok
LK1115005,Bollathawa,26,0,3,0.0,0.11538461538461539,0,-0.027692307692307693,-0.1763324060089548,0.8600328045734926,-0.0022966744894519168,no trend,no_pattern,cold in only 12% of bins and not in the final bin,0.7352592584536971,0.05915010734011495,True,ok
LK1115010,Kanampella West,26,0,2,0.0,0.07692307692307693,0,0.08307692307692308,0.5730803195291031,0.5665903119394651,0.004420499456779311,no trend,no_pattern,cold in only 8% of bins and not in the final bin,0.6284116621454648,0.05055443619690933,True,ok
LK1115015,Kanampella East,26,0,4,0.0,0.15384615384615385,0,0.10153846153846154,0.7053296240358192,0.4806051289858302,0.011616916621735918,no trend,no_pattern,cold in only 15% of bins and not in the final bin,0.8370979958596793,0.06734282600320808,True,ok
LK1115020,Manakada,26,0,8,0.0,0.3076923076923077,0,0.2,1.4106592480716384,0.15834511256712158,0.025819373765380498,no trend,no_pattern,cold in only 31% of bins and not in the final bin,0.9631516784940042,0.07748358760900927,True,ok
LK1115025,Eswatta North,26,0,7,0.0,0.2692307692307692,0,0.3230769230769231,2.2923212781164124,0.021887110869362347,0.04030219247093686,increasing,no_pattern,cold in only 27% of bins and not in the final bin,0.8865773508446818,0.0713233391689146,True,ok
LK1115030,Kiriwandala North,26,0,18,0.0,0.6923076923076923,0,0.3723076923076923,2.644986090134322,0.008169427521185657,0.07443799004607063,increasing,no_pattern,cold in only 69% of bins and not in the final bin,1.272566829794475,0.10237540529325176,True,ok
LK1115035,Kudagama,26,0,16,0.0,0.6153846153846154,0,0.27384615384615385,1.939656466098503,0.05242145358650174,0.07160319877437342,no trend,no_pattern,cold in only 62% of bins and not in the final bin,1.4733790508141937,0.11853033879725641,True,ok
LK1115040,Weralupitiya,26,0,13,0.0,0.5,0,0.3169230769230769,2.2482381766141737,0.024561006538256436,0.06725460304463438,increasing,no_pattern,cold in only 50% of bins and not in the final bin,1.3365246532365762,0.10752068170880695,True,ok
LK1115045,Seethagama,26,0,15,0.0,0.5769230769230769,0,0.28,1.9837395676007417,0.04728488016768839,0.07133523725168445,increasing,no_pattern,cold in only 58% of bins and not in the final bin,1.5515797962005626,0.1248214292262415,True,ok
LK1115050,Avissawella,26,0,16,0.0,0.6153846153846154,0,0.3476923076923077,2.4686536841253672,0.013562240130496006,0.08339275424679207,increasing,no_pattern,cold in only 62% of bins and not in the final bin,1.4679707956568377,0.118095255703229,True,ok
LK1115055,Ukwatta,26,0,17,0.0,0.6538461538461539,0,0.3292307692307692,2.336404379618651,0.019470175913089083,0.08643189855732843,increasing,no_pattern,cold in only 65% of bins and not in the final bin,1.542370530755025,0.12408056260897134,True,ok
LK1115060,Agra Pedesa,26,0,12,0.0,0.46153846153846156,0,0.2676923076923077,1.8955733645962642,0.058016482085702537,0.05359910538258523,no trend,no_pattern,cold in only 46% of bins and not in the final bin,1.286913024987668,0.10352952742886992,True,ok
LK1115065,Eswatta South,26,0,12,0.0,0.46153846153846156,0,0.2553846153846154,1.8074071615917868,0.07069881814594603,0.04464452190358867,no trend,no_pattern,cold in only 46% of bins and not in the final bin,1.1590470287114167,0.093242968887877,True,ok
LK1115070,Ihala Kosgama North,26,0,9,0.0,0.34615384615384615,1,0.021538461538461538,0.1322493045067161,0.8947871042097533,0.0014428875111064097,no trend,sporadic_cold_spot,"on and off cold in 35% of bins, never the opposite",0.8882151215556945,0.07145509448139939,False,ok
LK1115075,Thawalgoda,26,0,8,0.0,0.3076923076923077,1,0.009230769230769232,0.0440831015022387,0.964838162737043,0.001680211193857544,no trend,sporadic_cold_spot,"on and off cold in 31% of bins, never the opposite",0.9028866955824512,0.07263539268037235,False,ok
LK1115080,Muruthagama,26,0,5,0.0,0.19230769230769232,1,0.003076923076923077,0.0,1.0,0.00021641642508496428,no trend,sporadic_cold_spot,"on and off cold in 19% of bins, never the opposite",0.8896126533752304,0.07156752306517625,False,ok
LK1115085,Akaravita,26,0,6,0.0,0.23076923076923078,1,-0.009230769230769232,-0.0440831015022387,0.964838162737043,-0.0015825191251990394,no trend,sporadic_cold_spot,"on and off cold in 23% of bins, never the opposite",0.9205214260037881,0.07405407076615365,False,ok
LK1115090,Kahatapitiya,26,0,4,0.0,0.15384615384615385,1,0.015384615384615385,0.0881662030044774,0.9297445787752687,0.0013176879367585422,no trend,sporadic_cold_spot,"on and off cold in 15% of bins, never the opposite",0.8190589110493568,0.06589161843175632,False,ok
LK1115095,Kalu Aggala,26,0,12,0.0,0.46153846153846156,1,-0.021538461538461538,-0.1322493045067161,0.8947871042097533,-0.003399758872055625,no trend,sporadic_cold_spot,"on and off cold in 46% of bins, never the opposite",1.198082509483554,0.09638329367970731,False,ok
LK1115100,Salawa,26,0,12,0.0,0.46153846153846156,1,0.033846153846153845,0.22041550751119351,0.8255475691294885,0.011633951638819237,no trend,sporadic_cold_spot,"on and off cold in 46% of bins, never the opposite",1.2248091560919403,0.09853339787431763,False,ok
LK1115105,Pahala Kosgama West,26,0,7,0.0,0.2692307692307692,1,0.003076923076923077,0.0,1.0,4.4144025629070226e-05,no trend,sporadic_cold_spot,"on and off cold in 27% of bins, never the opposite",0.9806537129835005,0.07889159057778698,False,ok
LK1115110,Pahala Kosgama East,26,0,9,0.0,0.34615384615384615,1,0.033846153846153845,0.22041550751119351,0.8255475691294885,0.003577901869697316,no trend,sporadic_cold_spot,"on and off cold in 35% of bins, never the opposite",1.0809966379372378,0.08696397418070415,False,ok
LK1115115,Ihala Kosgama South,26,0,6,0.0,0.23076923076923078,1,0.003076923076923077,0.0,1.0,0.00046855483720812226,no trend,sporadic_cold_spot,"on and off cold in 23% of bins, never the opposite",0.9742875393446369,0.07837944489617187,False,ok
LK1115120,Miriswatta,26,0,11,0.0,0.4230769230769231,1,0.1076923076923077,0.7494127255380579,0.4536084832864735,0.015514622877754384,no trend,sporadic_cold_spot,"on and off cold in 42% of bins, never the opposite",1.0533212775540022,0.08473754789837826,False,ok
LK1115125,Aluth Ambalama,26,0,9,0.0,0.34615384615384615,1,0.05846153846153846,0.3967479135201483,0.6915533638570888,0.01181812853953692,no trend,sporadic_cold_spot,"on and off cold in 35% of bins, never the opposite",1.1467416652613311,0.09225302750249079,False,ok
LK1115130,Kiriwandala South,26,0,19,0.0,0.7307692307692307,2,0.31076923076923074,2.204155075111935,0.02751343998161726,0.083552926396561,increasing,sporadic_cold_spot,"on and off cold in 73% of bins, never the opposite",1.3167146928852194,0.10592701081284234,False,ok
LK1115135,Kotahera,26,0,15,0.0,0.5769230769230769,0,0.3476923076923077,2.4686536841253672,0.013562240130496006,0.08627239608426585,increasing,no_pattern,cold in only 58% of bins and not in the final bin,1.1982131400328309,0.09639380264089724,True,ok
LK1115140,Seethawaka,26,0,14,0.0,0.5384615384615384,0,0.3476923076923077,2.4686536841253672,0.013562240130496006,0.07800639078208377,increasing,no_pattern,cold in only 54% of bins and not in the final bin,1.201290400267312,0.09664136194884233,True,ok
LK1115145,Aradhana Kanda,26,0,10,0.0,0.38461538461538464,0,0.3169230769230769,2.2482381766141737,0.024561006538256436,0.06206640586884037,increasing,no_pattern,cold in only 38% of bins and not in the final bin,0.8960155914288231,0.07208262636895324,True,ok
LK1115150,Puwakpitiya South,26,0,13,0.0,0.5,2,0.2553846153846154,1.8074071615917868,0.07069881814594603,0.055142990269820696,no trend,sporadic_cold_spot,"on and off cold in 50% of bins, never the opposite",0.9215667692957695,0.07413816650138862,False,ok
LK1115155,Puwakpitiya,26,0,15,0.0,0.5769230769230769,2,0.29846153846153844,2.1159888721074576,0.034345754006712914,0.06404986024622646,increasing,sporadic_cold_spot,"on and off cold in 58% of bins, never the opposite",1.0124283384673747,0.0814477943745481,False,ok
LK1115160,Egodagama,26,0,14,0.0,0.5384615384615384,2,0.2246153846153846,1.5869916540805933,0.11251453486444052,0.05185155938915984,no trend,sporadic_cold_spot,"on and off cold in 54% of bins, never the opposite",0.9173174815755132,0.07379631997326629,False,ok
LK1115165,Weragolla North,26,0,20,0.0,0.7692307692307693,2,0.2553846153846154,1.8074071615917868,0.07069881814594603,0.06674239400327894,no trend,sporadic_cold_spot,"on and off cold in 77% of bins, never the opposite",1.1156725647160162,0.08975358174769527,False,ok
LK1115170,Hingurala,26,0,15,0.0,0.5769230769230769,1,0.27384615384615385,1.939656466098503,0.05242145358650174,0.045909965623356426,no trend,sporadic_cold_spot,"on and off cold in 58% of bins, never the opposite",1.0478115548115647,0.08429430194413508,False,ok
LK1115175,Kadugoda North,26,0,14,0.0,0.5384615384615384,1,0.06461538461538462,0.44083101502238703,0.6593353383597194,0.01462749403172777,no trend,sporadic_cold_spot,"on and off cold in 54% of bins, never the opposite",1.3380230363893124,0.10764122357659296,False,ok
LK1115180,Mawalgama,26,1,16,0.038461538461538464,0.6153846153846154,1,0.1076923076923077,0.7494127255380579,0.4536084832864735,0.026716363319458387,no trend,oscillating_cold_spot,"cold in the final bin, having been the opposite earlier",1.5185328619199403,0.12216287078241929,False,ok
LK1115185,Suduwella,26,1,11,0.038461538461538464,0.4230769230769231,1,0.1076923076923077,0.7494127255380579,0.4536084832864735,0.024620373967405528,no trend,oscillating_cold_spot,"cold in the final bin, having been the opposite earlier",1.3502110619147911,0.10862172536532566,False,ok
LK1115190,Gira Imbula,26,0,4,0.0,0.15384615384615385,1,0.021538461538461538,0.1322493045067161,0.8947871042097533,0.004968790095271403,no trend,sporadic_cold_spot,"on and off cold in 15% of bins, never the opposite",0.8379915563694922,0.06741471112326965,False,ok
LK1115195,Walawwatta,26,0,4,0.0,0.15384615384615385,1,0.05846153846153846,0.3967479135201483,0.6915533638570888,0.006583599384900597,no trend,sporadic_cold_spot,"on and off cold in 15% of bins, never the opposite",0.767689532928301,0.06175905676059071,False,ok
LK1115200,Pahala Hanwella,26,0,8,0.0,0.3076923076923077,1,0.1076923076923077,0.7494127255380579,0.4536084832864735,0.017013415993775302,no trend,sporadic_cold_spot,"on and off cold in 31% of bins, never the opposite",0.8769254760967867,0.07054686553623706,False,ok
LK1115205,Hanwella Town,26,0,8,0.0,0.3076923076923077,1,0.046153846153846156,0.3085817105156709,0.7576397352113808,0.009224150173373614,no trend,sporadic_cold_spot,"on and off cold in 31% of bins, never the opposite",1.1450561122738288,0.09211742820334304,False,ok
LK1115210,Ihala Hanwella North,26,0,8,0.0,0.3076923076923077,1,0.046153846153846156,0.3085817105156709,0.7576397352113808,0.012505083421917376,no trend,sporadic_cold_spot,"on and off cold in 31% of bins, never the opposite",1.3051910360756331,0.10499995613192452,False,ok
LK1115215,Niripola,26,1,11,0.038461538461538464,0.4230769230769231,1,0.1076923076923077,0.7494127255380579,0.4536084832864735,0.026744068161603875,no trend,oscillating_cold_spot,"cold in the final bin, having been the opposite earlier",1.2656141411549482,0.10181607567638261,False,ok
LK1115220,Brandigampala,26,1,8,0.038461538461538464,0.3076923076923077,1,0.15692307692307692,1.1020775375559675,0.2704279639103757,0.03479554197338788,no trend,oscillating_cold_spot,"cold in the final bin, having been the opposite earlier",1.2121238872561597,0.09751289387569727,False,ok
LK1115225,Kadugoda South,26,0,10,0.0,0.38461538461538464,1,0.16307692307692306,1.1461606390582062,0.2517286908429268,0.029143973677083077,no trend,sporadic_cold_spot,"on and off cold in 38% of bins, never the opposite",1.114899569801778,0.0896913958838318,False,ok
LK1115230,Weragolla South,26,0,16,0.0,0.6153846153846154,2,0.28615384615384615,2.02782266910298,0.04257834985054809,0.06747259125921934,increasing,sporadic_cold_spot,"on and off cold in 62% of bins, never the opposite",0.9358571493538691,0.07528779842325697,False,ok
LK1115235,Digana,26,0,21,0.0,0.8076923076923077,2,0.28615384615384615,2.02782266910298,0.04257834985054809,0.04894257557919701,increasing,sporadic_cold_spot,"on and off cold in 81% of bins, never the opposite",0.7857828635772889,0.06321462829909616,False,ok
LK1115240,Lahirugama,26,0,20,0.0,0.7692307692307693,1,0.20615384615384616,1.4547423495738772,0.1457406036479898,0.0433217973748657,no trend,sporadic_cold_spot,"on and off cold in 77% of bins, never the opposite",1.0019317309392939,0.08060336371304405,False,ok
LK1115245,Mambula,26,0,14,0.0,0.5384615384615384,1,0.11384615384615385,0.7934958270402966,0.4274889995990474,0.01928799904700712,no trend,sporadic_cold_spot,"on and off cold in 54% of bins, never the opposite",1.0576561877102995,0.08508628257680174,False,ok
LK1115250,Welikanna,26,0,16,0.0,0.6153846153846154,1,0.12,0.8375789285425354,0.40226723126443065,0.02144332386799915,no trend,sporadic_cold_spot,"on and off cold in 62% of bins, never the opposite",0.8044054204431076,0.06471277500707119,False,ok
LK1115255,Kahahena,26,0,13,0.0,0.5,1,0.11384615384615385,0.7934958270402966,0.4274889995990474,0.026179941325593564,no trend,sporadic_cold_spot,"on and off cold in 50% of bins, never the opposite",1.033169437746577,0.08311637349764127,False,ok
LK1115260,Neluwattuduwa,26,0,15,0.0,0.5769230769230769,1,0.10153846153846154,0.7053296240358192,0.4806051289858302,0.019433051609905962,no trend,sporadic_cold_spot,"on and off cold in 58% of bins, never the opposite",1.2264082415160427,0.09866204103439234,False,ok
LK1115265,Diddeniya North,26,0,11,0.0,0.4230769230769231,1,0.08307692307692308,0.5730803195291031,0.5665903119394651,0.014536586877342014,no trend,sporadic_cold_spot,"on and off cold in 42% of bins, never the opposite",1.3386750527355245,0.10769367696146712,False,ok
LK1115270,Ihala Hanwella South,26,0,6,0.0,0.23076923076923078,0,0.033846153846153845,0.22041550751119351,0.8255475691294885,0.010280389112256073,no trend,no_pattern,cold in only 23% of bins and not in the final bin,1.2705912603113034,0.1022164747586901,True,ok
LK1115275,Pahathgama,26,0,7,0.0,0.2692307692307692,1,0.06461538461538462,0.44083101502238703,0.6593353383597194,0.009530537291084162,no trend,sporadic_cold_spot,"on and off cold in 27% of bins, never the opposite",1.0582404397648588,0.08513328446265837,False,ok
LK1115280,Jayaweeragoda,26,0,9,0.0,0.34615384615384615,1,0.05846153846153846,0.3967479135201483,0.6915533638570888,0.011755748284447516,no trend,sporadic_cold_spot,"on and off cold in 35% of bins, never the opposite",0.8920661851595948,0.07176490469177793,False,ok
LK1115285,Koodaluvila,26,0,9,0.0,0.34615384615384615,1,-0.021538461538461538,-0.1322493045067161,0.8947871042097533,-0.002199030598690488,no trend,sporadic_cold_spot,"on and off cold in 35% of bins, never the opposite",1.1267082827725925,0.09064138275137734,False,ok
LK1115290,Thunnana East,26,0,9,0.0,0.34615384615384615,1,0.027692307692307693,0.1763324060089548,0.8600328045734926,0.010228917391166754,no trend,sporadic_cold_spot,"on and off cold in 35% of bins, never the opposite",1.2000803719661743,0.09654401764059467,False,ok
LK1115295,Diddeniya South,26,0,11,0.0,0.4230769230769231,1,0.07692307692307693,0.5289972180268644,0.5968073797467659,0.00951415425898492,no trend,sporadic_cold_spot,"on and off cold in 42% of bins, never the opposite",1.0793118143055669,0.08682843355674508,False,ok
LK1115300,Elamalawala,26,0,16,0.0,0.6153846153846154,1,0.07692307692307693,0.5289972180268644,0.5968073797467659,0.015042214210194286,no trend,sporadic_cold_spot,"on and off cold in 62% of bins, never the opposite",0.7352573892766134,0.05914995696863188,False,ok
LK1115305,Ilukovita,26,0,24,0.0,0.9230769230769231,4,0.26153846153846155,1.8514902630940255,0.06409905424175921,0.04435175524293256,no trend,persistent_cold_spot,cold in 92% of bins with no significant trend,0.6515877004070346,0.0524189011936147,False,ok
LK1115310,Koswatta,26,0,16,0.0,0.6153846153846154,1,0.28,1.9837395676007417,0.04728488016768839,0.03440107764967498,increasing,sporadic_cold_spot,"on and off cold in 62% of bins, never the opposite",0.48251450954672637,0.03881730791513609,False,ok
LK1115315,Pagngnagula,26,0,20,0.0,0.7692307692307693,4,0.15692307692307692,1.1020775375559675,0.2704279639103757,0.02999773434072257,no trend,sporadic_cold_spot,"on and off cold in 77% of bins, never the opposite",0.5513129926723364,0.044352005526799264,False,ok
LK1115320,Pelpola,26,0,21,0.0,0.8076923076923077,2,0.24923076923076923,1.7633240600895481,0.07784584959716478,0.02983450988213824,no trend,sporadic_cold_spot,"on and off cold in 81% of bins, never the opposite",0.635735931164892,0.051143658697280305,False,ok
LK1115325,Kudakanda,26,0,6,0.0,0.23076923076923078,0,0.021538461538461538,0.1322493045067161,0.8947871042097533,0.0019340368406697154,no trend,no_pattern,cold in only 23% of bins and not in the final bin,0.8846182910119444,0.07116573680204905,True,ok
LK1115330,Thunnana West,26,0,9,0.0,0.34615384615384615,1,-0.033846153846153845,-0.22041550751119351,0.8255475691294885,-0.007626085133174154,no trend,sporadic_cold_spot,"on and off cold in 35% of bins, never the opposite",1.060292821999092,0.08529839442633723,False,ok
LK1115335,Mawathagama West,26,0,7,0.0,0.2692307692307692,0,-0.027692307692307693,-0.1763324060089548,0.8600328045734926,-0.002593180682190832,no trend,no_pattern,cold in only 27% of bins and not in the final bin,1.0798812845538153,0.08687424627644035,True,ok
LK1115340,Mawathagama East,26,0,13,0.0,0.5,0,0.07692307692307693,0.5289972180268644,0.5968073797467659,0.01600683565307588,no trend,no_pattern,cold in only 50% of bins and not in the final bin,1.2443714421614152,0.10010714387958516,True,ok
LK1118005,Pinnawala North,26,0,10,0.0,0.38461538461538464,1,0.08307692307692308,0.5730803195291031,0.5665903119394651,0.01300581190264777,no trend,sporadic_cold_spot,"on and off cold in 38% of bins, never the opposite",0.9689886378194366,0.07795315907875902,False,ok
LK1118010,Pinnawala South,26,0,19,0.0,0.7307692307692307,1,0.08923076923076922,0.6171634210313418,0.537126940170827,0.010779098693370948,no trend,sporadic_cold_spot,"on and off cold in 73% of bins, never the opposite",0.870567241915325,0.07003535856777264,False,ok
LK1118015,Waga North,26,0,17,0.0,0.6538461538461539,3,0.07692307692307693,0.5289972180268644,0.5968073797467659,0.008402766216870906,no trend,sporadic_cold_spot,"on and off cold in 65% of bins, never the opposite",0.6759622183146387,0.054379781432825076,False,ok
LK1118020,Waga East,26,0,23,0.0,0.8846153846153846,4,0.06461538461538462,0.44083101502238703,0.6593353383597194,0.012538576547168093,no trend,sporadic_cold_spot,"on and off cold in 88% of bins, never the opposite",0.767322236658545,0.061729508525009996,False,ok
LK1118025,Thummodara,26,0,25,0.0,0.9615384615384616,23,0.08307692307692308,0.5730803195291031,0.5665903119394651,0.012469932452991469,no trend,persistent_cold_spot,cold in 96% of bins with no significant trend,0.7427567464164666,0.05975326495109383,False,ok
LK1118030,Waga South,26,0,23,0.0,0.8846153846153846,8,-0.021538461538461538,-0.1322493045067161,0.8947871042097533,-0.004363144164164305,no trend,sporadic_cold_spot,"on and off cold in 88% of bins, never the opposite",0.8271368567306013,0.06654147268199467,False,ok
LK1118035,Siyambalawa,26,0,20,0.0,0.7692307692307693,6,0.027692307692307693,0.1763324060089548,0.8600328045734926,0.0034264311685634316,no trend,sporadic_cold_spot,"on and off cold in 77% of bins, never the opposite",0.916993035264787,0.07377021892947132,False,ok
LK1118040,Pahala Bope,26,0,21,0.0,0.8076923076923077,6,0.08923076923076922,0.6171634210313418,0.537126940170827,0.013667143006253046,no trend,sporadic_cold_spot,"on and off cold in 81% of bins, never the opposite",1.0783048530071973,0.08674742557459308,False,ok
LK1118045,Halpe,26,0,19,0.0,0.7307692307692307,4,0.04,0.2644986090134322,0.7913957365052897,0.00527627766007388,no trend,sporadic_cold_spot,"on and off cold in 73% of bins, never the opposite",0.8127077744847797,0.06538068245209043,False,ok
LK1118050,Waga West,26,0,17,0.0,0.6538461538461539,3,-0.027692307692307693,-0.1763324060089548,0.8600328045734926,-0.0049499615951236935,no trend,sporadic_cold_spot,"on and off cold in 65% of bins, never the opposite",0.647762739261027,0.052111190872721994,False,ok
LK1118055,Uggalla,26,0,20,0.0,0.7692307692307693,3,0.13230769230769232,0.9257451315470128,0.3545784475977316,0.015160237216256256,no trend,sporadic_cold_spot,"on and off cold in 77% of bins, never the opposite",0.9566102025548423,0.0769573392149694,False,ok
LK1118060,Wewelpanawa,26,0,10,0.0,0.38461538461538464,0,0.12,0.8375789285425354,0.40226723126443065,0.017153005742218026,no trend,no_pattern,cold in only 38% of bins and not in the final bin,0.9569523489293794,0.07698486419278806,True,ok
LK1118065,Pitumpe North,26,0,11,0.0,0.4230769230769231,0,0.15076923076923077,1.0579944360537288,0.29005797903523867,0.03986006487313354,no trend,no_pattern,cold in only 42% of bins and not in the final bin,1.2890001040762316,0.10369742868369461,True,ok
LK1118070,Pitumpe South,26,0,9,0.0,0.34615384615384615,0,0.2123076923076923,1.4988254510761159,0.13391892014731077,0.043193026644773126,no trend,no_pattern,cold in only 35% of bins and not in the final bin,1.2036398497518466,0.09683037036676102,True,ok
LK1118075,Galagedara East,26,0,12,0.0,0.46153846153846156,0,0.15692307692307692,1.1020775375559675,0.2704279639103757,0.050626411892159315,no trend,no_pattern,cold in only 46% of bins and not in the final bin,1.5751387654870947,0.12671670024268747,True,ok
LK1118080,Galagedara North,26,0,6,0.0,0.23076923076923078,0,0.003076923076923077,0.0,1.0,0.0006447010029177232,no trend,no_pattern,cold in only 23% of bins and not in the final bin,1.148475800100169,0.09239253511246663,True,ok
LK1118085,Galagedara South,26,0,9,0.0,0.34615384615384615,0,0.07692307692307693,0.5289972180268644,0.5968073797467659,0.024398536986767166,no trend,no_pattern,cold in only 35% of bins and not in the final bin,1.2966131162799908,0.10430987998418009,True,ok
LK1118090,Padukka,26,0,12,0.0,0.46153846153846156,0,0.18769230769230769,1.322493045067161,0.18600402378747005,0.04478568183351602,no trend,no_pattern,cold in only 46% of bins and not in the final bin,1.4145281326740822,0.11379590249464828,True,ok
LK1118095,Arukwatta North,26,0,13,0.0,0.5,0,0.18769230769230769,1.322493045067161,0.18600402378747005,0.06136217063381593,no trend,no_pattern,cold in only 50% of bins and not in the final bin,1.2729101558884328,0.10240302517709107,True,ok
LK1118100,Arukwatta South,26,0,16,0.0,0.6153846153846154,0,0.18769230769230769,1.322493045067161,0.18600402378747005,0.05999755229654605,no trend,no_pattern,cold in only 62% of bins and not in the final bin,1.1997495118749208,0.09651740062124103,True,ok
LK1118105,Ganegoda,26,0,9,0.0,0.34615384615384615,0,0.24923076923076923,1.7633240600895481,0.07784584959716478,0.049745677884123096,no trend,no_pattern,cold in only 35% of bins and not in the final bin,0.8835492889069647,0.07107973776357472,True,ok
LK1118110,Angampitiya,26,0,17,0.0,0.6538461538461539,0,0.24923076923076923,1.7633240600895481,0.07784584959716478,0.06649181145394571,no trend,no_pattern,cold in only 65% of bins and not in the final bin,1.2261905707564764,0.09864452986585537,True,ok
LK1118115,Weragala,26,0,17,0.0,0.6538461538461539,3,0.05846153846153846,0.3967479135201483,0.6915533638570888,0.010712540779999355,no trend,sporadic_cold_spot,"on and off cold in 65% of bins, never the opposite",1.0450014193466246,0.08406823227893828,False,ok
LK1118120,Angamuwa,26,0,16,0.0,0.6153846153846154,0,0.15076923076923077,1.0579944360537288,0.29005797903523867,0.027025521937906284,no trend,no_pattern,cold in only 62% of bins and not in the final bin,1.113942031953436,0.08961436391740575,True,ok
LK1118125,Udumulla,26,0,15,0.0,0.5769230769230769,0,0.16923076923076924,1.190243740560445,0.23395060590621997,0.04453264645276431,no trend,no_pattern,cold in only 58% of bins and not in the final bin,1.2141591160579788,0.09767662388073314,True,ok
LK1118130,Poregedara,26,0,7,0.0,0.2692307692307692,0,0.23076923076923078,1.631074755582832,0.10287454664474693,0.033439033951577636,no trend,no_pattern,cold in only 27% of bins and not in the final bin,0.8506187349944233,0.06843054188293701,True,ok
LK1118135,Pahala Padukka,26,0,9,0.0,0.34615384615384615,0,0.19384615384615383,1.3665761465693997,0.17175819814532312,0.04076241896623848,no trend,no_pattern,cold in only 35% of bins and not in the final bin,1.1103934666864106,0.0893288890811019,True,ok
LK1118140,Liyanwala,26,0,12,0.0,0.46153846153846156,0,0.2123076923076923,1.4988254510761159,0.13391892014731077,0.04410974041703259,no trend,no_pattern,cold in only 46% of bins and not in the final bin,1.0440252537118235,0.08398970174509414,True,ok
LK1118145,Kurugala,26,0,12,0.0,0.46153846153846156,0,0.2553846153846154,1.8074071615917868,0.07069881814594603,0.039748619215273936,no trend,no_pattern,cold in only 46% of bins and not in the final bin,0.8932984067352453,0.07186403440368366,True,ok
LK1118150,Madulawa South,26,0,12,0.0,0.46153846153846156,1,0.1753846153846154,1.2343268420626836,0.21708113765003478,0.033151224075292106,no trend,sporadic_cold_spot,"on and off cold in 46% of bins, never the opposite",0.9546796835623647,0.07680203290047656,False,ok
LK1118155,Madulawa North,26,0,13,0.0,0.5,1,0.1076923076923077,0.7494127255380579,0.4536084832864735,0.01884831813781613,no trend,sporadic_cold_spot,"on and off cold in 50% of bins, never the opposite",0.970294325632359,0.0780581989995748,False,ok
LK1118160,Horakandawala,26,0,8,0.0,0.3076923076923077,1,0.10153846153846154,0.7053296240358192,0.4806051289858302,0.014218821108058544,no trend,sporadic_cold_spot,"on and off cold in 31% of bins, never the opposite",0.7371267330321781,0.05930034186011868,False,ok
LK1118165,Dampe,26,0,14,0.0,0.5384615384615384,1,0.14461538461538462,1.01391133455149,0.31062506239573384,0.025791906917217767,no trend,sporadic_cold_spot,"on and off cold in 54% of bins, never the opposite",1.0787175243258889,0.08678062414029103,False,ok
LK1118170,Beruketiya,26,0,5,0.0,0.19230769230769232,0,0.15076923076923077,1.0579944360537288,0.29005797903523867,0.019035777673226086,no trend,no_pattern,cold in only 19% of bins and not in the final bin,0.7963714103409261,0.06406645528453549,True,ok
LK1118175,Horagala West,26,0,8,0.0,0.3076923076923077,0,0.16923076923076924,1.190243740560445,0.23395060590621997,0.022562906285583093,no trend,no_pattern,cold in only 31% of bins and not in the final bin,0.8302230798715979,0.06678975303748372,True,ok
LK1118180,Horagala East,26,0,12,0.0,0.46153846153846156,1,0.1753846153846154,1.2343268420626836,0.21708113765003478,0.04102016304906345,no trend,sporadic_cold_spot,"on and off cold in 46% of bins, never the opposite",0.963377920912915,0.07750178835005346,False,ok
LK1118185,Beliattavila,26,0,7,0.0,0.2692307692307692,0,0.033846153846153845,0.22041550751119351,0.8255475691294885,0.006057080603293072,no trend,no_pattern,cold in only 27% of bins and not in the final bin,0.8434842171675437,0.06785658447889507,True,ok
LK1118190,Miriyagalla,26,0,16,0.0,0.6153846153846154,3,0.046153846153846156,0.3085817105156709,0.7576397352113808,0.0038060370218091816,no trend,sporadic_cold_spot,"on and off cold in 62% of bins, never the opposite",1.0971682510436656,0.08826494746340678,False,ok
LK1118195,Malagala,26,0,16,0.0,0.6153846153846154,3,-0.046153846153846156,-0.3085817105156709,0.7576397352113808,-0.0065634794986802695,no trend,sporadic_cold_spot,"on and off cold in 62% of bins, never the opposite",0.9836583031037617,0.0791333037232974,False,ok
LK1118200,Kahawala,26,0,5,0.0,0.19230769230769232,0,0.021538461538461538,0.1322493045067161,0.8947871042097533,0.005160921967627208,no trend,no_pattern,cold in only 19% of bins and not in the final bin,0.7209205994491812,0.05799659147550128,True,ok
LK1118205,Yatawathura,26,0,5,0.0,0.19230769230769232,0,0.021538461538461538,0.1322493045067161,0.8947871042097533,0.005160921967627208,no trend,no_pattern,cold in only 19% of bins and not in the final bin,0.7209205994491812,0.05799659147550128,True,ok
LK1118210,Mahingala,26,0,16,0.0,0.6153846153846154,3,-0.027692307692307693,-0.1763324060089548,0.8600328045734926,-0.003769507389200395,no trend,sporadic_cold_spot,"on and off cold in 62% of bins, never the opposite",0.975795235955305,0.07850073601264812,False,ok
LK1118215,Ihala Bope,26,0,15,0.0,0.5769230769230769,3,-0.04,-0.2644986090134322,0.7913957365052897,-0.003568879969089167,no trend,sporadic_cold_spot,"on and off cold in 58% of bins, never the opposite",0.8138418825197683,0.06547191912981135,False,ok
LK1118220,Gurulana,26,0,22,0.0,0.8461538461538461,8,0.052307692307692305,0.3526648120179096,0.7243397423849234,0.005680842132718944,no trend,sporadic_cold_spot,"on and off cold in 85% of bins, never the opposite",0.7668427932960571,0.061690938284610294,False,ok
LK1118225,Udagama,26,0,20,0.0,0.7692307692307693,6,0.06461538461538462,0.44083101502238703,0.6593353383597194,0.00842627660087467,no trend,sporadic_cold_spot,"on and off cold in 77% of bins, never the opposite",0.5643506798302851,0.04540086086046939,False,ok
LK1118230,Dambora,26,0,22,0.0,0.8461538461538461,8,0.003076923076923077,0.0,1.0,0.00039950012920089153,no trend,sporadic_cold_spot,"on and off cold in 85% of bins, never the opposite",0.7640151831026349,0.061463462813157316,False,ok
LK1121005,Mirihana South,26,26,0,1.0,0.0,26,0.19384615384615383,1.3665761465693997,0.17175819814532312,0.022640964500941056,no trend,persistent_hot_spot,hot in 100% of bins with no significant trend,0.5878375243136322,0.04729032958364095,False,ok
LK1121010,Mirihana North,26,19,0,0.7307692307692307,0.0,1,0.13230769230769232,0.9257451315470128,0.3545784475977316,0.02836349496537749,no trend,sporadic_hot_spot,"on and off hot in 73% of bins, never the opposite",0.7994313962787014,0.0643126249105519,False,ok
LK1121015,Madiwela,26,6,0,0.23076923076923078,0.0,0,0.24923076923076923,1.7633240600895481,0.07784584959716478,0.022970535968912503,no trend,no_pattern,hot in only 23% of bins and not in the final bin,0.5997969549423908,0.04825244137928898,True,ok
LK1121020,Thalawathugoda West,26,0,1,0.0,0.038461538461538464,0,0.11384615384615385,0.7934958270402966,0.4274889995990474,0.026599346408561823,no trend,no_pattern,cold in only 4% of bins and not in the final bin,0.7910931217471477,0.0636418277354031,True,ok
LK1121025,Thalawathugoda East,26,0,6,0.0,0.23076923076923078,1,0.1753846153846154,1.2343268420626836,0.21708113765003478,0.030150900154777862,no trend,sporadic_cold_spot,"on and off cold in 23% of bins, never the opposite",0.8512682109148129,0.06848279089573647,False,ok
LK1121030,Kalalgoda,26,0,6,0.0,0.23076923076923078,1,-0.009230769230769232,-0.0440831015022387,0.964838162737043,-0.0014361723989110128,no trend,sporadic_cold_spot,"on and off cold in 23% of bins, never the opposite",0.9328486444268326,0.07504577033952807,False,ok
LK1121035,Kottawa East,26,0,9,0.0,0.34615384615384615,2,-0.13846153846153847,-0.9698282330492515,0.3321321174074414,-0.01832885787717975,no trend,sporadic_cold_spot,"on and off cold in 35% of bins, never the opposite",0.8824219373290703,0.07098904462904318,False,ok
LK1121040,Rukmale West,26,0,13,0.0,0.5,5,-0.14461538461538462,-1.01391133455149,0.31062506239573384,-0.038257872496563136,no trend,sporadic_cold_spot,"on and off cold in 50% of bins, never the opposite",1.1352241516392036,0.0913264670284713,False,ok
LK1121045,Rukmale East A,26,0,8,0.0,0.3076923076923077,0,-0.15076923076923077,-1.0579944360537288,0.29005797903523867,-0.036445416612545835,no trend,no_pattern,cold in only 31% of bins and not in the final bin,0.9429881044759777,0.07586146921496836,True,ok
LK1121050,Rukmale East B,26,0,8,0.0,0.3076923076923077,3,-0.16923076923076924,-1.190243740560445,0.23395060590621997,-0.03644383521545301,no trend,sporadic_cold_spot,"on and off cold in 31% of bins, never the opposite",1.0654202486466084,0.08571088543966633,False,ok
LK1121055,Liyanagoda,26,0,6,0.0,0.23076923076923078,0,-0.07076923076923076,-0.48491411652462574,0.6277372683701175,-0.022451657589583087,no trend,no_pattern,cold in only 23% of bins and not in the final bin,0.9497449745014553,0.07640504562382684,True,ok
LK1121060,Kottawa North,26,0,7,0.0,0.2692307692307692,1,-0.07076923076923076,-0.48491411652462574,0.6277372683701175,-0.01836231744792936,no trend,sporadic_cold_spot,"on and off cold in 27% of bins, never the opposite",1.004876054946771,0.08084022857272989,False,ok
LK1121065,Depanama,26,0,5,0.0,0.19230769230769232,1,-0.10153846153846154,-0.7053296240358192,0.4806051289858302,-0.017660648908160256,no trend,sporadic_cold_spot,"on and off cold in 19% of bins, never the opposite",0.9084751054223659,0.07308496885107803,False,ok
LK1121070,Polwatta,26,0,3,0.0,0.11538461538461539,1,-0.015384615384615385,-0.0881662030044774,0.9297445787752687,-0.002111227610681654,no trend,sporadic_cold_spot,"on and off cold in 12% of bins, never the opposite",0.8229112115156095,0.0662015281451878,False,ok
LK1121075,Pamunuwa,26,0,2,0.0,0.07692307692307693,0,0.09538461538461539,0.6612465225335805,0.5084542305885602,0.0180914998956845,no trend,no_pattern,cold in only 8% of bins and not in the final bin,0.9287231008156449,0.07471387877252995,True,ok
LK1121080,Thalapathpitiya,26,1,0,0.038461538461538464,0.0,0,0.24923076923076923,1.7633240600895481,0.07784584959716478,0.03369505856201729,no trend,no_pattern,hot in only 4% of bins and not in the final bin,0.6829477140206612,0.05494175031126412,True,ok
LK1121085,Pragathipura,26,9,0,0.34615384615384615,0.0,0,0.18769230769230769,1.322493045067161,0.18600402378747005,0.022550435351410672,no trend,no_pattern,hot in only 35% of bins and not in the final bin,0.5579436542576949,0.044885428724128006,True,ok
LK1121090,Udahamulla East,26,21,0,0.8076923076923077,0.0,15,0.31076923076923074,2.204155075111935,0.02751343998161726,0.032928375998969764,increasing,sporadic_hot_spot,"on and off hot in 81% of bins, never the opposite",0.5935613759360374,0.04775080176943319,False,ok
LK1121095,Udahamulla West,26,9,0,0.34615384615384615,0.0,0,0.27384615384615385,1.939656466098503,0.05242145358650174,0.03535917300367533,no trend,no_pattern,hot in only 35% of bins and not in the final bin,0.5819199589199413,0.04681427352014425,True,ok
LK1121100,Pathiragoda,26,4,0,0.15384615384615385,0.0,0,0.18153846153846154,1.2784099435649223,0.20110491981248035,0.03337116750691138,no trend,no_pattern,hot in only 15% of bins and not in the final bin,0.7461985029426588,0.06003014724209817,True,ok
LK1121105,Maharagama East,26,1,0,0.038461538461538464,0.0,0,0.21846153846153846,1.5429085525783546,0.12285296541157709,0.0371437359100855,no trend,no_pattern,hot in only 4% of bins and not in the final bin,0.7649222473321715,0.061536434279921705,True,ok
LK1121110,Maharagama West,26,1,2,0.038461538461538464,0.07692307692307693,0,0.046153846153846156,0.3085817105156709,0.7576397352113808,0.004392871041264027,no trend,no_pattern,cold in only 8% of bins and not in the final bin,0.9354154319933641,0.07525226316275196,True,ok
LK1121115,Dambahena,26,1,3,0.038461538461538464,0.11538461538461539,0,-0.15076923076923077,-1.0579944360537288,0.29005797903523867,-0.019013581224987107,no trend,no_pattern,cold in only 12% of bins and not in the final bin,0.9601093463041258,0.07723883819099575,True,ok
LK1121120,Pannipitiya North,26,0,4,0.0,0.15384615384615385,0,-0.23692307692307693,-1.6751578570850707,0.09390326367306256,-0.030721127500116723,no trend,no_pattern,cold in only 15% of bins and not in the final bin,0.8095062007787579,0.0651231223789718,True,ok
LK1121125,Kottawa West,26,0,1,0.0,0.038461538461538464,0,-0.07692307692307693,-0.5289972180268644,0.5968073797467659,-0.01677620386181955,no trend,no_pattern,cold in only 4% of bins and not in the final bin,0.8297764080724043,0.06675381920249378,True,ok
LK1121130,Kottawa South,26,0,9,0.0,0.34615384615384615,3,-0.16923076923076924,-1.190243740560445,0.23395060590621997,-0.03602857699700185,no trend,sporadic_cold_spot,"on and off cold in 35% of bins, never the opposite",0.988318582286218,0.07950821367609,False,ok
LK1121135,Malapalla West,26,0,8,0.0,0.3076923076923077,3,-0.21846153846153846,-1.5429085525783546,0.12285296541157709,-0.050368620758737916,no trend,sporadic_cold_spot,"on and off cold in 31% of bins, never the opposite",0.9556053091681687,0.0768764975920946,False,ok
LK1121140,Malapalla East,26,0,7,0.0,0.2692307692307692,3,-0.23076923076923078,-1.631074755582832,0.10287454664474693,-0.050527808762728166,no trend,sporadic_cold_spot,"on and off cold in 27% of bins, never the opposite",1.0474477971591027,0.08426503838309653,False,ok
LK1121145,Makumbura North,26,0,9,0.0,0.34615384615384615,3,-0.24307692307692308,-1.7192409585873094,0.08557050563653745,-0.05045765529771018,no trend,sporadic_cold_spot,"on and off cold in 35% of bins, never the opposite",1.0274646355705939,0.0826574338009509,False,ok
LK1121150,Makumbura South,26,0,7,0.0,0.2692307692307692,1,-0.12615384615384614,-0.8816620300447741,0.37795959996135187,-0.023609187299764103,no trend,sporadic_cold_spot,"on and off cold in 27% of bins, never the opposite",0.9295039441207389,0.07477669602342626,False,ok
LK1121155,Kottawa Town,26,0,10,0.0,0.38461538461538464,3,-0.26153846153846155,-1.8514902630940255,0.06409905424175921,-0.05238095437403452,no trend,sporadic_cold_spot,"on and off cold in 38% of bins, never the opposite",0.9662654489347602,0.0777340840885647,False,ok
LK1121160,Pannipitiya South,26,0,0,0.0,0.0,0,-0.3230769230769231,-2.2923212781164124,0.021887110869362347,-0.03449713601372898,decreasing,no_pattern,never significantly hot or cold,0.6348747574095834,0.05107437902554639,True,ok
LK1121165,Maharagama Town,26,0,7,0.0,0.2692307692307692,0,-0.26153846153846155,-1.8514902630940255,0.06409905424175921,-0.05090707051822116,no trend,no_pattern,cold in only 27% of bins and not in the final bin,0.8774878453864193,0.07059210699829836,True,ok
LK1121170,Godigamuwa South A,26,0,10,0.0,0.38461538461538464,0,-0.28615384615384615,-2.02782266910298,0.04257834985054809,-0.0680262336681955,decreasing,no_pattern,cold in only 38% of bins and not in the final bin,1.0204881456039978,0.08209618941587611,True,ok
LK1121175,Godigamuwa South B,26,0,3,0.0,0.11538461538461539,0,-0.26153846153846155,-1.8514902630940255,0.06409905424175921,-0.04584905031334608,no trend,no_pattern,cold in only 12% of bins and not in the final bin,0.7807046440059382,0.06280609589465724,True,ok
LK1121180,Godigamuwa North,26,0,7,0.0,0.2692307692307692,0,-0.2553846153846154,-1.8074071615917868,0.07069881814594603,-0.047250040646538954,no trend,no_pattern,cold in only 27% of bins and not in the final bin,1.0126855094460274,0.08146848325512618,True,ok
LK1121185,Wattegedara,26,1,0,0.038461538461538464,0.0,0,-0.033846153846153845,-0.22041550751119351,0.8255475691294885,-0.006722288098607151,no trend,no_pattern,hot in only 4% of bins and not in the final bin,0.9364998233004118,0.07533950023113715,True,ok
LK1121190,Navinna,26,13,0,0.5,0.0,3,0.2123076923076923,1.4988254510761159,0.13391892014731077,0.0324268048408419,no trend,sporadic_hot_spot,"on and off hot in 50% of bins, never the opposite",0.6462128327826528,0.051986504058501144,False,ok
LK1121195,Wijerama,26,12,0,0.46153846153846156,0.0,3,0.2123076923076923,1.4988254510761159,0.13391892014731077,0.02547176754988947,no trend,sporadic_hot_spot,"on and off hot in 46% of bins, never the opposite",0.5730306147895211,0.04609914392000378,False,ok
LK1121200,Gangodavila South B,26,15,0,0.5769230769230769,0.0,3,0.16307692307692306,1.1461606390582062,0.2517286908429268,0.0270828196140747,no trend,sporadic_hot_spot,"on and off hot in 58% of bins, never the opposite",0.6195914794142223,0.04984487049023652,False,ok
LK1121205,Jambugasmulla,26,26,0,1.0,0.0,26,0.23076923076923078,1.631074755582832,0.10287454664474693,0.025360500944526562,no trend,persistent_hot_spot,hot in 100% of bins with no significant trend,0.5153692601358763,0.041460405573053305,False,ok
LK1124005,Obeysekarapura,26,26,0,1.0,0.0,26,0.07692307692307693,0.5289972180268644,0.5968073797467659,0.01360560707042006,no trend,persistent_hot_spot,hot in 100% of bins with no significant trend,0.6380401069033128,0.051329024934687106,False,ok
LK1124010,Welikada West,26,24,0,0.9230769230769231,0.0,14,0.13846153846153847,0.9698282330492515,0.3321321174074414,0.02265645289198079,no trend,persistent_hot_spot,hot in 92% of bins with no significant trend,0.7893366942298563,0.06350052672492495,False,ok
LK1124015,Welikada East,26,23,0,0.8846153846153846,0.0,14,0.1076923076923077,0.7494127255380579,0.4536084832864735,0.01947264529296206,no trend,sporadic_hot_spot,"on and off hot in 88% of bins, never the opposite",0.9105941781530918,0.07325544392914446,False,ok
LK1124020,Rajagiriya,26,23,0,0.8846153846153846,0.0,14,0.13230769230769232,0.9257451315470128,0.3545784475977316,0.00965231453231849,no trend,sporadic_hot_spot,"on and off hot in 88% of bins, never the opposite",0.6693911787405264,0.053851154704666226,False,ok
LK1124025,Welikada North,26,26,0,1.0,0.0,26,0.12,0.8375789285425354,0.40226723126443065,0.011674800762524251,no trend,persistent_hot_spot,hot in 100% of bins with no significant trend,0.6824919502637721,0.05490508504682607,False,ok
LK1124030,Nawala West,26,26,0,1.0,0.0,26,0.12615384615384614,0.8816620300447741,0.37795959996135187,0.015399163190884302,no trend,persistent_hot_spot,hot in 100% of bins with no significant trend,0.6349065204404203,0.051076934296577454,False,ok
LK1124035,Koswatta,26,25,0,0.9615384615384616,0.0,20,0.07692307692307693,0.5289972180268644,0.5968073797467659,0.010103477357520818,no trend,persistent_hot_spot,hot in 96% of bins with no significant trend,0.7274654105947792,0.058523108180094784,False,ok
LK1124040,Ethulkotte West,26,24,0,0.9230769230769231,0.0,20,0.06461538461538462,0.44083101502238703,0.6593353383597194,0.006095702428346931,no trend,persistent_hot_spot,hot in 92% of bins with no significant trend,0.7250180208974242,0.05832622067186253,False,ok
LK1124045,Ethulkotte,26,24,0,0.9230769230769231,0.0,20,0.06461538461538462,0.44083101502238703,0.6593353383597194,0.00996241413719079,no trend,persistent_hot_spot,hot in 92% of bins with no significant trend,0.8185736197021415,0.06585257773291578,False,ok
LK1124050,Pitakotte East,26,16,0,0.6153846153846154,0.0,1,0.13230769230769232,0.9257451315470128,0.3545784475977316,0.01154206610537408,no trend,sporadic_hot_spot,"on and off hot in 62% of bins, never the opposite",0.8137371236603927,0.06546349149329314,False,ok
LK1124055,Pitakotte,26,25,0,0.9615384615384616,0.0,20,0.021538461538461538,0.1322493045067161,0.8947871042097533,0.0055711397635012675,no trend,persistent_hot_spot,hot in 96% of bins with no significant trend,0.7952964478310046,0.06397997674364343,False,ok
LK1124060,Pitakotte West,26,25,0,0.9615384615384616,0.0,20,0.015384615384615385,0.0881662030044774,0.9297445787752687,0.0034738233589095835,no trend,persistent_hot_spot,hot in 96% of bins with no significant trend,0.7130026239859473,0.05735960650294663,False,ok
LK1124065,Nawala East,26,25,0,0.9615384615384616,0.0,20,0.1076923076923077,0.7494127255380579,0.4536084832864735,0.015671173913378786,no trend,persistent_hot_spot,hot in 96% of bins with no significant trend,0.6063225055323048,0.04877740861147117,False,ok
LK1124070,Nugegoda West,26,26,0,1.0,0.0,26,0.027692307692307693,0.1763324060089548,0.8600328045734926,0.002829963513706225,no trend,persistent_hot_spot,hot in 100% of bins with no significant trend,0.6045822495900752,0.04863740857121512,False,ok
LK1124075,Pagoda,26,26,0,1.0,0.0,26,0.12615384615384614,0.8816620300447741,0.37795959996135187,0.012533164973683175,no trend,persistent_hot_spot,hot in 100% of bins with no significant trend,0.5663037991384178,0.045557985324249775,False,ok
LK1124080,Nugegoda,26,26,0,1.0,0.0,26,0.13230769230769232,0.9257451315470128,0.3545784475977316,0.014532120964855129,no trend,persistent_hot_spot,hot in 100% of bins with no significant trend,0.5985513461316124,0.04815223469162852,False,ok
LK1124085,Pagoda East,26,26,0,1.0,0.0,26,0.15692307692307692,1.1020775375559675,0.2704279639103757,0.019350681927420923,no trend,persistent_hot_spot,hot in 100% of bins with no significant trend,0.6861086722126922,0.0551960429491419,False,ok
LK1124090,Gangodavila North,26,26,0,1.0,0.0,26,0.16307692307692306,1.1461606390582062,0.2517286908429268,0.020737653072651942,no trend,persistent_hot_spot,hot in 100% of bins with no significant trend,0.5219991286973111,0.041993764973225246,False,ok
LK1124095,Gangodavila South,26,25,0,0.9615384615384616,0.0,25,0.31076923076923074,2.204155075111935,0.02751343998161726,0.03658862733611162,increasing,intensifying_hot_spot,hot in 96% of bins and significantly increasing,0.5563021753993149,0.04475337509875252,False,ok
LK1124100,Gangodavila East,26,25,0,0.9615384615384616,0.0,25,0.3230769230769231,2.2923212781164124,0.021887110869362347,0.03863159031597382,increasing,intensifying_hot_spot,hot in 96% of bins and significantly increasing,0.5607023858870529,0.04510736305562119,False,ok
LK1127005,Kollupitiya,26,26,0,1.0,0.0,26,0.003076923076923077,0.0,1.0,0.00016948772313023092,no trend,persistent_hot_spot,hot in 100% of bins with no significant trend,0.6173631219928557,0.04966560368175977,False,ok
LK1127010,Bambalapitiya,26,22,0,0.8461538461538461,0.0,3,-0.033846153846153845,-0.22041550751119351,0.8255475691294885,-0.004454634593023837,no trend,sporadic_hot_spot,"on and off hot in 85% of bins, never the opposite",0.5159506179594597,0.04150717462393245,False,ok
LK1127015,Kurunduwatta,26,26,0,1.0,0.0,26,-0.003076923076923077,0.0,1.0,-0.0002338297782535174,no trend,persistent_hot_spot,hot in 100% of bins with no significant trend,0.5907491439900506,0.047524563446613224,False,ok
LK1127020,Kuppiyawatta West,26,26,0,1.0,0.0,26,-0.046153846153846156,-0.3085817105156709,0.7576397352113808,-0.007686368075815686,no trend,persistent_hot_spot,hot in 100% of bins with no significant trend,0.5697422084852874,0.0458345983415062,False,ok
LK1127025,Kuppiyawatta East,26,26,0,1.0,0.0,26,0.027692307692307693,0.1763324060089548,0.8600328045734926,0.003195615507887517,no trend,persistent_hot_spot,hot in 100% of bins with no significant trend,0.6655663475053829,0.0535434548348375,False,ok
LK1127030,Dematagoda,26,26,0,1.0,0.0,26,0.1076923076923077,0.7494127255380579,0.4536084832864735,0.010492485835640266,no trend,persistent_hot_spot,hot in 100% of bins with no significant trend,0.738884851379029,0.05944177889438542,False,ok
LK1127035,Wanathamulla,26,26,0,1.0,0.0,26,0.07692307692307693,0.5289972180268644,0.5968073797467659,0.012445595128757314,no trend,persistent_hot_spot,hot in 100% of bins with no significant trend,0.6811189279077013,0.05479462819938322,False,ok
LK1127040,Borella North,26,26,0,1.0,0.0,26,0.08923076923076922,0.6171634210313418,0.537126940170827,0.012258346074960307,no trend,persistent_hot_spot,hot in 100% of bins with no significant trend,0.7191888090036836,0.05785727246718686,False,ok
LK1127045,Borella South,26,26,0,1.0,0.0,26,0.07076923076923076,0.48491411652462574,0.6277372683701175,0.0082802850536481,no trend,persistent_hot_spot,hot in 100% of bins with no significant trend,0.5853546373284839,0.047090586391023745,False,ok
LK1127050,Gothamipura,26,26,0,1.0,0.0,26,0.12,0.8375789285425354,0.40226723126443065,0.015147424898149155,no trend,persistent_hot_spot,hot in 100% of bins with no significant trend,0.6016968558504447,0.04840528453135389,False,ok
LK1127055,Narahenpita,26,26,0,1.0,0.0,26,0.027692307692307693,0.1763324060089548,0.8600328045734926,0.0031746799461130322,no trend,persistent_hot_spot,hot in 100% of bins with no significant trend,0.5342781635874747,0.04298158827967862,False,ok
LK1127060,Thimbirigasyaya,26,26,0,1.0,0.0,26,-0.05846153846153846,-0.3967479135201483,0.6915533638570888,-0.004955967494288356,no trend,persistent_hot_spot,hot in 100% of bins with no significant trend,0.5356326273362744,0.04309055212502793,False,ok
LK1127065,Milagiriya,26,24,0,0.9230769230769231,0.0,8,-0.05846153846153846,-0.3967479135201483,0.6915533638570888,-0.00666462560558756,no trend,persistent_hot_spot,hot in 92% of bins with no significant trend,0.6148909355097396,0.04946672132270096,False,ok
LK1127070,Havelock Town,26,25,0,0.9615384615384616,0.0,11,-0.033846153846153845,-0.22041550751119351,0.8255475691294885,-0.007641781645766255,no trend,persistent_hot_spot,hot in 96% of bins with no significant trend,0.6783937312000852,0.054575391683929574,False,ok
LK1127075,Kirula,26,26,0,1.0,0.0,26,-0.009230769230769232,-0.0440831015022387,0.964838162737043,-0.0006960450865315079,no trend,persistent_hot_spot,hot in 100% of bins with no significant trend,0.6108854171638606,0.04914448554343336,False,ok
LK1127080,Kirulapone,26,25,0,0.9615384615384616,0.0,22,-0.1076923076923077,-0.7494127255380579,0.4536084832864735,-0.01031036332796545,no trend,persistent_hot_spot,hot in 96% of bins with no significant trend,0.6819947853346684,0.054865089142545904,False,ok
LK1127085,Wellawatta North,26,25,0,0.9615384615384616,0.0,11,-0.07692307692307693,-0.5289972180268644,0.5968073797467659,-0.011472416900923287,no trend,persistent_hot_spot,hot in 96% of bins with no significant trend,1.0063554176384704,0.08095924028322912,False,ok
LK1127090,Wellawatta South,26,20,0,0.7692307692307693,0.0,1,-0.08923076923076922,-0.6171634210313418,0.537126940170827,-0.016834233913546465,no trend,sporadic_hot_spot,"on and off hot in 77% of bins, never the opposite",1.1174873688666858,0.0898995790392345,False,ok
LK1127095,Pamankada West,26,23,0,0.8846153846153846,0.0,1,-0.08923076923076922,-0.6171634210313418,0.537126940170827,-0.011679076651240334,no trend,sporadic_hot_spot,"on and off hot in 88% of bins, never the opposite",1.0804843758358147,0.08692276373971063,False,ok
LK1127100,Pamankada East,26,24,0,0.9230769230769231,0.0,11,-0.06461538461538462,-0.44083101502238703,0.6593353383597194,-0.00926427196417963,no trend,persistent_hot_spot,hot in 92% of bins with no significant trend,0.8913785291532351,0.07170958416895339,False,ok
LK1130005,Sri Saranankara,26,21,0,0.8076923076923077,0.0,9,-0.11384615384615385,-0.7934958270402966,0.4274889995990474,-0.019374511935354798,no trend,sporadic_hot_spot,"on and off hot in 81% of bins, never the opposite",1.120020716461197,0.09010338168493026,False,ok
LK1130010,Vilawala,26,24,0,0.9230769230769231,0.0,9,-0.08923076923076922,-0.6171634210313418,0.537126940170827,-0.016676525800355894,no trend,persistent_hot_spot,hot in 92% of bins with no significant trend,0.8502093923103806,0.06839761109910583,False,ok
LK1130015,Dutugemunu,26,26,0,1.0,0.0,26,-0.05846153846153846,-0.3967479135201483,0.6915533638570888,-0.006154248973998493,no trend,persistent_hot_spot,hot in 100% of bins with no significant trend,0.7589989507084569,0.06105991715066189,False,ok
LK1130020,Kohuwala,26,26,0,1.0,0.0,26,0.021538461538461538,0.1322493045067161,0.8947871042097533,0.005572868811702411,no trend,persistent_hot_spot,hot in 100% of bins with no significant trend,0.5909629913987428,0.047541767034372386,False,ok
LK1130025,Kalubovila,26,26,0,1.0,0.0,26,-0.06461538461538462,-0.44083101502238703,0.6593353383597194,-0.013949572264920254,no trend,persistent_hot_spot,hot in 100% of bins with no significant trend,0.7164644005358336,0.0576380993640143,False,ok
LK1130030,Hathbodhiya,26,21,0,0.8076923076923077,0.0,7,-0.12615384615384614,-0.8816620300447741,0.37795959996135187,-0.016856579947497063,no trend,sporadic_hot_spot,"on and off hot in 81% of bins, never the opposite",0.8227118571346548,0.06618549049194289,False,ok
LK1130035,Galwala,26,21,0,0.8076923076923077,0.0,7,-0.09538461538461539,-0.6612465225335805,0.5084542305885602,-0.023390552430197956,no trend,sporadic_hot_spot,"on and off hot in 81% of bins, never the opposite",1.0198949558739807,0.08204846851226266,False,ok
LK1130040,Dehiwala West,26,15,0,0.5769230769230769,0.0,1,-0.033846153846153845,-0.22041550751119351,0.8255475691294885,-0.005748558642018509,no trend,sporadic_hot_spot,"on and off hot in 58% of bins, never the opposite",0.9386777188872095,0.07551470748797003,False,ok
LK1130045,Dehiwala East,26,18,0,0.6923076923076923,0.0,6,-0.07076923076923076,-0.48491411652462574,0.6277372683701175,-0.00840644376902373,no trend,sporadic_hot_spot,"on and off hot in 69% of bins, never the opposite",0.811756888357091,0.06530418560302076,False,ok
LK1130050,Udyanaya,26,25,0,0.9615384615384616,0.0,13,-0.13230769230769232,-0.9257451315470128,0.3545784475977316,-0.013939993487186442,no trend,persistent_hot_spot,hot in 96% of bins with no significant trend,0.6721160440777881,0.05407036456205089,False,ok
LK1130055,Nedimala,26,26,0,1.0,0.0,26,-0.10153846153846154,-0.7053296240358192,0.4806051289858302,-0.017227175302429606,no trend,persistent_hot_spot,hot in 100% of bins with no significant trend,0.5678214214684086,0.04568007494459608,False,ok
LK1130060,Malwatta,26,20,0,0.7692307692307693,0.0,6,-0.07076923076923076,-0.48491411652462574,0.6277372683701175,-0.00918430557574586,no trend,sporadic_hot_spot,"on and off hot in 77% of bins, never the opposite",0.6208521754927879,0.04994629091781093,False,ok
LK1130065,Jayathilaka,26,18,0,0.6923076923076923,0.0,5,-0.021538461538461538,-0.1322493045067161,0.8947871042097533,-0.0013163477182808808,no trend,sporadic_hot_spot,"on and off hot in 69% of bins, never the opposite",0.7026662329638076,0.056528064932487826,False,ok
LK1130070,Karagampitiya,26,24,0,0.9230769230769231,0.0,5,-0.052307692307692305,-0.3526648120179096,0.7243397423849234,-0.009066294267181939,no trend,persistent_hot_spot,hot in 92% of bins with no significant trend,0.7205482244480177,0.05796663466633995,False,ok
LK1130075,Kawdana East,26,23,0,0.8846153846153846,0.0,5,-0.12,-0.8375789285425354,0.40226723126443065,-0.023013297871971573,no trend,sporadic_hot_spot,"on and off hot in 88% of bins, never the opposite",0.7391424224541602,0.05946249996190895,False,ok
LK1131005,Mount Lavinia,26,24,0,0.9230769230769231,0.0,5,0.046153846153846156,0.3085817105156709,0.7576397352113808,0.0061464482000340714,no trend,persistent_hot_spot,hot in 92% of bins with no significant trend,0.8141319546475392,0.06549525484071433,False,ok
LK1131010,Kawdana West,26,22,0,0.8461538461538461,0.0,5,-0.009230769230769232,-0.0440831015022387,0.964838162737043,-0.0013543711181002787,no trend,sporadic_hot_spot,"on and off hot in 85% of bins, never the opposite",0.8885507466535602,0.07148209483581389,False,ok
LK1131015,Watarappala,26,22,0,0.8461538461538461,0.0,5,0.07076923076923076,0.48491411652462574,0.6277372683701175,0.00799249824869324,no trend,sporadic_hot_spot,"on and off hot in 85% of bins, never the opposite",0.8447171424810322,0.06795577080507417,False,ok
LK1131020,Wathumulla,26,23,0,0.8846153846153846,0.0,5,0.08923076923076922,0.6171634210313418,0.537126940170827,0.008767471428597563,no trend,sporadic_hot_spot,"on and off hot in 88% of bins, never the opposite",0.8589554411829964,0.06910121288809261,False,ok
LK1131025,Katukurunduwatta,26,25,0,0.9615384615384616,0.0,5,-0.07692307692307693,-0.5289972180268644,0.5968073797467659,-0.013471445151641337,no trend,persistent_hot_spot,hot in 96% of bins with no significant trend,0.9371054642984654,0.0753882228138623,False,ok
LK1131030,Attidiya North,26,9,0,0.34615384615384615,0.0,1,-0.16923076923076924,-1.190243740560445,0.23395060590621997,-0.02778341217237445,no trend,sporadic_hot_spot,"on and off hot in 35% of bins, never the opposite",0.8529439222646367,0.0686175984552109,False,ok
LK1131035,Attidiya South,26,16,0,0.6153846153846154,0.0,2,-0.09538461538461539,-0.6612465225335805,0.5084542305885602,-0.014315931917561553,no trend,sporadic_hot_spot,"on and off hot in 62% of bins, never the opposite",0.915011161138605,0.07361078119924157,False,ok
LK1131040,Piriwena,26,22,0,0.8461538461538461,0.0,5,0.052307692307692305,0.3526648120179096,0.7243397423849234,0.008743650281851527,no trend,sporadic_hot_spot,"on and off hot in 85% of bins, never the opposite",0.8469817213525749,0.0681379515553222,False,ok
LK1131045,Wedikanda,26,21,0,0.8076923076923077,0.0,5,0.15076923076923077,1.0579944360537288,0.29005797903523867,0.020685092163092597,no trend,sporadic_hot_spot,"on and off hot in 81% of bins, never the opposite",0.7526772353157354,0.06055134804424963,False,ok
LK1131050,Vihara,26,21,0,0.8076923076923077,0.0,5,0.033846153846153845,0.22041550751119351,0.8255475691294885,0.006207482710812665,no trend,sporadic_hot_spot,"on and off hot in 81% of bins, never the opposite",0.9153412447420594,0.07363733575173588,False,ok
LK1131055,Rathmalana West,26,17,0,0.6538461538461539,0.0,2,-0.015384615384615385,-0.0881662030044774,0.9297445787752687,-0.002615868485827905,no trend,sporadic_hot_spot,"on and off hot in 65% of bins, never the opposite",0.9623989328722057,0.077423030759412,False,ok
LK1131060,Rathmalana East,26,18,0,0.6923076923076923,0.0,2,-0.07076923076923076,-0.48491411652462574,0.6277372683701175,-0.013252407466019845,no trend,sporadic_hot_spot,"on and off hot in 69% of bins, never the opposite",0.9464976582432595,0.07614380565570521,False,ok
LK1131065,Kandawala,26,9,0,0.34615384615384615,0.0,0,-0.2123076923076923,-1.4988254510761159,0.13391892014731077,-0.035244728404082104,no trend,no_pattern,hot in only 35% of bins and not in the final bin,0.9007843063789317,0.07246625975803364,True,ok
LK1133005,Angulana North,26,13,0,0.5,0.0,0,0.09538461538461539,0.6612465225335805,0.5084542305885602,0.016196498110364787,no trend,no_pattern,hot in only 50% of bins and not in the final bin,1.1214583124112145,0.09021903334626953,True,ok
LK1133010,Kaldemulla,26,18,0,0.6923076923076923,0.0,2,-0.08923076923076922,-0.6171634210313418,0.537126940170827,-0.018171005983543848,no trend,sporadic_hot_spot,"on and off hot in 69% of bins, never the opposite",1.0403498588992406,0.08369402373059516,False,ok
LK1133015,Soysapura North,26,14,0,0.5384615384615384,0.0,0,-0.10153846153846154,-0.7053296240358192,0.4806051289858302,-0.010750571787743635,no trend,no_pattern,hot in only 54% of bins and not in the final bin,0.5719623609873639,0.04601320508096491,True,ok
LK1133020,Soysapura South,26,22,0,0.8461538461538461,0.0,5,-0.1076923076923077,-0.7494127255380579,0.4536084832864735,-0.014274134606977934,no trend,sporadic_hot_spot,"on and off hot in 85% of bins, never the opposite",0.7005629609510994,0.05635886098995089,False,ok
LK1133025,Dahampura,26,21,0,0.8076923076923077,0.0,5,0.033846153846153845,0.22041550751119351,0.8255475691294885,0.003970777617782417,no trend,sporadic_hot_spot,"on and off hot in 81% of bins, never the opposite",1.0984922283716438,0.08837145873839636,False,ok
LK1133030,Thelawala North,26,13,0,0.5,0.0,0,-0.18153846153846154,-1.2784099435649223,0.20110491981248035,-0.02919822078385923,no trend,no_pattern,hot in only 50% of bins and not in the final bin,0.8363359773506146,0.06728152316874787,True,ok
LK1133035,Borupana,26,6,0,0.23076923076923078,0.0,0,-0.23692307692307693,-1.6751578570850707,0.09390326367306256,-0.04364529789015066,no trend,no_pattern,hot in only 23% of bins and not in the final bin,0.8779563989454127,0.07062980117622321,True,ok
LK1133040,Thelawala South,26,15,0,0.5769230769230769,0.0,0,-0.16307692307692306,-1.1461606390582062,0.2517286908429268,-0.024451726657977346,no trend,no_pattern,hot in only 58% of bins and not in the final bin,0.5880627751535833,0.04730845055418075,True,ok
LK1133045,Lakshapathiya North,26,21,0,0.8076923076923077,0.0,5,-0.052307692307692305,-0.3526648120179096,0.7243397423849234,-0.009977065479413941,no trend,sporadic_hot_spot,"on and off hot in 81% of bins, never the opposite",0.8243214567437905,0.06631497949675354,False,ok
LK1133050,Lakshapathiya Central,26,14,0,0.5384615384615384,0.0,0,0.052307692307692305,0.3526648120179096,0.7243397423849234,0.022344337943673128,no trend,no_pattern,hot in only 54% of bins and not in the final bin,1.1042540197313442,0.08883498309865313,True,ok
LK1133055,Angulana South,26,10,0,0.38461538461538464,0.0,0,0.08923076923076922,0.6171634210313418,0.537126940170827,0.015311944482608163,no trend,no_pattern,hot in only 38% of bins and not in the final bin,1.0772249790762192,0.08666055191989681,True,ok
LK1133060,Uyana South,26,10,0,0.38461538461538464,0.0,0,-0.15692307692307692,-1.1020775375559675,0.2704279639103757,-0.027630313597067628,no trend,no_pattern,hot in only 38% of bins and not in the final bin,0.9498985087200924,0.07641739713849102,True,ok
LK1133065,Uyana North,26,11,0,0.4230769230769231,0.0,0,0.06461538461538462,0.44083101502238703,0.6593353383597194,0.01602101016241177,no trend,no_pattern,hot in only 42% of bins and not in the final bin,0.9464817539749881,0.07614252618976906,True,ok
LK1133070,Rawathawatta South,26,14,0,0.5384615384615384,0.0,0,-0.04,-0.2644986090134322,0.7913957365052897,-0.009662393309247896,no trend,no_pattern,hot in only 54% of bins and not in the final bin,0.8383529430386683,0.06744378394353989,True,ok
LK1133075,Rawathawatta East,26,17,0,0.6538461538461539,0.0,0,0.003076923076923077,0.0,1.0,8.41313633179593e-05,no trend,no_pattern,hot in only 65% of bins and not in the final bin,0.8285067862492596,0.06665168071697739,True,ok
LK1133080,Lakshapathiya South,26,17,0,0.6538461538461539,0.0,0,0.021538461538461538,0.1322493045067161,0.8947871042097533,0.0022910702009468764,no trend,no_pattern,hot in only 65% of bins and not in the final bin,0.8465821963098903,0.0681058105807093,True,ok
LK1133085,Kuduwamulla,26,4,0,0.15384615384615385,0.0,0,-0.04,-0.2644986090134322,0.7913957365052897,-0.005762652934055971,no trend,no_pattern,hot in only 15% of bins and not in the final bin,0.83560439682096,0.06722266900763467,True,ok
LK1133090,Katubedda,26,14,0,0.5384615384615384,0.0,0,-0.11384615384615385,-0.7934958270402966,0.4274889995990474,-0.0181048717183621,no trend,no_pattern,hot in only 54% of bins and not in the final bin,0.8978887567319592,0.07223331869614581,True,ok
LK1133095,Molpe,26,0,3,0.0,0.11538461538461539,0,-0.09538461538461539,-0.6612465225335805,0.5084542305885602,-0.021594266994330966,no trend,no_pattern,cold in only 12% of bins and not in the final bin,1.2727430232604973,0.10238957969814094,True,ok
LK1133100,Moratumulla North,26,12,0,0.46153846153846156,0.0,0,-0.003076923076923077,0.0,1.0,-0.0015034196843525408,no trend,no_pattern,hot in only 46% of bins and not in the final bin,0.9714079058752183,0.07814778425829766,True,ok
LK1133105,Kadalana,26,9,0,0.34615384615384615,0.0,0,-0.046153846153846156,-0.3085817105156709,0.7576397352113808,-0.013576029200451447,no trend,no_pattern,hot in only 35% of bins and not in the final bin,1.0502223276180562,0.08448824369819947,True,ok
LK1133110,Rawathawatta West,26,18,0,0.6923076923076923,0.0,0,-0.11384615384615385,-0.7934958270402966,0.4274889995990474,-0.019166067889873073,no trend,no_pattern,hot in only 69% of bins and not in the final bin,0.8470696023717064,0.06814502140402524,True,ok
LK1133115,Idama,26,13,0,0.5,0.0,0,-0.13230769230769232,-0.9257451315470128,0.3545784475977316,-0.03025174565344831,no trend,no_pattern,hot in only 50% of bins and not in the final bin,1.0175732981543786,0.08186169588513481,True,ok
LK1133120,Uswatta,26,9,0,0.34615384615384615,0.0,0,-0.16307692307692306,-1.1461606390582062,0.2517286908429268,-0.03329308929162902,no trend,no_pattern,hot in only 35% of bins and not in the final bin,1.038830389212152,0.08357178549413914,True,ok
LK1133125,Moratuwella South,26,9,1,0.34615384615384615,0.038461538461538464,0,-0.13846153846153847,-0.9698282330492515,0.3321321174074414,-0.032314695959158916,no trend,no_pattern,hot in only 35% of bins and not in the final bin,1.4544296519518094,0.11700589831744806,True,ok
LK1133130,Indibedda West,26,3,0,0.11538461538461539,0.0,0,-0.10153846153846154,-0.7053296240358192,0.4806051289858302,-0.02013609440016464,no trend,no_pattern,hot in only 12% of bins and not in the final bin,1.2970130558653423,0.10434205430790484,True,ok
LK1133135,Moratumulla East,26,5,0,0.19230769230769232,0.0,0,-0.033846153846153845,-0.22041550751119351,0.8255475691294885,-0.00862956939506766,no trend,no_pattern,hot in only 19% of bins and not in the final bin,1.1678089013172108,0.09394784366391598,True,ok
LK1133140,Moratumulla West,26,5,0,0.19230769230769232,0.0,0,-0.05846153846153846,-0.3967479135201483,0.6915533638570888,-0.016880399783244793,no trend,no_pattern,hot in only 19% of bins and not in the final bin,1.152164411106194,0.09268927634276568,True,ok
LK1133145,Villorawatta East,26,2,2,0.07692307692307693,0.07692307692307693,0,-0.13846153846153847,-0.9698282330492515,0.3321321174074414,-0.03787976298501305,no trend,no_pattern,hot in only 8% of bins and not in the final bin,1.2607947471654293,0.10142836526197195,True,ok
LK1133150,Villorawatta West,26,2,1,0.07692307692307693,0.038461538461538464,0,-0.09538461538461539,-0.6612465225335805,0.5084542305885602,-0.022270230429475114,no trend,no_pattern,hot in only 8% of bins and not in the final bin,1.1148054408604025,0.0896838234025306,True,ok
LK1133155,Indibedda East,26,1,0,0.038461538461538464,0.0,0,-0.20615384615384616,-1.4547423495738772,0.1457406036479898,-0.04782030039940445,no trend,no_pattern,hot in only 4% of bins and not in the final bin,1.184015444964169,0.0952516270373425,True,ok
LK1133160,Moratuwella North,26,8,0,0.3076923076923077,0.0,0,-0.23076923076923078,-1.631074755582832,0.10287454664474693,-0.03701004987347347,no trend,no_pattern,hot in only 31% of bins and not in the final bin,0.9957411683980907,0.0801053455859715,True,ok
LK1133165,Moratuwella West,26,3,0,0.11538461538461539,0.0,0,-0.13846153846153847,-0.9698282330492515,0.3321321174074414,-0.024657614688200092,no trend,no_pattern,hot in only 12% of bins and not in the final bin,0.9045294315307288,0.07276754743606553,True,ok
LK1133170,Koralawella North,26,4,1,0.15384615384615385,0.038461538461538464,0,-0.10153846153846154,-0.7053296240358192,0.4806051289858302,-0.028082671422757048,no trend,no_pattern,hot in only 15% of bins and not in the final bin,1.3233956682328383,0.10646448164969982,True,ok
LK1133175,Koralawella East,26,4,1,0.15384615384615385,0.038461538461538464,0,-0.10153846153846154,-0.7053296240358192,0.4806051289858302,-0.028082671422757048,no trend,no_pattern,hot in only 15% of bins and not in the final bin,1.3233956682328383,0.10646448164969982,True,ok
LK1133180,Koralawella West,26,5,0,0.19230769230769232,0.0,0,-0.1076923076923077,-0.7494127255380579,0.4536084832864735,-0.029817685503480584,no trend,no_pattern,hot in only 19% of bins and not in the final bin,1.2439865961106367,0.1000761837999245,True,ok
LK1133185,Koralawella South,26,4,0,0.15384615384615385,0.0,0,-0.13230769230769232,-0.9257451315470128,0.3545784475977316,-0.024529290742562836,no trend,no_pattern,hot in only 15% of bins and not in the final bin,0.9316797474506961,0.07495173496246474,True,ok
LK1133190,Katukurunda North,26,2,1,0.07692307692307693,0.038461538461538464,0,-0.06461538461538462,-0.44083101502238703,0.6593353383597194,-0.010824066688147367,no trend,no_pattern,hot in only 8% of bins and not in the final bin,0.9374026946367927,0.07541213438820109,True,ok
LK1133195,Katukurunda South,26,1,1,0.038461538461538464,0.038461538461538464,0,-0.021538461538461538,-0.1322493045067161,0.8947871042097533,-0.00553970206456667,no trend,no_pattern,hot in only 4% of bins and not in the final bin,1.1431000733568693,0.09196006886298884,True,ok
LK1133200,Egoda Uyana North,26,1,1,0.038461538461538464,0.038461538461538464,0,-0.06461538461538462,-0.44083101502238703,0.6593353383597194,-0.011861715744668155,no trend,no_pattern,hot in only 4% of bins and not in the final bin,1.2195938706089564,0.098113838796916,True,ok
LK1133205,Egoda Uyana Central,26,1,1,0.038461538461538464,0.038461538461538464,0,-0.14461538461538462,-1.01391133455149,0.31062506239573384,-0.028335546721538794,no trend,no_pattern,hot in only 4% of bins and not in the final bin,1.0633304716640768,0.08554276714477588,True,ok
LK1133210,Egoda Uyana South,26,2,1,0.07692307692307693,0.038461538461538464,0,-0.18153846153846154,-1.2784099435649223,0.20110491981248035,-0.02844049669637901,no trend,no_pattern,hot in only 8% of bins and not in the final bin,0.8283224852203147,0.06663685407519132,True,ok
LK1136005,Pepiliyana West,26,25,0,0.9615384615384616,0.0,17,0.08307692307692308,0.5730803195291031,0.5665903119394651,0.006517626589882684,no trend,persistent_hot_spot,hot in 96% of bins with no significant trend,0.4473920804244978,0.03599178014552388,False,ok
LK1136010,Pepiliyana East,26,23,0,0.8846153846153846,0.0,14,0.20615384615384616,1.4547423495738772,0.1457406036479898,0.020847686508247015,no trend,sporadic_hot_spot,"on and off hot in 88% of bins, never the opposite",0.4210181921278183,0.03387005463742811,False,ok
LK1136015,Divulpitiya East,26,14,0,0.5384615384615384,0.0,3,0.19384615384615383,1.3665761465693997,0.17175819814532312,0.02365826184325731,no trend,sporadic_hot_spot,"on and off hot in 54% of bins, never the opposite",0.5479238778522151,0.044079358153653984,False,ok
LK1136020,Divulpitiya West,26,10,0,0.38461538461538464,0.0,1,0.1076923076923077,0.7494127255380579,0.4536084832864735,0.012698469151238853,no trend,sporadic_hot_spot,"on and off hot in 38% of bins, never the opposite",0.5618304251802707,0.045198111515447496,False,ok
LK1136025,Bellanvila,26,12,0,0.46153846153846156,0.0,1,-0.10153846153846154,-0.7053296240358192,0.4806051289858302,-0.017070132674832043,no trend,sporadic_hot_spot,"on and off hot in 46% of bins, never the opposite",0.7214474532905927,0.058038975792208264,False,ok
LK1136030,Boralesgamuwa West A,26,0,0,0.0,0.0,0,-0.13230769230769232,-0.9257451315470128,0.3545784475977316,-0.02345748625171049,no trend,no_pattern,never significantly hot or cold,0.9413770074691811,0.07573185974757074,True,ok
LK1136035,Boralesgamuwa West C,26,1,0,0.038461538461538464,0.0,0,-0.046153846153846156,-0.3085817105156709,0.7576397352113808,-0.009969817491238308,no trend,no_pattern,hot in only 4% of bins and not in the final bin,0.8212502952286318,0.06606791081833592,True,ok
LK1136040,Rattanapitiya,26,2,0,0.07692307692307693,0.0,1,0.015384615384615385,0.0881662030044774,0.9297445787752687,0.0033547031297453604,no trend,sporadic_hot_spot,"on and off hot in 8% of bins, never the opposite",0.80322517642355,0.06461782678351373,False,ok
LK1136045,Egodawatta,26,4,0,0.15384615384615385,0.0,1,0.07692307692307693,0.5289972180268644,0.5968073797467659,0.014274282209044697,no trend,sporadic_hot_spot,"on and off hot in 15% of bins, never the opposite",0.8527443867824918,0.0686015462327447,False,ok
LK1136050,Boralesgamuwa East A,26,0,2,0.0,0.07692307692307693,0,-0.16923076923076924,-1.190243740560445,0.23395060590621997,-0.03939975680909693,no trend,no_pattern,cold in only 8% of bins and not in the final bin,1.062804989368288,0.08550049316611616,True,ok
LK1136055,Boralesgamuwa West B,26,0,0,0.0,0.0,0,-0.18769230769230769,-1.322493045067161,0.18600402378747005,-0.04066168374416743,no trend,no_pattern,never significantly hot or cold,0.9730208216354359,0.07827754004069756,True,ok
LK1136060,Werahera North,26,0,4,0.0,0.15384615384615385,0,-0.28,-1.9837395676007417,0.04728488016768839,-0.057887937542699636,decreasing,no_pattern,cold in only 15% of bins and not in the final bin,1.1489922841304168,0.09243408519902095,True,ok
LK1136065,Boralesgamuwa East B,26,0,3,0.0,0.11538461538461539,0,-0.21846153846153846,-1.5429085525783546,0.12285296541157709,-0.04520140215942446,no trend,no_pattern,cold in only 12% of bins and not in the final bin,1.0865523779157422,0.08741092212770915,True,ok
LK1136070,Neelammahara,26,0,8,0.0,0.3076923076923077,0,-0.2676923076923077,-1.8955733645962642,0.058016482085702537,-0.07206285716061506,no trend,no_pattern,cold in only 31% of bins and not in the final bin,1.0730247699683664,0.08632265366601706,True,ok
LK1136075,Katuwawala North,26,0,7,0.0,0.2692307692307692,0,-0.3046153846153846,-2.1600719736096963,0.030767098256619496,-0.0785327779526583,decreasing,no_pattern,cold in only 27% of bins and not in the final bin,1.166520119657975,0.09384416380867405,True,ok
LK1136080,Vishwakalawa,26,0,9,0.0,0.34615384615384615,0,-0.19384615384615383,-1.3665761465693997,0.17175819814532312,-0.045887005652995305,no trend,no_pattern,cold in only 35% of bins and not in the final bin,0.8339743598359703,0.06709153585763086,True,ok
LK1136085,Werahera South,26,0,5,0.0,0.19230769230769232,0,-0.26153846153846155,-1.8514902630940255,0.06409905424175921,-0.06697043150724169,no trend,no_pattern,cold in only 19% of bins and not in the final bin,1.0764170614405997,0.08659555659434406,True,ok
LK1136090,Katuwawala South,26,0,8,0.0,0.3076923076923077,0,-0.26153846153846155,-1.8514902630940255,0.06409905424175921,-0.0613527756977184,no trend,no_pattern,cold in only 31% of bins and not in the final bin,1.0814341109067658,0.08699916798861403,True,ok
LK1136095,Niwanthidiya,26,0,11,0.0,0.4230769230769231,0,-0.16923076923076924,-1.190243740560445,0.23395060590621997,-0.054163634401498774,no trend,no_pattern,cold in only 42% of bins and not in the final bin,1.154188854278771,0.0928521386659328,True,ok
LK1136100,Erewwala West,26,0,8,0.0,0.3076923076923077,0,-0.2123076923076923,-1.4988254510761159,0.13391892014731077,-0.06288531251581728,no trend,no_pattern,cold in only 31% of bins and not in the final bin,1.2940265337117247,0.10410179469345045,True,ok
LK1136105,Erewwala North,26,0,8,0.0,0.3076923076923077,0,-0.2676923076923077,-1.8955733645962642,0.058016482085702537,-0.07231159783007113,no trend,no_pattern,cold in only 31% of bins and not in the final bin,1.0180615055975089,0.08190097117794258,True,ok
LK1136110,Erewwala East,26,0,3,0.0,0.11538461538461539,0,-0.2923076923076923,-2.071905770605219,0.03827422971644756,-0.06084246393925193,decreasing,no_pattern,cold in only 12% of bins and not in the final bin,0.6726721950547403,0.054115105773543025,False,ok
LK1136115,Rathmaldeniya,26,0,7,0.0,0.2692307692307692,0,-0.2923076923076923,-2.071905770605219,0.03827422971644756,-0.04997360720727154,decreasing,no_pattern,cold in only 27% of bins and not in the final bin,0.8922610358799898,0.07178058003471874,True,ok
LK1136120,Mahalwarawa,26,0,3,0.0,0.11538461538461539,0,-0.2123076923076923,-1.4988254510761159,0.13391892014731077,-0.027538381022152534,no trend,no_pattern,cold in only 12% of bins and not in the final bin,0.6609096290359668,0.05316883133414479,True,ok
LK1136125,Bangalawatta,26,0,0,0.0,0.0,0,-0.13846153846153847,-0.9698282330492515,0.3321321174074414,-0.011623629587781127,no trend,no_pattern,never significantly hot or cold,0.5360205102424443,0.04312175651350935,True,ok
LK1136130,Pelenwatta East,26,0,7,0.0,0.2692307692307692,0,-0.16307692307692306,-1.1461606390582062,0.2517286908429268,-0.03288277307960241,no trend,no_pattern,cold in only 27% of bins and not in the final bin,0.947082717205529,0.07619087245564093,True,ok
LK1136135,Pelenwatta North,26,0,7,0.0,0.2692307692307692,0,-0.2,-1.4106592480716384,0.15834511256712158,-0.043121687322386575,no trend,no_pattern,cold in only 27% of bins and not in the final bin,0.9765478309667761,0.07856128074595181,True,ok
LK1136140,Pelenwatta West,26,0,6,0.0,0.23076923076923078,0,-0.23076923076923078,-1.631074755582832,0.10287454664474693,-0.05538833091685516,no trend,no_pattern,cold in only 23% of bins and not in the final bin,1.1898966039579033,0.09572475428023537,True,ok
LK1136145,Paligedara,26,0,8,0.0,0.3076923076923077,0,-0.14461538461538462,-1.01391133455149,0.31062506239573384,-0.04508547761615937,no trend,no_pattern,cold in only 31% of bins and not in the final bin,1.1992664856696191,0.09647854214844631,True,ok
LK1136150,Kaliyammahara,26,0,10,0.0,0.38461538461538464,0,-0.1076923076923077,-0.7494127255380579,0.4536084832864735,-0.03269723266198451,no trend,no_pattern,cold in only 38% of bins and not in the final bin,1.2098724318193261,0.09733176887899847,True,ok
LK1136155,Bokundara,26,0,11,0.0,0.4230769230769231,0,-0.12,-0.8375789285425354,0.40226723126443065,-0.03768066122547065,no trend,no_pattern,cold in only 42% of bins and not in the final bin,1.1222329899673387,0.09028135457523996,True,ok
LK1136160,Thumbovila South,26,0,7,0.0,0.2692307692307692,0,-0.2,-1.4106592480716384,0.15834511256712158,-0.04579393924840939,no trend,no_pattern,cold in only 27% of bins and not in the final bin,0.9283247828369641,0.07468183490375363,True,ok
LK1136165,Thumbovila North,26,0,7,0.0,0.2692307692307692,0,-0.21846153846153846,-1.5429085525783546,0.12285296541157709,-0.0594958200125211,no trend,no_pattern,cold in only 27% of bins and not in the final bin,0.9785320747403269,0.07872090910947804,True,ok
LK1136170,Wewala West,26,0,1,0.0,0.038461538461538464,0,-0.13230769230769232,-0.9257451315470128,0.3545784475977316,-0.02090378809709538,no trend,no_pattern,cold in only 4% of bins and not in the final bin,0.9783950062783895,0.07870988223134857,True,ok
LK1136175,Wewala East,26,0,5,0.0,0.19230769230769232,0,-0.27384615384615385,-1.939656466098503,0.05242145358650174,-0.04151237382474618,no trend,no_pattern,cold in only 19% of bins and not in the final bin,1.0101962810687584,0.08126822991044994,True,ok
LK1136180,Thumbovila West,26,0,7,0.0,0.2692307692307692,0,-0.27384615384615385,-1.939656466098503,0.05242145358650174,-0.04639147745516375,no trend,no_pattern,cold in only 27% of bins and not in the final bin,0.8491068381616341,0.06830891286716,True,ok
LK1136185,Mampe North,26,0,13,0.0,0.5,0,-0.14461538461538462,-1.01391133455149,0.31062506239573384,-0.05412509161614124,no trend,no_pattern,cold in only 50% of bins and not in the final bin,1.3745860190076324,0.1105826409360924,True,ok
LK1136190,Makuludoowa,26,0,7,0.0,0.2692307692307692,0,-0.13846153846153847,-0.9698282330492515,0.3321321174074414,-0.03756341348092762,no trend,no_pattern,cold in only 27% of bins and not in the final bin,1.2455419457287806,0.10020130850363528,True,ok
LK1136195,Gorakapitiya,26,0,4,0.0,0.15384615384615385,0,-0.13846153846153847,-0.9698282330492515,0.3321321174074414,-0.029667320528006615,no trend,no_pattern,cold in only 15% of bins and not in the final bin,0.9716100859086996,0.07816404922952372,True,ok
LK1136200,Nampamunuwa,26,0,9,0.0,0.34615384615384615,0,-0.13230769230769232,-0.9257451315470128,0.3545784475977316,-0.04425147234638363,no trend,no_pattern,cold in only 35% of bins and not in the final bin,1.1260709402421418,0.09059010984504515,True,ok
LK1136205,Mavittara North,26,0,10,0.0,0.38461538461538464,0,-0.15692307692307692,-1.1020775375559675,0.2704279639103757,-0.04852503105295715,no trend,no_pattern,cold in only 38% of bins and not in the final bin,1.1715092865884345,0.09424553210982957,True,ok
LK1136210,Mampe East,26,0,12,0.0,0.46153846153846156,0,-0.15692307692307692,-1.1020775375559675,0.2704279639103757,-0.045676382350806344,no trend,no_pattern,cold in only 46% of bins and not in the final bin,1.050136678544864,0.08448135340499385,True,ok
LK1136215,Bodhirajapura,26,0,4,0.0,0.15384615384615385,0,-0.31076923076923074,-2.204155075111935,0.02751343998161726,-0.060841264350599965,decreasing,no_pattern,cold in only 15% of bins and not in the final bin,0.8861943416547453,0.0712925268609613,True,ok
LK1136220,Mampe West,26,0,15,0.0,0.5769230769230769,0,-0.24923076923076923,-1.7633240600895481,0.07784584959716478,-0.04557686707164517,no trend,no_pattern,cold in only 58% of bins and not in the final bin,0.9643881000182879,0.07758305519821422,True,ok
LK1136225,Mampe South,26,0,12,0.0,0.46153846153846156,0,-0.2123076923076923,-1.4988254510761159,0.13391892014731077,-0.03841841086067387,no trend,no_pattern,cold in only 46% of bins and not in the final bin,0.7411415338781291,0.059623324397579835,True,ok
LK1136230,Kolamunna,26,0,13,0.0,0.5,0,-0.2246153846153846,-1.5869916540805933,0.11251453486444052,-0.044315578785744325,no trend,no_pattern,cold in only 50% of bins and not in the final bin,0.8714865160574465,0.07010931229709505,True,ok
LK1136235,Suwarapola East,26,0,9,0.0,0.34615384615384615,0,-0.23692307692307693,-1.6751578570850707,0.09390326367306256,-0.033721010128019646,no trend,no_pattern,cold in only 35% of bins and not in the final bin,0.8599379135108493,0.06918025078252649,True,ok
LK1136240,Suwarapola West,26,0,4,0.0,0.15384615384615385,0,-0.1753846153846154,-1.2343268420626836,0.21708113765003478,-0.032748315875419994,no trend,no_pattern,cold in only 15% of bins and not in the final bin,1.0498773662591643,0.08446049226063232,True,ok
LK1136245,Hedigama,26,0,6,0.0,0.23076923076923078,0,-0.16923076923076924,-1.190243740560445,0.23395060590621997,-0.028960320595517654,no trend,no_pattern,cold in only 23% of bins and not in the final bin,1.016865039993869,0.08180471796103936,True,ok
LK1136250,Batakettara North,26,0,11,0.0,0.4230769230769231,0,-0.2553846153846154,-1.8074071615917868,0.07069881814594603,-0.04293635026536366,no trend,no_pattern,cold in only 42% of bins and not in the final bin,1.0667790112092492,0.08582019511581915,True,ok
LK1136255,Kesbewa North,26,0,14,0.0,0.5384615384615384,0,-0.18769230769230769,-1.322493045067161,0.18600402378747005,-0.04407198949278799,no trend,no_pattern,cold in only 54% of bins and not in the final bin,0.9568795124881617,0.07697900464968573,True,ok
LK1136260,Kesbewa East,26,0,12,0.0,0.46153846153846156,0,-0.14461538461538462,-1.01391133455149,0.31062506239573384,-0.03353130661962644,no trend,no_pattern,cold in only 46% of bins and not in the final bin,0.8729176892485562,0.07022444726058326,True,ok
LK1136265,Mavittara South,26,0,12,0.0,0.46153846153846156,0,-0.14461538461538462,-1.01391133455149,0.31062506239573384,-0.04322540186553762,no trend,no_pattern,cold in only 46% of bins and not in the final bin,1.0088303390940454,0.08115834266524263,True,ok
LK1136270,Honnanthara North,26,0,10,0.0,0.38461538461538464,0,-0.18153846153846154,-1.2784099435649223,0.20110491981248035,-0.05715536632519597,no trend,no_pattern,cold in only 38% of bins and not in the final bin,0.9455700144490884,0.07606917860495033,True,ok
LK1136275,Honnanthara South,26,0,13,0.0,0.5,0,-0.1753846153846154,-1.2343268420626836,0.21708113765003478,-0.04333264305331446,no trend,no_pattern,cold in only 50% of bins and not in the final bin,0.8891606282189267,0.07153115856352818,True,ok
LK1136280,Makandana East,26,0,12,0.0,0.46153846153846156,0,-0.1753846153846154,-1.2343268420626836,0.21708113765003478,-0.03291927132332767,no trend,no_pattern,cold in only 46% of bins and not in the final bin,1.1528034440761759,0.0927406852415095,True,ok
LK1136285,Kesbewa South,26,0,11,0.0,0.4230769230769231,0,-0.20615384615384616,-1.4547423495738772,0.1457406036479898,-0.03504248366806665,no trend,no_pattern,cold in only 42% of bins and not in the final bin,1.0239010209689934,0.08237074827638263,True,ok
LK1136290,Batakettara South,26,0,6,0.0,0.23076923076923078,0,-0.2923076923076923,-2.071905770605219,0.03827422971644756,-0.05014073285945295,decreasing,no_pattern,cold in only 23% of bins and not in the final bin,1.199139767090541,0.09646834789727807,True,ok
LK1136295,Madapatha,26,0,7,0.0,0.2692307692307692,0,-0.28615384615384615,-2.02782266910298,0.04257834985054809,-0.06108461794510287,decreasing,no_pattern,cold in only 27% of bins and not in the final bin,1.3750805369407506,0.11062242389494567,True,ok
LK1136300,Delthara West,26,0,2,0.0,0.07692307692307693,0,-0.18153846153846154,-1.2784099435649223,0.20110491981248035,-0.029403484374965306,no trend,no_pattern,cold in only 8% of bins and not in the final bin,0.8660588100522056,0.06967266442203697,True,ok
LK1136305,Delthara East,26,0,5,0.0,0.19230769230769232,0,-0.24923076923076923,-1.7633240600895481,0.07784584959716478,-0.05067621986152959,no trend,no_pattern,cold in only 19% of bins and not in the final bin,1.3968035145451971,0.11236999312617467,True,ok
LK1136310,Dampe,26,0,4,0.0,0.15384615384615385,0,-0.28,-1.9837395676007417,0.04728488016768839,-0.05616682043907135,decreasing,no_pattern,cold in only 15% of bins and not in the final bin,1.198865090143866,0.09644625069728653,True,ok
LK1136315,Makandana West,26,0,11,0.0,0.4230769230769231,0,-0.23692307692307693,-1.6751578570850707,0.09390326367306256,-0.047566216659933366,no trend,no_pattern,cold in only 42% of bins and not in the final bin,1.374263939277465,0.11055673027887532,True,ok
LK1136320,Nivungama,26,0,12,0.0,0.46153846153846156,0,-0.15076923076923077,-1.0579944360537288,0.29005797903523867,-0.022991836979484148,no trend,no_pattern,cold in only 46% of bins and not in the final bin,1.0462475351327893,0.08416847975173429,True,ok
LK1136325,Halpita,26,0,19,0.0,0.7307692307692307,0,-0.1753846153846154,-1.2343268420626836,0.21708113765003478,-0.03212210443478656,no trend,no_pattern,cold in only 73% of bins and not in the final bin,0.8639345832255106,0.06950177470746471,True,ok
LK1136330,Horathuduwa,26,0,10,0.0,0.38461538461538464,0,-0.15692307692307692,-1.1020775375559675,0.2704279639103757,-0.031784942457637175,no trend,no_pattern,cold in only 38% of bins and not in the final bin,0.7212879218286522,0.0580261418115553,True,ok
LK1136335,Morenda,26,0,15,0.0,0.5769230769230769,0,-0.12,-0.8375789285425354,0.40226723126443065,-0.027691491532849888,no trend,no_pattern,cold in only 58% of bins and not in the final bin,0.9776749725194,0.07865195698437881,True,ok
LK1136340,Batuwandara North,26,0,14,0.0,0.5384615384615384,0,-0.18153846153846154,-1.2784099435649223,0.20110491981248035,-0.03801542551996129,no trend,no_pattern,cold in only 54% of bins and not in the final bin,1.2672524267441152,0.1019478724097645,True,ok
LK1136345,Batuwandara South,26,0,14,0.0,0.5384615384615384,0,-0.16923076923076924,-1.190243740560445,0.23395060590621997,-0.034771377808455135,no trend,no_pattern,cold in only 54% of bins and not in the final bin,0.9007833162453934,0.07246618010381045,True,ok
LK1136350,Jamburaliya,26,0,9,0.0,0.34615384615384615,0,-0.24923076923076923,-1.7633240600895481,0.07784584959716478,-0.04842380213832431,no trend,no_pattern,cold in only 35% of bins and not in the final bin,1.0973895692413043,0.08828275206089554,True,ok
LK1136355,Polhena,26,0,9,0.0,0.34615384615384615,2,-0.2246153846153846,-1.5869916540805933,0.11251453486444052,-0.046463431562101976,no trend,sporadic_cold_spot,"on and off cold in 35% of bins, never the opposite",1.173651221191858,0.094417846378914,False,ok
LK1136360,Regidel Watta,26,0,3,0.0,0.11538461538461539,0,-0.20615384615384616,-1.4547423495738772,0.1457406036479898,-0.03966556791714822,no trend,no_pattern,cold in only 12% of bins and not in the final bin,0.8554614815524326,0.06882013096384114,True,ok
LK1136365,Kahapola,26,0,8,0.0,0.3076923076923077,2,-0.20615384615384616,-1.4547423495738772,0.1457406036479898,-0.04858705009684705,no trend,sporadic_cold_spot,"on and off cold in 31% of bins, never the opposite",1.180429459030166,0.0949631417847222,False,ok
