rank_ahp,zone_id,adm4_name,adm3_name,area_sqkm,score_ahp,score_topsis,rank_topsis,rank_shift,LST_C,utfvi_severe_share,NDVI,pop_density,pop_within_300m_pct,lst_hot_norm,utfvi_severe_share_norm,ndvi_deficit_norm,pop_density_norm,green_access_deficit_norm,canopy_pct,rule_30_pass,area_within_300m_pct,rule_300_pass,pop_within_300m_detour_pct,rule_300_pass_detour,rule_3_proxy_pct,rule_3_status,compliance,wetland_within_pct,wetland_status,wetland_sources,wetland_policy_flag,priority,score_gap_at_cut,tied_at_cut,n_pixels_min,land_observed_fraction,below_land_coverage_floor,incomplete_criteria,missing_weight,status
1,LK1103110,Kochchikade South,Colombo,0.23833108,0.9713411729341812,0.9535148242873558,1,0,41.15387541109936,1.0,0.2209574833139292,34273.279987865986,0.0,0.9425493716337523,0.921903052064632,0.9910233393177738,1.0,0.9694793536804309,0.0,False,0.0,False,0.0,False,0.0,not_remotely_sensable,neither,0.0,adjacent,,True,True,0.0024168997344929943,0,39,1.0,False,0,0.0,ok
2,LK1103070,New Bazaar,Colombo,0.47913111,0.9693476304408752,0.6386638360374739,14,12,42.74339768050232,1.0,0.2494250478553721,21270.820605989447,9.579987232242408,1.0,0.921903052064632,0.9784560143626571,0.9730700179533214,0.8833034111310593,0.0,False,9.000000000000002,False,4.713866773276488,False,0.0,not_remotely_sensable,neither,0.0,neither,,False,True,0.0024168997344929943,0,72,1.0,False,0,0.0,ok
3,LK1103100,Aluthkade East,Colombo,0.31170003,0.9641813898589772,0.7601166771645218,7,4,41.15438170215734,1.0,0.2727236847070438,25903.356799775716,0.0,0.9443447037701975,0.921903052064632,0.9676840215439856,0.9892280071813285,0.9694793536804309,0.0,False,0.0,False,0.0,False,0.0,not_remotely_sensable,neither,0.0,adjacent,,True,True,0.0024168997344929943,0,45,1.0,False,0,0.0,ok
4,LK1103055,Kochchikade North,Colombo,0.21385924,0.9626578554810375,0.8073054056604118,5,1,40.98671568440828,1.0,0.2253229482057197,27526.90397849615,0.0,0.9245960502692998,0.921903052064632,0.9874326750448833,0.992818671454219,0.9694793536804309,0.0,False,0.0,False,0.0,False,0.0,not_remotely_sensable,neither,0.0,adjacent,,True,True,0.0024168997344929943,0,34,1.0,False,0,0.0,ok
5,LK1103160,Maligakanda,Colombo,0.20667435,0.9616733352094087,0.6979032292645359,9,4,41.22863276561578,1.0,0.2943964790034214,23615.60513981802,0.0,0.9587073608617595,0.921903052064632,0.9353680430879713,0.9856373429084381,0.9694793536804309,0.0,False,0.0,False,0.0,False,0.0,not_remotely_sensable,neither,0.0,adjacent,,True,True,0.0024168997344929943,0,34,1.0,False,0,0.0,ok
6,LK1103080,Grandpass North,Colombo,0.32524707,0.9608796864812494,0.7365466402911572,8,2,41.98066500798603,1.0,0.2636724516123848,25342.463331001385,43.70211196330124,0.9946140035906643,0.921903052064632,0.9712746858168761,0.9874326750448833,0.7917414721723519,0.0,False,37.78787878787879,False,29.425618067301574,False,0.0,not_remotely_sensable,neither,0.0,neither,,False,True,0.0024168997344929943,0,47,1.0,False,0,0.0,ok
7,LK1103060,Jinthupitiya,Colombo,0.19573722,0.9608510655214143,0.8250414541597638,4,-3,40.90118363399635,1.0,0.234446935693925,28232.36426166788,0.0,0.9192100538599641,0.921903052064632,0.9838420107719928,0.9946140035906643,0.9694793536804309,0.0,False,0.0,False,0.0,False,0.0,not_remotely_sensable,neither,0.0,adjacent,,True,True,0.0024168997344929943,0,34,1.0,False,0,0.0,ok
8,LK1103165,Maradana,Colombo,0.21051564,0.9603251170039555,0.621848963254672,17,9,41.21266297702083,1.0,0.2759428446157617,20663.06648881441,0.0,0.9533213644524237,0.921903052064632,0.9622980251346499,0.9712746858168761,0.9694793536804309,0.0,False,0.0,False,0.0,False,0.0,not_remotely_sensable,neither,0.0,adjacent,,True,True,0.0024168997344929943,0,36,1.0,False,0,0.0,ok
9,LK1103065,Masangasweediya,Colombo,0.27858146,0.9601229867140889,0.6575112944365652,12,3,41.01050771321293,1.0,0.2231081360634025,21876.51975825973,0.0,0.9299820466786356,0.921903052064632,0.9892280071813285,0.9784560143626571,0.9694793536804309,0.0,False,0.0,False,0.0,False,0.0,not_remotely_sensable,neither,0.0,adjacent,,True,True,0.0024168997344929943,0,43,1.0,False,0,0.0,ok
10,LK1103150,Panchikawatta,Colombo,0.21117768,0.9596644149599188,0.8368676799456726,3,-7,41.008204110043344,1.0,0.2826437404414806,28910.307072262756,0.0,0.9281867145421903,0.921903052064632,0.9587073608617595,0.9964093357271095,0.9694793536804309,0.0,False,0.0,False,0.0,False,0.0,not_remotely_sensable,neither,0.0,adjacent,,True,True,0.0024168997344929943,0,37,1.0,False,0,0.0,ok
11,LK1103105,Aluthkade West,Colombo,0.14747296,0.9571498275159247,0.8508102654381561,2,-9,40.85796328652807,1.0,0.2535419473072373,29311.94518427488,0.0,0.9102333931777379,0.921903052064632,0.9730700179533214,0.9982046678635548,0.9694793536804309,0.0,False,0.0,False,0.0,False,0.0,not_remotely_sensable,neither,0.0,adjacent,,True,True,0.0024168997344929943,0,28,1.0,False,0,0.0,ok
12,LK1103075,Grandpass South,Colombo,0.52061382,0.9540222842270174,0.6927360295242979,10,-2,41.42097365783428,1.0,0.2838467725934213,23600.155814115056,31.52983135969649,0.9712746858168761,0.921903052064632,0.9551166965888689,0.9838420107719928,0.8348294434470377,0.0,False,30.528301886792455,False,16.898402432858557,False,0.0,not_remotely_sensable,neither,0.8876881512929371,neither,,False,True,0.0024168997344929943,0,85,1.0,False,0,0.0,ok
13,LK1106030,Orugodawatta,Kolonnawa,0.45797124,0.9498946367176637,0.41422727432511464,39,26,41.927778944877765,1.0,0.2501675869557576,12341.852217335423,9.814603434357457,0.992818671454219,0.921903052064632,0.9766606822262118,0.9228007181328546,0.8761220825852782,0.0,False,12.651162790697674,False,3.8098084807805415,False,0.0,not_remotely_sensable,neither,0.3297428006155199,adjacent,,True,True,0.0024168997344929943,0,62,1.0,False,0,0.0,ok
14,LK1103050,Kotahena West,Colombo,0.31501635,0.9474551756737719,0.5593369951686943,19,5,41.00083817620641,1.0,0.2859958723436287,18282.11417783126,0.0,0.926391382405745,0.921903052064632,0.9515260323159784,0.9640933572710951,0.9694793536804309,0.0,False,0.0,False,0.0,False,0.0,not_remotely_sensable,neither,0.0,adjacent,,True,True,0.0024168997344929943,0,44,1.0,False,0,0.0,ok
15,LK1103045,Kotahena East,Colombo,0.32300469,0.9467473781894008,0.4326603768492928,33,18,41.121072987500845,1.0,0.2666751278100795,13089.894971019505,0.0,0.940754039497307,0.921903052064632,0.9694793536804309,0.9371633752244165,0.9694793536804309,0.0,False,0.0,False,0.0,False,0.0,not_remotely_sensable,neither,0.0,adjacent,,True,True,0.0024168997344929943,0,53,1.0,False,0,0.0,ok
16,LK1103115,Pettah,Colombo,0.92419811,0.9331503434326095,0.37512681907448076,48,32,41.19714115617923,0.9956851409660256,0.1864496425488194,10106.844397269631,0.0,0.9497307001795332,0.8348294434470377,0.9964093357271095,0.8886894075403949,0.9694793536804309,0.1380643379814994,False,0.0,False,0.0,False,0.8986589243743951,not_remotely_sensable,neither,1.2563854756316444,within,gsw_seasonal,True,True,0.0024168997344929943,0,123,1.0,False,0,0.0,ok
17,LK1131015,Watarappala,Ratmalana,0.38682237,0.9304076131429695,0.3846506250227311,46,29,41.73973786209511,1.0,0.3229825562062771,11461.102549223831,13.171357651258864,0.9856373429084381,0.921903052064632,0.9030520646319569,0.9138240574506283,0.8689407540394973,0.0,False,16.0,False,5.945190275211707,False,0.0,not_remotely_sensable,neither,0.0,adjacent,,True,True,0.0024168997344929943,0,52,1.0,False,0,0.0,ok
18,LK1133015,Soysapura North,Moratuwa,0.11053064,0.9299799184186105,0.46907373824272797,28,10,41.77508814249661,1.0,0.4175488730786811,15160.99827801304,0.0,0.9874326750448833,0.921903052064632,0.7755834829443446,0.9497307001795332,0.9694793536804309,0.09140767824497258,False,0.0,False,0.0,False,1.829826166514181,not_remotely_sensable,neither,0.0,adjacent,,True,True,0.0024168997344929943,0,24,1.0,False,0,0.0,ok
19,LK1127020,Kuppiyawatta West,Thimbirigasyaya,0.38446247,0.9297861599465125,0.45868545435679775,29,10,40.85828119640338,1.0,0.2933483091081481,14302.422136973464,1.06508563021804,0.9120287253141831,0.921903052064632,0.9371633752244165,0.9461400359066428,0.926391382405745,0.0,False,1.7317073170731707,False,0.045003618178227046,False,0.0,not_remotely_sensable,neither,0.0,adjacent,,True,True,0.0024168997344929943,0,58,1.0,False,0,0.0,ok
20,LK1130030,Hathbodhiya,Dehiwala,0.42253074,0.9297850038628466,0.3718011035254066,50,30,41.25755810232662,1.0,0.3207836447698096,10685.350984369989,0.0,0.9605026929982047,0.921903052064632,0.9084380610412927,0.8994614003590664,0.9694793536804309,0.0,False,0.0,False,0.0,False,0.0,not_remotely_sensable,neither,0.0,neither,,False,True,0.0024168997344929943,0,65,1.0,False,0,0.0,ok
21,LK1130070,Karagampitiya,Dehiwala,0.39485089,0.9277623350848284,0.3575365058138457,59,38,41.67589998683902,1.0,0.3470808306384819,10165.346500488566,0.0,0.9838420107719928,0.921903052064632,0.8725314183123878,0.8904847396768402,0.9694793536804309,0.0,False,0.0,False,0.0,False,0.0,not_remotely_sensable,neither,0.0,adjacent,,True,True,0.0024168997344929943,0,58,1.0,False,0,0.0,ok
22,LK1130045,Dehiwala East,Dehiwala,0.46987162,0.9242566945747793,0.36488848467676527,54,32,41.33652374866752,1.0,0.338186354374378,10460.999878231793,0.0,0.9622980251346499,0.921903052064632,0.881508078994614,0.895870736086176,0.9694793536804309,0.0,False,0.0,False,0.0,False,0.0,not_remotely_sensable,neither,0.0,adjacent,,True,True,0.0024168997344929943,0,69,1.0,False,0,0.0,ok
23,LK1103155,Maligawatta West,Colombo,0.30800922,0.9232218367045884,0.6472698699193681,13,-10,40.81877519953439,1.0,0.3507504835996373,21879.8121516923,0.09393269102378284,0.895870736086176,0.921903052064632,0.8671454219030521,0.9802513464991023,0.9317773788150808,0.06533812479581835,False,0.21212121212121215,False,0.0,False,1.1114743380189605,not_remotely_sensable,neither,0.0,adjacent,,True,True,0.0024168997344929943,0,46,1.0,False,0,0.0,ok
24,LK1127030,Dematagoda,Thimbirigasyaya,0.73635483,0.921304152029032,0.5492183234080552,21,-3,40.7315443335688,1.0,0.2851481168903577,18007.082908739078,14.893736988525403,0.881508078994614,0.921903052064632,0.9533213644524237,0.9622980251346499,0.8635547576301615,0.08135593220338982,False,18.205882352941178,False,7.0595084193738975,False,0.7223660896824315,not_remotely_sensable,neither,0.0,adjacent,,True,True,0.0024168997344929943,0,101,1.0,False,0,0.0,ok
25,LK1103145,Keselwatta,Colombo,0.30257969,0.9189442641051072,0.6918210305997107,11,-14,40.44659884587734,1.0,0.3333687982799512,23525.953900188622,0.0,0.8563734290843806,0.921903052064632,0.8868940754039497,0.9820466786355476,0.9694793536804309,0.0,False,0.0,False,0.0,False,0.0,not_remotely_sensable,neither,0.0,adjacent,,True,True,0.0024168997344929943,0,46,1.0,False,0,0.0,ok
26,LK1133025,Dahampura,Moratuwa,0.35074252,0.9149104598662086,0.40824930349935346,40,14,41.56667577671266,1.0,0.4087239419552788,12710.095200820437,4.224811639874978,0.9766606822262118,0.921903052064632,0.7881508078994613,0.9281867145421903,0.9048473967684022,0.0,False,4.878787878787879,False,0.7123482867636827,False,0.0,not_remotely_sensable,neither,0.0,adjacent,,True,True,0.0024168997344929943,0,63,1.0,False,0,0.0,ok
27,LK1103085,Nawagampura,Colombo,0.13553757,0.9125813549741726,0.5400228357888791,22,-5,41.58498449995475,1.0,0.2753369402861609,18420.182666824312,97.66084723659402,0.9784560143626571,0.921903052064632,0.9640933572710951,0.9658886894075404,0.47217235188509876,0.0,False,97.92307692307692,True,76.46449687917563,True,0.0,not_remotely_sensable,access_only,0.0,neither,,False,True,0.0024168997344929943,0,26,1.0,False,0,0.0,ok
28,LK1103040,Bloemendhal,Colombo,1.0285881,0.9112238595215577,0.41787155246606056,38,10,40.84475516598516,1.0,0.295283589536773,13022.368900791544,34.43085721330981,0.9084380610412927,0.921903052064632,0.933572710951526,0.9317773788150808,0.8150807899461401,4.151237575521341,False,44.46153846153846,False,22.617393419439775,False,3.111884532705497,not_remotely_sensable,neither,0.0,adjacent,,True,True,0.0024168997344929943,0,132,1.0,False,0,0.0,ok
29,LK1133020,Soysapura South,Moratuwa,0.12841103,0.908157152582128,0.3386932472999768,68,39,41.842263983067696,1.0,0.4011628752628315,9582.285090054873,0.0,0.9892280071813285,0.921903052064632,0.7971274685816876,0.8671454219030521,0.9694793536804309,0.550314465408805,False,0.0,False,0.0,False,2.2782750203417415,not_remotely_sensable,neither,0.0,adjacent,,True,True,0.0024168997344929943,0,26,1.0,False,0,0.0,ok
30,LK1127095,Pamankada West,Thimbirigasyaya,0.63742819,0.9079336047857778,0.48417375909553156,26,-4,40.215176378114215,1.0,0.2915947740994509,15333.02450334787,0.032821341425512386,0.8330341113105925,0.921903052064632,0.940754039497307,0.9515260323159784,0.9353680430879713,0.0,False,0.031746031746031744,False,0.0,False,0.0,not_remotely_sensable,neither,0.0,neither,,False,True,0.0024168997344929943,0,89,1.0,False,0,0.0,ok
31,LK1131010,Kawdana West,Ratmalana,0.51419729,0.9078810034978543,0.3527343791683382,60,29,41.10016760137115,1.0,0.3208748915050159,9875.536785080329,2.9797490773435507,0.9371633752244165,0.921903052064632,0.9066427289048474,0.8761220825852782,0.9084380610412927,0.0,False,3.519230769230769,False,1.1624721949621333,False,0.0,not_remotely_sensable,neither,0.0,adjacent,,True,True,0.0024168997344929943,0,71,1.0,False,0,0.0,ok
32,LK1106005,Wadulla,Kolonnawa,0.49512149,0.9068337915563223,0.42341752950090245,35,3,40.502210468098085,1.0,0.2752080693236359,12896.14087236631,11.61097842511524,0.8581687612208259,0.921903052064632,0.9658886894075404,0.9299820466786356,0.8725314183123878,0.0,False,12.48,False,4.600003420408765,False,0.3061849357011635,not_remotely_sensable,neither,0.9378185524974516,adjacent,,True,True,0.0024168997344929943,0,72,1.0,False,0,0.0,ok
33,LK1106110,Kolonnawa,Kolonnawa,0.25455886,0.9067217693345575,0.34254422224872677,63,30,41.593206837365685,1.0,0.3561488759799159,9998.416494876445,26.09282830873546,0.9802513464991023,0.921903052064632,0.8545780969479354,0.8797127468581688,0.8491921005385996,0.0,False,26.071428571428573,False,10.660516812399395,False,0.0,not_remotely_sensable,neither,0.0,adjacent,,True,True,0.0024168997344929943,0,43,1.0,False,0,0.0,ok
34,LK1103095,Khettarama,Colombo,0.33913539,0.9060449172581047,0.781632300974401,6,-28,40.37574901754999,1.0,0.3131609331799424,27295.41977884649,41.69143270787123,0.8473967684021544,0.921903052064632,0.9192100538599641,0.9910233393177738,0.7971274685816876,0.0,False,46.26470588235294,False,34.846272043445616,False,0.0,not_remotely_sensable,neither,0.0,neither,,False,True,0.0024168997344929943,0,52,1.0,False,0,0.0,ok
35,LK1130005,Sri Saranankara,Dehiwala,0.34801766,0.9056968763125709,0.40447959340300493,41,6,40.62630245810613,1.0,0.3302037403221425,12175.278182652097,0.0,0.8707360861759426,0.921903052064632,0.895870736086176,0.9210053859964094,0.9694793536804309,0.0,False,0.0,False,0.0,False,0.0,not_remotely_sensable,neither,0.0,neither,,False,True,0.0024168997344929943,0,58,1.0,False,0,0.0,ok
36,LK1130035,Galwala,Dehiwala,0.45782889,0.9046855419235618,0.359271365227211,57,21,40.84422250309505,1.0,0.3421828975007439,10239.69809817752,0.0,0.9066427289048474,0.921903052064632,0.8779174147217235,0.8922800718132855,0.9694793536804309,0.0,False,0.0,False,0.0,False,0.0,not_remotely_sensable,neither,0.0,neither,,False,True,0.0024168997344929943,0,64,1.0,False,0,0.0,ok
37,LK1127100,Pamankada East,Thimbirigasyaya,0.87664892,0.9042943469326804,0.36533881068532104,53,16,40.97067277874969,1.0,0.3662353351131815,10630.712481977323,0.0,0.9228007181328546,0.921903052064632,0.8384201077199281,0.8976660682226212,0.9694793536804309,0.0,False,0.0,False,0.0,False,0.0,not_remotely_sensable,neither,0.0,neither,,False,True,0.0024168997344929943,0,115,1.0,False,0,0.0,ok
38,LK1133135,Moratumulla East,Moratuwa,0.35811532,0.9036762328503926,0.3418906102421554,66,28,41.52814274682535,1.0,0.3736854209978333,9644.023896614355,2.551233549542812,0.9748653500897666,0.921903052064632,0.8276481149012568,0.8689407540394973,0.9138240574506283,0.0,False,3.4054054054054053,False,0.29245436115228124,False,0.0,not_remotely_sensable,neither,0.0,adjacent,,True,True,0.0024168997344929943,0,54,1.0,False,0,0.0,ok
39,LK1106195,Kajugahawatta,Kolonnawa,0.24239484,0.900355450831077,0.36610435421391846,52,13,42.04472013688144,0.999680766161213,0.4235804705313465,11324.0453305816,26.112077156331793,0.9964093357271095,0.8420107719928187,0.7666068222621185,0.9120287253141831,0.8473967684021544,0.0,False,25.83333333333333,False,6.883800260246388,False,0.0,not_remotely_sensable,neither,0.0,adjacent,,True,True,0.0024168997344929943,0,41,1.0,False,0,0.0,ok
40,LK1127025,Kuppiyawatta East,Thimbirigasyaya,0.51196376,0.8968300969619427,0.48718858408167476,25,-15,40.67895611669039,1.0,0.3578881604833935,15948.47166888596,26.362881637614713,0.874326750448833,0.921903052064632,0.8527827648114902,0.9569120287253142,0.8456014362657092,0.0,False,33.77551020408163,False,16.169263330273967,False,0.0,not_remotely_sensable,neither,0.0,neither,,False,True,0.0024168997344929943,0,76,1.0,False,0,0.0,ok
41,LK1106035,Meethotamulla,Kolonnawa,0.43755469,0.8936257296671705,0.44738008317884487,31,-10,40.7367288507488,1.0,0.3762217723432839,14349.160105504334,17.191852066983355,0.8850987432675045,0.921903052064632,0.8258527827648114,0.947935368043088,0.8563734290843806,0.5515973339462192,False,20.711111111111112,False,7.265215571076401,False,2.2346368715083798,not_remotely_sensable,neither,0.0,adjacent,,True,True,0.0024168997344929943,0,69,1.0,False,0,0.0,ok
42,LK1133045,Lakshapathiya North,Moratuwa,0.62445159,0.8855566818572689,0.2928214947100817,100,58,42.66295036962764,1.0,0.3637002646801249,7075.982866883165,0.09205407305036363,0.9982046678635548,0.921903052064632,0.8420107719928187,0.7737881508078994,0.933572710951526,0.0,False,0.08064516129032258,False,0.0,False,0.0,not_remotely_sensable,neither,0.0,adjacent,,True,True,0.0024168997344929943,0,81,1.0,False,0,0.0,ok
43,LK1103130,Slave Island,Colombo,0.1193713,0.8853870976251417,0.37079941061600613,51,8,40.21110714248748,1.0,0.2181358525095008,10748.21675451922,42.48557527733676,0.8312387791741472,0.921903052064632,0.992818671454219,0.9012567324955116,0.7935368043087971,0.0,False,43.36363636363636,False,30.462841619942044,False,0.0,not_remotely_sensable,neither,0.0,adjacent,,True,True,0.0024168997344929943,0,22,1.0,False,0,0.0,ok
44,LK1130055,Nedimala,Dehiwala,0.79252659,0.8850727190207403,0.3177918265073186,81,37,41.22072047563558,1.0,0.3912225716423092,8565.4800428792,0.010883215734751624,0.9551166965888689,0.921903052064632,0.8061041292639138,0.8348294434470377,0.9371633752244165,0.0,False,0.01282051282051282,False,0.0,False,0.0,not_remotely_sensable,neither,0.0,adjacent,,True,True,0.0024168997344929943,0,108,1.0,False,0,0.0,ok
45,LK1106125,Megoda Kolonnawa,Kolonnawa,0.55483063,0.8795586715858197,0.4725532277277089,27,-18,40.6296576007926,0.9814349525404804,0.4098669996839756,15369.931997089398,7.202784640176785,0.8725314183123878,0.8061041292639138,0.7845601436265709,0.9533213644524237,0.8904847396768402,0.7618356611645202,False,10.672727272727272,False,3.2054236641752007,False,3.5276914640833485,not_remotely_sensable,neither,0.0,adjacent,,True,True,0.0024168997344929943,0,78,1.0,False,0,0.0,ok
46,LK1130010,Vilawala,Dehiwala,0.55365122,0.8778872294338511,0.33521921833135054,72,26,40.57737879448012,1.0,0.3532365405587018,9194.761828950945,0.0,0.8671454219030521,0.921903052064632,0.8599640933572711,0.8581687612208259,0.9694793536804309,0.0,False,0.0,False,0.0,False,0.0,not_remotely_sensable,neither,0.0,neither,,False,True,0.0024168997344929943,0,79,1.0,False,0,0.0,ok
47,LK1133010,Kaldemulla,Moratuwa,0.41872909,0.8768925381213842,0.29696890899342143,96,49,41.4776620762588,1.0,0.3894731536529649,7647.778334939266,5.1435726602939535,0.9730700179533214,0.921903052064632,0.8078994614003591,0.8025134649910234,0.9012567324955116,0.0,False,5.4186046511627906,False,0.3280121717243468,False,0.0,not_remotely_sensable,neither,0.0,adjacent,,True,True,0.0024168997344929943,0,63,1.0,False,0,0.0,ok
48,LK1124005,Obeysekarapura,Sri Jayawardanapura Kotte,0.49876546,0.8750701207510045,0.39226814323344195,45,-3,40.88448142813111,0.9323873769093586,0.3792800968704254,12472.340640174314,44.270708722531914,0.9174147217235189,0.7271095152603232,0.822262118491921,0.9245960502692998,0.7881508078994613,1.372351160443996,False,49.71428571428572,False,30.438686231441803,False,4.902772031443939,not_remotely_sensable,neither,2.885973763874874,within,dw_flooded_vegetation;gsw_seasonal,True,True,0.0024168997344929943,0,75,1.0,False,0,0.0,ok
49,LK1127085,Wellawatta North,Thimbirigasyaya,0.97534216,0.8732069294102396,0.4230404931412178,36,-13,39.79382530170332,0.9795294957749828,0.2878476429923186,13136.543802897942,26.700159486139356,0.7881508078994613,0.8043087971274686,0.9497307001795332,0.9389587073608617,0.8438061041292639,0.0,False,25.94,False,16.206327018354102,False,0.0,not_remotely_sensable,neither,0.301737592342108,neither,,False,True,0.0024168997344929943,0,133,1.0,False,0,0.0,ok
50,LK1103035,Lunupokuna,Colombo,1.36939402,0.872927978857542,0.3802445474895388,47,-3,39.91625400291343,0.9276968754418208,0.2268403856099188,10798.571234515832,10.835786847884206,0.8078994614003591,0.7217235188509874,0.9856373429084381,0.9048473967684022,0.874326750448833,0.4620518524856678,False,13.114754098360654,False,7.203210442067113,False,0.5845439697412533,not_remotely_sensable,neither,1.9594421151707024,within,gsw_seasonal,True,True,0.0024168997344929943,0,181,1.0,False,0,0.0,ok
51,LK1127090,Wellawatta South,Thimbirigasyaya,0.68134841,0.872695266842228,0.4282329443874002,34,-17,39.49364890714337,0.9637726420986882,0.2906195991241315,13040.637085231265,0.0,0.755834829443447,0.7827648114901257,0.9425493716337523,0.9353680430879713,0.9694793536804309,0.0,False,0.0,False,0.0,False,0.0,not_remotely_sensable,neither,0.09499683343888538,neither,,False,True,0.0024168997344929943,0,90,1.0,False,0,0.0,ok
52,LK1130060,Malwatta,Dehiwala,0.37027956,0.8723386388228296,0.3072763935228934,87,35,40.87979587462085,1.0,0.3796256746753161,7991.0708964686655,0.0,0.9156193895870736,0.921903052064632,0.8204667863554758,0.8150807899461401,0.9694793536804309,0.0,False,0.0,False,0.0,False,0.0,not_remotely_sensable,neither,0.0,adjacent,,True,True,0.0024168997344929943,0,54,1.0,False,0,0.0,ok
53,LK1103015,Modara,Colombo,0.78733254,0.8720563672848446,0.6370985688730778,15,-38,39.7305046236525,0.9567163444985488,0.3184179491583114,21634.329275382544,32.76598123713682,0.7791741472172352,0.7755834829443446,0.9138240574506283,0.9748653500897666,0.8330341113105925,4.138731304796287,False,43.25641025641027,False,18.86501431438327,False,3.618022864828514,not_remotely_sensable,neither,0.48994326972666324,adjacent,,True,True,0.0024168997344929943,0,113,1.0,False,0,0.0,ok
54,LK1130065,Jayathilaka,Dehiwala,0.36375714,0.8708738623391914,0.33406713134923044,73,19,40.31349495706856,1.0,0.3113459200285942,9050.95591401216,7.3136181405982335,0.8420107719928187,0.921903052064632,0.9228007181328546,0.8527827648114902,0.8886894075403949,0.0,False,8.605263157894736,False,2.8642056815006147,False,0.0,not_remotely_sensable,neither,0.0,adjacent,,True,True,0.0024168997344929943,0,52,1.0,False,0,0.0,ok
55,LK1103090,Maligawatta East,Colombo,0.60564086,0.86794152045754,0.39615397516761836,43,-12,40.39508558505266,1.0,0.3531826068965573,12658.932053162654,58.32891127246424,0.8509874326750448,0.921903052064632,0.8617594254937163,0.926391382405745,0.7235188509874326,3.6408977556109727,False,64.0,True,41.5021324230318,False,7.0393374741200825,not_remotely_sensable,access_only,0.0,neither,,False,True,0.0024168997344929943,0,81,1.0,False,0,0.0,ok
56,LK1131020,Wathumulla,Ratmalana,0.53789688,0.8678069369263769,0.31012053621247576,84,28,40.83353634511824,1.0,0.3650478306155409,8079.551600543782,1.5464445653983567,0.9012567324955116,0.921903052064632,0.8402154398563735,0.8204667863554758,0.9210053859964094,0.0,False,1.2830188679245282,False,0.0,False,0.0,not_remotely_sensable,neither,0.0,adjacent,,True,True,0.0024168997344929943,0,73,1.0,False,0,0.0,ok
57,LK1133040,Thelawala South,Moratuwa,0.43790234,0.8674195863745415,0.28042027822143273,115,58,41.92741938392716,1.0,0.4076506320131571,6929.153966404593,6.0378843268973705,0.9910233393177738,0.921903052064632,0.7917414721723519,0.7648114901256733,0.8994614003590664,0.022920009168003668,False,6.813953488372093,False,1.302434042992502,False,0.6419073819348923,not_remotely_sensable,neither,0.0,adjacent,,True,True,0.0024168997344929943,0,64,1.0,False,0,0.0,ok
58,LK1133070,Rawathawatta South,Moratuwa,0.24849226,0.86726168555483,0.29853238981061986,94,36,41.2240136490153,1.0,0.4533150264832198,7992.978488354781,0.0,0.9569120287253142,0.921903052064632,0.718132854578097,0.8168761220825853,0.9694793536804309,0.0,False,0.0,False,0.0,False,0.0,not_remotely_sensable,neither,0.0,adjacent,,True,True,0.0024168997344929943,0,38,1.0,False,0,0.0,ok
59,LK1124085,Pagoda East,Sri Jayawardanapura Kotte,0.69244327,0.8643899329714372,0.2836773808098392,111,52,41.389492203728565,1.0,0.4248165355704967,7065.082211029504,0.0,0.9676840215439856,0.921903052064632,0.7648114901256733,0.770197486535009,0.9694793536804309,0.0,False,0.0,False,0.0,False,0.0,not_remotely_sensable,neither,0.0,adjacent,,True,True,0.0024168997344929943,0,108,1.0,False,0,0.0,ok
60,LK1124090,Gangodavila North,Sri Jayawardanapura Kotte,0.58658567,0.8633249703476676,0.28295140394906215,113,53,41.19739317129758,1.0,0.3832645877663086,6743.957943403943,0.0,0.9515260323159784,0.921903052064632,0.8150807899461401,0.7540394973070018,0.9694793536804309,0.0,False,0.0,False,0.0,False,0.0,not_remotely_sensable,neither,0.0,adjacent,,True,True,0.0024168997344929943,0,79,1.0,False,0,0.0,ok
61,LK1106230,Dodamgahahena,Kolonnawa,0.31591133,0.8609080706131746,0.3016105038644837,93,32,41.33678575893938,1.0,0.4624666471983334,8783.902409213859,27.032568838933354,0.9640933572710951,0.921903052064632,0.7001795332136446,0.8438061041292639,0.8420107719928187,0.0,False,21.275862068965516,False,19.903131393272822,False,0.0,not_remotely_sensable,neither,0.0,adjacent,,True,False,0.0024168997344929943,0,53,1.0,False,0,0.0,ok
62,LK1133105,Kadalana,Moratuwa,0.31369224,0.8603980809716552,0.34245565830431685,64,2,40.83738293777279,0.9522222222222222,0.4275831413538092,9982.887939875098,2.773383848112218,0.9048473967684022,0.7630161579892281,0.7594254937163375,0.8779174147217235,0.9102333931777379,0.0,False,2.9,False,0.5100476042505229,False,0.41639974375400385,not_remotely_sensable,neither,8.360025624599615,within,wdpa,True,False,0.0024168997344929943,0,51,1.0,False,0,0.0,ok
63,LK1127035,Wanathamulla,Thimbirigasyaya,0.65052917,0.8571905086637844,0.551296711593628,20,-43,39.87251270473832,0.987319164136453,0.3668379766686144,18720.220705988355,53.53015984885811,0.8025134649910234,0.8168761220825853,0.8366247755834829,0.9676840215439856,0.7540394973070018,2.066625539790253,False,63.76470588235294,True,36.6806986602854,False,6.499284919752106,not_remotely_sensable,access_only,0.15422578655151142,adjacent,,True,False,0.0024168997344929943,0,91,1.0,False,0,0.0,ok
64,LK1133100,Moratumulla North,Moratuwa,0.2919479,0.8558449143516739,0.3356062731130784,71,7,41.17026174356427,1.0,0.5047933365017343,10790.327115708267,51.59623770483675,0.947935368043088,0.921903052064632,0.6427289048473968,0.9030520646319569,0.7666068222621185,2.1962937542896364,False,52.07142857142857,True,34.29426589195151,False,2.5964912280701755,not_remotely_sensable,access_only,0.0,adjacent,,True,False,0.0024168997344929943,0,44,1.0,False,0,0.0,ok
65,LK1127045,Borella South,Thimbirigasyaya,0.65814045,0.8555395619268832,0.29084584457547824,103,38,40.78621668245605,1.0,0.3158086743393069,7071.051056886157,14.642374813539456,0.8868940754039497,0.921903052064632,0.9156193895870736,0.7719928186714542,0.8653500897666068,0.0,False,23.666666666666668,False,7.305493942541908,False,0.0,not_remotely_sensable,neither,0.19838242026552724,adjacent,,True,False,0.0024168997344929943,0,91,1.0,False,0,0.0,ok
66,LK1106130,Bopetta,Kolonnawa,0.29360705,0.8543034230988632,0.33269360722727753,74,8,40.81411247720157,1.0,0.4573649474624396,9758.03195759347,6.761301663438874,0.8940754039497307,0.921903052064632,0.7091561938958707,0.8707360861759426,0.8922800718132855,0.0,False,5.56,False,0.3176946218392745,False,0.034223134839151265,not_remotely_sensable,neither,0.0,adjacent,,True,False,0.0024168997344929943,0,44,1.0,False,0,0.0,ok
67,LK1103025,Mahawatta,Colombo,0.50771176,0.8519586527273344,0.49866145428898695,24,-43,39.764476702226375,0.9544691885295912,0.3205887699824183,16663.78681468286,66.13692212489246,0.7845601436265709,0.7684021543985637,0.9102333931777379,0.9587073608617595,0.6912028725314183,1.8386714116251484,False,61.26,True,50.90499654411438,True,3.8469284994964754,not_remotely_sensable,access_only,0.8699090549624358,adjacent,,True,False,0.0024168997344929943,0,70,1.0,False,0,0.0,ok
68,LK1103030,Aluthmawatha,Colombo,0.65543879,0.8499295659455907,0.44241630166898993,32,-36,39.48437535028575,0.9552661047916544,0.3417862312372139,14110.818592997162,22.93050520684699,0.7540394973070018,0.7719928186714542,0.8797127468581688,0.9443447037701975,0.8527827648114902,1.0933291079068292,False,33.44444444444444,False,13.063744105559113,False,2.3710349247036206,not_remotely_sensable,neither,0.1584534938995405,adjacent,,True,False,0.0024168997344929943,0,93,1.0,False,0,0.0,ok
69,LK1130025,Kalubovila,Dehiwala,0.50417323,0.8491596182925882,0.29476763541836637,98,29,40.81249503031916,1.0,0.3866950641883588,7505.696739156358,3.737753393625629,0.8922800718132855,0.921903052064632,0.8096947935368043,0.7935368043087971,0.9066427289048474,0.9531374106433678,False,5.583333333333333,False,0.7557417760012525,False,1.9246190858059342,not_remotely_sensable,neither,0.0,neither,,False,False,0.0024168997344929943,0,67,1.0,False,0,0.0,ok
70,LK1106120,Singhapura,Kolonnawa,0.28969143,0.8483441861855324,0.5135528490607871,23,-47,39.65131787084484,0.9901056290947988,0.4319697338392874,17007.546379080177,0.37844276838900615,0.770197486535009,0.8204667863554758,0.7522441651705566,0.9605026929982047,0.9281867145421903,0.0,False,0.5,False,0.0,False,0.4854368932038835,not_remotely_sensable,neither,0.970873786407767,adjacent,,True,False,0.0024168997344929943,0,42,1.0,False,0,0.0,ok
71,LK1133150,Villorawatta West,Moratuwa,0.31876588,0.8476782273102419,0.29530250848612505,97,26,40.83034721026289,1.0,0.4183283078964256,7803.702995550346,6.417571460505498,0.8994614003590664,0.921903052064632,0.7737881508078994,0.8061041292639138,0.895870736086176,0.0,False,7.225806451612904,False,2.348746058317778,False,0.0,not_remotely_sensable,neither,0.0,adjacent,,True,False,0.0024168997344929943,0,47,1.0,False,0,0.0,ok
72,LK1133080,Lakshapathiya South,Moratuwa,0.60958392,0.8471933300927927,0.28898339870083684,105,33,41.05555765135012,0.9695679796696316,0.397641996320176,7596.3435715058,15.863870108830765,0.9317773788150808,0.7899461400359067,0.7989228007181328,0.7989228007181328,0.8581687612208259,0.0,False,17.08196721311476,False,9.365421854621303,False,0.032932652725177015,not_remotely_sensable,neither,0.6915857072287173,adjacent,,True,False,0.0024168997344929943,0,84,1.0,False,0,0.0,ok
73,LK1133075,Rawathawatta East,Moratuwa,0.49232041,0.8458466970270491,0.27522596359608514,118,45,41.15997488061144,1.0,0.4295723383605039,7850.263991188977,51.791573529265655,0.9461400359066428,0.921903052064632,0.7576301615798923,0.8078994614003591,0.7648114901256733,0.34489754514100224,False,48.74,True,39.6554254777835,False,0.805951642901426,not_remotely_sensable,access_only,0.0,adjacent,,True,False,0.0024168997344929943,0,70,1.0,False,0,0.0,ok
74,LK1127040,Borella North,Thimbirigasyaya,1.0292522,0.8443489319761408,0.45836915688217666,30,-44,40.23447149161385,0.9741090580664584,0.3947108713055171,15441.7166983202,75.36625850314542,0.8348294434470377,0.7971274685816876,0.800718132854578,0.9551166965888689,0.651705565529623,0.3206373882627283,False,76.01904761904758,True,55.18304673593894,True,1.129548180727709,not_remotely_sensable,access_only,0.18460940536338905,adjacent,,True,False,0.0024168997344929943,0,133,1.0,False,0,0.0,ok
75,LK1127080,Kirulapone,Thimbirigasyaya,1.3660604,0.8425745987081231,0.31893535244882976,80,5,40.34028259084536,0.99314369900272,0.3705457246804092,9177.83898012744,32.78442924109254,0.8456014362657092,0.8258527827648114,0.829443447037702,0.8545780969479354,0.8312387791741472,0.3593429158110883,False,34.77037037037038,False,20.405308606353152,False,0.6663211668023987,not_remotely_sensable,neither,0.0,adjacent,,True,False,0.0024168997344929943,0,172,1.0,False,0,0.0,ok
76,LK1130050,Udyanaya,Dehiwala,0.49862211,0.8421576318717028,0.3280926429769799,76,0,40.2892148817228,0.9603975772635502,0.4248924021358759,9275.766824868328,0.0,0.8402154398563735,0.77737881508079,0.7630161579892281,0.8599640933572711,0.9694793536804309,0.040265753976243206,False,0.0,False,0.0,False,0.6847935548841894,not_remotely_sensable,neither,0.0,adjacent,,True,False,0.0024168997344929943,0,69,1.0,False,0,0.0,ok
77,LK1131025,Katukurunduwatta,Ratmalana,1.12416115,0.8418809040131452,0.2732316886315964,122,45,40.86346447458365,1.0,0.3831785181627367,7383.707918341059,47.44253841274692,0.9138240574506283,0.921903052064632,0.8168761220825853,0.7899461400359067,0.7755834829443446,0.5511601031202774,False,47.31531531531532,False,37.461735530842496,False,1.4330047462577582,not_remotely_sensable,neither,0.5689394612854476,adjacent,,True,False,0.0024168997344929943,0,145,1.0,False,0,0.0,ok
78,LK1106105,Kuruniyawatta,Kolonnawa,0.32813608,0.8413705108666696,0.3244492398391265,77,-1,40.4317816038438,1.0,0.3438923949734895,9874.42879628864,84.50001307207339,0.8545780969479354,0.921903052064632,0.8761220825852782,0.874326750448833,0.5978456014362658,1.6773406526379995,False,88.20588235294117,True,69.47872072160666,True,3.7025316455696204,not_remotely_sensable,access_only,0.5489478499542544,adjacent,,True,False,0.0024168997344929943,0,57,1.0,False,0,0.0,ok
79,LK1130040,Dehiwala West,Dehiwala,0.49922962,0.8407682220332054,0.33814106648241105,70,-9,39.47365851280587,0.935613994259561,0.2927905890517576,9024.668772059966,0.0,0.7522441651705566,0.7360861759425493,0.9389587073608617,0.8509874326750448,0.9694793536804309,0.0,False,0.0,False,0.0,False,0.0,not_remotely_sensable,neither,0.0,adjacent,,True,False,0.0024168997344929943,0,69,1.0,False,0,0.0,ok
80,LK1106135,Batalandahena,Kolonnawa,0.41755513,0.8397281469017986,0.30480347867225005,90,10,40.70008096330193,1.0,0.4385468033991403,8948.60349255267,34.35855947293569,0.8779174147217235,0.921903052064632,0.7432675044883303,0.8473967684021544,0.8168761220825853,0.0,False,45.55813953488372,False,21.9879792106443,False,0.7158196134574087,not_remotely_sensable,neither,0.0,adjacent,,True,False,0.0024168997344929943,0,60,1.0,False,0,0.0,ok
81,LK1131040,Piriwena,Ratmalana,0.62075866,0.8388796776579935,0.27846559698232204,117,36,40.73582185208965,1.0,0.3676801741191958,6397.415006940737,0.0,0.8833034111310593,0.921903052064632,0.8348294434470377,0.7342908438061041,0.9694793536804309,0.0,False,0.0,False,0.0,False,0.0,not_remotely_sensable,neither,0.0,adjacent,,True,False,0.0024168997344929943,0,85,1.0,False,0,0.0,ok
82,LK1124080,Nugegoda,Sri Jayawardanapura Kotte,0.54333465,0.8289840600833365,0.2567701226613101,142,60,41.3620108015687,0.9955073807316552,0.3703286161837916,5576.870461870955,13.362522162867164,0.9658886894075404,0.8330341113105925,0.8312387791741472,0.6768402154398564,0.8671454219030521,0.0,False,13.701754385964913,False,10.353687003279981,False,1.1219422475629943,not_remotely_sensable,neither,0.0,adjacent,,True,False,0.0024168997344929943,0,88,1.0,False,0,0.0,ok
83,LK1106100,Wellampitiya,Kolonnawa,0.17877928,0.8284553539780795,0.35994705349403855,56,-27,39.0428371822072,1.0,0.3281503202145433,11006.53879460658,51.40500439215872,0.7109515260323159,0.921903052064632,0.8976660682226212,0.9066427289048474,0.7684021543985637,0.0,False,50.333333333333336,True,37.54178965238588,False,0.0,not_remotely_sensable,access_only,0.0,adjacent,,True,False,0.0024168997344929943,0,34,1.0,False,0,0.0,ok
84,LK1106095,Maha Buthgamuwa C,Kolonnawa,0.4923007,0.825673818699481,0.25182627903814836,149,65,41.06187093285115,1.0,0.4139545594412058,6351.0978784842655,37.50786551842399,0.933572710951526,0.921903052064632,0.7791741472172352,0.7307001795332136,0.8061041292639138,0.44879640962872297,False,37.56,False,21.513238121681958,False,1.721311475409836,not_remotely_sensable,neither,0.0,adjacent,,True,False,0.0024168997344929943,0,74,1.0,False,0,0.0,ok
85,LK1106010,Sedawatta,Kolonnawa,0.58785381,0.8234983166083267,0.35910491896962954,58,-27,39.02388625908085,0.8015116661189614,0.2396895068246813,10086.324106900642,18.888212890970294,0.7073608617594255,0.5978456014362658,0.9802513464991023,0.8868940754039497,0.8545780969479354,0.0,False,25.3,False,12.343319980295599,False,0.0,not_remotely_sensable,neither,5.421994884910486,within,gsw_seasonal,True,False,0.0024168997344929943,0,68,1.0,False,0,0.0,ok
86,LK1124100,Gangodavila East,Sri Jayawardanapura Kotte,0.57742381,0.8204835008335533,0.2608696828539532,136,50,40.81992528776519,1.0,0.4335325010199798,6771.468332960538,29.36483847094834,0.8976660682226212,0.921903052064632,0.7504488330341114,0.755834829443447,0.8384201077199281,1.492537313432836,False,35.56603773584906,False,22.417717532067485,False,2.8893587033121917,not_remotely_sensable,neither,0.0,adjacent,,True,False,0.0024168997344929943,0,96,1.0,False,0,0.0,ok
87,LK1121005,Mirihana South,Maharagama,0.44334825,0.8171111761800842,0.3026283135641417,92,5,40.68810304865705,0.986826033850986,0.4964139739155788,9364.501414746142,47.49973279053634,0.8761220825852782,0.8150807899461401,0.6606822262118492,0.8635547576301615,0.7737881508078994,3.665158371040724,False,52.0,False,33.904133291235034,False,4.861437294504462,not_remotely_sensable,neither,0.0,adjacent,,True,False,0.0024168997344929943,0,68,1.0,False,0,0.0,ok
88,LK1121085,Pragathipura,Maharagama,0.35113414,0.8169743115987557,0.32434839947114397,78,-10,40.57680994781628,0.9980176211453744,0.5081095876377321,10393.953080931002,53.89273331580638,0.8653500897666068,0.8384201077199281,0.6319569120287253,0.8940754039497307,0.748653500897666,4.370179948586118,False,49.42857142857143,True,38.14790079250856,False,3.3751493428912784,not_remotely_sensable,access_only,0.0,adjacent,,True,False,0.0024168997344929943,0,51,1.0,False,0,0.0,ok
89,LK1130015,Dutugemunu,Dehiwala,0.78848106,0.8134579981409374,0.24966134752111446,151,62,41.08855990893661,1.0,0.3686504781886749,5013.5009125621455,9.659317786550746,0.9353680430879713,0.921903052064632,0.8330341113105925,0.6337522441651705,0.881508078994614,0.0,False,10.743589743589745,False,5.027184549501361,False,0.0,not_remotely_sensable,neither,0.0,adjacent,,True,False,0.0024168997344929943,0,104,1.0,False,0,0.0,ok
90,LK1127075,Kirula,Thimbirigasyaya,1.82605386,0.8127099321631102,0.30279057620230504,91,1,39.70489246484079,0.9986650562583432,0.362057675300969,8625.799263763382,45.80747720540469,0.7719928186714542,0.8402154398563735,0.8473967684021544,0.8384201077199281,0.7809694793536804,0.6848939784121418,False,49.73888888888889,False,31.131467844436294,False,1.4002333722287048,not_remotely_sensable,neither,0.032874910963782804,adjacent,,True,False,0.0024168997344929943,0,223,1.0,False,0,0.0,ok
91,LK1136215,Bodhirajapura,Kesbewa,0.10796139,0.8100061190188096,0.3487667026486124,61,-30,40.40969610556296,1.0,0.4464523037374445,11490.419662409904,99.14021385579395,0.8527827648114902,0.921903052064632,0.7289048473967684,0.9156193895870736,0.44344703770197486,0.0,False,99.41666666666667,True,73.76318966692796,True,0.0,not_remotely_sensable,access_only,0.0,adjacent,,True,False,0.0024168997344929943,0,18,1.0,False,0,0.0,ok
92,LK1103140,Suduwella,Colombo,0.9221773,0.8098384471813824,0.3142219442812783,83,-9,39.27351928529713,0.8752727883162664,0.3110235346612844,8025.098737165329,1.7641138739317557,0.7289048473967684,0.6624775583482945,0.9245960502692998,0.8186714542190305,0.9192100538599641,0.054306505919409144,False,8.54945054945055,False,0.8845272657351542,False,0.7652782333005357,not_remotely_sensable,neither,10.318236124687738,within,gsw_seasonal,True,False,0.0024168997344929943,0,114,1.0,False,0,0.0,ok
93,LK1106225,Elhena,Kolonnawa,0.23281574,0.8095502479007708,0.342233445702429,65,-28,40.03123979595452,1.0,0.4955938091652501,11246.451205992138,70.74973958471936,0.8150807899461401,0.921903052064632,0.6624775583482945,0.9102333931777379,0.6768402154398564,0.0,False,75.56,True,47.06662181155558,False,0.0,not_remotely_sensable,access_only,0.0,adjacent,,True,False,0.0024168997344929943,0,35,1.0,False,0,0.0,ok
94,LK1121195,Wijerama,Maharagama,0.34106831,0.8091849008391546,0.29475179906410365,99,5,40.15571458623844,1.0,0.4779937274187431,8609.370971264008,27.54012200903044,0.822262118491921,0.921903052064632,0.6786355475763016,0.8366247755834829,0.8402154398563735,0.2931691586045148,False,17.567567567567565,False,14.426190026790946,False,1.5289620699794177,not_remotely_sensable,neither,0.0,adjacent,,True,False,0.0024168997344929943,0,48,1.0,False,0,0.0,ok
95,LK1103170,Ibbanwala,Colombo,0.74556191,0.8087257666044392,0.2576506215708892,141,46,40.15712024435888,1.0,0.282804578635977,5889.473509372606,54.74339270958745,0.8240574506283662,0.921903052064632,0.9569120287253142,0.7055655296229802,0.7450628366247756,0.0,False,63.86666666666665,True,44.57892838503512,False,0.027643400138217002,not_remotely_sensable,access_only,0.134390538906061,adjacent,,True,False,0.0024168997344929943,0,106,1.0,False,0,0.0,ok
96,LK1106025,Veheragoda,Kolonnawa,0.17906607,0.8068341447284795,0.4202623467737316,37,-59,38.90023713175896,1.0,0.4569140137622965,13790.059240844252,32.80913516948292,0.6929982046678635,0.921903052064632,0.7127468581687613,0.9425493716337523,0.829443447037702,1.273532668881506,False,40.625,False,19.949318063879282,False,7.234997195737521,not_remotely_sensable,neither,0.0,adjacent,,True,False,0.0024168997344929943,0,30,1.0,False,0,0.0,ok
97,LK1131045,Wedikanda,Ratmalana,0.65680549,0.8054158267898076,0.30757555189143393,86,-11,39.44619549468516,0.9551323624786277,0.3527742071477225,8742.498795188114,41.66770828191005,0.7468581687612208,0.770197486535009,0.8635547576301615,0.8402154398563735,0.7989228007181328,0.09940357852882704,False,39.285714285714285,False,33.538185679137136,False,0.5621925509486999,not_remotely_sensable,neither,0.03313452617627568,adjacent,,True,False,0.0024168997344929943,0,91,1.0,False,0,0.0,ok
98,LK1127065,Milagiriya,Thimbirigasyaya,1.06786307,0.8053121761609852,0.27292387766549986,123,25,39.854328327210055,0.9954339554267077,0.2803805666475338,5651.851446149452,9.74779016299877,0.800718132854578,0.8312387791741472,0.9605026929982047,0.6894075403949731,0.8797127468581688,0.0,False,9.951923076923077,False,5.237490136212372,False,0.0,not_remotely_sensable,neither,0.11685655857434998,neither,,False,False,0.0024168997344929943,0,134,1.0,False,0,0.0,ok
99,LK1131050,Vihara,Ratmalana,0.70179805,0.804872203558026,0.2705161948649616,128,29,40.148219639686005,0.9744706660785176,0.3555765649601429,6579.715075236669,23.927193906505327,0.8204667863554758,0.7989228007181328,0.8563734290843806,0.7450628366247756,0.8509874326750448,0.0,False,21.08571428571429,False,15.522702830629031,False,0.0,not_remotely_sensable,neither,0.10505778177997899,adjacent,,True,False,0.0024168997344929943,0,99,1.0,False,0,0.0,ok
100,LK1106115,Dahampura,Kolonnawa,0.39886236,0.8027099531893723,0.3946523857479478,44,-56,39.275267146354494,1.0,0.3808982670884724,13031.455732384024,92.84621402901746,0.7307001795332136,0.921903052064632,0.8186714542190305,0.933572710951526,0.5296229802513465,23.096129837702872,False,90.92857142857143,True,82.915559623732,True,15.324675324675324,not_remotely_sensable,access_only,0.0,adjacent,,True,False,0.0024168997344929943,0,54,1.0,False,0,0.0,ok
101,LK1127005,Kollupitiya,Thimbirigasyaya,0.83872159,0.8024941174868444,0.28999263357640426,104,3,39.50436389952687,0.9373845585519024,0.2532141706491686,6248.831543532425,2.682618473361507,0.7576301615798923,0.7414721723518851,0.9748653500897666,0.7235188509874326,0.9120287253141831,0.0,False,2.292682926829268,False,0.08722107941875669,False,0.0,not_remotely_sensable,neither,1.1333914559721012,within,gsw_seasonal,True,False,0.0024168997344929943,0,112,1.0,False,0,0.0,ok
102,LK1103020,Madampitiya,Colombo,0.28031045,0.8003198818611635,0.6220535451332327,16,-86,38.71885365026236,0.8665561541649399,0.3213648547440673,21776.72116662572,89.97317259445427,0.6786355475763016,0.6535008976660682,0.9048473967684022,0.9766606822262118,0.5565529622980251,1.8085106382978724,False,88.04166666666667,True,60.3322257418675,True,3.3382789317507418,not_remotely_sensable,access_only,1.8439716312056738,within,gsw_seasonal,True,False,0.0024168997344929943,0,38,1.0,False,0,0.0,ok
103,LK1136005,Pepiliyana West,Kesbewa,0.68444694,0.7983971584575229,0.2708363790879507,127,24,40.003880487278,1.0,0.4312400524163998,6672.474881002294,6.167727644808907,0.8132854578096947,0.921903052064632,0.7540394973070018,0.748653500897666,0.8976660682226212,0.0,False,6.382352941176471,False,1.5560520247060752,False,0.0,not_remotely_sensable,neither,0.0,adjacent,,True,False,0.0024168997344929943,0,89,1.0,False,0,0.0,ok
104,LK1131055,Rathmalana West,Ratmalana,0.40282107,0.7966788212062458,0.2847266429114508,109,5,39.78075262624171,0.9772093470526014,0.3926863324243537,8209.111504251834,59.35639711213966,0.7863554757630161,0.8025134649910234,0.8043087971274686,0.8276481149012568,0.7199281867145422,2.445437812253484,False,49.846153846153854,True,42.68748704018414,False,4.344284550638067,not_remotely_sensable,access_only,0.28924533263213253,neither,,False,False,0.0024168997344929943,0,58,1.0,False,0,0.0,ok
105,LK1103010,Mattakkuliya,Colombo,2.15995463,0.7966539312438469,0.3747382911520595,49,-56,38.63125049520208,0.790288201472353,0.3061141647687661,11626.22667029256,56.23646784761292,0.6660682226211849,0.5870736086175943,0.926391382405745,0.9174147217235189,0.7378815080789947,5.123829953198128,False,54.497560975609744,True,42.29433588312381,False,4.921239575826212,not_remotely_sensable,access_only,2.4570982839313573,within,gsw_seasonal,True,False,0.0024168997344929943,0,251,1.0,False,0,0.0,ok
106,LK1133065,Uyana North,Moratuwa,0.35214339,0.7965715183550974,0.29265862742688226,101,-5,39.82080178992585,0.9082719982423376,0.3330032822595076,8463.336977022935,85.47860987445063,0.7971274685816876,0.7001795332136446,0.8904847396768402,0.8330341113105925,0.5906642728904847,0.42105263157894735,False,79.26666666666667,True,69.43883548958911,True,2.1124361158432707,not_remotely_sensable,access_only,4.030075187969925,within,gsw_seasonal,True,False,0.0024168997344929943,0,45,1.0,False,0,0.0,ok
107,LK1106190,Gothatuwa New Town,Kolonnawa,0.24700401,0.7957824297191157,0.26834020501154165,131,24,40.19743878090545,1.0,0.4580810780974675,6599.8243250446,2.2884223871273064,0.8276481149012568,0.921903052064632,0.7073608617594255,0.7468581687612208,0.9156193895870736,0.0,False,3.125,False,0.024800026066979182,False,0.7355946056395587,not_remotely_sensable,neither,0.0,adjacent,,True,False,0.0024168997344929943,0,39,1.0,False,0,0.0,ok
108,LK1133170,Koralawella North,Moratuwa,0.42780267,0.7955889924760023,0.2874526653485971,106,-2,39.96342552875501,0.9235294117647056,0.3154005391556954,8147.255093635111,94.18728513777141,0.8114901256732495,0.7145421903052065,0.9174147217235189,0.8240574506283662,0.5116696588868941,0.0,False,90.21951219512194,True,85.26458697801198,True,0.0,not_remotely_sensable,access_only,0.3110419906687403,adjacent,,True,False,0.0024168997344929943,0,58,1.0,False,0,0.0,ok
109,LK1124095,Gangodavila South,Sri Jayawardanapura Kotte,0.9555854,0.7938219671862601,0.2369578395800032,163,54,40.83567499516173,1.0,0.4768663880767915,6275.53140888705,45.71976116787916,0.9030520646319569,0.921903052064632,0.6822262118491921,0.725314183123878,0.7827648114901257,1.2459428332111822,False,45.84375,False,32.325252569618044,False,2.97921967769296,not_remotely_sensable,neither,0.0,adjacent,,True,False,0.0024168997344929943,0,131,1.0,False,0,0.0,ok
110,LK1133110,Rawathawatta West,Moratuwa,0.55763253,0.79287825518655,0.26442472222585905,132,22,40.38383862838754,0.904960400166736,0.3859634949440143,5875.743918523082,2.073800937538653,0.8491921005385996,0.696588868940754,0.8114901256732495,0.703770197486535,0.9174147217235189,0.16105941302791696,False,1.8214285714285714,False,0.18590727600401336,False,0.914470145239376,not_remotely_sensable,neither,2.0758768790264854,within,gsw_seasonal,True,False,0.0024168997344929943,0,79,1.0,False,0,0.0,ok
111,LK1133005,Angulana North,Moratuwa,0.3404935,0.7923191043766046,0.3056970490491788,88,-23,39.82839840065349,0.983409090909091,0.3635902254545891,9282.150058871186,97.17970652303575,0.7989228007181328,0.8078994614003591,0.8438061041292639,0.8617594254937163,0.473967684021544,0.0,False,95.72413793103448,True,80.7452965879052,True,0.0,not_remotely_sensable,access_only,0.10238907849829351,adjacent,,True,False,0.0024168997344929943,0,52,1.0,False,0,0.0,ok
112,LK1103005,Sammanthranapura,Colombo,0.17851654,0.7900977163649581,0.5900186738877893,18,-94,39.52328146780317,0.8855656697009104,0.3056714287924726,20578.13406981893,100.0,0.7594254937163375,0.6732495511669659,0.9281867145421903,0.9694793536804309,0.19658886894075403,1.7821782178217822,False,100.0,True,100.0,True,7.953667953667954,not_remotely_sensable,access_only,2.9702970297029703,within,gsw_seasonal,True,False,0.0024168997344929943,0,33,1.0,False,0,0.0,ok
113,LK1106140,Kotikawatta West,Kolonnawa,0.30382014,0.7899775403343686,0.30559146930368064,89,-24,39.810276126691576,0.984593837535014,0.5068557008338211,8995.92348068933,14.916832780941293,0.7899461400359067,0.8096947935368043,0.6373429084380611,0.8491921005385996,0.8617594254937163,0.0,False,25.96969696969697,False,7.865884335287159,False,0.958994708994709,not_remotely_sensable,neither,0.0,adjacent,,True,False,0.0024168997344929943,0,46,1.0,False,0,0.0,ok
114,LK1121180,Godigamuwa North,Maharagama,0.63842323,0.7878036675921154,0.25611536337615776,143,29,40.32148188372472,1.0,0.4605938897114502,6199.410963144911,9.79989426431672,0.8438061041292639,0.921903052064632,0.7019748653500898,0.7217235188509874,0.8779174147217235,0.0,False,10.28125,False,1.1249687969202071,False,0.0,not_remotely_sensable,neither,0.0,adjacent,,True,False,0.0024168997344929943,0,95,1.0,False,0,0.0,ok
115,LK1131005,Mount Lavinia,Ratmalana,1.12641371,0.7849907701598839,0.2695826406961117,129,14,39.44893765922921,0.9517004465819304,0.3189284171607719,6836.915134487854,50.73435731278909,0.748653500897666,0.7612208258527827,0.9120287253141831,0.7576301615798923,0.7719928186714542,0.049363214532530356,False,52.43689320388351,True,34.62173723840878,False,0.29561671763506625,not_remotely_sensable,access_only,1.6684766511995262,within,gsw_seasonal,True,False,0.0024168997344929943,0,147,1.0,False,0,0.0,ok
116,LK1133060,Uyana South,Moratuwa,0.6851165,0.7844342860010048,0.26337351632850237,134,18,40.19706550829692,0.9017180965298972,0.3517402569458923,5458.267453816388,0.1973547019219863,0.8258527827648114,0.6929982046678635,0.8653500897666068,0.6660682226211849,0.9299820466786356,0.8705114254624592,False,0.16923076923076924,False,0.0,False,3.269412134548884,not_remotely_sensable,neither,4.15047411782994,within,gsw_seasonal,True,False,0.0024168997344929943,0,89,1.0,False,0,0.0,ok
117,LK1130020,Kohuwala,Dehiwala,0.86225814,0.7832475729823066,0.23479437429765732,164,47,40.56145669169241,1.0,0.409706235158177,5447.146543454495,37.98902893769756,0.8635547576301615,0.921903052064632,0.7863554757630161,0.6642728904847397,0.8043087971274686,1.614026939154668,False,38.207317073170735,False,28.177939762857317,False,2.0771863566623394,not_remotely_sensable,neither,0.0,adjacent,,True,False,0.0024168997344929943,0,115,1.0,False,0,0.0,ok
118,LK1121205,Jambugasmulla,Maharagama,0.71701561,0.7829617413174353,0.2637304221964362,133,15,39.9017176499989,0.943994820330204,0.42964191768478,6112.686818055457,0.0,0.8043087971274686,0.7522441651705566,0.755834829443447,0.7199281867145422,0.9694793536804309,0.0,False,0.0,False,0.0,False,0.06993985172751434,not_remotely_sensable,neither,4.616030214015947,within,gsw_seasonal,True,False,0.0024168997344929943,0,98,1.0,False,0,0.0,ok
119,LK1133030,Thelawala North,Moratuwa,0.85003082,0.7822715358527289,0.2290936357481235,174,55,40.94599423953103,0.9064351472062712,0.4529806776847458,5707.759103851692,44.13414090514178,0.9210053859964094,0.6983842010771992,0.7199281867145422,0.6947935368043088,0.7899461400359067,6.429161259879675,False,51.93023255813954,False,36.884415446411786,False,4.428686111854429,not_remotely_sensable,neither,12.563406865636429,within,dw_flooded_vegetation;worldcover_wetland;gsw_seasonal;wdpa,True,False,0.0024168997344929943,0,115,1.0,False,0,0.0,ok
120,LK1121090,Udahamulla East,Maharagama,0.65663784,0.7819876940624836,0.31556845984745396,82,-38,39.82069225242643,0.9513892985664564,0.5342662405154747,10071.229185740676,45.12510569388069,0.7953321364452424,0.7594254937163375,0.5888689407540395,0.8833034111310593,0.7863554757630161,6.856008550923805,False,40.57142857142857,False,33.2591384695406,False,4.163934426229508,not_remotely_sensable,neither,0.07634753397465262,adjacent,,True,False,0.0024168997344929943,0,96,1.0,False,0,0.0,ok
121,LK1106045,Kittampahuwa,Kolonnawa,0.61808508,0.7814382272287413,0.3382582284468701,69,-52,38.67838924649781,0.949135554998747,0.4383486259296495,10080.130853036104,12.101032327229273,0.6732495511669659,0.7576301615798923,0.7450628366247756,0.8850987432675045,0.8707360861759426,0.0,False,18.322580645161295,False,7.512686967961691,False,0.16249593760155995,not_remotely_sensable,neither,1.7712057198570035,within,gsw_seasonal,True,False,0.0024168997344929943,0,86,1.0,False,0,0.0,ok
122,LK1121200,Gangodavila South B,Maharagama,0.94814721,0.7784500308569449,0.28720274433838144,107,-15,39.08187697797273,1.0,0.4535229639399291,8286.984927312093,33.5887233655848,0.7163375224416517,0.921903052064632,0.7163375224416517,0.829443447037702,0.8258527827648114,0.635997456010176,False,28.0,False,25.1991014968567,False,1.237465329635161,not_remotely_sensable,neither,1.907992368030528,within,gsw_seasonal,True,False,0.0024168997344929943,0,122,1.0,False,0,0.0,ok
123,LK1133050,Lakshapathiya Central,Moratuwa,0.2427376,0.7764647026828173,0.3099710881615535,85,-38,39.26353778008507,0.9369915457010688,0.4347595212861366,9543.274595033308,56.85595943284803,0.725314183123878,0.7396768402154399,0.748653500897666,0.8653500897666068,0.7360861759425493,0.0,False,50.16,True,34.271539726303814,False,0.0,not_remotely_sensable,access_only,2.8204064703442553,within,gsw_seasonal,True,False,0.0024168997344929943,0,36,1.0,False,0,0.0,ok
124,LK1136015,Divulpitiya East,Kesbewa,0.28245466,0.7753055898208909,0.27265504809222596,125,1,39.18333062377526,1.0,0.3939755407217695,6375.958738292497,1.2217292133397173,0.7199281867145422,0.921903052064632,0.8025134649910234,0.7324955116696589,0.9245960502692998,0.0,False,1.2333333333333334,False,0.0,False,0.0,not_remotely_sensable,neither,0.10604453870625663,adjacent,,True,False,0.0024168997344929943,0,44,1.0,False,0,0.0,ok
125,LK1133095,Molpe,Moratuwa,0.6282884,0.7736161830466237,0.2845336698073803,110,-15,39.81822304208876,0.9036945812807884,0.4496898812998837,8758.794700310056,75.97686408691123,0.7935368043087971,0.6947935368043088,0.725314183123878,0.8420107719928187,0.6463195691202872,8.009554140127388,False,77.66101694915254,True,62.54940899945798,True,6.849076333217149,not_remotely_sensable,access_only,18.93312101910828,within,worldcover_wetland;gsw_seasonal;wdpa,True,False,0.0024168997344929943,0,73,1.0,False,0,0.0,ok
126,LK1121190,Navinna,Maharagama,0.72183187,0.7735773743233845,0.23201442498982944,171,45,40.55579595457353,0.9863226775370092,0.4406710932392132,6020.177598227708,57.99147573145424,0.8617594254937163,0.8114901256732495,0.7396768402154399,0.7127468581687613,0.7271095152603232,2.0859407592824364,False,58.06849315068493,True,40.17934363560132,False,2.7268853855986364,not_remotely_sensable,access_only,0.0,adjacent,,True,False,0.0024168997344929943,0,102,1.0,False,0,0.0,ok
127,LK1106215,Gajabapura,Kolonnawa,0.68869344,0.7697694480283159,0.24227012134502363,157,30,40.10829316136331,0.9198944650275064,0.378458766985036,5991.530582073791,53.713939828897175,0.8186714542190305,0.7091561938958707,0.8240574506283662,0.7091561938958707,0.7504488330341114,3.2474151740206785,False,53.13846153846154,True,41.536955770244155,False,6.155930162552679,not_remotely_sensable,access_only,1.033930391728557,within,,True,False,0.0024168997344929943,0,91,1.0,False,0,0.0,ok
128,LK1103135,Hunupitiya,Colombo,0.71426403,0.7690767993084945,0.2559785129892304,145,17,39.621571108425016,0.8638408585831208,0.290383901244932,6080.6270370350085,61.514126850739196,0.7666068222621185,0.651705565529623,0.9461400359066428,0.7163375224416517,0.7055655296229802,0.0,False,64.33333333333331,True,38.452381761080844,False,0.0,not_remotely_sensable,access_only,14.75616591928251,within,dw_flooded_vegetation;gsw_seasonal,True,False,0.0024168997344929943,0,93,1.0,False,0,0.0,ok
129,LK1124055,Pitakotte,Sri Jayawardanapura Kotte,0.58714361,0.7685945228883451,0.2115252917695253,189,60,41.415768585235256,1.0,0.4481687793834213,4253.975117349165,33.0972472259305,0.9694793536804309,0.921903052064632,0.7271095152603232,0.5385996409335727,0.8276481149012568,0.0,False,35.37499999999999,False,19.398565222107152,False,0.034112229234180454,not_remotely_sensable,neither,58.331911990448575,within,wdpa,True,False,0.0024168997344929943,0,83,1.0,False,0,0.0,ok
130,LK1127070,Havelock Town,Thimbirigasyaya,1.20627495,0.7683276300544534,0.23744855979750407,162,32,39.90459136117495,0.9952465071462984,0.3333059972742884,5217.301657160852,51.97358995880297,0.8061041292639138,0.829443447037702,0.8886894075403949,0.6499102333931778,0.7630161579892281,0.0,False,49.18548387096776,True,38.10118879273311,False,0.0,not_remotely_sensable,access_only,0.05148005148005148,neither,,False,False,0.0024168997344929943,0,161,1.0,False,0,0.0,ok
131,LK1133140,Moratumulla West,Moratuwa,0.32064158,0.7645519076276006,0.2825613223146463,114,-17,39.06945043975195,0.7680125725338491,0.3336006311323256,7852.821971257182,63.09380572779268,0.7145421903052065,0.5655296229802513,0.8850987432675045,0.8096947935368043,0.7001795332136446,1.8813775510204083,False,69.76666666666667,True,43.46234631351784,False,4.029899252518687,not_remotely_sensable,access_only,30.676020408163264,within,gsw_seasonal;wdpa,True,False,0.0024168997344929943,0,41,1.0,False,0,0.0,ok
132,LK1127060,Thimbirigasyaya,Thimbirigasyaya,1.87300243,0.7643879530178135,0.25523902966648965,146,14,39.29153527822703,1.0,0.40997859375411,6971.9667506750575,58.93611600042395,0.7324955116696589,0.921903052064632,0.7827648114901257,0.7666068222621185,0.7217235188509874,2.3633440514469455,False,68.34408602150536,True,39.75501879288885,False,3.089187842551071,not_remotely_sensable,access_only,0.0,neither,,False,False,0.0024168997344929943,0,233,1.0,False,0,0.0,ok
133,LK1133085,Kuduwamulla,Moratuwa,0.31218744,0.7642517927532974,0.2620644341054081,135,2,40.04979201194399,1.0,0.4854753376577934,8096.112049967649,94.41660145138253,0.8168761220825853,0.921903052064632,0.6660682226211849,0.822262118491921,0.5080789946140036,0.0,False,94.90625000000001,True,59.03766746984435,True,0.1287001287001287,not_remotely_sensable,access_only,1.3513513513513513,within,gsw_seasonal,True,False,0.0024168997344929943,0,46,1.0,False,0,0.0,ok
134,LK1103125,Galle Face,Colombo,0.68272772,0.7639160953332084,0.3296307932213059,75,-59,37.93788007429018,0.7774566473988442,0.2147393665279977,9181.409452239252,59.7376616354538,0.5960502692998204,0.5709156193895871,0.9946140035906643,0.8563734290843806,0.7163375224416517,0.1799738219895288,False,80.84848484848486,True,36.516760492716415,False,1.141980569285836,not_remotely_sensable,access_only,11.665575916230367,within,gsw_seasonal,True,False,0.0024168997344929943,0,91,1.0,False,0,0.0,ok
135,LK1133180,Koralawella West,Moratuwa,0.27328377,0.7626002385342794,0.31946886239525357,79,-56,38.869313888031314,0.8177828118363303,0.3624769294299275,9852.258517008466,82.90493532244143,0.6912028725314183,0.6140035906642729,0.8456014362657092,0.8725314183123878,0.6032315978456014,0.0,False,65.03703703703705,True,71.27555912714581,True,0.0,not_remotely_sensable,access_only,23.572744014732965,within,gsw_seasonal;wdpa,True,False,0.0024168997344929943,0,36,1.0,False,0,0.0,ok
136,LK1133055,Angulana South,Moratuwa,0.10649305,0.762128083764701,0.4019209149678766,42,-94,39.18356867391375,0.8792535675082328,0.331645309990507,13187.808322128316,100.0,0.7217235188509874,0.6660682226211849,0.8940754039497307,0.940754039497307,0.19658886894075403,0.0,False,100.0,True,100.0,True,0.0,not_remotely_sensable,access_only,0.0,adjacent,,True,False,0.0024168997344929943,0,17,1.0,False,0,0.0,ok
137,LK1103175,Wekanda,Colombo,0.33050182,0.7618245872662788,0.2912777911884226,102,-35,38.78242059971186,0.7347775175644027,0.3538533153522767,7955.335927236944,33.85756579230076,0.6858168761220825,0.5314183123877917,0.8581687612208259,0.8114901256732495,0.8204667863554758,0.0,False,41.24242424242425,False,21.1929106067128,False,0.0,not_remotely_sensable,neither,21.046265497429694,within,worldcover_wetland;gsw_seasonal,True,False,0.0024168997344929943,0,51,1.0,False,0,0.0,ok
138,LK1106050,Wennawatta,Kolonnawa,0.68683786,0.7594848070911429,0.34017558926468405,67,-71,38.10659670233324,0.8931710615280597,0.4572992934796062,10052.128029500684,0.0,0.6104129263913824,0.6804308797127468,0.7109515260323159,0.881508078994614,0.9694793536804309,0.014490653528474133,False,0.0,False,0.0,False,0.4057971014492754,not_remotely_sensable,neither,2.1156354151572234,within,gsw_seasonal,True,False,0.0024168997344929943,0,94,1.0,False,0,0.0,ok
139,LK1133160,Moratuwella North,Moratuwa,0.46134725,0.7559601422899093,0.24685895724773738,154,15,39.93333131584775,0.8966789667896677,0.3586437337208915,4845.139082318024,9.381235382811253,0.8096947935368043,0.6858168761220825,0.8509874326750448,0.6175942549371634,0.8868940754039497,0.0,False,9.906976744186048,False,4.175297585383857,False,0.0,not_remotely_sensable,neither,15.512216991705895,within,gsw_seasonal;wdpa,True,False,0.0024168997344929943,0,62,1.0,False,0,0.0,ok
140,LK1131060,Rathmalana East,Ratmalana,1.03866333,0.7528642045772435,0.2126950071030721,187,47,40.712554430473766,1.0,0.4160321295263605,4456.691574462353,46.49713942733231,0.8797127468581688,0.921903052064632,0.77737881508079,0.5673249551166966,0.77737881508079,0.7714561234329798,False,46.634615384615394,False,35.56670171409137,False,1.997416277452052,not_remotely_sensable,neither,0.0,adjacent,,True,False,0.0024168997344929943,0,130,1.0,False,0,0.0,ok
141,LK1124025,Welikada North,Sri Jayawardanapura Kotte,0.38224417,0.7520032191331069,0.27374721520328904,120,-21,39.23294012854036,0.8374164810690427,0.4201465870828301,8151.085585154513,74.83380966253387,0.7235188509874326,0.6409335727109515,0.7719928186714542,0.8258527827648114,0.6552962298025135,6.475388260068439,False,78.5,True,64.30115664723132,True,9.541547277936962,not_remotely_sensable,access_only,0.07896814951302975,adjacent,,True,False,0.0024168997344929943,0,57,1.0,False,0,0.0,ok
142,LK1133125,Moratuwella South,Moratuwa,0.49915478,0.750906736146262,0.27182375801866704,126,-16,38.62772910969365,0.8048572315332091,0.3113961546434104,7086.38605013303,57.430498234256056,0.6642728904847397,0.6032315978456014,0.9210053859964094,0.77737881508079,0.7324955116696589,0.10434056761268781,False,51.071428571428584,True,44.99750289938222,False,0.7817451933234735,not_remotely_sensable,access_only,24.37395659432387,within,gsw_seasonal;wdpa,True,False,0.0024168997344929943,0,60,1.0,False,0,0.0,ok
143,LK1124070,Nugegoda West,Sri Jayawardanapura Kotte,0.93002517,0.7483377129055908,0.2207317213439466,178,35,40.2617959188016,0.9607990012484394,0.402685438492151,4834.991831337128,46.00924517480785,0.8366247755834829,0.7791741472172352,0.7953321364452424,0.6157989228007181,0.7791741472172352,4.072398190045249,False,46.12087912087913,False,33.02203474487708,False,2.931266846361186,not_remotely_sensable,neither,0.2801120448179272,adjacent,,True,False,0.0024168997344929943,0,118,1.0,False,0,0.0,ok
144,LK1106085,Kotikawatta East,Kolonnawa,0.5358955,0.7471876176713965,0.2729229126327036,124,-20,39.12820174153941,0.9615440219748448,0.4831898442165381,8343.066246607375,65.56500915962154,0.718132854578097,0.7809694793536804,0.6714542190305206,0.8312387791741472,0.6929982046678635,7.11484593837535,False,75.76,True,44.986871495901724,False,8.845999195818255,not_remotely_sensable,access_only,0.0,adjacent,,True,False,0.0024168997344929943,0,73,1.0,False,0,0.0,ok
145,LK1124075,Pagoda,Sri Jayawardanapura Kotte,0.81288282,0.7465323885468085,0.23893816193754275,160,15,39.81348562992223,0.8848992809181391,0.4596702684813541,6106.556186083266,35.10705084232218,0.7917414721723519,0.6714542190305206,0.7055655296229802,0.718132854578097,0.8132854578096947,9.965466206216083,False,45.21518987341773,False,27.630103920348315,False,5.602739726027397,not_remotely_sensable,neither,19.227923038973852,within,wdpa,True,False,0.0024168997344929943,0,108,1.0,False,0,0.0,ok
146,LK1121175,Godigamuwa South B,Maharagama,0.85212199,0.7448284338394577,0.24638514095568023,155,9,39.72604189637072,0.988420670238852,0.5329285138997555,7258.300332424587,52.77078788288296,0.77737881508079,0.8186714542190305,0.5906642728904847,0.7809694793536804,0.7576301615798923,1.8790369935408104,False,53.247058823529414,True,39.050665378697516,False,5.889437552691798,not_remotely_sensable,access_only,0.0,adjacent,,True,False,0.0024168997344929943,0,114,1.0,False,0,0.0,ok
147,LK1127055,Narahenpita,Thimbirigasyaya,0.85959564,0.7439862838324633,0.2560760523304222,144,-3,39.27222764704639,0.9325797153666006,0.4408450862377683,7370.345594045686,66.64204043259193,0.7271095152603232,0.7289048473967684,0.7378815080789947,0.7881508078994613,0.6840215439856373,11.650145772594753,False,82.125,True,46.786683073592094,False,6.110520722635494,not_remotely_sensable,access_only,0.0,adjacent,,True,False,0.0024168997344929943,0,124,1.0,False,0,0.0,ok
148,LK1109175,Udumulla,Kaduwela,0.46562488,0.7418408959528936,0.21187779264129422,188,40,40.54996076120187,0.9642500831393416,0.4969682536095053,5398.948551118354,54.19038295822703,0.8599640933572711,0.7845601436265709,0.6588868940754039,0.6606822262118492,0.7468581687612208,5.4118154376886585,False,52.125,True,43.176099852007205,False,6.086163665374971,not_remotely_sensable,access_only,2.652005174644243,within,gsw_seasonal,True,False,0.0024168997344929943,0,66,1.0,False,0,0.0,ok
149,LK1133185,Koralawella South,Moratuwa,0.336891,0.7417817868022618,0.274428007784348,119,-30,38.23290874651826,0.8182131769575713,0.3365365354939858,6992.63578011949,33.770426605270295,0.6319569120287253,0.6175942549371634,0.8833034111310593,0.7684021543985637,0.8240574506283662,0.18933417481855475,False,28.548387096774192,False,20.224280849414516,False,1.707239962061334,not_remotely_sensable,neither,20.952982013253393,within,gsw_seasonal;wdpa,True,False,0.0024168997344929943,0,45,1.0,False,0,0.0,ok
150,LK1121185,Wattegedara,Maharagama,1.32271381,0.7401640925154309,0.2336264841306996,167,17,39.71750907387003,0.9425922676492952,0.4555482123274376,6415.762476939657,66.52643737040123,0.7755834829443446,0.7468581687612208,0.7145421903052065,0.7360861759425493,0.6876122082585279,2.4436518175609017,False,64.93798449612405,True,47.2018964882511,False,6.0907736928745,not_remotely_sensable,access_only,4.2725961903316385,within,worldcover_wetland;gsw_seasonal,True,False,0.0024168997344929943,0,164,1.0,False,0,0.0,ok
151,LK1133120,Uswatta,Moratuwa,0.18962609,0.7392315965407683,0.23412530378608837,165,14,39.531436737771415,0.8964037597057621,0.2903472679653093,4991.518758320937,72.4362948385761,0.7612208258527827,0.6840215439856373,0.947935368043088,0.6319569120287253,0.6714542190305206,0.435052827843381,False,71.52941176470588,True,59.74041059275084,True,3.034389750505732,not_remotely_sensable,access_only,0.0,adjacent,,True,False,0.0024168997344929943,0,34,1.0,False,0,0.0,ok
152,LK1130075,Kawdana East,Dehiwala,1.13262785,0.738985556281673,0.22714847409016553,175,23,39.733928374926,0.9344772191270466,0.4120770820338551,5639.137411868378,60.311079797740994,0.7809694793536804,0.7342908438061041,0.7809694793536804,0.6840215439856373,0.7091561938958707,5.709726039542512,False,66.19827586206898,True,42.645376787902286,False,5.952045133991537,not_remotely_sensable,access_only,21.721783846085646,within,gsw_seasonal;wdpa,True,False,0.0024168997344929943,0,147,1.0,False,0,0.0,ok
153,LK1133035,Borupana,Moratuwa,1.02102463,0.7380864413506583,0.21097052226698795,190,37,40.80294756143707,0.8861138482528614,0.4352173065831777,4507.663288482803,42.15437678088144,0.8904847396768402,0.6750448833034112,0.7468581687612208,0.5745062836624776,0.7953321364452424,8.473080317740513,False,51.83168316831683,False,32.307226581522,False,6.361718663261907,not_remotely_sensable,neither,18.593704030597234,within,dw_flooded_vegetation;worldcover_wetland;gsw_seasonal;wdpa,True,False,0.0024168997344929943,0,142,1.0,False,0,0.0,ok
154,LK1106210,Wijayapura,Kolonnawa,0.2787265,0.7368498142299994,0.36383513374072773,55,-99,38.30200451782345,0.7298762685944667,0.4838647862874831,12048.72757493858,59.97674722062483,0.6481149012567325,0.518850987432675,0.6696588868940754,0.9192100538599641,0.7127468581687613,25.81805106076951,False,68.22222222222223,True,51.28291056988716,True,9.452253999030537,not_remotely_sensable,access_only,0.17979144192736426,adjacent,,True,False,0.0024168997344929943,0,47,1.0,False,0,0.0,ok
155,LK1133165,Moratuwella West,Moratuwa,0.08459786,0.7366455360822196,0.28334154303573345,112,-43,39.40734767215156,0.886904761904762,0.2344934455163421,7363.877491709951,100.0,0.7432675044883303,0.6768402154398564,0.9820466786355476,0.7863554757630161,0.19658886894075403,0.0,False,100.0,True,100.0,True,0.0,not_remotely_sensable,access_only,0.13210039630118892,adjacent,,True,False,0.0024168997344929943,0,20,1.0,False,0,0.0,ok
156,LK1133115,Idama,Moratuwa,0.62214808,0.7357957491004736,0.27356344989468184,121,-35,38.251388714329536,0.6494896689071447,0.303626097088069,5809.0961822770805,0.0,0.6355475763016158,0.4649910233393178,0.9299820466786356,0.7019748653500898,0.9694793536804309,0.5041470157749227,False,0.0,False,0.0,False,1.5691402419091207,not_remotely_sensable,neither,41.90925353716052,within,gsw_seasonal;wdpa,True,False,0.0024168997344929943,0,66,1.0,False,0,0.0,ok
157,LK1121160,Pannipitiya South,Maharagama,0.3947155,0.7343418446172424,0.2586107325102518,139,-18,38.67076062145564,1.0,0.5075582985501602,7436.28628369965,39.19445172030233,0.6714542190305206,0.921903052064632,0.6337522441651705,0.7917414721723519,0.8025134649910234,0.0,False,40.5,False,19.982187545526003,False,0.0,not_remotely_sensable,neither,0.0,neither,,False,False,0.0024168997344929943,0,55,1.0,False,0,0.0,ok
158,LK1109180,Battaramulla North,Kaduwela,0.58551342,0.7342436556752889,0.19514660180923596,206,48,41.11822196762238,0.991472202022873,0.4431342410981761,4168.490956112597,66.21814198605638,0.9389587073608617,0.822262118491921,0.7342908438061041,0.526032315978456,0.6894075403949731,2.2809123649459786,False,63.810344827586206,True,45.34843833200731,False,3.808353808353808,not_remotely_sensable,access_only,0.0,adjacent,,True,False,0.0024168997344929943,0,79,1.0,False,0,0.0,ok
159,LK1106090,Maha Buthgamuwa A,Kolonnawa,0.36339712,0.732930574842168,0.2337844490162958,166,7,39.73792926892725,0.9752954956873602,0.5072104818361304,6912.76330799082,78.97911966309083,0.7827648114901257,0.800718132854578,0.6355475763016158,0.7630161579892281,0.6211849192100538,2.2620689655172415,False,81.73684210526316,True,55.988393420810944,True,4.346598927462602,not_remotely_sensable,access_only,0.0,adjacent,,True,False,0.0024168997344929943,0,57,1.0,False,0,0.0,ok
160,LK1136010,Pepiliyana East,Kesbewa,0.28599417,0.7328009640704746,0.2413906613449492,158,-2,39.70886307816024,0.8990254466702762,0.4083607625891919,4620.612722746927,0.0,0.7737881508078994,0.6894075403949731,0.7899461400359067,0.5870736086175943,0.9694793536804309,1.7458100558659218,False,0.0,False,0.0,False,4.446816079686944,not_remotely_sensable,neither,0.5586592178770949,adjacent,,True,False,0.0024168997344929943,0,45,1.0,False,0,0.0,ok
161,LK1124020,Rajagiriya,Sri Jayawardanapura Kotte,0.65848602,0.7322899507478786,0.22023163761447165,180,19,40.20571272197573,0.9867615909625796,0.3855522950056035,4292.427898591031,35.626747638577356,0.829443447037702,0.8132854578096947,0.8132854578096947,0.5439856373429084,0.8114901256732495,1.8673144071656294,False,35.2537313432836,False,21.37023924780234,False,2.630357419155191,not_remotely_sensable,neither,11.158342189160468,within,wdpa,True,False,0.0024168997344929943,0,89,1.0,False,0,0.0,ok
162,LK1133190,Katukurunda North,Moratuwa,0.41619967,0.728102555585553,0.2979215065760923,95,-67,37.62241012265996,0.697451636904762,0.3495539797267633,7632.933432304331,4.2768368533467775,0.5637342908438061,0.49730700179533216,0.8689407540394973,0.800718132854578,0.9030520646319569,0.025497195308516064,False,4.054054054054054,False,0.1745019710429938,False,0.7194244604316546,not_remotely_sensable,neither,22.5395206527282,within,gsw_seasonal;wdpa,True,False,0.0024168997344929943,0,51,1.0,False,0,0.0,ok
163,LK1106020,Kotuvila,Kolonnawa,0.54867656,0.722229387158073,0.24994792903644483,150,-13,38.78443527356264,0.940798758114592,0.4386369838349618,7252.374680525833,81.27196477700708,0.6876122082585279,0.7450628366247756,0.7414721723518851,0.7791741472172352,0.6104129263913824,2.2173355323437787,False,82.60714285714288,True,66.89133650370955,True,4.115304380807889,not_remotely_sensable,access_only,0.0,adjacent,,True,False,0.0024168997344929943,0,75,1.0,False,0,0.0,ok
164,LK1121110,Maharagama West,Maharagama,0.37111602,0.7219993572453504,0.21659899640177238,182,18,39.60767022340954,0.9959324155193992,0.4648390924546385,5617.920425103112,65.40960530664375,0.7630161579892281,0.8366247755834829,0.696588868940754,0.6804308797127468,0.6947935368043088,2.569651068433865,False,65.57894736842105,True,45.57411359938058,False,2.3042754025541368,not_remotely_sensable,access_only,0.0,adjacent,,True,False,0.0024168997344929943,0,57,1.0,False,0,0.0,ok
165,LK1106060,Kuda Buthgamuwa,Kolonnawa,0.62060044,0.7210618533534168,0.24925936175431912,152,-13,38.92448773642068,0.9235228122662678,0.4775936986356635,6042.822337568514,9.509896754043906,0.696588868940754,0.7127468581687613,0.6804308797127468,0.7145421903052065,0.8850987432675045,0.0,False,10.46551724137931,False,2.513290711547229,False,0.0,not_remotely_sensable,neither,2.8274293142671434,within,gsw_seasonal,True,False,0.0024168997344929943,0,79,1.0,False,0,0.0,ok
166,LK1106055,Maha Buthgamuwa B,Kolonnawa,0.66893289,0.7165410088708406,0.25501106246943006,147,-19,38.308804012354194,0.8832986352070323,0.4600197936526927,6861.677534172432,31.16202660573336,0.6499102333931778,0.6696588868940754,0.703770197486535,0.7594254937163375,0.8366247755834829,2.1306595644681185,False,28.080645161290324,False,22.344669060871983,False,4.081959340483432,not_remotely_sensable,neither,1.785994046686511,within,gsw_seasonal,True,False,0.0024168997344929943,0,86,1.0,False,0,0.0,ok
167,LK1133195,Katukurunda South,Moratuwa,0.48025859,0.7147980668101754,0.27881174299867884,116,-51,37.68198590814851,0.7664651350261993,0.3274824344312433,7803.5396689652625,74.24993791979846,0.5709156193895871,0.5637342908438061,0.8994614003590664,0.8043087971274686,0.6570915619389587,1.3537117903930131,False,71.30952380952381,True,53.98838862090702,True,4.377931650658923,not_remotely_sensable,access_only,26.2882096069869,within,gsw_seasonal;wdpa,True,False,0.0024168997344929943,0,54,1.0,False,0,0.0,ok
168,LK1121010,Mirihana North,Maharagama,0.91551614,0.7086587469724145,0.23872619174511292,161,-7,39.31572783266321,0.8699995766837405,0.5258341399953567,7327.56144237551,81.12786452211155,0.7396768402154399,0.6570915619389587,0.599640933572711,0.7845601436265709,0.6122082585278277,21.590535655603023,False,85.54838709677419,True,73.12468100381525,True,14.52919810002794,not_remotely_sensable,access_only,28.491620111731844,within,wdpa,True,False,0.0024168997344929943,0,123,1.0,False,0,0.0,ok
169,LK1133200,Egoda Uyana North,Moratuwa,0.52565349,0.7076201394258324,0.2851679660051126,108,-61,37.25901833350476,0.6569681791396582,0.3485782981636721,6870.001081461098,0.0,0.5206463195691203,0.47217235188509876,0.8707360861759426,0.7612208258527827,0.9694793536804309,0.3602882305844676,False,0.0,False,0.0,False,3.756528726396143,not_remotely_sensable,neither,24.539631705364293,within,gsw_seasonal;wdpa,True,False,0.0024168997344929943,0,57,1.0,False,0,0.0,ok
170,LK1133130,Indibedda West,Moratuwa,0.45415044,0.707074446252289,0.34705635897773385,62,-108,37.2375484495511,0.6142101671784372,0.36050990482437,11062.908929508229,81.77021126199224,0.5170556552962298,0.43447037701974867,0.8491921005385996,0.9084380610412927,0.6050269299820467,0.6818777865198007,False,80.08333333333333,True,54.93167762528146,True,1.6107736994982835,not_remotely_sensable,access_only,26.619459742984528,within,gsw_seasonal;wdpa,True,False,0.0024168997344929943,0,56,1.0,False,0,0.0,ok
171,LK1127010,Bambalapitiya,Thimbirigasyaya,1.43226213,0.7060075860398749,0.2436120016365439,156,-15,39.02451316844829,0.9554685390224144,0.2904521260180231,3712.724500236953,6.629910279962484,0.7091561938958707,0.7737881508078994,0.9443447037701975,0.4865350089766607,0.8940754039497307,0.10243652593839174,False,12.453900709219857,False,3.8681985898307207,False,0.4687614443712005,not_remotely_sensable,neither,0.19023926245701325,adjacent,,True,False,0.0024168997344929943,0,182,1.0,False,0,0.0,ok
172,LK1109240,Jayawadanagama,Kaduwela,0.11545648,0.7057403535221353,0.19047539708263955,213,41,41.60967503874093,1.0,0.4448431584459023,4274.6839683174285,100.0,0.9820466786355476,0.921903052064632,0.7324955116696589,0.5421903052064632,0.19658886894075403,4.275741710296684,False,100.0,True,95.06319563347564,True,7.664233576642336,not_remotely_sensable,access_only,0.0,adjacent,,True,False,0.0024168997344929943,0,21,1.0,False,0,0.0,ok
173,LK1109250,Asiri Uyana,Kaduwela,0.58150228,0.7025076845011919,0.20490392273033087,193,20,39.64913739247251,0.9482196339434276,0.4640194604876831,4823.019913076188,55.0765206483026,0.7684021543985637,0.7540394973070018,0.6983842010771992,0.6140035906642729,0.7432675044883303,5.285812672176308,False,55.543859649122815,True,43.737791378030266,False,5.926195237229595,not_remotely_sensable,access_only,0.3615702479338843,adjacent,,True,False,0.0024168997344929943,0,80,1.0,False,0,0.0,ok
174,LK1124010,Welikada West,Sri Jayawardanapura Kotte,0.74498772,0.6995213780589363,0.2590162241844589,137,-37,38.323436139997305,0.7642500520074891,0.5013026864170431,7968.547229377198,66.58389975376551,0.651705565529623,0.5565529622980251,0.6463195691202872,0.8132854578096947,0.6858168761220825,21.49582997040624,False,72.21518987341773,True,55.85946612349616,True,8.975459069847263,not_remotely_sensable,access_only,2.071563088512241,within,gsw_seasonal,True,False,0.0024168997344929943,0,107,1.0,False,0,0.0,ok
175,LK1131035,Attidiya South,Ratmalana,1.7148996,0.698346924461391,0.18935712260776782,216,41,40.58332491259948,0.9427307805131216,0.4261498260456887,3514.2943799626346,59.67325660122257,0.8689407540394973,0.748653500897666,0.7612208258527827,0.473967684021544,0.718132854578097,12.873778453976241,False,72.62573099415205,True,50.365084220655994,True,7.852875548837544,not_remotely_sensable,access_only,31.99719117561004,within,wdpa,True,False,0.0024168997344929943,0,215,1.0,False,0,0.0,ok
176,LK1121100,Pathiragoda,Maharagama,0.92352974,0.6891269445059894,0.22040264786273422,179,3,39.29218274938941,0.8806051462576482,0.548752813174972,6675.423344529711,81.5648492635556,0.7342908438061041,0.6678635547576302,0.5601436265709157,0.7504488330341114,0.6086175942549371,8.33062858379314,False,81.10752688172045,True,72.24044854786722,True,11.506622516556291,not_remotely_sensable,access_only,0.021637996321540624,adjacent,,True,False,0.0024168997344929943,0,120,1.0,False,0,0.0,ok
177,LK1106040,Welewatta,Kolonnawa,0.58027475,0.6889342294784684,0.2547561194701515,148,-29,37.87939089431766,0.8145333333333334,0.4728320117602748,7520.390963899745,59.77337382186292,0.5888689407540395,0.6122082585278277,0.6912028725314183,0.7953321364452424,0.7145421903052065,4.613789528252981,False,66.52631578947368,True,36.01870058636423,False,8.337884580375023,not_remotely_sensable,access_only,0.0,adjacent,,True,False,0.0024168997344929943,0,80,1.0,False,0,0.0,ok
178,LK1127050,Gothamipura,Thimbirigasyaya,1.05172204,0.6879011503778185,0.23096490821578414,173,-5,38.347197000837504,0.7442939184214405,0.4748483772082807,6344.537816312384,52.37731050073671,0.6535008976660682,0.5403949730700179,0.6876122082585279,0.7289048473967684,0.7612208258527827,8.488593155893536,False,70.69902912621359,True,46.05527065132023,False,7.241469132586611,not_remotely_sensable,access_only,0.06653992395437262,adjacent,,True,False,0.0024168997344929943,0,146,1.0,False,0,0.0,ok
179,LK1136040,Rattanapitiya,Kesbewa,0.66469309,0.6850374417567278,0.23120082287219726,172,-7,38.25719885541963,0.8513733705772814,0.4849218821527655,6540.478416002442,61.349496187984116,0.6373429084380611,0.6463195691202872,0.6678635547576302,0.7432675044883303,0.7073608617594255,5.4274084124830395,False,62.39705882352941,True,45.491897712573866,False,9.15032679738562,not_remotely_sensable,access_only,0.015076134479119555,adjacent,,True,False,0.0024168997344929943,0,92,1.0,False,0,0.0,ok
180,LK1136045,Egodawatta,Kesbewa,0.32268682,0.6813417415790577,0.23214962635813585,170,-10,38.7609258420332,0.9091888011486,0.5138865536117585,7077.189745915564,96.38903790555682,0.6822262118491921,0.7019748653500898,0.6265709156193896,0.7755834829443446,0.4829443447037702,3.3550792171481825,False,93.93103448275862,True,77.56652871390882,True,8.486017357762778,not_remotely_sensable,access_only,0.0,adjacent,,True,False,0.0024168997344929943,0,48,1.0,False,0,0.0,ok
181,LK1127015,Kurunduwatta,Thimbirigasyaya,3.66634933,0.6788111191424759,0.2049432915839978,192,11,39.47289454428565,0.973093886508958,0.4058484486418114,3496.902807437249,33.92038490654008,0.7504488330341114,0.7935368043087971,0.7935368043087971,0.46858168761220825,0.8186714542190305,5.2288117081695065,False,60.284931506849325,False,26.807022757699126,False,3.2068842305859935,not_remotely_sensable,neither,0.0,adjacent,,True,False,0.0024168997344929943,0,421,1.0,False,0,0.0,ok
182,LK1136225,Mampe South,Kesbewa,0.39090963,0.670575182969542,0.1954714571850618,205,23,38.65667932893281,1.0,0.5163546930424846,5147.137891166622,72.25076061144918,0.6696588868940754,0.921903052064632,0.6193895870736086,0.6463195691202872,0.6732495511669659,2.838148811045768,False,71.97435897435898,True,57.00035261491585,True,4.2368421052631575,not_remotely_sensable,access_only,0.0,adjacent,,True,False,0.0024168997344929943,0,62,1.0,False,0,0.0,ok
183,LK1121080,Thalapathpitiya,Maharagama,1.27738055,0.6704183988795315,0.21374698710730874,184,1,38.440371235669296,0.8666201963874408,0.4999191658506805,5223.759300795192,36.230983161008936,0.6570915619389587,0.6552962298025135,0.6499102333931778,0.651705565529623,0.8078994614003591,4.493060456363208,False,46.40625,False,24.81250600791448,False,5.317394888705689,not_remotely_sensable,neither,1.8505449698110248,within,gsw_seasonal,True,False,0.0024168997344929943,0,156,1.0,False,0,0.0,ok
184,LK1106080,Belagama,Kolonnawa,0.40917016,0.669248738415026,0.19999353223618294,198,14,39.29311140400881,0.9161461290933182,0.5216650052062044,5665.557111229968,96.81075438872868,0.7378815080789947,0.7055655296229802,0.6104129263913824,0.6912028725314183,0.48114901256732495,3.052683407188577,False,97.11904761904762,True,79.83759386347198,True,5.256475368207211,not_remotely_sensable,access_only,0.0,adjacent,,True,False,0.0024168997344929943,0,61,1.0,False,0,0.0,ok
185,LK1121095,Udahamulla West,Maharagama,0.7321766,0.668954362965193,0.20732900486015038,191,6,38.77240731099667,0.8945198964223432,0.5215983815030141,5020.883424754577,36.118450366379065,0.6840215439856373,0.6822262118491921,0.6122082585278277,0.6355475763016158,0.8096947935368043,3.1018391435629975,False,41.266666666666666,False,26.778372336525536,False,5.498575498575499,not_remotely_sensable,neither,0.0,adjacent,,True,False,0.0024168997344929943,0,102,1.0,False,0,0.0,ok
186,LK1136235,Suwarapola East,Kesbewa,0.50114343,0.6675587120113673,0.18555687411948024,224,38,39.444643076858256,1.0,0.5128001206670763,4811.290999666743,94.14176130587953,0.7450628366247756,0.921903052064632,0.6283662477558348,0.6104129263913824,0.5152603231597845,7.158524426719841,False,94.54901960784314,True,86.1884442591211,True,13.187285223367697,not_remotely_sensable,access_only,0.0,adjacent,,True,False,0.0024168997344929943,0,70,1.0,False,0,0.0,ok
187,LK1109270,Wickramasinghapura,Kaduwela,0.59850946,0.6664922573274782,0.19980579439945076,200,13,38.972041570997504,0.919585626416316,0.5393550008945297,5649.632347162753,78.04160853770007,0.6983842010771992,0.7073608617594255,0.5798922800718133,0.6876122082585279,0.6319569120287253,8.528428093645484,False,82.79661016949153,True,61.268511291581994,True,6.617915904936015,not_remotely_sensable,access_only,0.6020066889632107,adjacent,,True,False,0.0024168997344929943,0,85,1.0,False,0,0.0,ok
188,LK1121105,Maharagama East,Maharagama,0.47319934,0.6661601109897073,0.20321593668097024,194,6,38.99190031381048,0.9016608034034196,0.5198288120522606,5803.55871419244,92.55893285522855,0.7019748653500898,0.6912028725314183,0.6157989228007181,0.7001795332136446,0.5314183123877917,4.601357082273113,False,90.19565217391305,True,80.62607656097865,True,8.065246941549615,not_remotely_sensable,access_only,0.10602205258693809,adjacent,,True,False,0.0024168997344929943,0,66,1.0,False,0,0.0,ok
189,LK1124060,Pitakotte West,Sri Jayawardanapura Kotte,0.91617513,0.6656941019353253,0.1865863446690379,223,34,39.61837769795633,0.8002534854245879,0.5214420729414743,4943.28155253015,79.90347254900293,0.7648114901256733,0.5960502692998204,0.6140035906642729,0.6283662477558348,0.6157989228007181,18.03835616438356,False,78.72826086956523,True,67.74561055414809,True,9.97459553416232,not_remotely_sensable,access_only,92.35068493150685,within,wdpa,True,False,0.0024168997344929943,0,118,1.0,False,0,0.0,ok
190,LK1106180,Himbutana West,Kolonnawa,0.46481848,0.6645132325946805,0.22122860628370675,177,-13,38.11304480322092,0.949063670411985,0.5533842010295643,6424.612361663805,57.55757073756345,0.6122082585278277,0.755834829443447,0.5547576301615799,0.7378815080789947,0.7307001795332136,1.6766981943250214,False,57.77083333333332,True,36.29406344111217,False,2.0769567118495846,not_remotely_sensable,access_only,0.0,adjacent,,True,False,0.0024168997344929943,0,65,1.0,False,0,0.0,ok
191,LK1106175,Himbutana East,Kolonnawa,0.63153701,0.6640198432787761,0.22358979361747985,176,-15,38.28780151300868,0.968413320274241,0.5650786539972062,5478.111548383603,15.470268574180379,0.6463195691202872,0.7881508078994613,0.5224416517055656,0.6696588868940754,0.8599640933572711,0.8407360406091371,False,17.89473684210526,False,7.647243510743884,False,2.5755879059350506,not_remotely_sensable,neither,0.0,adjacent,,True,False,0.0024168997344929943,0,88,1.0,False,0,0.0,ok
192,LK1109150,Thalangama North A,Kaduwela,1.775833,0.6638854613946918,0.19085336152964555,212,20,39.292753475480495,0.9211994421199444,0.5230941771675094,4611.547802695003,53.71072911682456,0.7360861759425493,0.7109515260323159,0.6050269299820467,0.585278276481149,0.7522441651705566,4.953787195671777,False,51.89010989010989,True,42.62226146039992,False,5.390180265654649,not_remotely_sensable,access_only,3.646302975653742,within,wdpa,True,False,0.0024168997344929943,0,220,1.0,False,0,0.0,ok
193,LK1136070,Neelammahara,Kesbewa,0.53231513,0.6630074429868272,0.2164024895214924,183,-10,38.25858022725348,0.8589202561117579,0.5542431278186782,5905.05954619864,41.41440738464436,0.6391382405745063,0.6481149012567325,0.5511669658886894,0.7073608617594255,0.800718132854578,6.694323967565529,False,50.78846153846154,False,31.718535427838574,False,6.729991915925627,not_remotely_sensable,neither,0.0,adjacent,,True,False,0.0024168997344929943,0,78,1.0,False,0,0.0,ok
194,LK1136290,Batakettara South,Kesbewa,1.17356,0.6617975194826111,0.201746609701851,196,2,38.409496751164895,0.929940297522842,0.5081249737435218,5170.872075619385,57.04113926961906,0.6552962298025135,0.725314183123878,0.63016157989228,0.6481149012567325,0.7342908438061041,2.8837129937718626,False,60.290598290598304,True,37.6578621777421,False,3.5755073355003075,not_remotely_sensable,access_only,0.0,adjacent,,True,False,0.0024168997344929943,0,157,1.0,False,0,0.0,ok
195,LK1131065,Kandawala,Ratmalana,2.70524849,0.6588537382803562,0.1721899004088832,246,51,40.80041602861592,0.9735788058249653,0.4210895264765685,2573.8183483311177,78.06778562578147,0.8886894075403949,0.7953321364452424,0.7684021543985637,0.3464991023339318,0.63016157989228,6.420593239144907,False,82.40148698884757,True,65.89373880295922,True,6.309627059843885,not_remotely_sensable,access_only,32.23981063688143,within,wdpa,True,False,0.0024168997344929943,0,318,1.0,False,0,0.0,ok
196,LK1136220,Mampe West,Kesbewa,0.63370836,0.6578512497161689,0.19208700659426808,210,14,38.71246315799407,0.9946243127672574,0.5148205802654742,5111.334838956673,83.27397544340677,0.6768402154398564,0.8276481149012568,0.6247755834829444,0.6409335727109515,0.6014362657091562,4.096156887553376,False,83.55384615384615,True,62.865239028084204,True,5.672823218997362,not_remotely_sensable,access_only,0.0,adjacent,,True,False,0.0024168997344929943,0,85,1.0,False,0,0.0,ok
197,LK1136075,Katuwawala North,Kesbewa,0.75942524,0.653971871270769,0.19811529725593652,203,6,38.61100420449512,0.8981703277101066,0.5189416095341791,5426.287276942493,76.28635325651392,0.6624775583482945,0.6876122082585279,0.6175942549371634,0.6624775583482945,0.644524236983842,5.286750164798946,False,79.01315789473684,True,58.341259516068334,True,7.795100222717149,not_remotely_sensable,access_only,0.0,adjacent,,True,False,0.0024168997344929943,0,103,1.0,False,0,0.0,ok
198,LK1106145,Mulleriyawa South,Kolonnawa,0.78879055,0.6529157463475156,0.19925388672099825,201,3,38.28146078405447,0.9730737162195304,0.5454512310483245,5644.166535841266,76.40092164844941,0.6427289048473968,0.7917414721723519,0.5691202872531418,0.6858168761220825,0.6409335727109515,3.641920285241309,False,74.22368421052632,True,57.49442781050686,True,4.361041363816572,not_remotely_sensable,access_only,0.0,adjacent,,True,False,0.0024168997344929943,0,104,1.0,False,0,0.0,ok
199,LK1124035,Koswatta,Sri Jayawardanapura Kotte,0.99637727,0.6473495257691796,0.1878575609319275,219,20,38.97819527084666,0.8302663250252348,0.4831796171886596,4670.767854041439,79.59026085250701,0.7001795332136446,0.6319569120287253,0.6732495511669659,0.59245960502693,0.6193895870736086,12.342822653656574,False,82.31372549019608,True,63.57476191436611,True,8.07895340830847,not_remotely_sensable,access_only,21.134694698722463,within,wdpa,True,False,0.0024168997344929943,0,128,1.0,False,0,0.0,ok
200,LK1106170,Udumulla South,Kolonnawa,0.37658444,0.6470998752275708,0.19161206954260257,211,11,38.64333382799047,0.9367153735336488,0.5548208145312405,4909.617586294842,52.63411177684822,0.6678635547576302,0.7378815080789947,0.5493716337522442,0.6247755834829444,0.7594254937163375,5.169197974953371,False,52.72222222222222,True,40.510646704078376,False,4.5237426243326775,not_remotely_sensable,access_only,0.0,adjacent,,True,False,0.0024168997344929943,0,62,1.0,False,0,0.0,ok
201,LK1136020,Divulpitiya West,Kesbewa,0.44114123,0.6438696994456627,0.20073650108851424,197,-4,38.04658285888393,0.831372893258427,0.4410307488516707,4896.483312510374,73.73118251581188,0.6086175942549371,0.6337522441651705,0.7360861759425493,0.6229802513464991,0.6588868940754039,13.9047184864372,False,80.69767441860466,True,57.103116214670614,True,4.606830818109611,not_remotely_sensable,access_only,4.74128105767039,within,worldcover_wetland;gsw_seasonal,True,False,0.0024168997344929943,0,62,1.0,False,0,0.0,ok
202,LK1133175,Koralawella East,Moratuwa,0.39717132,0.6428449382466144,0.24817288875368518,153,-49,37.15676475690158,0.6659186262074347,0.3254990281134293,4491.627807869226,1.2297798245266731,0.5026929982046678,0.48114901256732495,0.9012567324955116,0.5727109515260324,0.9228007181328546,0.858480749219563,False,1.4,False,0.0,False,4.067173970086592,not_remotely_sensable,neither,40.97294484911551,within,gsw_seasonal;wdpa,True,False,0.0024168997344929943,0,39,1.0,False,0,0.0,ok
203,LK1109145,Muttettugoda,Kaduwela,1.31415009,0.6423382202614455,0.21352005188674616,185,-18,37.77633424336738,0.819319319319319,0.5436545066964965,6014.668202382066,53.335010268026494,0.5798922800718133,0.6193895870736086,0.5727109515260324,0.7109515260323159,0.755834829443447,8.988249656645811,False,56.59541984732823,True,41.14007933017303,False,6.3715627095908784,not_remotely_sensable,access_only,13.940180070196856,within,wdpa,True,False,0.0024168997344929943,0,166,1.0,False,0,0.0,ok
204,LK1109155,Walpola,Kaduwela,1.51655461,0.6406913976541027,0.19275386062536912,209,5,38.68987536288029,0.9283126690137252,0.5758371818766032,5577.695403303771,77.46133221730446,0.6750448833034112,0.7235188509874326,0.4865350089766607,0.6786355475763016,0.6373429084380611,5.1689992078162135,False,78.84868421052632,True,61.396501040716444,True,4.893839192481726,not_remotely_sensable,access_only,0.8185899128597834,adjacent,,True,False,0.0024168997344929943,0,186,1.0,False,0,0.0,ok
205,LK1124040,Ethulkotte West,Sri Jayawardanapura Kotte,0.63200536,0.6403614481099935,0.18459846609292319,227,22,38.810222411728105,0.874203821656051,0.5002955708065012,4598.747092269905,76.3558057063548,0.6894075403949731,0.6606822262118492,0.6481149012567325,0.5816876122082585,0.6427289048473968,13.505335244465678,False,78.93548387096774,True,53.687099104656625,True,8.43462246777164,not_remotely_sensable,access_only,95.11068641503424,within,wdpa,True,False,0.0024168997344929943,0,84,1.0,False,0,0.0,ok
206,LK1136240,Suwarapola West,Kesbewa,0.2749239,0.6349823041413988,0.19876718592513729,202,-4,38.21185139097573,0.8019732205778718,0.5380340998725855,5801.860333393574,89.06951071991415,0.63016157989228,0.599640933572711,0.5834829443447038,0.6983842010771992,0.5727109515260324,8.181154127100074,False,89.40740740740739,True,63.74903816108757,True,12.937783271528636,not_remotely_sensable,access_only,15.193571950328707,within,dw_flooded_vegetation;worldcover_wetland;gsw_seasonal;wdpa,True,False,0.0024168997344929943,0,43,1.0,False,0,0.0,ok
207,LK1136080,Vishwakalawa,Kesbewa,0.24269317,0.6343013478536575,0.21319476589564215,186,-21,38.91685778539121,0.9328976729359262,0.5451731868978895,6440.437774453911,100.0,0.6947935368043088,0.7307001795332136,0.5709156193895871,0.7396768402154399,0.19658886894075403,26.06694560669456,False,100.0,True,100.0,True,20.821448944666287,not_remotely_sensable,access_only,0.0,neither,,False,False,0.0024168997344929943,0,37,1.0,False,0,0.0,ok
208,LK1112235,Mattegoda Central 'A',Homagama,0.18590098,0.6339143531696592,0.1784546646241633,237,29,40.28008324065788,0.9916544961402044,0.4708166383712048,3974.339611172055,100.0,0.8384201077199281,0.8240574506283662,0.6929982046678635,0.5044883303411131,0.19658886894075403,12.763656030286642,False,100.0,True,100.0,True,39.80424143556281,not_remotely_sensable,access_only,0.0,neither,,False,False,0.0024168997344929943,0,32,1.0,False,0,0.0,ok
209,LK1133090,Katubedda,Moratuwa,1.63850462,0.6336685600439115,0.17866336277132192,236,27,39.02262581545116,0.8365925086202827,0.5476133477066479,4877.580055342245,88.93773648796684,0.7055655296229802,0.6391382405745063,0.5637342908438061,0.6211849192100538,0.5745062836624776,18.461068702290078,False,91.07272727272726,True,79.0397311102222,True,12.677888293802601,not_remotely_sensable,access_only,13.459541984732825,within,dw_flooded_vegetation;worldcover_wetland;gsw_seasonal;wdpa,True,False,0.0024168997344929943,0,194,1.0,False,0,0.0,ok
210,LK1106205,Salamulla,Kolonnawa,0.54490775,0.6316890646041048,0.2690551171804045,130,-80,37.174210899049285,0.6399120005677382,0.559952375622928,8841.068347125518,75.5764999756631,0.5098743267504489,0.44703770197486536,0.5296229802513465,0.8456014362657092,0.6499102333931778,29.18510324483776,False,82.45454545454545,True,64.72233893470423,True,11.519416210581182,not_remotely_sensable,access_only,0.995575221238938,adjacent,,True,False,0.0024168997344929943,0,72,1.0,False,0,0.0,ok
211,LK1121165,Maharagama Town,Maharagama,1.29937702,0.6316685956395627,0.17731990554069366,238,27,39.05453721944185,0.872562155724282,0.4984903898585386,4182.905492124551,76.78379769827139,0.7127468581687613,0.6588868940754039,0.6535008976660682,0.5296229802513465,0.6391382405745063,8.461775585696671,False,78.30232558139537,True,58.26879668628018,True,7.08270170119589,not_remotely_sensable,access_only,0.0,adjacent,,True,False,0.0024168997344929943,0,166,1.0,False,0,0.0,ok
212,LK1133210,Egoda Uyana South,Moratuwa,0.48034691,0.629539166656757,0.258546638682856,140,-72,36.57249647614342,0.5643237143317749,0.3465229801346187,7272.202301392296,96.30793002050241,0.4326750448833034,0.40574506283662476,0.874326750448833,0.7827648114901257,0.48473967684021546,3.714360449908449,False,96.55172413793103,True,93.525923155317,True,9.267241379310345,not_remotely_sensable,access_only,38.817682448339,within,gsw_seasonal;wdpa,True,False,0.0024168997344929943,0,60,1.0,False,0,0.0,ok
213,LK1136050,Boralesgamuwa East A,Kesbewa,0.77455146,0.6288160096885419,0.19330174359257574,208,-5,38.12523455256905,0.7645764576457647,0.5226269633118864,5091.7663762836255,62.045889930846464,0.6211849192100538,0.5583482944344704,0.6068222621184919,0.6391382405745063,0.7019748653500898,3.278476091745497,False,64.48101265822785,True,49.332449219321155,False,7.502679528403001,not_remotely_sensable,access_only,0.23325126344434366,adjacent,,True,False,0.0024168997344929943,0,96,1.0,False,0,0.0,ok
214,LK1133145,Villorawatta East,Moratuwa,0.46413868,0.6287995155641194,0.20247235463260338,195,-19,37.81616712233562,0.7408582401068625,0.4733834720696737,5517.517076340397,88.91469447881046,0.585278276481149,0.5368043087971275,0.6894075403949731,0.6750448833034112,0.5763016157989228,16.03119584055459,False,91.10810810810811,True,70.69365006924438,True,14.293085655314757,not_remotely_sensable,access_only,43.86915077989602,within,worldcover_wetland;gsw_seasonal;wdpa,True,False,0.0024168997344929943,0,56,1.0,False,0,0.0,ok
215,LK1136155,Bokundara,Kesbewa,0.60142598,0.6281351536353348,0.18748009038989277,221,6,38.131376777919854,0.9401698404529076,0.5328174352893202,5142.205845902027,87.32676135779413,0.6229802513464991,0.7432675044883303,0.59245960502693,0.644524236983842,0.5834829443447038,4.743611157507934,False,88.0,True,72.10790669748148,True,8.118534104857092,not_remotely_sensable,access_only,1.0188742274929012,within,gsw_seasonal,True,False,0.0024168997344929943,0,85,1.0,False,0,0.0,ok
216,LK1133205,Egoda Uyana Central,Moratuwa,0.4020277,0.6274519152741603,0.23300890618975414,169,-47,36.73161805754769,0.6411243742780133,0.3018851279016422,5373.956795281198,77.47925592454298,0.4578096947935368,0.4488330341113106,0.9317773788150808,0.6570915619389587,0.6355475763016158,0.8296460176991151,False,77.93939393939395,True,59.16168081371528,True,3.514086640411996,not_remotely_sensable,access_only,28.125,within,gsw_seasonal;wdpa,True,False,0.0024168997344929943,0,44,1.0,False,0,0.0,ok
217,LK1136025,Bellanvila,Kesbewa,0.53959286,0.6272712942212773,0.1974408209191612,204,-13,37.93580161745047,0.7832950631458094,0.5273548229356927,5507.699625061244,72.57394271806393,0.5942549371633752,0.578096947935368,0.5978456014362658,0.6732495511669659,0.6696588868940754,19.27286217770358,False,78.47169811320755,True,62.838526056338225,True,9.191176470588236,not_remotely_sensable,access_only,12.001483954739381,within,wdpa,True,False,0.0024168997344929943,0,74,1.0,False,0,0.0,ok
218,LK1109245,Aruppitiya,Kaduwela,0.45907218,0.6228902949045548,0.18759023732573624,220,2,38.11513737196217,0.926232275489534,0.5052351034941264,4446.362022734754,58.206678014072075,0.6157989228007181,0.7199281867145422,0.6409335727109515,0.5637342908438061,0.725314183123878,12.16422799737934,False,58.85106382978722,True,46.56624001224264,False,8.391434262948207,not_remotely_sensable,access_only,1.04826381305962,within,gsw_seasonal,True,False,0.0024168997344929943,0,73,1.0,False,0,0.0,ok
219,LK1136180,Thumbovila West,Kesbewa,0.62193453,0.6204036205853755,0.17902286209212656,235,16,38.53199601930238,0.9523839163450766,0.505976782671826,4012.8289401950583,61.64372647318866,0.6606822262118492,0.7648114901256733,0.6391382405745063,0.5098743267504489,0.703770197486535,1.7263633430138754,False,59.91935483870969,True,39.64828325794035,False,5.977011494252873,not_remotely_sensable,access_only,0.0,adjacent,,True,False,0.0024168997344929943,0,83,1.0,False,0,0.0,ok
220,LK1109160,Kalapaluwawa,Kaduwela,1.01111242,0.6195726891959393,0.1887464732866298,217,-3,38.1174046709474,0.7458009718024258,0.5357353573878605,4942.116590898105,60.0191367664355,0.6175942549371634,0.5421903052064632,0.585278276481149,0.6265709156193896,0.7109515260323159,15.88508243656827,False,63.554455445544555,True,51.428883336021265,True,8.768634816292993,not_remotely_sensable,access_only,2.2608352255898905,within,gsw_seasonal,True,False,0.0024168997344929943,0,134,1.0,False,0,0.0,ok
221,LK1124065,Nawala East,Sri Jayawardanapura Kotte,1.05786177,0.6134365769954552,0.17082915363703266,250,29,39.0016699047224,0.8274701967380971,0.501991369345146,3920.558923352345,78.21468513470586,0.703770197486535,0.6265709156193896,0.644524236983842,0.4991023339317774,0.6229802513464991,15.71941087613293,False,82.17757009345794,True,65.05335959089858,True,9.812927075165229,not_remotely_sensable,access_only,16.229229607250755,within,worldcover_wetland;wdpa,True,False,0.0024168997344929943,0,136,1.0,False,0,0.0,ok
222,LK1124045,Ethulkotte,Sri Jayawardanapura Kotte,0.84837677,0.6129306209136586,0.17667527699599536,240,18,38.53104009596544,0.8040771651388698,0.4989802505872467,4363.945961792296,86.55744515051006,0.6588868940754039,0.6014362657091562,0.651705565529623,0.5565529622980251,0.585278276481149,8.42068072076316,False,90.0,True,70.67609816090618,True,9.606481481481481,not_remotely_sensable,access_only,97.2912495583559,within,gsw_seasonal;wdpa,True,False,0.0024168997344929943,0,109,1.0,False,0,0.0,ok
223,LK1136030,Boralesgamuwa West A,Kesbewa,0.7039175,0.6113133421236878,0.21722272705187107,181,-42,37.33848728083152,0.6471850751196964,0.5583343293548989,6679.883161365409,72.80954639716862,0.526032315978456,0.4614003590664273,0.5368043087971275,0.7522441651705566,0.6678635547576302,33.71696504688832,True,79.72972972972973,True,52.634857938475065,True,6.237942122186495,not_remotely_sensable,both_30_and_300,7.203751065643649,within,wdpa,True,False,0.0024168997344929943,0,99,1.0,False,0,0.0,ok
224,LK1121155,Kottawa Town,Maharagama,1.3213381,0.6090909767580848,0.1746210104746474,244,20,38.73767790196404,0.9147270915166796,0.4823265038157687,4035.746963940214,94.39327318084459,0.6804308797127468,0.703770197486535,0.6750448833034112,0.5134649910233393,0.5098743267504489,5.0303951367781155,False,95.33076923076923,True,74.52795871681786,True,6.409025444071052,not_remotely_sensable,access_only,0.0,neither,,False,False,0.0024168997344929943,0,181,1.0,False,0,0.0,ok
225,LK1112310,Mattegoda Central 'B',Homagama,0.44412719,0.6042277727659436,0.2336028249370439,168,-57,38.02375711485582,0.8464621819449286,0.574452058813035,7543.085349698896,100.0,0.6050269299820467,0.644524236983842,0.4955116696588869,0.7971274685816876,0.19658886894075403,23.059515727540166,False,100.0,True,100.0,True,23.382254836557706,not_remotely_sensable,access_only,0.0,neither,,False,False,0.0024168997344929943,0,64,1.0,False,0,0.0,ok
226,LK1109140,Thalahena South,Kaduwela,0.54543424,0.6040851791337395,0.17679845945710798,239,13,38.24141240821613,0.925466278987306,0.5650424200244412,4333.541991131365,55.6836600328897,0.6337522441651705,0.7163375224416517,0.5242369838420108,0.5493716337522442,0.7414721723518851,4.137550570062523,False,59.70909090909092,True,40.9549512765526,False,6.560521772491847,not_remotely_sensable,access_only,0.0,adjacent,,True,False,0.0024168997344929943,0,75,1.0,False,0,0.0,ok
227,LK1136100,Erewwala West,Kesbewa,1.18191513,0.6039172514858943,0.19336544589285098,207,-20,37.57241905878272,0.7836908465695103,0.5742422924253342,5671.554521230919,72.89936725876446,0.5601436265709157,0.5798922800718133,0.49730700179533216,0.6929982046678635,0.6660682226211849,16.4758755193759,False,75.98290598290595,True,54.273415490733946,True,6.259526470887105,not_remotely_sensable,access_only,0.2035105571101501,neither,,False,False,0.0024168997344929943,0,158,1.0,False,0,0.0,ok
228,LK1121025,Thalawathugoda East,Maharagama,1.30364076,0.6024198286036851,0.1797155784829853,233,5,38.14015937469033,0.9543391188251,0.5588094665716777,4116.100728640791,45.66521576650275,0.6265709156193896,0.7666068222621185,0.533213644524237,0.5206463195691203,0.7845601436265709,1.1064156742220514,False,48.85271317829457,False,29.571671229831114,False,2.0200450625437028,not_remotely_sensable,neither,0.08451786400307337,adjacent,,True,False,0.0024168997344929943,0,140,1.0,False,0,0.0,ok
229,LK1109185,Batapotha,Kaduwela,1.24926962,0.6023188881934047,0.18976587512635326,215,-14,37.568191145574765,0.7651740369131673,0.5470275089724291,5328.932006828377,72.91147457808545,0.5583482944344704,0.5601436265709157,0.5655296229802513,0.6552962298025135,0.6642728904847397,9.775280898876405,False,74.0,True,61.56122663388571,True,9.446717665895749,not_remotely_sensable,access_only,15.321027287319422,within,wdpa,True,False,0.0024168997344929943,0,163,1.0,False,0,0.0,ok
230,LK1109255,Battaramulla South,Kaduwela,0.61799476,0.6005935526022727,0.16461084571627813,263,33,39.34841533421722,0.7919749216300942,0.4513084158917954,3064.7156075757894,93.05687758901693,0.7414721723518851,0.5906642728904847,0.7235188509874326,0.41651705565529623,0.526032315978456,2.4931196373644164,False,93.39655172413794,True,75.89041512912007,True,4.867944070429829,not_remotely_sensable,access_only,76.41249797636394,within,gsw_seasonal;wdpa,True,False,0.0024168997344929943,0,79,1.0,False,0,0.0,ok
231,LK1106185,Malpura,Kolonnawa,0.92888551,0.5974963926002695,0.17586587794525826,242,11,37.97775738468027,0.8274568642160537,0.5307065754013475,4364.761863510717,68.06587843484144,0.6032315978456014,0.6247755834829444,0.5960502692998204,0.5583482944344704,0.6804308797127468,12.33423180592992,False,64.58426966292134,True,60.65325239228351,True,10.4875,not_remotely_sensable,access_only,4.269541778975741,within,worldcover_wetland;gsw_seasonal,True,False,0.0024168997344929943,0,128,1.0,False,0,0.0,ok
232,LK1136145,Paligedara,Kesbewa,0.66753213,0.5963588315619707,0.18097877691496378,232,0,37.90518563669136,0.8898545686308594,0.5811872155664002,5117.827603073206,75.94784249170735,0.59245960502693,0.6786355475763016,0.4614003590664273,0.6427289048473968,0.6481149012567325,7.286961758506474,False,78.03030303030306,True,55.59162359485379,True,8.898993179603767,not_remotely_sensable,access_only,0.0,adjacent,,True,False,0.0024168997344929943,0,92,1.0,False,0,0.0,ok
233,LK1136065,Boralesgamuwa East B,Kesbewa,0.86680206,0.5910848636271884,0.16975324028368002,254,21,38.28511795064399,0.8450848972296692,0.5592382822122502,4163.816185972539,63.15368145141265,0.644524236983842,0.6427289048473968,0.5314183123877917,0.5242369838420108,0.6983842010771992,14.112484120568196,False,65.20454545454547,True,50.42202873603825,True,12.404040404040405,not_remotely_sensable,access_only,0.0,adjacent,,True,False,0.0024168997344929943,0,114,1.0,False,0,0.0,ok
234,LK1124015,Welikada East,Sri Jayawardanapura Kotte,1.25680781,0.585275129358874,0.18428343091364005,228,-6,37.45078459906686,0.6713437336533431,0.4757981856817164,4601.968288036135,80.47771741316478,0.5421903052064632,0.4829443447037702,0.6840215439856373,0.5834829443447038,0.6140035906642729,14.20495262361653,False,83.327868852459,True,73.53569940412048,True,17.21662938105891,not_remotely_sensable,access_only,3.5751254080738915,within,worldcover_wetland;gsw_seasonal,True,False,0.0024168997344929943,0,165,1.0,False,0,0.0,ok
235,LK1112195,Galavilawatta South,Homagama,0.78042868,0.5844578136356094,0.18787661764703745,218,-17,37.52260686916018,0.7889880952380951,0.4980573808419562,5067.963423774354,99.83610571291038,0.5511669658886894,0.585278276481149,0.6552962298025135,0.6373429084380611,0.40754039497307004,8.091446185461084,False,99.8875,True,91.56056873893242,True,10.662905500705218,not_remotely_sensable,access_only,0.0,neither,,False,False,0.0024168997344929943,0,106,1.0,False,0,0.0,ok
236,LK1109135,Thalangama North B,Kaduwela,0.91702465,0.582514606286379,0.17916451996136076,234,-2,37.66108846177737,0.7858709405314213,0.5156195027561239,4003.2162059383295,50.81412401432423,0.5691202872531418,0.5834829443447038,0.6229802513464991,0.5080789946140036,0.770197486535009,5.081411867555459,False,56.50000000000002,True,36.72358925116601,False,6.021183513700207,not_remotely_sensable,access_only,0.03278330237132554,adjacent,,True,False,0.0024168997344929943,0,120,1.0,False,0,0.0,ok
237,LK1109170,Subhoothipura,Kaduwela,0.86823963,0.5794926905490091,0.17073639587531952,251,14,38.114679662822745,0.7463471133285815,0.4460813885525462,3209.934614963219,71.9576312193354,0.6140035906642729,0.5439856373429084,0.7307001795332136,0.4326750448833034,0.6750448833034112,7.391506149918775,False,78.15476190476191,True,60.397157486180156,True,8.652140866480872,not_remotely_sensable,access_only,4.641448131817127,within,gsw_seasonal,True,False,0.0024168997344929943,0,113,1.0,False,0,0.0,ok
238,LK1121115,Dambahena,Maharagama,0.99525759,0.5769894704983382,0.1644415456631904,264,26,38.13944872042954,0.7986310959010656,0.5556402916419448,4339.007688108291,90.51077475871593,0.6247755834829444,0.5942549371633752,0.5457809694793537,0.5529622980251346,0.5493716337522442,6.62164886111671,False,92.08080808080808,True,78.09016439799818,True,10.819565921606738,not_remotely_sensable,access_only,0.0,adjacent,,True,False,0.0024168997344929943,0,126,1.0,False,0,0.0,ok
239,LK1131030,Attidiya North,Ratmalana,1.33202846,0.574331729472801,0.17117999563186057,249,10,37.977569086405545,0.6431290500682881,0.5554266106162479,4231.800589157661,57.90570038607608,0.6014362657091562,0.45601436265709155,0.547576301615799,0.5350089766606823,0.7289048473967684,28.697090444327493,False,67.4263565891473,True,49.2832619272654,False,8.266554196541543,not_remotely_sensable,access_only,85.12893767385911,within,wdpa,True,False,0.0024168997344929943,0,168,1.0,False,0,0.0,ok
240,LK1136230,Kolamunna,Kesbewa,0.81187804,0.5704774620025171,0.16963174388345575,255,15,37.64383012261277,0.7635782747603834,0.5355299875238959,4459.080516893585,89.32399508989702,0.5673249551166966,0.5547576301615799,0.5870736086175943,0.5691202872531418,0.5655296229802513,14.53244510239329,False,89.20987654320986,True,74.91833822461872,True,9.718969555035128,not_remotely_sensable,access_only,0.037009622501850484,adjacent,,True,False,0.0024168997344929943,0,111,1.0,False,0,0.0,ok
241,LK1136175,Wewala East,Kesbewa,0.47818889,0.5688762210973347,0.1724888703306632,245,4,37.43141230721335,0.828076735490164,0.569226753202236,4725.681347277198,78.10285702238562,0.5403949730700179,0.6283662477558348,0.5116696588868941,0.5978456014362658,0.6265709156193896,6.716886377903327,False,81.82352941176472,True,69.89480172920196,True,8.01987224982257,not_remotely_sensable,access_only,11.6551579828416,within,dw_flooded_vegetation;worldcover_wetland;gsw_seasonal;wdpa,True,False,0.0024168997344929943,0,78,1.0,False,0,0.0,ok
242,LK1109265,Pahalawela,Kaduwela,1.87457118,0.5687349009851268,0.16992556294847558,253,11,37.69894650237245,0.6782610490679766,0.4656009023624979,3537.8944171592225,73.20156731599359,0.5727109515260324,0.4865350089766607,0.6947935368043088,0.47755834829443444,0.6624775583482945,18.170165037654222,False,74.37777777777778,True,64.83849344712746,True,11.108201872095307,not_remotely_sensable,access_only,77.17780270255835,within,gsw_seasonal;wdpa,True,False,0.0024168997344929943,0,218,1.0,False,0,0.0,ok
243,LK1121050,Rukmale East B,Maharagama,0.41593763,0.5651686895945478,0.1756659326926456,243,0,37.49288906946895,0.7350999535099954,0.5510686272385508,4961.477295239678,98.48928516563363,0.5493716337522442,0.533213644524237,0.5565529622980251,0.63016157989228,0.45601436265709155,11.052251384541295,False,98.79545454545455,True,89.73479626018946,True,16.05740590305984,not_remotely_sensable,access_only,0.0,adjacent,,True,False,0.0024168997344929943,0,62,1.0,False,0,0.0,ok
244,LK1136245,Hedigama,Kesbewa,0.78429579,0.5625031259964637,0.1818013510931648,231,-13,37.24429958471956,0.7904117705144663,0.5852388125727781,5385.906735466655,85.38621936260438,0.518850987432675,0.5888689407540395,0.44344703770197486,0.6588868940754039,0.59245960502693,9.693486590038313,False,88.44303797468355,True,69.13108441912608,True,10.465280724084288,not_remotely_sensable,access_only,4.814814814814815,within,wdpa,True,False,0.0024168997344929943,0,108,1.0,False,0,0.0,ok
245,LK1106015,Halmulla,Kolonnawa,0.39483482,0.5617466259563937,0.19018377831189162,214,-31,36.59487803473282,0.5667940801724982,0.4784542101096807,4821.409923224079,67.51550208226725,0.4362657091561939,0.40933572710951527,0.6768402154398564,0.6122082585278277,0.6822262118491921,3.3620946146980066,False,73.83783783783784,True,50.89426645232629,True,3.355911330049261,not_remotely_sensable,access_only,7.49776852127343,within,gsw_seasonal,True,False,0.0024168997344929943,0,59,1.0,False,0,0.0,ok
246,LK1136210,Mampe East,Kesbewa,0.37094037,0.5584621581677472,0.17158186437057482,247,1,38.12234191687276,0.9260265385017238,0.543635633429344,4538.591849269195,100.0,0.6193895870736086,0.718132854578097,0.5745062836624776,0.578096947935368,0.19658886894075403,11.908602150537634,False,100.0,True,99.80521350549506,True,15.732758620689655,not_remotely_sensable,access_only,0.0,neither,,False,False,0.0024168997344929943,0,55,1.0,False,0,0.0,ok
247,LK1106150,Malgama,Kolonnawa,0.99582107,0.5573329677112203,0.1701373990883834,252,5,37.42826347202815,0.8612514574426736,0.5629839531570567,4700.735394564648,95.1813813643571,0.5385996409335727,0.6499102333931778,0.526032315978456,0.5942549371633752,0.4991023339317774,10.350045394935943,False,96.0,True,83.01128551148678,True,8.383031394171262,not_remotely_sensable,access_only,0.0,adjacent,,True,False,0.0024168997344929943,0,125,1.0,False,0,0.0,ok
248,LK1136190,Makuludoowa,Kesbewa,0.5554109,0.5571269570583864,0.16742713100713363,257,9,37.84759065621794,0.9332030432051368,0.6037831267891519,4803.864341720396,95.07661254960084,0.5870736086175943,0.7324955116696589,0.38420107719928187,0.6086175942549371,0.5008976660682226,2.8148682785997834,False,95.7142857142857,True,69.14485957514131,True,5.848496101002599,not_remotely_sensable,access_only,0.0,neither,,False,False,0.0024168997344929943,0,77,1.0,False,0,0.0,ok
249,LK1121170,Godigamuwa South A,Maharagama,0.98675695,0.5562130887642973,0.16540583306507703,260,11,37.605978482224025,0.6893196264615866,0.5752546762705392,4542.149307860465,79.76923219909544,0.5619389587073609,0.49371633752244165,0.4919210053859964,0.5798922800718133,0.6175942549371634,17.947673826733176,False,79.91089108910892,True,71.34007559178525,True,12.185134632088348,not_remotely_sensable,access_only,0.04072075740608775,adjacent,,True,False,0.0024168997344929943,0,138,1.0,False,0,0.0,ok
250,LK1109065,Thalahena North,Kaduwela,0.57112078,0.5556139329095929,0.15798965756974545,273,23,37.97709182284389,0.7778455284552844,0.571073118518523,4023.287547794332,77.61331750112922,0.599640933572711,0.5727109515260324,0.5026929982046678,0.5116696588868941,0.6337522441651705,14.177793394237526,False,80.54545454545455,True,60.857456206741766,True,7.267144319344934,not_remotely_sensable,access_only,0.0,neither,,False,False,0.0024168997344929943,0,77,1.0,False,0,0.0,ok
251,LK1109235,Kumaragewatta,Kaduwela,2.15957859,0.5537738265723604,0.15646712653877837,276,25,38.02845110803793,0.7632819079359957,0.4979553891235352,2961.3426740701343,70.70549413690735,0.6068222621184919,0.5529622980251346,0.6570915619389587,0.3985637342908438,0.6786355475763016,10.022736763955269,False,75.41860465116278,True,58.890019399752056,True,8.525140250616055,not_remotely_sensable,access_only,13.136281379054337,within,gsw_seasonal;wdpa,True,False,0.0024168997344929943,0,272,1.0,False,0,0.0,ok
252,LK1121135,Malapalla West,Maharagama,0.57159992,0.5534128606045884,0.1541615655551144,280,28,37.79635972646583,0.9670121249068616,0.5672505225102802,3775.974470585444,89.14341188411925,0.5834829443447038,0.7863554757630161,0.5152603231597845,0.49012567324955114,0.5691202872531418,12.84339457567804,False,87.375,True,77.53444654508097,True,10.700662517566753,not_remotely_sensable,access_only,0.0,neither,,False,False,0.0024168997344929943,0,76,1.0,False,0,0.0,ok
253,LK1136285,Kesbewa South,Kesbewa,1.5984012,0.5519736609733796,0.160407564083659,267,14,37.79633048372137,0.8181047635192408,0.5782196460293051,4338.463867001257,90.27021581610975,0.5816876122082585,0.6157989228007181,0.47755834829443444,0.5511669658886894,0.5529622980251346,13.341700658926891,False,92.25949367088609,True,74.02040340741765,True,13.579084588644264,not_remotely_sensable,access_only,0.006275494195167869,adjacent,,True,False,0.0024168997344929943,0,205,1.0,False,0,0.0,ok
254,LK1121145,Makumbura North,Maharagama,1.06853788,0.5518432251146829,0.14771006793195926,296,42,38.27360888822685,0.8359437314190415,0.5246892349012365,2974.0215567267323,86.03442276470918,0.6409335727109515,0.6373429084380611,0.6032315978456014,0.4021543985637343,0.5888689407540395,21.188193269411542,False,84.4090909090909,True,74.54326914663223,True,9.889061195276154,not_remotely_sensable,access_only,0.0,neither,,False,False,0.0024168997344929943,0,152,1.0,False,0,0.0,ok
255,LK1121130,Kottawa South,Maharagama,1.22895632,0.5492499505539337,0.16647440073012448,259,4,37.623964129097246,0.8768795218622207,0.5788403843532158,4646.770773095598,99.45498367300193,0.5655296229802513,0.6642728904847397,0.4757630161579892,0.5906642728904847,0.4326750448833034,7.131782945736434,False,99.39669421487604,True,94.6182299149595,True,8.919940240794446,not_remotely_sensable,access_only,0.0,neither,,False,False,0.0024168997344929943,0,149,1.0,False,0,0.0,ok
256,LK1109225,Arangala,Kaduwela,1.26784316,0.5490370274677576,0.17118667981629987,248,-8,37.19731814366613,0.7576543850544886,0.5692513801791791,4259.586116907103,55.69117492757154,0.5152603231597845,0.547576301615799,0.5098743267504489,0.5403949730700179,0.7396768402154399,9.102402022756005,False,61.81889763779528,True,42.362680652806176,False,6.754172461752434,not_remotely_sensable,access_only,0.0,adjacent,,True,False,0.0024168997344929943,0,158,1.0,False,0,0.0,ok
257,LK1136205,Mavittara North,Kesbewa,0.66207162,0.5446853159419159,0.16011142931450892,268,11,37.97237952385874,0.9428571428571428,0.5886790422835336,4344.701878549062,99.6281158905551,0.5978456014362658,0.7504488330341114,0.4326750448833034,0.5547576301615799,0.42010771992818674,11.321612609881782,False,99.65151515151517,True,91.3098357152563,True,17.18967921896792,not_remotely_sensable,access_only,0.0,neither,,False,False,0.0024168997344929943,0,86,1.0,False,0,0.0,ok
258,LK1136125,Bangalawatta,Kesbewa,0.34579199,0.5438096792979804,0.18486314242866328,226,-32,37.49128766719144,0.7724376886107073,0.568318790349265,5491.486709603251,100.0,0.547576301615799,0.5673249551166966,0.5134649910233393,0.6714542190305206,0.19658886894075403,3.3555105582875324,False,100.0,True,94.17555007050612,True,12.421430709368453,not_remotely_sensable,access_only,0.0,neither,,False,False,0.0024168997344929943,0,49,1.0,False,0,0.0,ok
259,LK1136185,Mampe North,Kesbewa,1.24690015,0.5393214355285708,0.16367380552546873,266,7,37.55869465141241,0.8355110021414606,0.5901816721043328,4631.833195981346,97.78769322864407,0.5565529622980251,0.6355475763016158,0.43087971274685816,0.5888689407540395,0.466786355475763,11.089712726689134,False,98.11811023622047,True,89.06344819435246,True,13.889404342178512,not_remotely_sensable,access_only,0.0,adjacent,,True,False,0.0024168997344929943,0,156,1.0,False,0,0.0,ok
260,LK1109070,Malabe North,Kaduwela,2.10731828,0.5372507817887987,0.1469729342991791,298,38,37.72198454029979,0.8300036724201247,0.5694435925172656,3545.510644020196,88.646479819249,0.5745062836624776,0.63016157989228,0.5080789946140036,0.4829443447037702,0.578096947935368,10.137350886364716,False,90.32843137254902,True,73.19169123737939,True,10.66043746018263,not_remotely_sensable,access_only,0.04277363243191863,adjacent,,True,False,0.0024168997344929943,0,260,1.0,False,0,0.0,ok
261,LK1103120,Fort,Colombo,7.46313675,0.5360619928038282,0.23951408526460294,159,-102,37.74219283073024,0.732059401729352,0.0851133141353826,903.0727962926514,33.782319918690874,0.578096947935368,0.5242369838420108,1.0,0.1310592459605027,0.822262118491921,0.6933084053906676,False,38.04504504504504,False,26.9902028420529,False,1.83631470634795,not_remotely_sensable,neither,11.80365296803653,within,gsw_seasonal,True,False,0.0024168997344929943,0,199,1.0,False,0,0.0,ok
262,LK1124030,Nawala West,Sri Jayawardanapura Kotte,1.37786481,0.5319088334728904,0.15428095997810426,279,17,37.53366784301585,0.7371362768228292,0.4920810163822564,3149.405407955187,90.31146840974681,0.5547576301615799,0.5350089766606823,0.6642728904847397,0.4254937163375224,0.5511669658886894,22.911346224005836,False,93.88235294117646,True,75.98206642160036,True,11.509397403603952,not_remotely_sensable,access_only,3.1229478292593944,within,worldcover_wetland;gsw_seasonal,True,False,0.0024168997344929943,0,176,1.0,False,0,0.0,ok
263,LK1136090,Katuwawala South,Kesbewa,0.44633401,0.5304557747273703,0.14376944301369352,305,42,38.17503699736598,0.7792241603749025,0.5672048678763737,3430.24271660907,98.6774700095124,0.6283662477558348,0.5763016157989228,0.5170556552962298,0.4578096947935368,0.4506283662477558,8.740707366523992,False,98.70454545454545,True,88.18807134787232,True,10.466551468773142,not_remotely_sensable,access_only,0.0,adjacent,,True,False,0.0024168997344929943,0,62,1.0,False,0,0.0,ok
264,LK1121125,Kottawa West,Maharagama,0.47045317,0.529936784843092,0.16490499191358055,262,-2,37.42695507401545,0.7733146761050289,0.6097721225273971,4870.967113259063,95.69592952239648,0.5368043087971275,0.5691202872531418,0.36983842010771995,0.6193895870736086,0.49371633752244165,3.993166773435832,False,96.04347826086956,True,72.96760344604336,True,8.661767980405255,not_remotely_sensable,access_only,0.0,neither,,False,False,0.0024168997344929943,0,70,1.0,False,0,0.0,ok
265,LK1109195,Hokandara North,Kaduwela,1.70932061,0.5283532210825499,0.14766371983665003,297,32,37.53252612632452,0.8234495246717976,0.5382173460885894,3088.471840094979,78.21418557049856,0.5529622980251346,0.6211849192100538,0.5816876122082585,0.42010771992818674,0.6247755834829444,9.594570876967179,False,81.42682926829266,True,62.25989432775409,True,10.567043828846405,not_remotely_sensable,access_only,0.6844907271982683,adjacent,,True,False,0.0024168997344929943,0,205,1.0,False,0,0.0,ok
266,LK1136255,Kesbewa North,Kesbewa,0.95147579,0.5253007081614111,0.15883400617044302,270,4,37.36200968750442,0.7337646484375001,0.5816371912927326,4399.513629029195,93.53520328255371,0.5296229802513465,0.526032315978456,0.4578096947935368,0.5619389587073609,0.518850987432675,10.672853828306264,False,95.10526315789474,True,76.67079215506291,True,11.109799291617474,not_remotely_sensable,access_only,0.0,adjacent,,True,False,0.0024168997344929943,0,124,1.0,False,0,0.0,ok
267,LK1136170,Wewala West,Kesbewa,1.07644819,0.5195783879912674,0.16738170069786565,258,-9,36.6187838846687,0.6852317642831475,0.5761144112809187,4796.456042475095,89.69603180286036,0.4452423698384201,0.49012567324955114,0.4829443447037702,0.6068222621184919,0.5619389587073609,25.679448994787787,False,92.77450980392157,True,81.40980179923774,True,18.385012919896642,not_remotely_sensable,access_only,28.145941921072225,within,dw_flooded_vegetation;worldcover_wetland;gsw_seasonal;wdpa,True,False,0.0024168997344929943,0,131,1.0,False,0,0.0,ok
268,LK1121015,Madiwela,Maharagama,1.40251797,0.5194472023456667,0.14927308951694643,293,25,37.73641214339674,0.8126552237982232,0.6024642587787138,4002.535650360126,90.1532947298114,0.5763016157989228,0.6086175942549371,0.3895870736086176,0.5062836624775583,0.5547576301615799,21.59359130248194,False,90.47761194029847,True,75.76853715422686,True,10.454296661193213,not_remotely_sensable,access_only,48.40140190258207,within,wdpa,True,False,0.0024168997344929943,0,154,1.0,False,0,0.0,ok
269,LK1121070,Polwatta,Maharagama,0.79854727,0.5189728402009168,0.16422337836271475,265,-4,37.06810713283792,0.7313642756680733,0.6059296924214896,4781.606895544092,85.12767582653937,0.4865350089766607,0.5206463195691203,0.38061041292639136,0.6050269299820467,0.5942549371633752,12.035642570281125,False,83.62820512820512,True,72.90500089179339,True,8.02001429592566,not_remotely_sensable,access_only,0.06275100401606426,adjacent,,True,False,0.0024168997344929943,0,103,1.0,False,0,0.0,ok
270,LK1109190,Pothuarawa,Kaduwela,2.0102635,0.5177814732336206,0.15716088998817132,274,4,36.94370641037737,0.7341136158007203,0.5536845128145007,3916.826420905772,78.0840941235674,0.47755834829443444,0.5296229802513465,0.5529622980251346,0.49730700179533216,0.6283662477558348,9.545885050595682,False,78.93,True,64.15508208426373,True,9.291303868621183,not_remotely_sensable,access_only,4.007776282338867,within,wdpa,True,False,0.0024168997344929943,0,243,1.0,False,0,0.0,ok
271,LK1136150,Kaliyammahara,Kesbewa,0.54326255,0.5172895747720443,0.18195413562995094,230,-41,36.9162659614137,0.7161092490907798,0.6205489749699494,5743.778844040536,99.50652466132408,0.4757630161579892,0.5134649910233393,0.33213644524236985,0.696588868940754,0.42908438061041293,15.741935483870968,False,99.49090909090908,True,97.5384047461029,True,18.782837127845884,not_remotely_sensable,access_only,0.20276497695852536,adjacent,,True,False,0.0024168997344929943,0,76,1.0,False,0,0.0,ok
272,LK1136115,Rathmaldeniya,Kesbewa,1.16374223,0.5163424898636423,0.14836886096094246,294,22,37.186437404431416,0.7435035767759108,0.5657470628973688,3485.510902278116,74.9235049888692,0.5116696588868941,0.5385996409335727,0.5206463195691203,0.466786355475763,0.6535008976660682,4.986221150533931,False,78.84070796460178,True,58.89962923768493,True,9.308833131237758,not_remotely_sensable,access_only,0.0,neither,,False,False,0.0024168997344929943,0,150,1.0,False,0,0.0,ok
273,LK1136260,Kesbewa East,Kesbewa,0.73097541,0.5159196688396727,0.1455983168541924,300,27,37.39490104526697,0.826399915317032,0.5410405801719772,3202.005890903695,91.9825840018545,0.533213644524237,0.6229802513464991,0.578096947935368,0.43087971274685816,0.5421903052064632,10.117905127502057,False,93.97297297297295,True,80.2285295257064,True,12.906178489702517,not_remotely_sensable,access_only,4.442007129147244,within,worldcover_wetland;gsw_seasonal,True,False,0.0024168997344929943,0,100,1.0,False,0,0.0,ok
274,LK1106165,Rajasinghagama,Kolonnawa,1.75774369,0.5141861316510127,0.13961221160225393,311,37,37.88639836312812,0.793950600977414,0.5757863697787916,3285.4175658233785,95.46037109072118,0.5906642728904847,0.59245960502693,0.4883303411131059,0.44165170556552963,0.49730700179533216,16.073059360730593,False,95.76571428571428,True,86.19135949469621,True,17.303094473666235,not_remotely_sensable,access_only,0.005707762557077625,adjacent,,True,False,0.0024168997344929943,0,224,1.0,False,0,0.0,ok
275,LK1121120,Pannipitiya North,Maharagama,0.704102,0.5140215435307479,0.1453660080864051,302,27,37.46707160386509,0.8133897652943444,0.590601181298231,3467.199845090876,73.73082438773949,0.5439856373429084,0.6104129263913824,0.4272890484739677,0.4631956912028725,0.6606822262118492,3.032891926527125,False,72.98591549295773,True,54.98734067234522,True,6.8626010286554004,not_remotely_sensable,access_only,0.0,neither,,False,False,0.0024168997344929943,0,98,1.0,False,0,0.0,ok
276,LK1121020,Thalawathugoda West,Maharagama,1.29642481,0.5100654258395187,0.15155236740278102,287,11,37.01780998491285,0.685900113371919,0.5160916546624287,3335.73533903425,86.17100764280201,0.48473967684021546,0.4919210053859964,0.6211849192100538,0.4488330341113106,0.5870736086175943,7.838737135340091,False,87.6875,True,72.20720957025571,True,13.357307988697663,not_remotely_sensable,access_only,12.57447960999768,within,gsw_seasonal;wdpa,True,False,0.0024168997344929943,0,131,1.0,False,0,0.0,ok
277,LK1109275,Wellangiriya,Kaduwela,1.13675946,0.5099970134462867,0.15934405313115368,269,-8,37.113229691274206,0.71782565778277,0.5803722259262186,4459.145371901818,98.39277774031616,0.49012567324955114,0.5152603231597845,0.466786355475763,0.5709156193895871,0.45960502692998206,13.04271090716555,False,98.67543859649122,True,85.03651914033199,True,11.38623909072458,not_remotely_sensable,access_only,0.0,adjacent,,True,False,0.0024168997344929943,0,138,1.0,False,0,0.0,ok
278,LK1121060,Kottawa North,Maharagama,0.58832814,0.5065232753510407,0.15843986639215202,272,-6,36.90540877725287,0.724142471525446,0.5884160620290818,4454.267847709999,91.74767135089846,0.473967684021544,0.5170556552962298,0.43447037701974867,0.5655296229802513,0.5439856373429084,10.30540863333902,False,91.44827586206898,True,77.26301525625703,True,9.990485252140818,not_remotely_sensable,access_only,0.0,neither,,False,False,0.0024168997344929943,0,91,1.0,False,0,0.0,ok
279,LK1133155,Indibedda East,Moratuwa,1.02993748,0.5062354286051397,0.25900557912514477,138,-141,33.63417384116464,0.2558436677940624,0.1483368232783502,5460.76412111526,99.335283199167,0.13464991023339318,0.2710951526032316,0.9982046678635548,0.6678635547576302,0.4380610412926391,3.1291006359140003,False,98.65957446808511,True,89.32701162676886,True,6.168594352401792,not_remotely_sensable,access_only,77.84394872312507,within,worldcover_wetland;gsw_seasonal;wdpa,True,False,0.0024168997344929943,0,57,1.0,False,0,0.0,ok
280,LK1136160,Thumbovila South,Kesbewa,0.84914416,0.5052814859093353,0.1447454804616002,303,23,37.47390553336882,0.7855547960811118,0.5905766023158701,3738.886716480476,94.09908555473827,0.5457809694793537,0.5816876122082585,0.42908438061041293,0.4883303411131059,0.5170556552962298,20.01656216727789,False,94.1975308641975,True,76.7274148864705,True,12.986244638367106,not_remotely_sensable,access_only,0.0,adjacent,,True,False,0.0024168997344929943,0,113,1.0,False,0,0.0,ok
281,LK1136320,Nivungama,Kesbewa,0.29129782,0.4989893529958937,0.14989898637216648,292,11,37.300364413572616,0.8081882227834639,0.6130856854610107,4171.346150240174,93.32994010787208,0.5242369838420108,0.6050269299820467,0.3518850987432675,0.5278276481149012,0.5224416517055656,10.611821638437608,False,94.06666666666666,True,72.28652454972692,True,9.667440061871616,not_remotely_sensable,access_only,0.0,adjacent,,True,False,0.0024168997344929943,0,50,1.0,False,0,0.0,ok
282,LK1136315,Makandana West,Kesbewa,1.07862853,0.4982329320164629,0.15295612687129806,282,0,37.11877479450585,0.7580269058295963,0.5619891601464139,3955.4864068674665,99.58087300490885,0.4919210053859964,0.5493716337522442,0.5278276481149012,0.5026929982046678,0.42190305206463197,13.320319762037553,False,99.56363636363638,True,93.9407278185117,True,12.954423592493297,not_remotely_sensable,access_only,0.0,adjacent,,True,False,0.0024168997344929943,0,137,1.0,False,0,0.0,ok
283,LK1121065,Depanama,Maharagama,1.80706087,0.4973479043162581,0.13994461124283944,309,26,37.34728023738937,0.7790622992935131,0.5873003268976892,3328.723512116818,81.69487936639322,0.5278276481149012,0.5745062836624776,0.4380610412926391,0.44703770197486536,0.6068222621184919,10.929961736815837,False,85.0655737704918,True,66.14128043541204,True,10.181840827002118,not_remotely_sensable,access_only,0.0,adjacent,,True,False,0.0024168997344929943,0,227,1.0,False,0,0.0,ok
284,LK1109130,Malabe West,Kaduwela,1.42046452,0.4966211975562289,0.1397639844189024,310,26,37.37987666961303,0.731676747861152,0.5789541065519128,3403.031587597485,92.41065955911243,0.5314183123877917,0.5224416517055656,0.47217235188509876,0.45601436265709155,0.5385996409335727,14.200098709722909,False,93.75886524822697,True,84.80233567871063,True,12.244227134522147,not_remotely_sensable,access_only,0.0,adjacent,,True,False,0.0024168997344929943,0,181,1.0,False,0,0.0,ok
285,LK1136085,Werahera South,Kesbewa,1.51309916,0.49435607374200224,0.1417959931251412,306,21,37.17248336840581,0.6919870073403411,0.575380734763364,3539.5371345449225,94.90224337174936,0.5080789946140036,0.4955116696588869,0.49012567324955114,0.4793536804308797,0.5044883303411131,22.83407240717453,False,96.18243243243244,True,83.48341845054297,True,12.832429641105087,not_remotely_sensable,access_only,25.680058243431066,within,worldcover_wetland;gsw_seasonal;wdpa,True,False,0.0024168997344929943,0,175,1.0,False,0,0.0,ok
286,LK1106070,Ambathale,Kolonnawa,0.9695746,0.4926241632955453,0.14031255509207458,308,22,37.1359306686394,0.7663711867113879,0.5491233323661308,2968.48763634817,84.01153189151232,0.4955116696588869,0.5619389587073609,0.5583482944344704,0.400359066427289,0.599640933572711,14.10409649027491,False,84.67045454545453,True,70.88136018398262,True,14.471853257432006,not_remotely_sensable,access_only,3.1076822775182005,within,gsw_seasonal,True,False,0.0024168997344929943,0,131,1.0,False,0,0.0,ok
287,LK1112240,Mattegoda East,Homagama,0.72968056,0.4899564644366342,0.16521162695567984,261,-26,37.134228277935655,0.6784197111299917,0.5804315182010856,4761.444682206355,100.0,0.49371633752244165,0.4883303411131059,0.4649910233393178,0.6014362657091562,0.19658886894075403,24.958745874587457,False,100.0,True,100.0,True,21.663479923518164,not_remotely_sensable,access_only,0.7288228822882288,neither,,False,False,0.0024168997344929943,0,102,1.0,False,0,0.0,ok
288,LK1121075,Pamunuwa,Maharagama,1.0696373,0.4874182060269573,0.14059717716379644,307,19,37.105962321695976,0.6609378392068891,0.5751376910818122,3479.052992605077,91.57544440811091,0.4883303411131059,0.47755834829443444,0.49371633752244165,0.4649910233393178,0.5457809694793537,22.627190105874636,False,93.12037037037037,True,83.49448403477072,True,22.310007524454477,not_remotely_sensable,access_only,1.23676567038321,within,,True,False,0.0024168997344929943,0,141,1.0,False,0,0.0,ok
289,LK1136060,Werahera North,Kesbewa,0.6734776,0.4867433448557961,0.16834206860502124,256,-33,36.40714479308159,0.5741794562280854,0.6283703029691922,5256.121211004303,89.19645448023886,0.40933572710951527,0.414721723518851,0.3105924596050269,0.6535008976660682,0.5673249551166966,36.6865671641791,True,91.2459016393443,True,71.42679847124455,True,9.40302331539841,not_remotely_sensable,both_30_and_300,44.0,within,dw_flooded_vegetation;worldcover_wetland;gsw_seasonal;wdpa,True,False,0.0024168997344929943,0,88,1.0,False,0,0.0,ok
290,LK1115055,Ukwatta,Seethawaka,0.48908092,0.4863403535037385,0.17615478059572126,241,-49,36.29954733002296,0.555951532430506,0.6419059603101164,5630.590630261001,84.5832016990836,0.39676840215439857,0.3985637342908438,0.26929982046678635,0.6822262118491921,0.5960502692998204,16.77618069815195,False,87.28000000000002,True,67.16323983012741,True,10.634098198865038,not_remotely_sensable,access_only,0.0,adjacent,,True,False,0.0024168997344929943,0,77,1.0,False,0,0.0,ok
291,LK1109015,Hewagama,Kaduwela,1.06414217,0.48614056065899336,0.1391011026249165,314,23,37.15367814638393,0.8082585147759078,0.582614016002737,3356.0882679820475,93.43162704886645,0.5008976660682226,0.6068222621184919,0.4506283662477558,0.4542190305206463,0.5206463195691203,14.958109761837523,False,93.62727272727271,True,81.3411004482739,True,13.83661722382112,not_remotely_sensable,access_only,0.6212934199378707,adjacent,,True,False,0.0024168997344929943,0,138,1.0,False,0,0.0,ok
292,LK1121030,Kalalgoda,Maharagama,1.5930985,0.4788406740042972,0.14787542689244393,295,3,36.55102221286903,0.7047348346816318,0.5812877673065049,3449.780987722163,64.9522992983122,0.4272890484739677,0.5044883303411131,0.45960502692998206,0.4614003590664273,0.696588868940754,4.832433789381198,False,66.15384615384615,True,47.96073276483113,False,7.214455288841994,not_remotely_sensable,access_only,0.0,adjacent,,True,False,0.0024168997344929943,0,200,1.0,False,0,0.0,ok
293,LK1136280,Makandana East,Kesbewa,1.12432518,0.4782876889039106,0.15175969771115438,286,-7,36.79345480918554,0.6998622115053393,0.6054239441814238,4329.899558145837,98.03073046505502,0.4649910233393178,0.4991023339317774,0.38240574506283664,0.547576301615799,0.4631956912028725,14.95760821062026,False,98.29310344827587,True,90.86099758782079,True,15.540326831839748,not_remotely_sensable,access_only,0.0,adjacent,,True,False,0.0024168997344929943,0,143,1.0,False,0,0.0,ok
294,LK1106220,Madinnagoda,Kolonnawa,0.69211345,0.47702938023906494,0.1999556147652174,199,-95,36.12458702970179,0.5217439910564561,0.6030359313966444,6502.857393037415,100.0,0.38061041292639136,0.3859964093357271,0.3859964093357271,0.7414721723518851,0.19658886894075403,33.62742262076945,True,100.0,True,98.11901582031449,True,17.43299193724123,not_remotely_sensable,both_30_and_300,3.312120335551056,within,gsw_seasonal,True,False,0.0024168997344929943,0,91,1.0,False,0,0.0,ok
295,LK1136135,Pelenwatta North,Kesbewa,1.20464422,0.4766351025213668,0.15280173267948544,283,-12,36.29223863749178,0.6249276852863662,0.5703434762306363,4106.8709792556265,89.3295206223303,0.39497307001795334,0.44165170556552963,0.5062836624775583,0.518850987432675,0.5637342908438061,17.816521378165213,False,90.40163934426229,True,74.90016047969945,True,14.046035805626598,not_remotely_sensable,access_only,0.0,neither,,False,False,0.0024168997344929943,0,156,1.0,False,0,0.0,ok
296,LK1112225,Siddamulla South,Homagama,0.59640972,0.4747492684892615,0.15183430835590142,285,-11,36.633587319001336,0.5642106628615903,0.5999302010616449,4379.662376119772,97.16038186390553,0.44703770197486536,0.40394973070017953,0.400359066427289,0.5601436265709157,0.4757630161579892,23.329405823935364,False,97.91379310344826,True,83.42964359925979,True,20.375690607734807,not_remotely_sensable,access_only,0.0,neither,,False,False,0.0024168997344929943,0,86,1.0,False,0,0.0,ok
297,LK1136130,Pelenwatta East,Kesbewa,0.96844274,0.4744397181515314,0.1522640317042628,284,-13,36.649355439296485,0.6242910775621058,0.582525127494818,4227.6999673825885,99.36642992994689,0.4488330341113106,0.4398563734290844,0.4524236983842011,0.533213644524237,0.4362657091561939,14.262023217247098,False,99.13829787234043,True,88.45730316514182,True,13.354300229829443,not_remotely_sensable,access_only,0.0,neither,,False,False,0.0024168997344929943,0,145,1.0,False,0,0.0,ok
298,LK1124050,Pitakotte East,Sri Jayawardanapura Kotte,1.2603805,0.473944536175018,0.14425114241796672,304,6,37.28167977759747,0.5619553209770468,0.4757920146582144,2439.041981238174,99.2901895102975,0.5224416517055656,0.4021543985637343,0.6858168761220825,0.3303411131059246,0.4398563734290844,21.448999046711155,False,99.40186915887851,True,90.7538729424541,True,13.905658446741022,not_remotely_sensable,access_only,100.0,within,gsw_seasonal;wdpa,True,False,0.0024168997344929943,0,120,1.0,False,0,0.0,ok
299,LK1136300,Delthara West,Kesbewa,0.32952068,0.4727263700840887,0.15847713195441748,271,-28,36.703806037557634,0.714655071101187,0.5570446865646047,4242.250672269622,100.0,0.4542190305206463,0.5098743267504489,0.5439856373429084,0.5368043087971275,0.19658886894075403,8.3409996933456,False,100.0,True,88.8524603466838,True,10.622462787550745,not_remotely_sensable,access_only,19.871205151793927,within,wdpa,True,False,0.0024168997344929943,0,50,1.0,False,0,0.0,ok
300,LK1112130,Galavilawatta North,Homagama,0.90644641,0.47231715863235035,0.15026334830117613,291,-9,36.97530220570177,0.7034774436090228,0.5317190004320418,3543.106821530825,100.0,0.48114901256732495,0.5026929982046678,0.5942549371633752,0.48114901256732495,0.19658886894075403,8.673074798364821,False,100.0,True,96.34305162528987,True,11.976772320348415,not_remotely_sensable,access_only,0.0,neither,,False,False,0.0024168997344929943,0,115,1.0,False,0,0.0,ok
301,LK1109055,Kothalawala,Kaduwela,1.83297526,0.4683065765827869,0.13070078373823152,324,23,37.15069517235503,0.6577702702702706,0.5851268990374349,3005.112500229398,87.8785346228305,0.49730700179533216,0.4757630161579892,0.44703770197486536,0.4111310592459605,0.5816876122082585,27.496722027972027,False,90.6353591160221,True,80.27575219193123,True,12.90784417150177,not_remotely_sensable,access_only,1.4586975524475525,within,worldcover_wetland,True,False,0.0024168997344929943,0,236,1.0,False,0,0.0,ok
302,LK1112110,Habarakada Watta,Homagama,0.63725484,0.4653276904933507,0.13642914865034908,317,15,36.650018607860375,0.7610608727316865,0.5859213448152485,3293.370591055461,89.78633671303498,0.4506283662477558,0.5511669658886894,0.44165170556552963,0.44344703770197486,0.5583482944344704,7.457999685978961,False,92.828125,True,65.685559746591,True,8.15457950289411,not_remotely_sensable,access_only,0.0,neither,,False,False,0.0024168997344929943,0,81,1.0,False,0,0.0,ok
303,LK1136140,Pelenwatta West,Kesbewa,1.44639936,0.46514037316461626,0.13701093894501615,315,12,36.7216500232148,0.6498554449084485,0.5851962566607091,3432.819506877112,92.20098018444092,0.45601436265709155,0.466786355475763,0.4452423698384201,0.45960502692998206,0.5403949730700179,20.250449702504497,False,92.7123287671233,True,80.90824356304113,True,18.633703153664715,not_remotely_sensable,access_only,0.027674000276740003,neither,,False,False,0.0024168997344929943,0,178,1.0,False,0,0.0,ok
304,LK1106160,Maligagodella,Kolonnawa,0.4683923,0.46489429963674306,0.1366587464571818,316,12,37.010717318911006,0.7555720653789006,0.6218843897154217,3656.925283355487,92.55762518054594,0.4829443447037702,0.5457809694793537,0.32854578096947934,0.48473967684021546,0.533213644524237,12.180999356637358,False,94.78260869565217,True,83.43834030457487,True,16.703296703296704,not_remotely_sensable,access_only,1.7799699764100365,within,gsw_seasonal,True,False,0.0024168997344929943,0,73,1.0,False,0,0.0,ok
305,LK1106155,Udumulla North,Kolonnawa,0.86854311,0.46307315088885637,0.13223638945747238,322,17,37.16500474741022,0.7154645613096032,0.5465063884242158,2619.9953886018743,98.96753829038246,0.5062836624775583,0.5116696588868941,0.5673249551166966,0.35547576301615796,0.4452423698384201,20.864553314121036,False,98.9673913043478,True,93.16193948635437,True,16.523260901268777,not_remotely_sensable,access_only,3.365994236311239,within,worldcover_wetland;gsw_seasonal,True,False,0.0024168997344929943,0,112,1.0,False,0,0.0,ok
306,LK1106075,Mulleriyawa North,Kolonnawa,1.21887721,0.46139941824761055,0.13200266087913876,323,17,36.95407833793551,0.6273203236554025,0.5822706090173191,3122.052232622053,91.01977978287835,0.4793536804308797,0.44344703770197486,0.4542190305206463,0.42190305206463197,0.547576301615799,18.49326322707854,False,91.45901639344262,True,85.74918428477717,True,16.22820280213688,not_remotely_sensable,access_only,0.0,adjacent,,True,False,0.0024168997344929943,0,154,1.0,False,0,0.0,ok
307,LK1136355,Polhena,Kesbewa,0.60276447,0.45938437573223423,0.15045290488911975,289,-18,36.7882883946586,0.6537942556062457,0.5571338062684533,3876.902373469489,100.0,0.4631956912028725,0.4703770197486535,0.5421903052064632,0.4955116696588869,0.19658886894075403,34.09846972721224,True,100.0,True,99.89511531938426,True,36.53944020356234,not_remotely_sensable,both_30_and_300,1.3805721889554226,within,wdpa,True,False,0.0024168997344929943,0,83,1.0,False,0,0.0,ok
308,LK1136120,Mahalwarawa,Kesbewa,0.68723991,0.45755661877539916,0.15115808978931483,288,-20,36.7852506395633,0.6643928289547864,0.572085624236657,4049.120077596199,100.0,0.45960502692998206,0.4793536804308797,0.5008976660682226,0.5152603231597845,0.19658886894075403,11.479964902018134,False,100.0,True,95.16282024861698,True,15.824468085106384,not_remotely_sensable,access_only,0.0,neither,,False,False,0.0024168997344929943,0,98,1.0,False,0,0.0,ok
309,LK1109020,Kaduwela,Kaduwela,1.77321833,0.4570713613271079,0.12815654873912743,334,25,37.15821434930609,0.7338993038126622,0.565994649684649,2608.233420117695,97.06003348740761,0.5044883303411131,0.5278276481149012,0.518850987432675,0.3518850987432675,0.47755834829443444,19.183581161304915,False,97.42690058479535,True,86.92305152782603,True,15.950447928331467,not_remotely_sensable,access_only,2.7590885961440605,within,worldcover_wetland;gsw_seasonal,True,False,0.0024168997344929943,0,222,1.0,False,0,0.0,ok
310,LK1109260,Rajamalwatta,Kaduwela,0.79279545,0.4563483128078535,0.13602462929708803,318,8,37.39880526017512,0.7080912153913768,0.5572554214837827,2997.8627892811114,100.0,0.5350089766606823,0.5062836624775583,0.5403949730700179,0.40754039497307004,0.19658886894075403,17.750882501260715,False,100.0,True,96.8218215623753,True,20.159435842403802,not_remotely_sensable,access_only,70.14624306606153,within,gsw_seasonal;wdpa,True,False,0.0024168997344929943,0,98,1.0,False,0,0.0,ok
311,LK1136035,Boralesgamuwa West C,Kesbewa,0.5386327,0.45306257890040696,0.18346615636880112,229,-82,35.18510415232257,0.3326382397353848,0.4517910778414672,4702.364776947071,100.0,0.2746858168761221,0.3052064631956912,0.7217235188509874,0.5960502692998204,0.19658886894075403,23.54586129753915,False,100.0,True,97.25814071424105,True,28.10062893081761,not_remotely_sensable,access_only,10.048471290082029,within,dw_flooded_vegetation;worldcover_wetland;gsw_seasonal,True,False,0.0024168997344929943,0,74,1.0,False,0,0.0,ok
312,LK1112135,Homagama Town,Homagama,0.94234268,0.4520426148481721,0.1352486075458462,319,7,36.851500774095406,0.6343185550082103,0.5818848346058761,3347.479485214559,99.98344986609526,0.4703770197486535,0.4452423698384201,0.45601436265709155,0.4524236983842011,0.39497307001795334,20.302513847464848,False,99.96907216494846,True,97.42545964512416,True,23.18801818668093,not_remotely_sensable,access_only,0.0,neither,,False,False,0.0024168997344929943,0,131,1.0,False,0,0.0,ok
313,LK1136055,Boralesgamuwa West B,Kesbewa,0.73419383,0.45140126464111463,0.1569399354956738,275,-38,35.74741261582454,0.4798525151435341,0.6127736300473341,4760.00431094025,92.51374489726011,0.3464991023339318,0.3734290843806104,0.35547576301615796,0.599640933572711,0.5350089766606823,39.52822470684483,True,94.875,True,80.67011511675817,True,13.419117647058824,not_remotely_sensable,both_30_and_300,34.86501227161167,within,worldcover_wetland;gsw_seasonal;wdpa,True,False,0.0024168997344929943,0,95,1.0,False,0,0.0,ok
314,LK1109010,Raggahawatta,Kaduwela,1.39808926,0.44914097059486113,0.1284088893356308,331,17,36.67120812601166,0.7085903997786696,0.5965020485233679,3000.663398599658,88.52058486617014,0.4524236983842011,0.5080789946140036,0.4129263913824057,0.40933572710951527,0.5798922800718133,17.713952471205715,False,89.25925925925925,True,77.33466936105737,True,12.703756201275691,not_remotely_sensable,access_only,1.822423093745444,within,gsw_seasonal,True,False,0.0024168997344929943,0,168,1.0,False,0,0.0,ok
315,LK1112205,Hiripitiya,Homagama,1.14301755,0.4482326727618488,0.1552951359362563,277,-38,36.47785582709746,0.6469232073232752,0.577940262408757,4328.697027613759,100.0,0.41651705565529623,0.45960502692998206,0.4793536804308797,0.5457809694793537,0.19658886894075403,14.492499342047548,False,100.0,True,99.73503010617736,True,17.882425361649737,not_remotely_sensable,access_only,0.0,neither,,False,False,0.0024168997344929943,0,148,1.0,False,0,0.0,ok
316,LK1136250,Batakettara North,Kesbewa,1.20785507,0.4476825518611472,0.14554938638441117,301,-15,36.53063298653686,0.6090664272890484,0.6180806382582887,4212.787409870218,97.87178219011686,0.4236983842010772,0.4326750448833034,0.3393177737881508,0.5314183123877917,0.4649910233393178,26.571688892570197,False,98.26446280991736,True,91.83142440544202,True,14.61321287408244,not_remotely_sensable,access_only,1.035368176923714,within,worldcover_wetland,True,False,0.0024168997344929943,0,163,1.0,False,0,0.0,ok
317,LK1106200,Gothatuwa,Kolonnawa,0.66630696,0.44553613017467947,0.18717508065615632,222,-95,35.38329276189977,0.3657431608294128,0.6584831304550032,6313.979539542302,94.94121075207124,0.296229802513465,0.3267504488330341,0.22621184919210055,0.7271095152603232,0.5026929982046678,47.27026620544443,True,97.55882352941177,True,85.6274343250265,True,19.59498003422704,not_remotely_sensable,both_30_and_300,0.5715145134606707,adjacent,,True,False,0.0024168997344929943,0,95,1.0,False,0,0.0,ok
318,LK1112210,Mambulgoda,Homagama,0.71322295,0.4421059608245546,0.14661927008999567,299,-19,36.3703366299202,0.5719321078032646,0.6010037811218378,4162.921848283676,99.74993401788136,0.40394973070017953,0.4129263913824057,0.39497307001795334,0.5224416517055656,0.41651705565529623,20.495495495495497,False,99.76388888888889,True,96.62880194649429,True,22.043201133144475,not_remotely_sensable,access_only,0.0,neither,,False,False,0.0024168997344929943,0,100,1.0,False,0,0.0,ok
319,LK1121045,Rukmale East A,Maharagama,0.37696647,0.4388749614084734,0.13339343171655652,321,2,36.53323988990412,0.5910631741140215,0.578910907187643,3268.822517577623,99.52763800919956,0.4254937163375224,0.4236983842010772,0.473967684021544,0.4398563734290844,0.4254937163375224,11.480201966516077,False,99.67567567567566,True,88.4296566325602,True,20.504353047132994,not_remotely_sensable,access_only,1.674196120116928,within,gsw_seasonal,True,False,0.0024168997344929943,0,54,1.0,False,0,0.0,ok
320,LK1115045,Seethagama,Seethawaka,0.69046255,0.4331361493139903,0.11728164823330582,353,33,37.19377105679303,0.6455539971949511,0.6123077758716169,2609.389989338109,92.43662684291726,0.5134649910233393,0.4578096947935368,0.3608617594254937,0.35368043087971274,0.5368043087971275,27.534127214638396,False,95.91176470588235,True,76.60431678234663,True,15.930979133226325,not_remotely_sensable,access_only,0.0,adjacent,,True,False,0.0024168997344929943,0,97,1.0,False,0,0.0,ok
321,LK1109165,Kotuwegoda,Kaduwela,0.59821764,0.4327531217497038,0.154747601781434,278,-43,36.26615095752849,0.5134330290671328,0.5952941202244157,4528.3417866570335,100.0,0.3895870736086176,0.38061041292639136,0.41831238779174146,0.5763016157989228,0.19658886894075403,30.979537068097954,True,100.0,True,99.8070628721748,True,19.635479951397325,not_remotely_sensable,both_30_and_300,0.9560550150956055,adjacent,,True,False,0.0024168997344929943,0,82,1.0,False,0,0.0,ok
322,LK1109115,Shanthalokagama,Kaduwela,2.29112056,0.431743761923149,0.12145829718863817,344,22,36.8046639341048,0.6071826750903748,0.5926389555077126,2690.602263176237,93.28192899482767,0.46858168761220825,0.43087971274685816,0.4236983842010772,0.36804308797127466,0.5242369838420108,19.2346336988336,False,95.23043478260871,True,81.62600066677356,True,15.655937246416013,not_remotely_sensable,access_only,0.1965838102310952,adjacent,,True,False,0.0024168997344929943,0,288,1.0,False,0,0.0,ok
323,LK1112190,Katuwana,Homagama,1.78778522,0.4286487030406174,0.12466787640209252,340,17,36.60176493568975,0.5929668902834884,0.5998471416063804,2996.5427265523026,94.1453103774936,0.4380610412926391,0.4272890484739677,0.4021543985637343,0.40574506283662476,0.5134649910233393,16.94041145804137,False,90.14689265536722,True,88.75643790679848,True,16.058193796321714,not_remotely_sensable,access_only,0.0,neither,,False,False,0.0024168997344929943,0,214,1.0,False,0,0.0,ok
324,LK1121055,Liyanagoda,Maharagama,0.90039249,0.42812886655888266,0.13958611154590156,312,-12,36.21988173888834,0.5685608665749657,0.6154987275269921,3949.4610043595226,95.86114543394703,0.38420107719928187,0.4111310592459605,0.3464991023339318,0.5008976660682226,0.4919210053859964,11.237205162438807,False,96.46666666666667,True,82.2456302268001,True,20.520231213872833,not_remotely_sensable,access_only,0.0,neither,,False,False,0.0024168997344929943,0,121,1.0,False,0,0.0,ok
325,LK1109125,Malabe East,Kaduwela,2.21978672,0.4277858688351975,0.11977314905879292,346,21,36.793992684285534,0.649878006273963,0.5953623347064889,2534.67071365032,89.09311450787551,0.466786355475763,0.46858168761220825,0.41651705565529623,0.3375224416517056,0.5709156193895871,16.858082241138586,False,90.30837004405288,True,75.01434284034147,True,15.828819068255688,not_remotely_sensable,access_only,1.4097194072873036,within,,True,False,0.0024168997344929943,0,260,1.0,False,0,0.0,ok
326,LK1112145,Pitipana Town,Homagama,0.84555122,0.4263697946945036,0.12914264036428363,329,3,36.39549044902026,0.6178556719901156,0.5573489897797615,2740.408906603144,99.37914661416859,0.40754039497307004,0.4380610412926391,0.5385996409335727,0.3752244165170557,0.43447037701974867,9.545886828340466,False,99.52941176470588,True,88.59208942467443,True,16.486983960031555,not_remotely_sensable,access_only,0.0,neither,,False,False,0.0024168997344929943,0,118,1.0,False,0,0.0,ok
327,LK1136110,Erewwala East,Kesbewa,0.69710889,0.4252797665778072,0.13068249099804222,325,-2,36.41893265162759,0.5397812447948477,0.6111463581487836,3500.7335638501954,98.65211152505394,0.4111310592459605,0.39138240574506283,0.36804308797127466,0.4703770197486535,0.4524236983842011,15.868005738880917,False,98.88405797101449,True,86.64388603182523,True,17.0891533022935,not_remotely_sensable,access_only,0.0,neither,,False,False,0.0024168997344929943,0,89,1.0,False,0,0.0,ok
328,LK1136095,Niwanthidiya,Kesbewa,0.72661515,0.41856556642884307,0.15317197668264695,281,-47,36.38411969174056,0.5761836289077061,0.6456711613859567,4767.771775245207,100.0,0.40574506283662476,0.41651705565529623,0.25314183123877915,0.6032315978456014,0.19658886894075403,28.205481338658586,False,100.0,True,93.91384344324396,True,13.689648321080867,not_remotely_sensable,access_only,0.39939402286186476,adjacent,,True,False,0.0024168997344929943,0,100,1.0,False,0,0.0,ok
329,LK1112125,Homagama South,Homagama,1.34717123,0.4183096575208515,0.13373924155078667,320,-9,35.80434064289144,0.4106142844835013,0.5247401626081115,2752.9628788775594,98.44876190338194,0.35368043087971274,0.348294434470377,0.6014362657091562,0.37881508078994613,0.4578096947935368,19.36826458565589,False,98.33082706766918,True,93.05004713300373,True,17.328786063231636,not_remotely_sensable,access_only,0.5351170568561873,adjacent,,True,False,0.0024168997344929943,0,164,1.0,False,0,0.0,ok
330,LK1106065,Kelanimulla,Kolonnawa,1.45318135,0.41381380702399645,0.12682407696989886,338,8,36.08639790772667,0.5015447717466572,0.5929917341135592,3152.6833017353947,95.88823282220307,0.3770197486535009,0.37881508078994613,0.42190305206463197,0.4272890484739677,0.49012567324955114,27.461287114646968,False,95.72916666666667,True,91.45260465103304,True,22.26792009400705,not_remotely_sensable,access_only,3.409575223753374,within,gsw_seasonal,True,False,0.0024168997344929943,0,191,1.0,False,0,0.0,ok
331,LK1112105,Panagoda East,Homagama,2.02665586,0.40931748843223925,0.11816396379018167,351,20,36.89965369222418,0.6754692482480761,0.5587119317777912,1883.732795324474,99.91637606785567,0.47217235188509876,0.48473967684021546,0.5350089766606823,0.26032315978456017,0.4021543985637343,23.012262658227847,False,99.95049504950495,True,94.83515502966735,True,24.811388834218985,not_remotely_sensable,access_only,0.01483386075949367,neither,,False,False,0.0024168997344929943,0,248,1.0,False,0,0.0,ok
332,LK1136105,Erewwala North,Kesbewa,1.09204431,0.4087125635525899,0.1290890106379222,330,-2,36.24208448302888,0.5138755980861247,0.6177876966358309,3514.074148449787,99.76481444846661,0.3877917414721723,0.38240574506283664,0.34111310592459604,0.47217235188509876,0.414721723518851,18.54535448959002,False,99.8440366972477,True,94.33717792559048,True,23.38263520379361,not_remotely_sensable,access_only,0.0,neither,,False,False,0.0024168997344929943,0,149,1.0,False,0,0.0,ok
333,LK1112230,Mattegoda West,Homagama,1.87089598,0.40774373117638085,0.12744302225767823,335,2,36.78587120246231,0.6417249513719322,0.5834067818812668,2929.612022513255,100.0,0.4614003590664273,0.4524236983842011,0.4488330341113106,0.39317773788150806,0.19658886894075403,26.193665934301485,False,100.0,True,99.41959360816365,True,23.227513227513228,not_remotely_sensable,access_only,0.0,neither,,False,False,0.0024168997344929943,0,233,1.0,False,0,0.0,ok
334,LK1136275,Honnanthara South,Kesbewa,1.1960183,0.4062756120603659,0.1297923501278525,328,-6,36.52775177522364,0.65768185348175,0.5705928705693442,2910.8596239181315,100.0,0.42190305206463197,0.473967684021544,0.5044883303411131,0.39138240574506283,0.19658886894075403,22.465408805031448,False,100.0,True,99.23689764101262,True,21.624576363835136,not_remotely_sensable,access_only,0.0,adjacent,,True,False,0.0024168997344929943,0,149,1.0,False,0,0.0,ok
335,LK1109005,Welivita,Kaduwela,1.81495145,0.40432989418059223,0.11882394060214192,350,15,36.29954864440793,0.5919111376428448,0.5963809648752668,2633.8816637433506,92.96626122987381,0.3985637342908438,0.4254937163375224,0.414721723518851,0.35727109515260325,0.5278276481149012,21.90174502611982,False,92.98870056497174,True,84.35652736364663,True,17.314261315115285,not_remotely_sensable,access_only,1.2948760698010449,within,gsw_seasonal,True,False,0.0024168997344929943,0,219,1.0,False,0,0.0,ok
336,LK1136265,Mavittara South,Kesbewa,0.80522584,0.4035262979798215,0.13066343209391454,326,-10,36.42126943111419,0.5328846153846155,0.5799930585806188,3184.5238634197526,100.0,0.414721723518851,0.3877917414721723,0.46858168761220825,0.42908438061041293,0.19658886894075403,26.31972111553785,False,100.0,True,99.20175742878943,True,27.394701086956523,not_remotely_sensable,access_only,0.0,adjacent,,True,False,0.0024168997344929943,0,109,1.0,False,0,0.0,ok
337,LK1112220,Siddamulla North,Homagama,0.55911415,0.40238110631239776,0.13915291806034552,313,-24,36.27944840754822,0.5393289519197508,0.6013620445180705,3836.6534724127,100.0,0.39138240574506283,0.3895870736086176,0.39317773788150806,0.4919210053859964,0.19658886894075403,23.38666187309006,False,100.0,True,98.2601712351114,True,21.18844696969697,not_remotely_sensable,access_only,0.0,neither,,False,False,0.0024168997344929943,0,78,1.0,False,0,0.0,ok
338,LK1121035,Kottawa East,Maharagama,1.74315802,0.40156462696322365,0.12237302129029079,343,5,36.419966773105,0.5835276352896767,0.6028664748466905,2951.6930715679377,99.92272892584865,0.4129263913824057,0.41831238779174146,0.3877917414721723,0.39497307001795334,0.400359066427289,14.478675709851707,False,99.94350282485875,True,95.45872962310426,True,17.157994837657927,not_remotely_sensable,access_only,0.0,adjacent,,True,False,0.0024168997344929943,0,221,1.0,False,0,0.0,ok
339,LK1136165,Thumbovila North,Kesbewa,1.73600622,0.3997075358823519,0.11362724798378303,362,23,36.61581067790898,0.5655797989703357,0.632967486541525,2794.844066176501,96.15506049680195,0.44344703770197486,0.40754039497307004,0.296229802513465,0.38420107719928187,0.4865350089766607,37.920489296636084,True,97.2046783625731,True,92.05128079528762,True,28.091923333651188,not_remotely_sensable,both_30_and_300,10.068663089262015,within,dw_flooded_vegetation;worldcover_wetland;gsw_seasonal;wdpa,True,False,0.0024168997344929943,0,219,1.0,False,0,0.0,ok
340,LK1112200,Niyandagala,Homagama,0.85265483,0.3958284772165843,0.12326926091489204,342,2,36.02658657518995,0.4914661824784386,0.6002277023376683,3068.831987951888,99.88218353151875,0.3734290843806104,0.3770197486535009,0.39676840215439857,0.41831238779174146,0.40574506283662476,25.447690857681433,False,99.94252873563218,True,95.02340489130002,True,18.11984781230184,not_remotely_sensable,access_only,0.0,neither,,False,False,0.0024168997344929943,0,116,1.0,False,0,0.0,ok
341,LK1121140,Malapalla East,Maharagama,1.06136216,0.3955078883467591,0.12829814790291974,333,-8,36.50541256946769,0.6477455129140521,0.608245535049298,3266.56185831593,100.0,0.42010771992818674,0.4631956912028725,0.3752244165170557,0.4362657091561939,0.19658886894075403,21.14495897387532,False,100.0,True,98.370383276274,True,22.760435354622654,not_remotely_sensable,access_only,0.0,adjacent,,True,False,0.0024168997344929943,0,136,1.0,False,0,0.0,ok
342,LK1136295,Madapatha,Kesbewa,1.67246637,0.38234583022180546,0.1205023410225408,345,3,35.68557833018425,0.4129559340862803,0.5970786715130175,2955.3462860380446,98.88390042338617,0.3375224416517056,0.3500897666068223,0.40754039497307004,0.39676840215439857,0.4488330341113106,36.80896990046768,True,99.20245398773005,True,95.48824284977252,True,29.10958904109589,not_remotely_sensable,both_30_and_300,8.29835711716033,within,wdpa,True,False,0.0024168997344929943,0,216,1.0,False,0,0.0,ok
343,LK1136305,Delthara East,Kesbewa,1.2086049,0.38200250154582416,0.1849836577416936,225,-118,33.603581600900725,0.1690808870657608,0.3323105432195307,3267.22729201773,100.0,0.12746858168761221,0.23159784560143626,0.8922800718132855,0.4380610412926391,0.19658886894075403,16.87096239854232,False,100.0,True,99.6389848369314,True,16.344323078464775,not_remotely_sensable,access_only,67.48384959416929,within,worldcover_wetland;gsw_seasonal;wdpa,True,False,0.0024168997344929943,0,103,1.0,False,0,0.0,ok
344,LK1136360,Regidel Watta,Kesbewa,0.49598394,0.3817774389664727,0.12718973873199493,337,-7,36.04613432641568,0.5548346752130071,0.5480817690565057,2565.909321423795,100.0,0.3752244165170557,0.39676840215439857,0.5619389587073609,0.34470377019748655,0.19658886894075403,47.916666666666664,True,100.0,True,99.92211809496773,True,22.59535655058043,not_remotely_sensable,both_30_and_300,0.0,adjacent,,True,False,0.0024168997344929943,0,71,1.0,False,0,0.0,ok
345,LK1121150,Makumbura South,Maharagama,0.80304151,0.38102997976051095,0.11317304410236692,364,19,36.23546218761883,0.5147795108800309,0.5810595453875893,2165.809646171572,97.72629778729764,0.3859964093357271,0.38420107719928187,0.4631956912028725,0.2980251346499102,0.46858168761220825,21.234752302713467,False,97.35443037974683,True,90.39439628463188,True,25.630052306229196,not_remotely_sensable,access_only,0.0,neither,,False,False,0.0024168997344929943,0,122,1.0,False,0,0.0,ok
346,LK1112120,Homagama West,Homagama,0.92035338,0.3750199216045129,0.12834296503938208,332,-14,35.79392950611988,0.4189155107187892,0.6129326313220437,3514.4736572727425,100.0,0.3518850987432675,0.35547576301615796,0.35368043087971274,0.4757630161579892,0.19658886894075403,16.608505997818973,False,100.0,True,97.08751671633081,True,22.30366492146597,not_remotely_sensable,access_only,0.0,neither,,False,False,0.0024168997344929943,0,120,1.0,False,0,0.0,ok
347,LK1112215,Kithulhena,Homagama,0.49928258,0.37482351412224685,0.1158317524737539,355,8,36.58645201575782,0.7011859545771646,0.5944961976144733,2314.999556720408,100.0,0.43447037701974867,0.5008976660682226,0.42010771992818674,0.3231597845601436,0.19658886894075403,23.229291716686674,False,100.0,True,98.49899398511931,True,16.132395100338805,not_remotely_sensable,access_only,0.0,neither,,False,False,0.0024168997344929943,0,74,1.0,False,0,0.0,ok
348,LK1109285,Athurugiriya South,Kaduwela,1.33848902,0.3741282477868011,0.11566261481397651,357,9,35.82869888759964,0.3995953172423759,0.5965460387315515,2680.117635651009,99.76790438737605,0.35547576301615796,0.34470377019748655,0.4111310592459605,0.3644524236983842,0.4129263913824057,18.535743755157153,False,99.82089552238806,True,96.66253813925668,True,23.02025782688766,not_remotely_sensable,access_only,0.07501312729727702,adjacent,,True,False,0.0024168997344929943,0,171,1.0,False,0,0.0,ok
349,LK1109280,Hokandara South,Kaduwela,1.74536159,0.3740787415765026,0.11184550198788251,366,17,35.740692432981874,0.3640313927193719,0.6244012190804787,2763.4912441194288,89.76865435627677,0.34470377019748655,0.3249551166965889,0.3213644524236984,0.38061041292639136,0.5601436265709157,15.197655711330729,False,92.61849710982658,True,80.53373786939889,True,16.830408564265873,not_remotely_sensable,access_only,0.0,adjacent,,True,False,0.0024168997344929943,0,217,1.0,False,0,0.0,ok
350,LK1136270,Honnanthara North,Kesbewa,0.90496132,0.37372870058340485,0.1259061891192548,339,-11,35.88777672386537,0.4679067778490486,0.6112032005948493,3344.3104869491003,100.0,0.362657091561939,0.36983842010771995,0.36624775583482944,0.4506283662477558,0.19658886894075403,26.518665783079303,False,100.0,True,92.66128671858772,True,22.456406368460954,not_remotely_sensable,access_only,0.0,adjacent,,True,False,0.0024168997344929943,0,118,1.0,False,0,0.0,ok
351,LK1136330,Horathuduwa,Kesbewa,0.63502434,0.37348929397261316,0.11386387430601547,360,9,36.16195448275975,0.5500700920338881,0.5758951653464661,2104.936517719755,99.936279149574,0.38240574506283664,0.39497307001795334,0.48473967684021546,0.2872531418312388,0.3985637342908438,31.252955082742318,True,99.9402985074627,True,93.24351643391003,True,26.805074971164938,not_remotely_sensable,both_30_and_300,0.015760441292356184,neither,,False,False,0.0024168997344929943,0,90,1.0,False,0,0.0,ok
352,LK1121040,Rukmale West,Maharagama,1.91018743,0.3721866124879722,0.11528457060235474,358,6,36.61009802254867,0.6411668252393775,0.5984219532398061,2406.222021343028,100.0,0.44165170556552963,0.4506283662477558,0.40574506283662476,0.3267504488330341,0.19658886894075403,30.039857352632684,True,100.0,True,99.91427724596409,True,28.373598253932414,not_remotely_sensable,both_30_and_300,0.0,adjacent,,True,False,0.0024168997344929943,0,231,1.0,False,0,0.0,ok
353,LK1115155,Puwakpitiya,Seethawaka,0.38999112,0.3697180812876898,0.1301289224664687,327,-26,35.92917583414874,0.4144019043840506,0.644856668525427,3860.278690821688,100.0,0.36983842010771995,0.3518850987432675,0.2639138240574506,0.49371633752244165,0.19658886894075403,18.31530139103555,False,100.0,True,99.95847246330848,True,22.29580573951435,not_remotely_sensable,access_only,0.0,neither,,False,False,0.0024168997344929943,0,59,1.0,False,0,0.0,ok
354,LK1136195,Gorakapitiya,Kesbewa,0.42182237,0.3683944789141666,0.10622129500619336,376,22,36.555422381005485,0.6144600422057069,0.6019249844714056,1878.5591704339463,99.47535975784245,0.43087971274685816,0.4362657091561939,0.39138240574506283,0.25673249551166966,0.43087971274685816,15.730604474059971,False,99.65853658536585,True,89.65486937135034,True,16.464275628353573,not_remotely_sensable,access_only,0.0,neither,,False,False,0.0024168997344929943,0,61,1.0,False,0,0.0,ok
355,LK1109060,Mahadeniya,Kaduwela,2.61286287,0.3660380405138389,0.10182266849577601,387,32,36.55116192961796,0.5938846524024579,0.6373184369427564,2132.2536818392696,95.63963791250937,0.42908438061041293,0.42908438061041293,0.2836624775583483,0.2926391382405745,0.4955116696588869,32.04897646833748,True,97.06844106463879,True,85.70839460693222,True,17.921227852386863,not_remotely_sensable,both_30_and_300,0.16070403673235126,adjacent,,True,False,0.0024168997344929943,0,318,1.0,False,0,0.0,ok
356,LK1112325,Sangharama,Homagama,0.85047087,0.36590416668921266,0.1165663542099494,354,-2,35.53851100071314,0.3972484169286137,0.6405876951659493,3217.9539647888078,97.05453922259062,0.31597845601436264,0.34290843806104127,0.2746858168761221,0.43447037701974867,0.4793536804308797,19.65480803099683,False,98.23863636363636,True,89.90827076233387,True,19.625850340136054,not_remotely_sensable,access_only,0.17611835153222966,neither,,False,False,0.0024168997344929943,0,112,1.0,False,0,0.0,ok
357,LK1112245,Brahmanagama,Homagama,1.94672211,0.3625908587173762,0.1193495837537473,347,-10,35.46747726411012,0.2839508626858554,0.5987099846953116,2995.9936671961086,99.98541533922482,0.30341113105924594,0.28545780969479356,0.40394973070017953,0.40394973070017953,0.39317773788150806,33.46027171675587,True,99.98930481283422,True,98.95690259028966,True,37.435737653840164,not_remotely_sensable,both_30_and_300,0.2521613832853026,neither,,False,False,0.0024168997344929943,0,239,1.0,False,0,0.0,ok
358,LK1109045,Pahala Bomiriya B,Kaduwela,1.83561451,0.36018561787288755,0.11581132672246205,356,-2,36.338816413337945,0.5838834173397723,0.6000081291977105,2544.4281390062783,100.0,0.400359066427289,0.42010771992818674,0.3985637342908438,0.34111310592459604,0.19658886894075403,20.857859167211686,False,100.0,True,99.03584234733913,True,21.093588595826734,not_remotely_sensable,access_only,0.5940701983867451,adjacent,,True,False,0.0024168997344929943,0,233,1.0,False,0,0.0,ok
359,LK1136200,Nampamunuwa,Kesbewa,0.86311482,0.3600197283440599,0.11360024509902746,363,4,36.49454831148762,0.6425047097873867,0.6407535998484066,2825.4365974413263,100.0,0.41831238779174146,0.4542190305206463,0.27289048473967686,0.3877917414721723,0.19658886894075403,17.865429234338748,False,100.0,True,99.64945230509704,True,20.523708421797593,not_remotely_sensable,access_only,0.0,neither,,False,False,0.0024168997344929943,0,111,1.0,False,0,0.0,ok
360,LK1112070,Henawatta,Homagama,2.69433012,0.3578227557505435,0.11904341097340516,349,-11,35.75826676335825,0.4080603448275859,0.5920057888395395,2814.4065614108363,100.0,0.348294434470377,0.3464991023339318,0.4254937163375224,0.3859964093357271,0.19658886894075403,25.67938817938818,False,100.0,True,99.87659084560975,True,28.597122302158272,not_remotely_sensable,access_only,0.0,neither,,False,False,0.0024168997344929943,0,324,1.0,False,0,0.0,ok
361,LK1112140,Homagama East,Homagama,0.60479435,0.35742276310313925,0.11776783279209657,352,-9,36.026225848539724,0.4160789844851904,0.6216075297543935,3060.20949327782,100.0,0.37163375224416517,0.35368043087971274,0.3303411131059246,0.414721723518851,0.19658886894075403,20.800926692040377,False,100.0,True,100.0,True,25.72085248641872,not_remotely_sensable,access_only,0.0,neither,,False,False,0.0024168997344929943,0,82,1.0,False,0,0.0,ok
362,LK1136310,Dampe,Kesbewa,2.85594816,0.35653478335589756,0.15042834937359228,290,-72,33.905191240103825,0.2209533872475311,0.4210533358816016,2286.848154104227,99.56471820237634,0.15439856373429084,0.26032315978456017,0.770197486535009,0.3177737881508079,0.4236983842010772,31.77122974883114,True,99.76635514018692,True,95.71718639746591,True,17.38114209827357,not_remotely_sensable,both_30_and_300,45.48222246384691,within,gsw_seasonal;wdpa,True,False,0.0024168997344929943,0,235,1.0,False,0,0.0,ok
363,LK1112150,Godagama South,Homagama,0.97891473,0.3564096389523851,0.11924666245818802,348,-15,35.883420668590674,0.3927667984189723,0.6196693135945223,3138.44421842673,100.0,0.3590664272890485,0.34111310592459604,0.3357271095152603,0.4236983842010772,0.19658886894075403,17.21462119665101,False,100.0,True,98.71958631692029,True,20.957788200444334,not_remotely_sensable,access_only,0.0612619971411068,neither,,False,False,0.0024168997344929943,0,125,1.0,False,0,0.0,ok
364,LK1112385,Wethara,Homagama,0.72993552,0.3526432296240008,0.11370513247988284,361,-3,36.28217583076924,0.5492972686290108,0.6113605462392043,2603.6209084918723,100.0,0.39317773788150806,0.39317773788150806,0.3644524236983842,0.3500897666068223,0.19658886894075403,28.69720731875086,False,100.0,True,99.91984213743268,True,28.229387912724466,not_remotely_sensable,access_only,0.0,neither,,False,False,0.0024168997344929943,0,95,1.0,False,0,0.0,ok
365,LK1115040,Weralupitiya,Seethawaka,2.23658697,0.35102661226597054,0.09979914870752582,390,25,37.153334136348455,0.4539102763653973,0.5742324851841155,699.0309342885208,99.80429050605736,0.4991023339317774,0.36804308797127466,0.4991023339317774,0.0933572710951526,0.4111310592459605,50.35503229648633,True,99.82432432432432,True,97.07014436940936,True,28.1354051054384,not_remotely_sensable,both_30_and_300,0.2519584039580375,adjacent,,True,False,0.0024168997344929943,0,273,1.0,False,0,0.0,ok
366,LK1115060,Agra Pedesa,Seethawaka,0.40036212,0.3506676729940945,0.1273273932828422,336,-30,35.150010374737924,0.2961925009663703,0.6853463223278176,4090.2660253972313,98.61696911413883,0.26750448833034113,0.29084380610412924,0.16696588868940754,0.5170556552962298,0.4542190305206463,26.756689172293072,False,98.66666666666666,True,92.50346789527038,True,21.748036872652783,not_remotely_sensable,access_only,0.0,adjacent,,True,False,0.0024168997344929943,0,58,1.0,False,0,0.0,ok
367,LK1109205,Athurugiriya,Kaduwela,2.05373514,0.34491293977939197,0.10816508046566314,371,4,35.55784864028219,0.389157080897605,0.6187487532963014,2560.175017463443,98.89620764971768,0.3177737881508079,0.3375224416517056,0.3375224416517056,0.34290843806104127,0.44703770197486536,19.213143525741028,False,99.19417475728157,True,92.44712075150157,True,19.622922351773752,not_remotely_sensable,access_only,0.0,adjacent,,True,False,0.0024168997344929943,0,250,1.0,False,0,0.0,ok
368,LK1109030,Ihala Bomiriya,Kaduwela,1.37775526,0.3442641374843337,0.11105759668395362,367,-1,36.113706035216495,0.4911521824616595,0.6331597974526101,2773.312123841852,100.0,0.37881508078994613,0.3752244165170557,0.29443447037701975,0.38240574506283664,0.19658886894075403,28.65164388622091,False,100.0,True,97.82515767826976,True,24.686365992742353,not_remotely_sensable,access_only,1.9135574436645733,within,gsw_seasonal,True,False,0.0024168997344929943,0,163,1.0,False,0,0.0,ok
369,LK1136345,Batuwandara South,Kesbewa,0.38410257,0.3422182341124256,0.11314869197864547,365,-4,35.896164748732694,0.5603674540682414,0.6496124235176448,3006.665581940209,100.0,0.3644524236983842,0.400359066427289,0.2459605026929982,0.4129263913824057,0.19658886894075403,31.01827676240209,True,100.0,True,100.0,True,16.502649507948522,not_remotely_sensable,both_30_and_300,0.391644908616188,adjacent,,True,False,0.0024168997344929943,0,58,1.0,False,0,0.0,ok
370,LK1109230,Evarihena,Kaduwela,0.90718664,0.34035238721110356,0.10772807104467451,372,2,36.36441652237236,0.5875949799368225,0.6289748807995816,2428.8197443748863,100.0,0.4021543985637343,0.42190305206463197,0.3087971274685817,0.32854578096947934,0.19658886894075403,27.74157923799006,False,100.0,True,99.92953950263994,True,19.715291596510028,not_remotely_sensable,access_only,7.7084483710657095,within,wdpa,True,False,0.0024168997344929943,0,119,1.0,False,0,0.0,ok
371,LK1109040,Nawagamuwa,Kaduwela,2.60923596,0.33961610045923546,0.09949679938360252,391,20,35.91722916027211,0.4290034242006494,0.624691460149908,2057.2639804032065,98.13073218768687,0.36624775583482944,0.3608617594254937,0.31956912028725315,0.27827648114901254,0.4614003590664273,29.425716396438432,False,98.89723320158102,True,93.01176031416253,True,22.545204852368965,not_remotely_sensable,access_only,2.208484000155527,within,worldcover_wetland,True,False,0.0024168997344929943,0,300,1.0,False,0,0.0,ok
372,LK1112100,Panagoda West,Homagama,1.23457373,0.3354484166168769,0.10360592866757325,384,12,35.63339000690543,0.3722300579846417,0.6322075255424169,2478.3894566220138,99.51420488410693,0.3249551166965889,0.33213644524236985,0.2998204667863555,0.3357271095152603,0.4272890484739677,32.45699448231094,True,99.64285714285715,True,94.21816510584661,True,28.586878154289835,not_remotely_sensable,both_30_and_300,0.0,neither,,False,False,0.0024168997344929943,0,165,1.0,False,0,0.0,ok
373,LK1112060,Habarakada South,Homagama,0.80803674,0.3281280681740346,0.10321486437607595,385,12,35.50716676804786,0.3476740286494514,0.6314473603771557,2473.584063133248,99.82825928533039,0.3123877917414722,0.31597845601436264,0.3016157989228007,0.3339317773788151,0.40933572710951527,26.513362336855188,False,99.8974358974359,True,97.7655970877364,True,26.240054173015068,not_remotely_sensable,access_only,0.0,adjacent,,True,False,0.0024168997344929943,0,112,1.0,False,0,0.0,ok
374,LK1118075,Galagedara East,Padukka,1.13062976,0.3266538216636087,0.12412747519487541,341,-33,34.86386799192995,0.1864882439508538,0.521771370616705,2234.044458819135,100.0,0.24236983842010773,0.24416517055655296,0.6086175942549371,0.3105924596050269,0.19658886894075403,39.26543647977289,True,100.0,True,99.92528436027652,True,31.72655565293602,not_remotely_sensable,both_30_and_300,0.0,neither,,False,False,0.0024168997344929943,0,148,1.0,False,0,0.0,ok
375,LK1109220,Hokandara East,Kaduwela,1.95460425,0.32246329431492904,0.10923102139117992,368,-7,35.65097024258624,0.3338483173886348,0.6145028668852073,2597.499059482903,100.0,0.3267504488330341,0.3087971274685817,0.3500897666068223,0.348294434470377,0.19658886894075403,16.97725755942297,False,100.0,True,98.42287987001903,True,20.037105751391465,not_remotely_sensable,access_only,0.0,adjacent,,True,False,0.0024168997344929943,0,236,1.0,False,0,0.0,ok
376,LK1112260,Magammana East,Homagama,1.3552711,0.32116870160965527,0.10919754352226814,369,-7,35.51547581900349,0.3484705680747151,0.5883629737967742,2228.69056080858,100.0,0.3141831238779174,0.3177737881508079,0.4362657091561939,0.3052064631956912,0.19658886894075403,30.498338870431894,True,100.0,True,100.0,True,28.22392181856809,not_remotely_sensable,both_30_and_300,0.0,neither,,False,False,0.0024168997344929943,0,169,1.0,False,0,0.0,ok
377,LK1112155,Kurunduwatta,Homagama,1.17682237,0.3199584007756209,0.10769035954801885,373,-4,35.667527134309964,0.3306366745593264,0.6170296413695081,2543.257010411978,100.0,0.33213644524236985,0.30341113105924594,0.34470377019748655,0.3393177737881508,0.19658886894075403,15.196454444728543,False,100.0,True,97.15087868025888,True,18.234938545234737,not_remotely_sensable,access_only,0.01704593880507969,neither,,False,False,0.0024168997344929943,0,152,1.0,False,0,0.0,ok
378,LK1115205,Hanwella Town,Seethawaka,1.48171875,0.3187808414340954,0.09899060228278973,393,15,35.32767567089372,0.3329850317389827,0.6173876351654679,2021.2883610242616,94.4837754383655,0.28545780969479356,0.30700179533213645,0.34290843806104127,0.2764811490125673,0.5062836624775583,34.00962141811337,True,96.82394366197182,True,88.15366591478818,True,20.23139794077062,not_remotely_sensable,both_30_and_300,2.2589416440075296,within,gsw_seasonal,True,False,0.0024168997344929943,0,196,1.0,False,0,0.0,ok
379,LK1112315,Siyambalagoda North,Homagama,1.67622727,0.31846367811613124,0.1061312472273964,377,-2,35.66929847810275,0.3858442218015603,0.6202435242796877,2459.745056591951,100.0,0.3339317773788151,0.3357271095152603,0.3339317773788151,0.33213644524236985,0.19658886894075403,34.62618777266479,True,100.0,True,100.0,True,31.221761180267404,not_remotely_sensable,both_30_and_300,0.992051634494711,neither,,False,False,0.0024168997344929943,0,202,1.0,False,0,0.0,ok
380,LK1136340,Batuwandara North,Kesbewa,0.59550532,0.3176077969898842,0.1038879427996083,383,3,35.77330781119564,0.4439103605066579,0.6538456048273195,2676.2621409650046,100.0,0.3500897666068223,0.36624775583482944,0.236983842010772,0.362657091561939,0.19658886894075403,34.63480309660047,True,100.0,True,100.0,True,30.855796911803193,not_remotely_sensable,both_30_and_300,3.8202625378660384,within,worldcover_wetland,True,False,0.0024168997344929943,0,78,1.0,False,0,0.0,ok
381,LK1109095,Ranala,Kaduwela,2.27979989,0.3147619622757086,0.09513010946198874,401,20,36.603648083289286,0.4411061158707268,0.6229189680687481,1638.1840253736807,100.0,0.4398563734290844,0.3644524236983842,0.3249551166965889,0.21364452423698385,0.19658886894075403,29.044938801036363,False,100.0,True,99.81785970851473,True,28.517254455821007,not_remotely_sensable,access_only,3.118020191190923,within,worldcover_wetland;gsw_seasonal,True,False,0.0024168997344929943,0,266,1.0,False,0,0.0,ok
382,LK1112095,Godagama North,Homagama,0.5813449,0.3129916803381517,0.09992660722643044,389,7,35.87950771178306,0.4251265654143352,0.6433640752884028,2349.3562510099346,100.0,0.35727109515260325,0.3590664272890485,0.26750448833034113,0.3249551166965889,0.19658886894075403,23.708311733195092,False,100.0,True,98.94260879790711,True,25.300113250283125,not_remotely_sensable,access_only,0.0,neither,,False,False,0.0024168997344929943,0,89,1.0,False,0,0.0,ok
383,LK1109200,Oruwala,Kaduwela,1.93260185,0.3103139460623599,0.09805787740507131,396,13,35.92613831101505,0.4207788049785889,0.6453201747262168,2265.898530915275,100.0,0.36804308797127466,0.35727109515260325,0.25673249551166966,0.3123877917414722,0.19658886894075403,30.593110593110595,True,100.0,True,99.54920854177497,True,24.280050863938964,not_remotely_sensable,both_30_and_300,1.2742812742812744,within,gsw_seasonal,True,False,0.0024168997344929943,0,229,1.0,False,0,0.0,ok
384,LK1118080,Galagedara North,Padukka,1.06799582,0.3091032268150955,0.10315174443870802,386,2,35.66439752703793,0.341447511410563,0.6512594546086071,2687.755102071228,100.0,0.3303411131059246,0.3123877917414722,0.23877917414721722,0.36624775583482944,0.19658886894075403,37.3218304576144,True,100.0,True,100.0,True,22.3967684021544,not_remotely_sensable,both_30_and_300,0.0,neither,,False,False,0.0024168997344929943,0,136,1.0,False,0,0.0,ok
385,LK1112350,Kiriwattuduwa North,Homagama,1.14049359,0.3071296456093196,0.1039179405839925,382,-3,35.70257415836216,0.4398438825725438,0.587021884493101,1734.282028211189,100.0,0.34111310592459604,0.362657091561939,0.4398563734290844,0.22262118491921004,0.19658886894075403,46.08756813785827,True,100.0,True,100.0,True,36.515004840271054,not_remotely_sensable,both_30_and_300,0.29892737823105325,neither,,False,False,0.0024168997344929943,0,145,1.0,False,0,0.0,ok
386,LK1109215,Boralugoda,Kaduwela,1.20123772,0.30602191763382824,0.10673207159289498,374,-12,35.349070570747834,0.3197395144911183,0.6295269595100554,2670.6588479304646,100.0,0.289048473967684,0.3016157989228007,0.30700179533213645,0.3608617594254937,0.19658886894075403,35.732711991345596,True,100.0,True,99.69592208955349,True,30.23436488411239,not_remotely_sensable,both_30_and_300,0.0,adjacent,,True,False,0.0024168997344929943,0,160,1.0,False,0,0.0,ok
387,LK1118070,Pitumpe South,Padukka,0.48807761,0.30588811430795465,0.11395237340790067,359,-28,35.095501072304735,0.2225130890052355,0.5410415109388226,1808.3884216870235,100.0,0.26032315978456017,0.2621184919210054,0.5763016157989228,0.24236983842010773,0.19658886894075403,28.60670919942375,False,100.0,True,98.14768345897593,True,23.847051955633393,not_remotely_sensable,access_only,0.0,neither,,False,False,0.0024168997344929943,0,66,1.0,False,0,0.0,ok
388,LK1112375,Kahathuduwa South,Homagama,1.66085524,0.3035879776467182,0.09938895819948117,392,4,35.709249712556506,0.3700268034028668,0.6089015001969217,1873.233222183105,100.0,0.34290843806104127,0.3303411131059246,0.3734290843806104,0.25493716337522443,0.19658886894075403,30.604960677555958,True,100.0,True,100.0,True,29.4461404273877,not_remotely_sensable,both_30_and_300,0.024198427102238355,neither,,False,False,0.0024168997344929943,0,213,1.0,False,0,0.0,ok
389,LK1109120,Pore,Kaduwela,2.059997,0.3031208782316336,0.10453020257413295,380,-9,35.397348118256545,0.2920181090676836,0.6450985738461007,2738.817781158073,100.0,0.2980251346499102,0.289048473967684,0.2585278276481149,0.3734290843806104,0.19658886894075403,31.877644312600303,True,100.0,True,97.90908677065856,True,26.084142394822006,not_remotely_sensable,both_30_and_300,0.043767932694645725,adjacent,,True,False,0.0024168997344929943,0,248,1.0,False,0,0.0,ok
390,LK1112320,Kudamaduwa,Homagama,1.20554738,0.3020876805972496,0.10568268400486175,378,-12,35.31432052743597,0.2992262497190739,0.6391310869430344,2736.098303222265,100.0,0.2836624775583483,0.296229802513465,0.27827648114901254,0.37163375224416517,0.19658886894075403,43.61746361746362,True,100.0,True,100.0,True,35.98257211538461,not_remotely_sensable,both_30_and_300,0.0,neither,,False,False,0.0024168997344929943,0,152,1.0,False,0,0.0,ok
391,LK1112365,Kahathuduwa North,Homagama,1.3003321,0.29949032378273355,0.09785234830131287,398,7,35.88568383979592,0.4749137007499106,0.6154799082880392,1753.463464772129,100.0,0.3608617594254937,0.37163375224416517,0.348294434470377,0.22980251346499103,0.19658886894075403,41.40269749518304,True,100.0,True,100.0,True,32.00271554650374,not_remotely_sensable,both_30_and_300,0.0,neither,,False,False,0.0024168997344929943,0,173,1.0,False,0,0.0,ok
392,LK1109035,Wekewatta,Kaduwela,1.32034264,0.29776334992269643,0.09831875675214484,395,3,35.62615155632943,0.3604102564102565,0.6357853927035497,2230.64239019753,100.0,0.3231597845601436,0.3213644524236984,0.289048473967684,0.30700179533213645,0.19658886894075403,28.020446096654275,False,100.0,True,98.91932641609637,True,29.34512892437156,not_remotely_sensable,access_only,1.092007434944238,within,gsw_seasonal,True,False,0.0024168997344929943,0,171,1.0,False,0,0.0,ok
393,LK1115050,Avissawella,Seethawaka,0.7564789,0.2974321675433801,0.10904198928930599,370,-23,35.118055142992155,0.1812509589321332,0.6801708740361458,3318.135805191558,100.0,0.2639138240574506,0.24236983842010773,0.17953321364452424,0.4452423698384201,0.19658886894075403,35.40454785827605,True,100.0,True,99.51986830774469,True,19.770773638968482,not_remotely_sensable,both_30_and_300,0.0,neither,,False,False,0.0024168997344929943,0,70,1.0,False,0,0.0,ok
394,LK1136325,Halpita,Kesbewa,2.36619282,0.2972124075690105,0.09073741879059352,415,21,35.21295309983304,0.3675876396590927,0.6621369487091949,2154.8194376467845,97.69317443705782,0.2800718132854578,0.32854578096947934,0.21723518850987433,0.29443447037701975,0.4703770197486535,45.039523185526484,True,98.38260869565218,True,94.04079847000189,True,25.137686860739574,not_remotely_sensable,both_30_and_300,0.05495202265714165,adjacent,,True,False,0.0024168997344929943,0,306,1.0,False,0,0.0,ok
395,LK1109025,Pahala Bomiriya A,Kaduwela,2.31683838,0.29627226620839997,0.09802024495386664,397,2,35.59439246122009,0.3508300210427871,0.631124190813324,2158.457709751233,100.0,0.3213644524236984,0.31956912028725315,0.30341113105924594,0.296229802513465,0.19658886894075403,34.3540544092522,True,100.0,True,97.64242127319652,True,24.07741074407741,not_remotely_sensable,both_30_and_300,3.6097603714899025,within,worldcover_wetland;gsw_seasonal,True,False,0.0024168997344929943,0,280,1.0,False,0,0.0,ok
396,LK1109075,Thunadahena,Kaduwela,2.8761742,0.2947232135528467,0.08831918752271091,420,24,35.506696451756575,0.3429954939807654,0.6326720507931108,1525.8534564165072,96.09825031096311,0.3105924596050269,0.3141831238779174,0.2980251346499102,0.20646319569120286,0.4883303411131059,35.424508573818486,True,98.0944055944056,True,92.77470524325483,True,23.406783322531865,not_remotely_sensable,both_30_and_300,2.0179841070681723,within,worldcover_wetland,True,False,0.0024168997344929943,0,346,1.0,False,0,0.0,ok
397,LK1112340,Kahathuduwa West,Homagama,1.67955684,0.29423996294739874,0.10000338159274859,388,-9,35.499991355269096,0.2425687819715194,0.6123345864285957,2079.3085975726085,100.0,0.3087971274685817,0.26570915619389585,0.3590664272890485,0.28186714542190305,0.19658886894075403,58.781768285407466,True,100.0,True,100.0,True,51.09865801504203,not_remotely_sensable,both_30_and_300,0.011931750387781888,neither,,False,False,0.0024168997344929943,0,211,1.0,False,0,0.0,ok
398,LK1112265,Uduwana,Homagama,1.19777536,0.2910641956244349,0.10417262985451711,381,-17,34.929354499803345,0.2984968482301599,0.6096289683201402,2311.440076351459,100.0,0.2459605026929982,0.29443447037701975,0.37163375224416517,0.3213644524236984,0.19658886894075403,32.62963893775655,True,100.0,True,97.939959727303,True,25.494120590442833,not_remotely_sensable,both_30_and_300,0.36860182625450283,neither,,False,False,0.0024168997344929943,0,151,1.0,False,0,0.0,ok
399,LK1112275,Pitipana North,Homagama,2.34495284,0.2864122566248936,0.10462705955840457,379,-20,34.978749249369535,0.2773200812296719,0.577029390370087,1801.0384211637918,100.0,0.25314183123877915,0.2836624775583483,0.48114901256732495,0.23877917414721722,0.19658886894075403,36.37953837621059,True,100.0,True,99.99568766978416,True,27.6052685456903,not_remotely_sensable,both_30_and_300,0.230385255343658,neither,,False,False,0.0024168997344929943,0,282,1.0,False,0,0.0,ok
400,LK1109080,Korathota,Kaduwela,5.10090543,0.2834796033855159,0.09231730477792895,410,10,35.673416985058566,0.3827750470295528,0.6351050773515804,1819.3852392752572,100.0,0.3357271095152603,0.3339317773788151,0.29084380610412924,0.2459605026929982,0.19658886894075403,37.601586117545445,True,100.0,True,98.91063586809916,True,26.7504431501646,not_remotely_sensable,both_30_and_300,1.3780377684425424,within,worldcover_wetland,True,False,0.0024168997344929943,0,604,1.0,False,0,0.0,ok
401,LK1112180,Kiriberiyakele,Homagama,1.58116539,0.28172766459154674,0.10660446139687425,375,-26,34.46918783852132,0.1780634104541559,0.6271315630981836,2750.8024954853854,100.0,0.20646319569120286,0.236983842010772,0.3141831238779174,0.3770197486535009,0.19658886894075403,27.32278481012658,False,100.0,True,99.83426212865001,True,32.43860129644846,not_remotely_sensable,access_only,0.05063291139240506,neither,,False,False,0.0024168997344929943,0,213,1.0,False,0,0.0,ok
402,LK1112010,Henpita,Homagama,1.16578203,0.2812115426190218,0.09320924960807384,405,3,34.99911843166665,0.1549721189591078,0.6124031955833272,1704.559156434342,99.17853344892885,0.25673249551166966,0.2244165170556553,0.35727109515260325,0.21903052064631956,0.44165170556552963,53.175995788734866,True,98.50442477876106,True,97.58856355222599,True,34.183191690273844,not_remotely_sensable,both_30_and_300,0.8861203719950869,adjacent,,True,False,0.0024168997344929943,0,151,1.0,False,0,0.0,ok
403,LK1109210,Thaldiyawala,Kaduwela,1.73532815,0.2770734013082053,0.09117737788800166,414,11,35.58971481372559,0.2966050689908827,0.6462473003056091,1994.6770368604823,100.0,0.31956912028725315,0.2926391382405745,0.2495511669658887,0.2746858168761221,0.19658886894075403,26.62855162855163,False,100.0,True,99.5447151844941,True,28.658008658008658,not_remotely_sensable,access_only,0.0,adjacent,,True,False,0.0024168997344929943,0,214,1.0,False,0,0.0,ok
404,LK1112255,Magammana West,Homagama,1.0647458,0.27657295498131457,0.09873665073887324,394,-10,34.95185338576502,0.1965544813549465,0.6623781138774204,2695.064726441113,100.0,0.2513464991023339,0.2513464991023339,0.21543985637342908,0.36983842010771995,0.19658886894075403,44.0918934186988,True,100.0,True,100.0,True,38.910440209141505,not_remotely_sensable,both_30_and_300,0.0,neither,,False,False,0.0024168997344929943,0,135,1.0,False,0,0.0,ok
405,LK1112335,Rilawala,Homagama,0.93522621,0.27508339103315477,0.08799868263823311,424,19,35.690542316417016,0.3382895009318699,0.6542468895697896,1871.3619232639064,100.0,0.3393177737881508,0.3105924596050269,0.23518850987432674,0.25314183123877915,0.19658886894075403,51.690201112537444,True,100.0,True,100.0,True,40.256864481842335,not_remotely_sensable,both_30_and_300,0.0,neither,,False,False,0.0024168997344929943,0,125,1.0,False,0,0.0,ok
406,LK1112305,Kirigampamunuwa,Homagama,1.71688551,0.273245313919079,0.09191203627718755,411,5,35.40921501080696,0.2644611325350113,0.6449071075499705,2057.5219731159777,100.0,0.2998204667863555,0.2746858168761221,0.26032315978456017,0.2800718132854578,0.19658886894075403,55.103468376566596,True,100.0,True,100.0,True,42.85528539851775,not_remotely_sensable,both_30_and_300,0.05829204313611192,neither,,False,False,0.0024168997344929943,0,215,1.0,False,0,0.0,ok
407,LK1118090,Padukka,Padukka,1.38251408,0.2732202895634439,0.09359437085232689,404,-3,35.33634189795246,0.2919804058782365,0.6412301790230419,2096.326805203802,100.0,0.2872531418312388,0.2872531418312388,0.2710951526032316,0.2836624775583483,0.19658886894075403,32.29430953243929,True,100.0,True,99.96823557547768,True,33.13878080415046,not_remotely_sensable,both_30_and_300,0.02899601304820587,adjacent,,True,False,0.0024168997344929943,0,176,1.0,False,0,0.0,ok
408,LK1112040,Meegasmulla,Homagama,2.28649733,0.27211624282838454,0.08826413024314583,421,13,35.09890426120394,0.2095466928374422,0.63619026868129,1751.6489815462255,99.6400447118452,0.2621184919210054,0.2585278276481149,0.2872531418312388,0.22621184919210055,0.41831238779174146,35.278398387874006,True,99.73127753303964,True,96.5451624426458,True,34.51724137931034,not_remotely_sensable,both_30_and_300,0.192754194594121,adjacent,,True,False,0.0024168997344929943,0,278,1.0,False,0,0.0,ok
409,LK1112330,Siyambalagoda South,Homagama,1.10825188,0.2689439478428073,0.09272104455251995,408,-1,35.37379142437902,0.3630873420372826,0.6275350100678839,1769.1344305814953,100.0,0.2926391382405745,0.3231597845601436,0.3123877917414722,0.2333931777378815,0.19658886894075403,44.00289671404001,True,100.0,True,100.0,True,37.22002635046113,not_remotely_sensable,both_30_and_300,0.009052231375033946,neither,,False,False,0.0024168997344929943,0,144,1.0,False,0,0.0,ok
410,LK1112005,Jalthara,Homagama,4.14769294,0.2689144504500999,0.09184198618698554,412,2,35.49994101466785,0.3006709780975579,0.625334563962618,1708.2599681356169,100.0,0.30700179533213645,0.2998204667863555,0.3177737881508079,0.22082585278276481,0.19658886894075403,33.054140819232906,True,100.0,True,98.54275320602645,True,26.296296296296298,not_remotely_sensable,both_30_and_300,0.42482319148422604,adjacent,,True,False,0.0024168997344929943,0,468,1.0,False,0,0.0,ok
411,LK1112300,Diyagama West,Homagama,1.85416745,0.267867771548215,0.09265517759817984,409,-2,35.42620964395064,0.2455488530338767,0.6060210302804608,1431.9049670527104,100.0,0.3016157989228007,0.26750448833034113,0.3770197486535009,0.19569120287253142,0.19658886894075403,70.53706505295007,True,100.0,True,100.0,True,57.0675319407828,not_remotely_sensable,both_30_and_300,0.0,neither,,False,False,0.0024168997344929943,0,224,1.0,False,0,0.0,ok
412,LK1112160,Gehenuwala,Homagama,1.00378296,0.26727850362589056,0.09284053824736546,407,-5,35.262901593443104,0.2364674563061846,0.6264745456552224,1864.743359043439,100.0,0.28186714542190305,0.2639138240574506,0.31597845601436264,0.2495511669658887,0.19658886894075403,26.095637416392133,False,100.0,True,99.05692369011815,True,32.12211265703093,not_remotely_sensable,access_only,0.0,neither,,False,False,0.0024168997344929943,0,131,1.0,False,0,0.0,ok
413,LK1112355,Moonamale - Yakahaluwa,Homagama,1.22486079,0.26358907360930206,0.08825460333558793,422,9,34.57548418390217,0.1091512565196775,0.6558359775315987,2127.345987172411,99.89443047936622,0.21903052064631956,0.20107719928186715,0.2333931777378815,0.29084380610412924,0.40394973070017953,39.37151810584958,True,99.82051282051282,True,98.13850370902908,True,33.14598645337945,not_remotely_sensable,both_30_and_300,0.0,neither,,False,False,0.0024168997344929943,0,175,1.0,False,0,0.0,ok
414,LK1115195,Walawwatta,Seethawaka,0.68626357,0.26270184826716014,0.09039087954572911,416,2,35.189681016620405,0.1593744707277141,0.6349882594107477,1887.62839779369,100.0,0.2764811490125673,0.22621184919210055,0.2926391382405745,0.2621184919210054,0.19658886894075403,62.54945054945055,True,100.0,True,100.0,True,48.19672131147541,not_remotely_sensable,both_30_and_300,5.201465201465202,within,dw_flooded_vegetation,True,False,0.0024168997344929943,0,90,1.0,False,0,0.0,ok
415,LK1115140,Seethawaka,Seethawaka,0.80562787,0.2595407284554687,0.09302459238183652,406,-9,34.850372196239604,0.1907897899341441,0.6874479471960989,2664.340196136121,100.0,0.24057450628366248,0.24775583482944344,0.1615798922800718,0.3590664272890485,0.19658886894075403,38.3375314861461,True,100.0,True,100.0,True,34.150326797385624,not_remotely_sensable,both_30_and_300,0.012594458438287154,neither,,False,False,0.0024168997344929943,0,97,1.0,False,0,0.0,ok
416,LK1112090,Meegoda South,Homagama,1.14769153,0.2595282891191715,0.08535724741568151,429,13,35.37444785543396,0.3002899723514735,0.6645272711084778,1916.309533120938,100.0,0.29443447037701975,0.2980251346499102,0.20825852782764812,0.26750448833034113,0.19658886894075403,38.18863319386332,True,100.0,True,99.46399302555092,True,27.612466506839656,not_remotely_sensable,both_30_and_300,0.0,neither,,False,False,0.0024168997344929943,0,145,1.0,False,0,0.0,ok
417,LK1112115,Homagama North,Homagama,0.80167684,0.2587022320683623,0.09374264451094656,403,-14,34.63573019276302,0.1976030541729086,0.6397699239617737,2190.68079265428,100.0,0.22621184919210055,0.25314183123877915,0.2764811490125673,0.30341113105924594,0.19658886894075403,33.608608608608606,True,100.0,True,100.0,True,31.091802040045334,not_remotely_sensable,both_30_and_300,0.0,neither,,False,False,0.0024168997344929943,0,107,1.0,False,0,0.0,ok
418,LK1136350,Jamburaliya,Kesbewa,1.64705484,0.2570084808075634,0.08825167135209569,423,5,35.371592370226224,0.3924702122159292,0.6469251882544989,1758.3765172796784,100.0,0.29084380610412924,0.3393177737881508,0.24775583482944344,0.23159784560143626,0.19658886894075403,35.97656006483386,True,100.0,True,98.55466111061261,True,27.75073028237585,not_remotely_sensable,both_30_and_300,11.308521912598966,within,gsw_seasonal;wdpa,True,False,0.0024168997344929943,0,200,1.0,False,0,0.0,ok
419,LK1112250,Deepangoda,Homagama,1.54368951,0.2562931085975628,0.08985207197847467,418,-1,35.203722720775886,0.194694481357972,0.6300704300768248,1752.5471964373346,100.0,0.27827648114901254,0.2495511669658887,0.3052064631956912,0.22800718132854578,0.19658886894075403,49.38711978727544,True,100.0,True,100.0,True,44.16775884665793,not_remotely_sensable,both_30_and_300,0.14268110772423634,neither,,False,False,0.0024168997344929943,0,208,1.0,False,0,0.0,ok
420,LK1115135,Kotahera,Seethawaka,0.66161715,0.25479254428706677,0.09009308683467386,417,-3,34.61570577883991,0.1989464442493414,0.7290368726597495,2855.168919751683,100.0,0.22262118491921004,0.25493716337522443,0.11131059245960502,0.3895870736086176,0.19658886894075403,55.35442395533751,True,100.0,True,100.0,True,27.906976744186046,not_remotely_sensable,both_30_and_300,0.0,neither,,False,False,0.0024168997344929943,0,89,1.0,False,0,0.0,ok
421,LK1112290,Dolahena,Homagama,2.50396149,0.25292159262695585,0.09661649341440227,400,-21,34.68995782669019,0.1141253941754776,0.5798960058237963,1308.18039924189,100.0,0.22980251346499103,0.20825852782764812,0.4703770197486535,0.17953321364452424,0.19658886894075403,46.48140743702519,True,100.0,True,100.0,True,33.54775238383532,not_remotely_sensable,both_30_and_300,0.003998400639744102,neither,,False,False,0.0024168997344929943,0,299,1.0,False,0,0.0,ok
422,LK1115285,Koodaluvila,Seethawaka,1.16607131,0.24986456817452518,0.08530847386076473,430,8,34.98525790065501,0.1736852576430798,0.6822082697920258,2231.6371857798526,100.0,0.25493716337522443,0.23518850987432674,0.17594254937163376,0.3087971274685817,0.19658886894075403,43.99656209712076,True,100.0,True,100.0,True,29.275406816088424,not_remotely_sensable,both_30_and_300,1.0829394069617533,within,,True,False,0.0024168997344929943,0,154,1.0,False,0,0.0,ok
423,LK1115100,Salawa,Seethawaka,1.79491595,0.24916213724080852,0.08327657618785538,437,14,35.47951094726038,0.2767887931034483,0.6458266661470312,1482.2258091538536,100.0,0.3052064631956912,0.28186714542190305,0.2513464991023339,0.20287253141831238,0.19658886894075403,38.559866034049676,True,100.0,True,98.81625428992832,True,31.311475409836067,not_remotely_sensable,both_30_and_300,0.0,neither,,False,False,0.0024168997344929943,0,237,1.0,False,0,0.0,ok
424,LK1112065,Panagoda Town,Homagama,1.07641766,0.248244842580266,0.09472993927637695,402,-22,34.481419703492286,0.1260386317038956,0.6114029971501683,1851.985086967053,100.0,0.20825852782764812,0.2118491921005386,0.362657091561939,0.24775583482944344,0.19658886894075403,40.742468053353235,True,100.0,True,100.0,True,39.08120349401488,not_remotely_sensable,both_30_and_300,0.9234213226378136,adjacent,,True,False,0.0024168997344929943,0,149,1.0,False,0,0.0,ok
425,LK1109050,Welihinda,Kaduwela,1.07868994,0.2466718884781918,0.08480309661550729,434,9,35.16966538006808,0.2690473629486215,0.6569760031839217,1815.7720765304668,100.0,0.26929982046678635,0.27827648114901254,0.22980251346499103,0.24416517055655296,0.19658886894075403,41.547331225590476,True,100.0,True,99.68669670599549,True,28.714603881641743,not_remotely_sensable,both_30_and_300,4.770318021201414,within,worldcover_wetland;gsw_seasonal,True,False,0.0024168997344929943,0,142,1.0,False,0,0.0,ok
426,LK1109085,Nawagamuwa South,Kaduwela,1.88940241,0.24653623870345107,0.08702443395422961,425,-1,35.17547746932142,0.2686668031947572,0.6238775567080845,1370.4576609183202,100.0,0.2710951526032316,0.2764811490125673,0.3231597845601436,0.18850987432675045,0.19658886894075403,45.22650296359018,True,100.0,True,100.0,True,37.239149603213484,not_remotely_sensable,both_30_and_300,3.5827688399661306,within,gsw_seasonal,True,False,0.0024168997344929943,0,226,1.0,False,0,0.0,ok
427,LK1112050,Mullegama North,Homagama,0.67007957,0.24353949138903172,0.08696777026001862,426,-1,34.66422789350881,0.1049956684955241,0.6756832019652107,2290.470088014705,100.0,0.22800718132854578,0.19389587073608616,0.18491921005385997,0.31956912028725315,0.19658886894075403,26.014677250262093,False,100.0,True,99.96269702393384,True,27.404756893285626,not_remotely_sensable,access_only,3.2499625580350457,within,dw_flooded_vegetation,True,False,0.0024168997344929943,0,93,1.0,False,0,0.0,ok
428,LK1112055,Mullegama South,Homagama,1.60322064,0.24223162799016257,0.08913567558599986,419,-9,34.568480579854835,0.0789391123874797,0.6632741325605609,2274.263211518177,100.0,0.21723518850987433,0.1741472172351885,0.21005385996409337,0.31597845601436264,0.19658886894075403,35.72052947052947,True,100.0,True,100.0,True,30.239608801955992,not_remotely_sensable,both_30_and_300,0.3371628371628372,adjacent,,True,False,0.0024168997344929943,0,192,1.0,False,0,0.0,ok
429,LK1109110,Welipillewa,Kaduwela,1.25618966,0.2414546045590546,0.08483292610246958,433,4,34.87744258028312,0.1475243256558689,0.6729877742934454,2119.2840765389133,100.0,0.24416517055655296,0.22082585278276481,0.18850987432675045,0.289048473967684,0.19658886894075403,29.404714342788655,False,100.0,True,99.98466446425837,True,29.19254658385093,not_remotely_sensable,access_only,0.1038753495805034,adjacent,,True,False,0.0024168997344929943,0,155,1.0,False,0,0.0,ok
430,LK1112035,Nawalamulla,Homagama,2.32604675,0.23955156396140867,0.08319252479068763,438,8,35.184588275658605,0.1997271986293394,0.6381728030331113,1418.012260717862,100.0,0.27289048473967686,0.25673249551166966,0.2800718132854578,0.19389587073608616,0.19658886894075403,38.680504715559195,True,100.0,True,99.975165399008,True,34.25600674441478,not_remotely_sensable,both_30_and_300,0.15503208302829335,neither,,False,False,0.0024168997344929943,0,278,1.0,False,0,0.0,ok
431,LK1112045,Habarakada North,Homagama,1.24032011,0.2384719592955287,0.08335236337680445,436,5,34.94574710923584,0.1903171432138843,0.6618291266687666,1865.2299803658689,100.0,0.2495511669658887,0.2459605026929982,0.21903052064631956,0.2513464991023339,0.19658886894075403,36.33206815795849,True,100.0,True,100.0,True,31.47384694666323,not_remotely_sensable,both_30_and_300,3.3271420495841073,within,worldcover_wetland;gsw_seasonal,True,False,0.0024168997344929943,0,162,1.0,False,0,0.0,ok
432,LK1115275,Pahathgama,Seethawaka,0.7018199,0.2380012803569539,0.082413042810062,440,8,34.81943940756073,0.0813003642786179,0.6960113043898393,2267.2398004116026,100.0,0.23877917414721722,0.17953321364452424,0.15080789946140036,0.3141831238779174,0.19658886894075403,44.77227155542825,True,100.0,True,100.0,True,33.272821576763484,not_remotely_sensable,both_30_and_300,0.0,adjacent,,True,False,0.0024168997344929943,0,87,1.0,False,0,0.0,ok
433,LK1112030,Walpita,Homagama,1.21066376,0.2350503379265296,0.08166184704638729,442,9,35.13694980393504,0.2742893644203131,0.6648378691793979,1735.4269523316018,100.0,0.26570915619389585,0.2800718132854578,0.20646319569120286,0.2244165170556553,0.19658886894075403,36.80727874276261,True,100.0,True,98.28859587572057,True,31.319261213720317,not_remotely_sensable,both_30_and_300,0.8850289495450786,adjacent,,True,False,0.0024168997344929943,0,155,1.0,False,0,0.0,ok
434,LK1112370,Kahathuduwa East,Homagama,1.53186808,0.23234647520761512,0.08182615014432838,441,7,34.99971997730948,0.25512862671692,0.645471183661023,1441.7967612482423,100.0,0.2585278276481149,0.26929982046678635,0.25493716337522443,0.19748653500897667,0.19658886894075403,58.08435852372583,True,100.0,True,99.89312787420599,True,37.63365468886941,not_remotely_sensable,both_30_and_300,0.0,neither,,False,False,0.0024168997344929943,0,208,1.0,False,0,0.0,ok
435,LK1112170,Ovitigama,Homagama,2.22543797,0.2283530949680002,0.09125212408522124,413,-22,34.17062728120315,0.0322978775183826,0.6380341113342067,2098.1891842465006,100.0,0.17055655296229802,0.13824057450628366,0.28186714542190305,0.28545780969479356,0.19658886894075403,43.12595660394346,True,100.0,True,100.0,True,39.61166639357693,not_remotely_sensable,both_30_and_300,0.12604663725578463,neither,,False,False,0.0024168997344929943,0,274,1.0,False,0,0.0,ok
436,LK1115110,Pahala Kosgama East,Seethawaka,1.53657866,0.22777071609704772,0.06883564881726043,461,25,35.6608219256851,0.1701264674761927,0.6900733445833964,1287.7082226087668,100.0,0.32854578096947934,0.2333931777378815,0.1561938958707361,0.17773788150807898,0.19658886894075403,48.56769983686786,True,100.0,True,100.0,True,36.50088809946714,not_remotely_sensable,both_30_and_300,0.0,neither,,False,False,0.0024168997344929943,0,152,1.0,False,0,0.0,ok
437,LK1112405,Weniwelkola,Homagama,3.36797156,0.2259954805529045,0.08000222925049001,444,7,34.934183232823955,0.1688325118058668,0.6606672094476351,1648.5753210098717,100.0,0.24775583482944344,0.22980251346499103,0.22262118491921004,0.21543985637342908,0.19658886894075403,60.14406172123033,True,100.0,True,100.0,True,49.05416628218141,not_remotely_sensable,both_30_and_300,0.6004220788871385,neither,,False,False,0.0024168997344929943,0,399,0.8707011859822251,True,0,0.0,below_land_coverage_floor
438,LK1136365,Kahapola,Kesbewa,2.18659094,0.22204370215582075,0.09784014356366456,399,-39,33.23150394098332,0.1059439755091928,0.5965613545180323,1889.8947420107563,100.0,0.08617594254937164,0.19748653500897667,0.40933572710951527,0.2639138240574506,0.19658886894075403,54.24960967993755,True,100.0,True,100.0,True,31.857207410754633,not_remotely_sensable,both_30_and_300,46.609094457455114,within,dw_flooded_vegetation;worldcover_wetland;gsw_seasonal;wdpa,True,False,0.0024168997344929943,0,239,1.0,False,0,0.0,ok
439,LK1112075,Meegoda North,Homagama,1.53167394,0.2217554390150097,0.0778582011399684,446,7,34.76645702633335,0.1803208285966906,0.677668035737309,1782.551909522292,100.0,0.23518850987432674,0.24057450628366248,0.18312387791741472,0.23518850987432674,0.19658886894075403,37.39062295938357,True,100.0,True,100.0,True,29.9645390070922,not_remotely_sensable,both_30_and_300,0.0,neither,,False,False,0.0024168997344929943,0,192,1.0,False,0,0.0,ok
440,LK1112175,Kandanawatta,Homagama,1.17017006,0.22129066388372529,0.08494817141701855,431,-9,34.40877522866192,0.0310546681218374,0.6500086061486211,1880.167936412692,100.0,0.1992818671454219,0.13285457809694792,0.24236983842010773,0.2585278276481149,0.19658886894075403,26.078380927879255,False,100.0,True,100.0,True,36.55635378636203,not_remotely_sensable,access_only,0.0,neither,,False,False,0.0024168997344929943,0,152,1.0,False,0,0.0,ok
441,LK1118135,Pahala Padukka,Padukka,0.70570269,0.21893931226744706,0.07899228650898828,445,4,34.3748224535291,0.2631377061756808,0.6859123403748142,1941.475479034837,100.0,0.19569120287253142,0.27289048473967686,0.1651705565529623,0.26929982046678635,0.19658886894075403,60.34728152576146,True,100.0,True,99.95305408353036,True,26.859205776173287,not_remotely_sensable,both_30_and_300,0.0,adjacent,,True,False,0.0024168997344929943,0,96,1.0,False,0,0.0,ok
442,LK1112280,Suwapubudugama,Homagama,0.89013321,0.2172603005216919,0.08566777405937644,428,-14,34.35108480606487,0.0,0.6681038779938441,2170.9819219776728,100.0,0.19389587073608616,0.026929982046678635,0.19748653500897667,0.2998204667863555,0.19658886894075403,33.09073265405143,True,100.0,True,100.0,True,36.31254532269761,not_remotely_sensable,both_30_and_300,0.0,neither,,False,False,0.0024168997344929943,0,121,1.0,False,0,0.0,ok
443,LK1112165,Watareka South,Homagama,3.05201585,0.2169840796744207,0.08077412116170794,443,0,34.31634852647557,0.1366748662287931,0.6728588161614099,1942.2890698258288,100.0,0.18491921005385997,0.21364452423698385,0.19210053859964094,0.2710951526032316,0.19658886894075403,51.63130799750795,True,100.0,True,99.82584536615347,True,43.3180999861515,not_remotely_sensable,both_30_and_300,0.13116044201068958,neither,,False,False,0.0024168997344929943,0,370,1.0,False,0,0.0,ok
444,LK1115145,Aradhana Kanda,Seethawaka,1.16459501,0.21349219042748105,0.07621722060292006,447,3,34.288564949903915,0.1119787340089715,0.7161010317280355,2190.015102565833,100.0,0.17953321364452424,0.20466786355475763,0.13285457809694792,0.3016157989228007,0.19658886894075403,40.118118540392324,True,100.0,True,99.65810899891287,True,31.965480803099684,not_remotely_sensable,both_30_and_300,0.0,neither,,False,False,0.0024168997344929943,0,145,1.0,False,0,0.0,ok
445,LK1112345,Kiriwattuduwa South,Homagama,2.37472111,0.21336313013428823,0.08675397316433638,427,-18,34.332482287182486,0.056836513549186,0.6059650428163746,1122.164786956443,100.0,0.1867145421903052,0.1526032315978456,0.37881508078994613,0.16337522441651706,0.19658886894075403,62.66557715465336,True,100.0,True,100.0,True,49.2523029070463,not_remotely_sensable,both_30_and_300,0.0,neither,,False,False,0.0024168997344929943,0,295,1.0,False,0,0.0,ok
446,LK1115200,Pahala Hanwella,Seethawaka,1.31724169,0.2131909156503592,0.08492864624622848,432,-14,34.292807170322966,0.1121825023518344,0.622069207386982,1354.686591625957,100.0,0.1813285457809695,0.20646319569120286,0.3267504488330341,0.1867145421903052,0.19658886894075403,46.006441223832525,True,100.0,True,96.69248456198387,True,32.16814825975592,not_remotely_sensable,both_30_and_300,3.4541062801932365,within,gsw_seasonal,True,False,0.0024168997344929943,0,179,1.0,False,0,0.0,ok
447,LK1136335,Morenda,Kesbewa,0.64636142,0.21186814294835207,0.07153103739921339,457,10,34.41510752483937,0.1387989931679252,0.7113843738075415,1896.2439009323411,100.0,0.20287253141831238,0.21543985637342908,0.14183123877917414,0.26570915619389585,0.19658886894075403,62.90497597271741,True,100.0,True,99.50297870839269,True,27.413288758880068,not_remotely_sensable,both_30_and_300,1.1471089753526584,within,worldcover_wetland,True,False,0.0024168997344929943,0,93,1.0,False,0,0.0,ok
448,LK1112390,Ambalangoda,Homagama,1.23069838,0.21038696097806628,0.0755922497837332,448,0,34.551079703179674,0.1598050007862871,0.6860861520250554,1794.1808688714907,100.0,0.2118491921005386,0.22800718132854578,0.16337522441651706,0.236983842010772,0.19658886894075403,61.49963363999023,True,100.0,True,100.0,True,38.87234042553192,not_remotely_sensable,both_30_and_300,0.26052267361393794,adjacent,,True,False,0.0024168997344929943,0,160,1.0,False,0,0.0,ok
449,LK1112380,Undurugoda,Homagama,1.08904432,0.20560838316879382,0.07220103830696148,453,4,34.816521986173555,0.1251155514470596,0.6714122335347766,1331.7782815183057,100.0,0.236983842010772,0.21005385996409337,0.19389587073608616,0.18312387791741472,0.19658886894075403,62.389421733867216,True,100.0,True,100.0,True,53.1328320802005,not_remotely_sensable,both_30_and_300,0.01836715951878042,adjacent,,True,False,0.0024168997344929943,0,141,0.9862246303609147,False,0,0.0,ok
450,LK1112085,Watareka North,Homagama,2.83812746,0.20558335881315876,0.07420704069149153,450,0,34.606433522993726,0.1495820321555685,0.6659139654247725,1387.2841043571773,100.0,0.22082585278276481,0.22262118491921004,0.20466786355475763,0.19030520646319568,0.19658886894075403,52.00832980375547,True,100.0,True,99.88292516136913,True,35.786446427254624,not_remotely_sensable,both_30_and_300,0.03176620076238882,neither,,False,False,0.0024168997344929943,0,350,1.0,False,0,0.0,ok
451,LK1112360,Kithulavila,Homagama,2.52697978,0.20404503124090625,0.0829231278796951,439,-12,34.14499907051606,0.03829598198557,0.6370706569633784,1548.3265945379171,100.0,0.1687612208258528,0.14183123877917414,0.28545780969479356,0.20825852782764812,0.19658886894075403,57.091821956164914,True,100.0,True,100.0,True,46.37285047261132,not_remotely_sensable,both_30_and_300,0.0,neither,,False,False,0.0024168997344929943,0,294,1.0,False,0,0.0,ok
452,LK1109105,Embilladeniya,Kaduwela,0.90585872,0.20303885829780802,0.07182575974853334,456,4,34.6199174184622,0.0607562486648152,0.6847224969992243,1576.1322885807904,100.0,0.2244165170556553,0.15978456014362658,0.17055655296229802,0.2118491921005386,0.19658886894075403,39.2165541662056,True,100.0,True,99.5327180550161,True,31.16048475945648,not_remotely_sensable,both_30_and_300,0.4758216222197632,adjacent,,True,False,0.0024168997344929943,0,124,1.0,False,0,0.0,ok
453,LK1112270,Prasannapura,Homagama,1.35514637,0.20050073942468064,0.08452481778267493,435,-18,34.080019562574904,0.0,0.6448743272006154,1801.7747234370208,100.0,0.16337522441651706,0.026929982046678635,0.2621184919210054,0.24057450628366248,0.19658886894075403,35.832471561530504,True,100.0,True,100.0,True,35.66270673188912,not_remotely_sensable,both_30_and_300,0.06647953907519574,neither,,False,False,0.0024168997344929943,0,174,1.0,False,0,0.0,ok
454,LK1109090,Batewela,Kaduwela,1.75827735,0.19941194552868216,0.06876959363556243,462,8,34.69531785975081,0.1079689253724773,0.6878440534794485,1407.5005212817937,100.0,0.23159784560143626,0.1992818671454219,0.15798922800718132,0.19210053859964094,0.19658886894075403,46.74241991663336,True,100.0,True,99.73922604977649,True,39.02332201905179,not_remotely_sensable,both_30_and_300,2.1583966196539714,within,gsw_seasonal,True,False,0.0024168997344929943,0,223,1.0,False,0,0.0,ok
455,LK1112025,Batawala,Homagama,2.14111064,0.1985534378142299,0.07272027132524528,452,-3,34.727185488165425,0.0591330765474963,0.6562266035407329,1078.315040913014,100.0,0.2333931777378815,0.1561938958707361,0.23159784560143626,0.15439856373429084,0.19658886894075403,50.491021324354655,True,100.0,True,100.0,True,46.21139459044696,not_remotely_sensable,both_30_and_300,0.12626262626262627,adjacent,,True,False,0.0024168997344929943,0,256,1.0,False,0,0.0,ok
456,LK1115280,Jayaweeragoda,Seethawaka,1.29772675,0.196564531626667,0.07072932038218198,459,3,34.46732094270092,0.1051893826424097,0.6848451428295356,1513.0176155397503,100.0,0.20466786355475763,0.19569120287253142,0.1687612208258528,0.20466786355475763,0.19658886894075403,78.15301391035548,True,100.0,True,100.0,True,58.19642205184374,not_remotely_sensable,both_30_and_300,0.4559505409582689,adjacent,,True,False,0.0024168997344929943,0,167,1.0,False,0,0.0,ok
457,LK1112080,Panaluwa,Homagama,4.75649453,0.194669500012594,0.05823999873718602,480,23,34.31507413699197,0.1418811204736962,0.7110864118637976,1116.2289551632132,99.97235914473266,0.18312387791741472,0.21723518850987433,0.1436265709156194,0.1615798922800718,0.39676840215439857,62.52158167347454,True,99.97674418604652,True,98.79917817639937,True,35.55817378497791,not_remotely_sensable,both_30_and_300,0.8843222301764433,adjacent,,True,False,0.0024168997344929943,0,557,1.0,False,0,0.0,ok
458,LK1112185,Mawathgama,Homagama,1.52140324,0.1914919002435371,0.07442095680685257,449,-9,34.37492595541701,0.0669278319045559,0.6496345162621373,1114.0537550459626,100.0,0.19748653500897667,0.1615798922800718,0.24416517055655296,0.15978456014362658,0.19658886894075403,40.463493317532425,True,100.0,True,100.0,True,39.59896941861768,not_remotely_sensable,both_30_and_300,0.11850681414181316,neither,,False,False,0.0024168997344929943,0,192,1.0,False,0,0.0,ok
459,LK1112295,Diyagama East,Homagama,1.47260692,0.1880675955992108,0.0718334581496124,455,-4,34.3400043480631,0.0780572419774501,0.6661026732800629,1275.053093261526,100.0,0.19210053859964094,0.17235188509874327,0.20287253141831238,0.17594254937163376,0.19658886894075403,74.6553480475382,True,100.0,True,100.0,True,62.09415584415584,not_remotely_sensable,both_30_and_300,0.0,neither,,False,False,0.0024168997344929943,0,192,1.0,False,0,0.0,ok
460,LK1118095,Arukwatta North,Padukka,0.8841039,0.184084743356161,0.0736420787274406,451,-9,34.10338121933155,0.013167104111986,0.6728730983699712,1560.759864327872,100.0,0.16696588868940754,0.1059245960502693,0.19030520646319568,0.21005385996409337,0.19658886894075403,37.57074937740548,True,100.0,True,99.43957413381152,True,35.82605531295488,not_remotely_sensable,both_30_and_300,0.0905592030790129,neither,,False,False,0.0024168997344929943,0,112,1.0,False,0,0.0,ok
461,LK1115105,Pahala Kosgama West,Seethawaka,0.92793374,0.18066374823971645,0.0654050276544207,469,8,34.098821639308795,0.0994081360453484,0.7161470164531528,1669.161699247344,100.0,0.1651705565529623,0.19030520646319568,0.1310592459605027,0.21723518850987433,0.19658886894075403,52.25848281824076,True,100.0,True,100.0,True,44.68814256339959,not_remotely_sensable,both_30_and_300,0.0,neither,,False,False,0.0024168997344929943,0,115,1.0,False,0,0.0,ok
462,LK1112020,Atigala East,Homagama,2.81198258,0.18049317236533,0.0692467342212595,460,-2,34.56046626258098,0.0945934791580684,0.6580787729320735,791.0611484291429,100.0,0.21543985637342908,0.1867145421903052,0.22800718132854578,0.11131059245960502,0.19658886894075403,61.802559806053694,True,100.0,True,100.0,True,41.22313717613979,not_remotely_sensable,both_30_and_300,0.8699062355164177,adjacent,,True,False,0.0024168997344929943,0,337,1.0,False,0,0.0,ok
463,LK1118085,Galagedara South,Padukka,1.07615963,0.17842182895913775,0.06169904118563221,475,12,34.188018317478736,0.0864246392976648,0.7153255215844694,1446.6765356895935,100.0,0.1741472172351885,0.18491921005385997,0.13644524236983843,0.1992818671454219,0.19658886894075403,53.25399776868724,True,100.0,True,100.0,True,39.431795285109814,not_remotely_sensable,both_30_and_300,0.055782818891781334,neither,,False,False,0.0024168997344929943,0,139,1.0,False,0,0.0,ok
464,LK1118065,Pitumpe North,Padukka,1.71393123,0.17622088800311664,0.06870027967745257,463,-1,34.33373458992661,0.1419350470559028,0.6609973649363047,833.4813677674505,100.0,0.19030520646319568,0.21903052064631956,0.22082585278276481,0.12028725314183124,0.19658886894075403,63.56620871090325,True,100.0,True,100.0,True,49.484707446808514,not_remotely_sensable,both_30_and_300,0.0,neither,,False,False,0.0024168997344929943,0,176,1.0,False,0,0.0,ok
465,LK1115335,Mawathagama West,Seethawaka,1.51233502,0.17463788373941028,0.055035040837562665,486,21,34.50508719685594,0.103502980988204,0.722235430095595,1080.3561617850594,100.0,0.21005385996409337,0.19210053859964094,0.12567324955116696,0.1561938958707361,0.19658886894075403,50.54937781307916,True,100.0,True,100.0,True,45.89041095890411,not_remotely_sensable,both_30_and_300,0.2978554408260524,neither,,False,False,0.0024168997344929943,0,189,1.0,False,0,0.0,ok
466,LK1112285,Pitipana South,Homagama,2.17426285,0.1737823292958937,0.07191114223666713,454,-12,33.870680818827495,0.0232698808041273,0.6662579564814081,1346.3237204420884,100.0,0.15080789946140036,0.12387791741472172,0.1992818671454219,0.18491921005385997,0.19658886894075403,60.245183887915935,True,100.0,True,100.0,True,52.26460071513707,not_remotely_sensable,both_30_and_300,0.0,neither,,False,False,0.0024168997344929943,0,260,1.0,False,0,0.0,ok
467,LK1115185,Suduwella,Seethawaka,2.54468492,0.17169243217220828,0.055396982198488674,485,18,34.409206105402696,0.1119060639202818,0.7198866316911727,1074.8514435569136,100.0,0.20107719928186715,0.20287253141831238,0.12746858168761221,0.1526032315978456,0.19658886894075403,61.40475066855435,True,100.0,True,100.0,True,46.424167694204684,not_remotely_sensable,both_30_and_300,0.0,adjacent,,True,False,0.0024168997344929943,0,310,1.0,False,0,0.0,ok
468,LK1112015,Atigala West,Homagama,1.51650299,0.16969484717152825,0.06395349773585159,472,4,34.1892407739406,0.0302829298160573,0.6937875278203034,1263.1414084522044,100.0,0.17594254937163376,0.1310592459605027,0.1526032315978456,0.17235188509874327,0.19658886894075403,60.449438202247194,True,100.0,True,100.0,True,46.13967509629878,not_remotely_sensable,both_30_and_300,1.2161269001982815,within,gsw_seasonal,True,False,0.0024168997344929943,0,206,1.0,False,0,0.0,ok
469,LK1115115,Ihala Kosgama South,Seethawaka,0.88525817,0.16773680972518779,0.05428283286438128,488,19,34.5535304163323,0.0802814439297264,0.715571913473225,893.4190044564783,100.0,0.21364452423698385,0.17594254937163376,0.13464991023339318,0.12926391382405744,0.19658886894075403,62.77281465565984,True,100.0,True,100.0,True,43.35371741229482,not_remotely_sensable,both_30_and_300,0.0,neither,,False,False,0.0024168997344929943,0,81,1.0,False,0,0.0,ok
470,LK1115120,Miriswatta,Seethawaka,1.87742493,0.1652596238168419,0.058291783006647495,479,9,34.07577730458866,0.0841046360619241,0.7088953982752612,1141.219406057158,100.0,0.1615798922800718,0.1813285457809695,0.14721723518850988,0.1651705565529623,0.19658886894075403,65.4719299182736,True,100.0,True,100.0,True,47.33498605515959,not_remotely_sensable,both_30_and_300,0.0,neither,,False,False,0.0024168997344929943,0,210,1.0,False,0,0.0,ok
471,LK1115150,Puwakpitiya South,Seethawaka,1.4313112,0.16460208561764658,0.059527673751108665,477,6,33.4840437087418,0.0713474640423921,0.7828648845975663,1987.092389081277,100.0,0.11490125673249552,0.16696588868940754,0.04308797127468582,0.27289048473967686,0.19658886894075403,59.886689515282924,True,100.0,True,100.0,True,39.421234189344574,not_remotely_sensable,both_30_and_300,0.0,neither,,False,False,0.0024168997344929943,0,178,1.0,False,0,0.0,ok
472,LK1118180,Horagala East,Padukka,1.73502413,0.1601894678697147,0.06810762986061462,465,-7,33.91224902051737,0.0555642335929306,0.6587062662081348,814.5932641117785,100.0,0.1561938958707361,0.15080789946140036,0.2244165170556553,0.11669658886894076,0.19658886894075403,55.869051636854536,True,100.0,True,100.0,True,50.76586433260394,not_remotely_sensable,both_30_and_300,0.01349983125210935,neither,,False,False,0.0024168997344929943,0,218,1.0,False,0,0.0,ok
473,LK1115080,Muruthagama,Seethawaka,0.64660851,0.1601042879540552,0.0561351163344817,484,11,33.8423532893046,0.042903303015797,0.7389969332772276,1476.9894494092775,100.0,0.14721723518850988,0.14542190305206462,0.09515260323159784,0.20107719928186715,0.19658886894075403,59.32598229538748,True,100.0,True,100.0,True,37.1897670866743,not_remotely_sensable,both_30_and_300,0.0,adjacent,,True,False,0.0024168997344929943,0,91,1.0,False,0,0.0,ok
474,LK1112400,Palagama,Homagama,2.42248278,0.15763816729891053,0.0580183432470749,482,8,33.84609255001583,0.0274940456209338,0.7138085463879033,1248.6837587339037,100.0,0.1490125673249551,0.12746858168761221,0.13824057450628366,0.17055655296229802,0.19658886894075403,74.92769427717984,True,100.0,True,100.0,True,55.97930241471828,not_remotely_sensable,both_30_and_300,0.2086197904319378,adjacent,,True,False,0.0024168997344929943,0,301,1.0,False,0,0.0,ok
475,LK1109100,Dedigamuwa,Kaduwela,1.92750877,0.15510777156903424,0.05495722826776446,487,12,34.178856366197365,0.0675542703375705,0.7098254339790544,892.7568288077232,100.0,0.17235188509874327,0.16337522441651706,0.14542190305206462,0.12746858168761221,0.19658886894075403,58.580403966976476,True,100.0,True,100.0,True,41.252864782276546,not_remotely_sensable,both_30_and_300,2.554649774131575,within,worldcover_wetland;gsw_seasonal,True,False,0.0024168997344929943,0,242,1.0,False,0,0.0,ok
476,LK1115330,Thunnana West,Seethawaka,1.94663521,0.15324687827429853,0.04835557519199584,494,18,33.914553357048256,0.0862692858278988,0.7485239895972273,1141.8620179562988,100.0,0.15798922800718132,0.18312387791741472,0.0843806104129264,0.16696588868940754,0.19658886894075403,75.03858421648317,True,100.0,True,100.0,True,54.52426361517271,not_remotely_sensable,both_30_and_300,0.11832493054841033,adjacent,,True,False,0.0024168997344929943,0,234,1.0,False,0,0.0,ok
477,LK1118130,Poregedara,Padukka,1.28567068,0.15302521175743825,0.06578288274361187,467,-10,33.7220800315259,0.0153531218014329,0.668726140621001,912.5920931751616,100.0,0.1400359066427289,0.11490125673249552,0.19569120287253142,0.13464991023339318,0.19658886894075403,56.886574074074076,True,100.0,True,100.0,True,59.3648736228127,not_remotely_sensable,both_30_and_300,2.0750661375661377,within,dw_flooded_vegetation,True,False,0.0024168997344929943,0,165,1.0,False,0,0.0,ok
478,LK1118125,Udumulla,Padukka,2.25737528,0.1504970836242401,0.06310825606783126,474,-4,33.62938143410093,0.0314364072677408,0.680601753660739,989.2892173288452,100.0,0.1310592459605027,0.13464991023339318,0.17773788150807898,0.14183123877917414,0.19658886894075403,66.77022768629888,True,100.0,True,100.0,True,60.167654285301346,not_remotely_sensable,both_30_and_300,1.2826772003018063,within,dw_flooded_vegetation,True,False,0.0024168997344929943,0,266,1.0,False,0,0.0,ok
479,LK1118060,Wewelpanawa,Padukka,0.98972228,0.1464958855030217,0.06570767769518365,468,-11,33.82986410371008,0.0742899616618417,0.662801923075665,676.4812977483933,100.0,0.1436265709156194,0.1687612208258528,0.2118491921005386,0.08976660682226212,0.19658886894075403,61.206983550307804,True,100.0,True,100.0,True,47.465437788018434,not_remotely_sensable,both_30_and_300,0.0,neither,,False,False,0.0024168997344929943,0,111,1.0,False,0,0.0,ok
480,LK1118155,Madulawa North,Padukka,1.5505141,0.14585737612167157,0.06740007328164305,466,-14,33.49432792305584,9.983527180152747e-05,0.662786306485609,934.8183518069204,100.0,0.118491921005386,0.05385996409335727,0.21364452423698385,0.13644524236983843,0.19658886894075403,71.73336781534881,True,100.0,True,100.0,True,50.840728631480616,not_remotely_sensable,both_30_and_300,0.11637680222409,neither,,False,False,0.0024168997344929943,0,196,1.0,False,0,0.0,ok
481,LK1115270,Ihala Hanwella South,Seethawaka,0.85792898,0.14511342960676124,0.053361146985682076,489,8,33.77982906754214,0.0491381644255933,0.7132665514717378,907.9786329514692,100.0,0.14183123877917414,0.1490125673249551,0.1400359066427289,0.13285457809694792,0.19658886894075403,75.87739822180627,True,100.0,True,100.0,True,59.79631425800194,not_remotely_sensable,both_30_and_300,0.10528778661675246,adjacent,,True,False,0.0024168997344929943,0,110,1.0,False,0,0.0,ok
482,LK1115035,Kudagama,Seethawaka,1.6323404,0.1446947348242423,0.0521330333590643,491,9,33.49938109604685,0.0602561062366611,0.7294099553306436,1154.8002236738057,100.0,0.12028725314183124,0.15798922800718132,0.10951526032315978,0.1687612208258528,0.19658886894075403,72.34387672343877,True,100.0,True,98.69270752454052,True,39.54659949622166,not_remotely_sensable,both_30_and_300,1.4348992451182232,within,gsw_seasonal,True,False,0.0024168997344929943,0,198,1.0,False,0,0.0,ok
483,LK1118160,Horakandawala,Padukka,1.50760457,0.1432767859974845,0.06441783278820888,471,-12,33.388915219688805,0.0,0.6876683777224969,1271.1573171721343,100.0,0.10951526032315978,0.026929982046678635,0.15978456014362658,0.1741472172351885,0.19658886894075403,70.71760797342192,True,100.0,True,100.0,True,55.27111938561787,not_remotely_sensable,both_30_and_300,0.0,neither,,False,False,0.0024168997344929943,0,188,1.0,False,0,0.0,ok
484,LK1118150,Madulawa South,Padukka,1.45369035,0.142576560504162,0.07146167097492606,458,-26,33.11543709533339,0.0254934867737553,0.6438727481147549,822.5445703184187,100.0,0.0807899461400359,0.12567324955116696,0.26570915619389585,0.118491921005386,0.19658886894075403,72.76355628956784,True,100.0,True,100.0,True,51.445233265720084,not_remotely_sensable,both_30_and_300,0.0,neither,,False,False,0.0024168997344929943,0,189,1.0,False,0,0.0,ok
485,LK1118170,Beruketiya,Padukka,2.28384133,0.14237016775112873,0.06315738375937058,473,-12,33.83237877351148,0.0110847457627118,0.673320681994497,759.5871511458058,100.0,0.14542190305206462,0.10053859964093358,0.1867145421903052,0.10412926391382406,0.19658886894075403,65.39096503076692,True,100.0,True,100.0,True,44.59479121198894,not_remotely_sensable,both_30_and_300,0.0,neither,,False,False,0.0024168997344929943,0,281,1.0,False,0,0.0,ok
486,LK1115210,Ihala Hanwella North,Seethawaka,1.35978682,0.14190184267056963,0.047846937275749256,497,11,34.07066460983452,0.0707760607871595,0.7334794702070969,840.62359094404,100.0,0.15978456014362658,0.1651705565529623,0.10412926391382406,0.12208258527827648,0.19658886894075403,68.62167929943337,True,100.0,True,100.0,True,47.84250269687163,not_remotely_sensable,both_30_and_300,0.0,adjacent,,True,False,0.0024168997344929943,0,168,1.0,False,0,0.0,ok
487,LK1115070,Ihala Kosgama North,Seethawaka,2.50533523,0.14103158402865862,0.051129331127109746,493,6,33.62984062951756,0.0590697099793062,0.7233975879901159,965.2610798204316,100.0,0.13285457809694792,0.15439856373429084,0.12208258527827648,0.13824057450628366,0.19658886894075403,66.2561970254278,True,100.0,True,100.0,True,43.02339389621185,not_remotely_sensable,both_30_and_300,0.0,adjacent,,True,False,0.0024168997344929943,0,259,1.0,False,0,0.0,ok
488,LK1115325,Kudakanda,Seethawaka,0.93032806,0.13995445479878132,0.041641366347164165,511,23,33.87200643753183,0.0437133469201014,0.7716402593109642,1057.3602339600934,100.0,0.1526032315978456,0.14721723518850988,0.06283662477558348,0.15080789946140036,0.19658886894075403,83.84739387426114,True,100.0,True,100.0,True,69.02536715620828,not_remotely_sensable,both_30_and_300,0.0,adjacent,,True,False,0.0024168997344929943,0,115,1.0,False,0,0.0,ok
489,LK1115190,Gira Imbula,Seethawaka,0.89526279,0.1366593238218918,0.06043465141953156,476,-13,33.607628245438015,0.0145272169138311,0.6822848675904699,784.9212787846337,100.0,0.12926391382405744,0.10951526032315978,0.1741472172351885,0.10771992818671454,0.19658886894075403,69.08713692946058,True,100.0,True,100.0,True,58.63636363636363,not_remotely_sensable,both_30_and_300,2.2591055786076533,within,gsw_seasonal,True,False,0.0024168997344929943,0,115,1.0,False,0,0.0,ok
490,LK1118165,Dampe,Padukka,2.78375558,0.1361557136501599,0.06861619227359911,464,-26,33.38480228523056,0.0070879601962392,0.6511108222146408,702.2067606838235,100.0,0.10771992818671454,0.08258527827648116,0.24057450628366248,0.09515260323159784,0.19658886894075403,73.03944482399051,True,100.0,True,100.0,True,55.234065784086255,not_remotely_sensable,both_30_and_300,0.0,neither,,False,False,0.0024168997344929943,0,333,1.0,False,0,0.0,ok
491,LK1115160,Egodagama,Seethawaka,1.04434267,0.1345983599946432,0.04785229072877443,496,5,33.5768389269145,0.0094510952151514,0.7423772168269502,1084.9194924555422,100.0,0.12567324955116696,0.0933572710951526,0.08797127468581688,0.15798922800718132,0.19658886894075403,49.50485530237477,True,100.0,True,100.0,True,33.70165745856354,not_remotely_sensable,both_30_and_300,0.0,neither,,False,False,0.0024168997344929943,0,138,1.0,False,0,0.0,ok
492,LK1115220,Brandigampala,Seethawaka,1.59339473,0.13387606615120226,0.04053432466999084,513,21,34.3331770981636,0.0767265915780767,0.7549822571999308,616.707279427762,100.0,0.18850987432675045,0.17055655296229802,0.07719928186714542,0.08258527827648116,0.19658886894075403,86.82375117813383,True,100.0,True,100.0,True,69.52705997074598,not_remotely_sensable,both_30_and_300,0.0,adjacent,,True,False,0.0024168997344929943,0,168,1.0,False,0,0.0,ok
493,LK1118140,Liyanwala,Padukka,2.16906385,0.13363185071470954,0.06483435833204507,470,-23,33.329555677461144,0.0181895998288037,0.6662216180585667,793.6971918872476,100.0,0.09694793536804308,0.118491921005386,0.20107719928186715,0.11310592459605028,0.19658886894075403,73.99639672933894,True,100.0,True,100.0,True,65.2321630804077,not_remotely_sensable,both_30_and_300,0.009239155541183536,adjacent,,True,False,0.0024168997344929943,0,260,1.0,False,0,0.0,ok
494,LK1118100,Arukwatta South,Padukka,1.63923898,0.12848620875660896,0.052604910319550516,490,-4,33.355643254991286,0.0060216780409474,0.7172359844174558,998.3991714885792,100.0,0.09874326750448834,0.07719928186714542,0.12926391382405744,0.14542190305206462,0.19658886894075403,63.25646656905808,True,100.0,True,100.0,True,54.62481114655028,not_remotely_sensable,both_30_and_300,0.0,adjacent,,True,False,0.0024168997344929943,0,185,1.0,False,0,0.0,ok
495,LK1115130,Kiriwandala South,Seethawaka,2.05241245,0.1240655707569111,0.041205211718323025,512,17,33.11089470397738,0.0948181646881477,0.7968093020735834,1311.6746108137595,100.0,0.07899461400359066,0.18850987432675045,0.03590664272890485,0.1813285457809695,0.19658886894075403,81.32033008252063,True,100.0,True,97.85618097196699,True,26.5905383360522,not_remotely_sensable,both_30_and_300,0.0,neither,,False,False,0.0024168997344929943,0,262,1.0,False,0,0.0,ok
496,LK1118145,Kurugala,Padukka,2.06779623,0.12369725136839285,0.057460101239978634,483,-13,33.46227215999346,0.0047734930737551,0.6903583621703169,743.3860403879985,100.0,0.11310592459605028,0.07360861759425494,0.15439856373429084,0.10233393177737882,0.19658886894075403,77.39960822722821,True,100.0,True,100.0,True,68.76763875823141,not_remotely_sensable,both_30_and_300,0.15670910871694418,adjacent,,True,False,0.0024168997344929943,0,247,1.0,False,0,0.0,ok
497,LK1112395,Heraliyawala,Homagama,1.14731324,0.12159614057388467,0.04679134833529504,499,2,33.31289603403388,0.0100485567844618,0.7388464706382857,993.7231928792193,100.0,0.0933572710951526,0.09694793536804308,0.09694793536804308,0.1436265709156194,0.19658886894075403,80.41163310961969,True,100.0,True,100.0,True,46.68798538145272,not_remotely_sensable,both_30_and_300,2.460850111856823,within,worldcover_wetland,True,False,0.0024168997344929943,0,153,1.0,False,0,0.0,ok
498,LK1115075,Thawalgoda,Seethawaka,1.26007819,0.12155578576730058,0.047198453684589435,498,0,33.15810761432268,0.0156571393485402,0.7386713079629884,1035.6098839927863,100.0,0.08258527827648116,0.11669658886894076,0.09874326750448834,0.1490125673249551,0.19658886894075403,61.72496025437202,True,100.0,True,100.0,True,47.12153518123667,not_remotely_sensable,both_30_and_300,0.07154213036565978,adjacent,,True,False,0.0024168997344929943,0,141,1.0,False,0,0.0,ok
499,LK1118175,Horagala West,Padukka,2.18911294,0.11865617713532399,0.05812070328030523,481,-18,33.52379328530338,0.0,0.6845071834813622,606.1732163376149,100.0,0.12208258527827648,0.026929982046678635,0.17235188509874327,0.07719928186714542,0.19658886894075403,85.81782474516038,True,100.0,True,100.0,True,73.25800376647834,not_remotely_sensable,both_30_and_300,0.06078743102964556,neither,,False,False,0.0024168997344929943,0,264,1.0,False,0,0.0,ok
500,LK1118105,Ganegoda,Padukka,0.96044285,0.11789406847651596,0.04819260349247903,495,-5,33.321639347072576,0.0,0.73194103137907,966.8094426322752,100.0,0.09515260323159784,0.026929982046678635,0.1059245960502693,0.1400359066427289,0.19658886894075403,62.055665589492335,True,100.0,True,100.0,True,47.39010989010989,not_remotely_sensable,both_30_and_300,0.0,adjacent,,True,False,0.0024168997344929943,0,124,1.0,False,0,0.0,ok
501,LK1115340,Mawathagama East,Seethawaka,2.05067441,0.11292913608119062,0.031535806735689065,527,26,34.25066460037058,0.1785222232707369,0.791951802649385,417.504343525972,100.0,0.17773788150807898,0.23877917414721722,0.03770197486535009,0.03590664272890485,0.19658886894075403,80.11427455193632,True,100.0,True,100.0,True,30.27426160337553,not_remotely_sensable,both_30_and_300,0.0,neither,,False,False,0.0024168997344929943,0,236,1.0,False,0,0.0,ok
502,LK1115215,Niripola,Seethawaka,2.16584072,0.11106099747813684,0.03571525327123537,523,21,33.55907820303533,0.0018576404394034,0.774174989349365,788.4840908673656,100.0,0.12387791741472172,0.06104129263913824,0.059245960502693,0.10951526032315978,0.19658886894075403,77.59840880706786,True,100.0,True,100.0,True,52.11090107120353,not_remotely_sensable,both_30_and_300,0.0,adjacent,,True,False,0.0024168997344929943,0,239,1.0,False,0,0.0,ok
503,LK1115255,Kahahena,Seethawaka,2.71643464,0.10604619737123125,0.04251842328896606,508,5,33.48919372497483,0.0145280519591505,0.7372937457069503,583.8085346356621,100.0,0.11669658886894076,0.11131059245960502,0.10053859964093358,0.06642728904847396,0.19658886894075403,85.35327488396081,True,100.0,True,100.0,True,62.044353810859036,not_remotely_sensable,both_30_and_300,0.025786487880350695,neither,,False,False,0.0024168997344929943,0,243,1.0,False,0,0.0,ok
504,LK1115290,Thunnana East,Seethawaka,1.58730735,0.10595689794086453,0.03639607015124109,521,17,33.640784770348056,0.0811133588437446,0.7577293417246836,449.6458551542189,100.0,0.13644524236983843,0.17773788150807898,0.07540394973070018,0.0466786355475763,0.19658886894075403,81.39930664985818,True,100.0,True,100.0,True,56.20465826651394,not_remotely_sensable,both_30_and_300,0.05672864796722345,adjacent,,True,False,0.0024168997344929943,0,191,1.0,False,0,0.0,ok
505,LK1118110,Angampitiya,Padukka,2.56192195,0.10571811394589112,0.039925912372577546,514,9,33.071685614180204,0.0098341339617511,0.757860545984348,887.4072208391289,100.0,0.07540394973070018,0.09515260323159784,0.07360861759425494,0.12567324955116696,0.19658886894075403,74.07335077920555,True,100.0,True,100.0,True,55.4178145087236,not_remotely_sensable,both_30_and_300,0.0,adjacent,,True,False,0.0024168997344929943,0,289,1.0,False,0,0.0,ok
506,LK1115010,Kanampella West,Seethawaka,1.82487353,0.10462639936102536,0.04478860233806422,501,-5,33.03231170057743,0.0,0.7366621733001099,848.9738567929186,100.0,0.0718132854578097,0.026929982046678635,0.10233393177737882,0.12387791741472172,0.19658886894075403,72.13224617446666,True,100.0,True,100.0,True,55.95528455284553,not_remotely_sensable,both_30_and_300,1.8206187869987713,within,gsw_seasonal,True,False,0.0024168997344929943,0,219,1.0,False,0,0.0,ok
507,LK1118200,Kahawala,Padukka,1.59115428,0.10311661351161422,0.059147838959573144,478,-29,33.22983946215708,0.0,0.6779548090884076,535.0996787151832,100.0,0.0843806104129264,0.026929982046678635,0.1813285457809695,0.06104129263913824,0.19658886894075403,81.9386065469367,True,100.0,True,100.0,True,77.33695652173913,not_remotely_sensable,both_30_and_300,0.30569354222392053,neither,,False,False,0.0024168997344929943,0,143,1.0,False,0,0.0,ok
508,LK1118010,Pinnawala South,Padukka,2.37280765,0.1028454678489163,0.035864510603970744,522,14,33.4413012319784,0.0083174323597044,0.7642013560668585,648.3296177429193,100.0,0.11131059245960502,0.0843806104129264,0.06822262118491922,0.08617594254937164,0.19658886894075403,83.87816387816387,True,100.0,True,100.0,True,69.16919679823351,not_remotely_sensable,both_30_and_300,0.0,neither,,False,False,0.0024168997344929943,0,112,0.9823008849557522,False,0,0.0,ok
509,LK1115085,Akaravita,Seethawaka,1.46411523,0.10247592552950452,0.04249595435364756,509,0,33.2512500511824,0.003803888419273,0.7403276215353861,711.1425553452434,100.0,0.08797127468581688,0.06642728904847396,0.09156193895870736,0.09874326750448834,0.19658886894075403,74.0497581202488,True,100.0,True,100.0,True,50.76020272072552,not_remotely_sensable,both_30_and_300,0.44229440221147204,adjacent,,True,False,0.0024168997344929943,0,201,1.0,False,0,0.0,ok
510,LK1115180,Mawalgama,Seethawaka,2.87405218,0.10206513488992658,0.034921569635511907,524,14,33.37295444779103,0.0006728478960046,0.7710151577009967,718.1192391965599,100.0,0.10233393177737882,0.05745062836624776,0.06463195691202872,0.10053859964093358,0.19658886894075403,88.65821373833077,True,100.0,True,100.0,True,72.81941031941032,not_remotely_sensable,both_30_and_300,0.0,neither,,False,False,0.0024168997344929943,0,315,1.0,False,0,0.0,ok
511,LK1115265,Diddeniya North,Seethawaka,2.60535895,0.10044260717693422,0.038368756459714354,517,6,33.37962202193373,0.0279844926696671,0.7516946338779257,589.2240896858889,100.0,0.1059245960502693,0.12926391382405744,0.07899461400359066,0.06822262118491922,0.19658886894075403,86.87435178427381,True,100.0,True,100.0,True,71.52141802067946,not_remotely_sensable,both_30_and_300,0.03457150539699612,neither,,False,False,0.0024168997344929943,0,312,1.0,False,0,0.0,ok
512,LK1118205,Yatawathura,Padukka,2.25362421,0.1000694853340322,0.05120329694826095,492,-20,33.37551369866655,0.0087561164048416,0.7026454317067271,418.7439232208544,100.0,0.10412926391382406,0.08617594254937164,0.1490125673249551,0.03770197486535009,0.19658886894075403,85.67570174592457,True,100.0,True,100.0,True,80.09015777610819,not_remotely_sensable,both_30_and_300,0.4898900148888142,neither,,False,False,0.0024168997344929943,0,222,0.9958215263435954,False,0,0.0,ok
513,LK1118120,Angamuwa,Padukka,2.7850752,0.09351272144426186,0.04544445877312304,500,-13,32.93870974143366,0.0069191652541195,0.724299577926312,611.6344333601724,100.0,0.059245960502693,0.0807899461400359,0.118491921005386,0.0807899461400359,0.19658886894075403,77.59942414972107,True,100.0,True,100.0,True,65.77578051087986,not_remotely_sensable,both_30_and_300,3.8114090336512505,within,dw_flooded_vegetation,True,False,0.0024168997344929943,0,318,1.0,False,0,0.0,ok
514,LK1115095,Kalu Aggala,Seethawaka,4.76152792,0.09302727615100864,0.029742767158992232,530,16,33.64423443179275,0.0328098071732839,0.780197913971565,373.43063583165616,100.0,0.13824057450628366,0.1400359066427289,0.05026929982046679,0.026929982046678635,0.19658886894075403,90.12020799562114,True,100.0,True,100.0,True,57.40572467060427,not_remotely_sensable,both_30_and_300,0.04210437674996316,adjacent,,True,False,0.0024168997344929943,0,569,1.0,False,0,0.0,ok
515,LK1118115,Weragala,Padukka,2.20066818,0.09175598019590882,0.04164606653021758,510,-5,32.94556107823262,0.0003340541871055,0.7402607749437657,687.7155517313068,100.0,0.06283662477558348,0.05565529622980251,0.0933572710951526,0.09156193895870736,0.19658886894075403,78.43502773483678,True,100.0,True,100.0,True,52.12486883525708,not_remotely_sensable,both_30_and_300,0.20914794944075657,adjacent,,True,False,0.0024168997344929943,0,263,1.0,False,0,0.0,ok
516,LK1118215,Ihala Bope,Padukka,2.2940272,0.09149348377211242,0.03990262395660293,515,-1,32.940215791114994,0.0,0.7508402896022173,780.9021014670324,100.0,0.06104129263913824,0.026929982046678635,0.0807899461400359,0.1059245960502693,0.19658886894075403,81.15973934483974,True,100.0,True,100.0,True,60.420108567382584,not_remotely_sensable,both_30_and_300,0.0,neither,,False,False,0.0024168997344929943,0,280,1.0,False,0,0.0,ok
517,LK1115125,Aluth Ambalama,Seethawaka,2.13737712,0.09054952614639218,0.03644675070529334,520,3,32.4219526391236,0.0,0.7780184577376561,1024.2121870415815,100.0,0.03231597845601436,0.026929982046678635,0.05385996409335727,0.14721723518850988,0.19658886894075403,86.4436949597152,True,100.0,True,100.0,True,56.13668061366806,not_remotely_sensable,both_30_and_300,0.0,neither,,False,False,0.0024168997344929943,0,254,1.0,False,0,0.0,ok
518,LK1118040,Pahala Bope,Padukka,2.19076599,0.08990457023195371,0.0442549479660337,504,-14,32.906806819657234,0.0016781190934624,0.7280916956687296,609.4053566814705,100.0,0.05745062836624776,0.059245960502693,0.11310592459605028,0.07899461400359066,0.19658886894075403,86.67125171939477,True,100.0,True,100.0,True,76.33959638135003,not_remotely_sensable,both_30_and_300,0.0,adjacent,,True,False,0.0024168997344929943,0,290,1.0,False,0,0.0,ok
519,LK1115245,Mambula,Seethawaka,1.67455512,0.08765268978566133,0.02910308721619727,534,15,33.3698469906374,0.0100519930675909,0.7866118530060503,553.5007387852575,100.0,0.10053859964093358,0.09874326750448834,0.03949730700179533,0.06283662477558348,0.19658886894075403,95.19225019434312,True,100.0,True,100.0,True,93.40329835082458,not_remotely_sensable,both_30_and_300,0.0,neither,,False,False,0.0024168997344929943,0,127,1.0,False,0,0.0,ok
520,LK1118185,Beliattavila,Padukka,1.46779996,0.08700937521534645,0.044464059836175594,503,-17,33.05743651888865,0.0032449544914918,0.7242554386692681,465.6528375848776,100.0,0.07360861759425494,0.06463195691202872,0.12028725314183124,0.04847396768402154,0.19658886894075403,79.45720535958436,True,100.0,True,100.0,True,82.9325975561687,not_remotely_sensable,both_30_and_300,1.8115942028985508,within,dw_flooded_vegetation,True,False,0.0024168997344929943,0,181,1.0,False,0,0.0,ok
521,LK1118035,Siyambalawa,Padukka,2.59472896,0.08688231799238526,0.04469881660271049,502,-19,32.97012448678041,0.0,0.7259601176364755,577.6706314736743,100.0,0.06822262118491922,0.026929982046678635,0.11490125673249552,0.06463195691202872,0.19658886894075403,83.32432223681161,True,100.0,True,100.0,True,53.883942278170096,not_remotely_sensable,both_30_and_300,0.0,adjacent,,True,False,0.0024168997344929943,0,245,1.0,False,0,0.0,ok
522,LK1115005,Bollathawa,Seethawaka,2.63948608,0.08552035125840361,0.038648133962187844,516,-6,32.761110655562696,0.0,0.7505816046591748,705.9819457198979,100.0,0.05026929982046679,0.026929982046678635,0.08258527827648116,0.09694793536804308,0.19658886894075403,83.73675360732022,True,100.0,True,100.0,True,69.33398389851183,not_remotely_sensable,both_30_and_300,2.7177100848551206,within,gsw_seasonal,True,False,0.0024168997344929943,0,316,1.0,False,0,0.0,ok
523,LK1115090,Kahatapitiya,Seethawaka,1.56001427,0.08212265015755202,0.043498712682563945,505,-18,32.590213733667674,0.0,0.7301494474773313,646.8790867269041,100.0,0.03770197486535009,0.026929982046678635,0.10771992818671454,0.0843806104129264,0.19658886894075403,85.90585080104454,True,100.0,True,100.0,True,71.5122470713525,not_remotely_sensable,both_30_and_300,2.674853553532359,within,gsw_seasonal,True,False,0.0024168997344929943,0,220,1.0,False,0,0.0,ok
524,LK1115250,Welikanna,Seethawaka,2.2060891,0.08136054149874399,0.02966888817662556,531,7,33.00614867791881,0.0,0.785962461210444,662.886242851422,100.0,0.07001795332136446,0.026929982046678635,0.04129263913824058,0.08797127468581688,0.19658886894075403,86.53191006132182,True,100.0,True,100.0,True,73.60782990212623,not_remotely_sensable,both_30_and_300,0.0,neither,,False,False,0.0024168997344929943,0,243,1.0,False,0,0.0,ok
525,LK1115030,Kiriwandala North,Seethawaka,6.8909879,0.08121328921416607,0.026110825047766507,539,14,32.96676438223553,0.031796466685005,0.7974507679714169,593.2410366877422,100.0,0.06642728904847396,0.13644524236983843,0.03411131059245961,0.0718132854578097,0.19658886894075403,87.84600560616678,True,100.0,True,97.80087160214853,True,31.80870083432658,not_remotely_sensable,both_30_and_300,0.14891380518570427,adjacent,,True,False,0.0024168997344929943,0,749,1.0,False,0,0.0,ok
526,LK1118005,Pinnawala North,Padukka,1.95645205,0.08097423522358418,0.030547762410656428,528,2,33.26513603260586,0.0121215716517371,0.7741008549642843,433.5614508083678,100.0,0.08976660682226212,0.10233393177737882,0.06104129263913824,0.03949730700179533,0.19658886894075403,88.33657886645486,True,100.0,True,100.0,True,67.45822339489885,not_remotely_sensable,both_30_and_300,0.0,neither,,False,False,0.0024168997344929943,0,146,1.0,False,0,0.0,ok
527,LK1115225,Kadugoda South,Seethawaka,3.2532746,0.08067881030121167,0.029898677261630348,529,2,33.09205766901575,0.0130081687494797,0.7767184074217782,486.6013490074044,100.0,0.07719928186714542,0.10412926391382406,0.05565529622980251,0.05385996409335727,0.19658886894075403,91.57152967966273,True,100.0,True,100.0,True,79.6952380952381,not_remotely_sensable,both_30_and_300,0.0,neither,,False,False,0.0024168997344929943,0,286,1.0,False,0,0.0,ok
528,LK1115260,Neluwattuduwa,Seethawaka,2.41970177,0.07890268124348639,0.03291476756923172,526,-2,33.267808598809204,0.009050497297643,0.763507966037817,374.1722426658632,100.0,0.09156193895870736,0.08976660682226212,0.07001795332136446,0.02872531418312388,0.19658886894075403,94.00877774097383,True,100.0,True,100.0,True,81.28698224852072,not_remotely_sensable,both_30_and_300,0.0,neither,,False,False,0.0024168997344929943,0,211,1.0,False,0,0.0,ok
529,LK1118015,Waga North,Padukka,0.97649462,0.07715363629874983,0.026135966716703193,538,9,32.64811859531769,0.0,0.8144204188958882,807.8442440938338,100.0,0.04129263913824058,0.026929982046678635,0.02154398563734291,0.11490125673249552,0.19658886894075403,91.6401355653692,True,100.0,True,100.0,True,70.27027027027027,not_remotely_sensable,both_30_and_300,0.0,neither,,False,False,0.0024168997344929943,0,133,1.0,False,0,0.0,ok
530,LK1118055,Uggalla,Padukka,3.15200002,0.07615956780547542,0.03297777907886922,525,-5,32.68197083336626,0.0184300676546787,0.7624597995274897,510.2355683889503,100.0,0.0466786355475763,0.12028725314183124,0.0718132854578097,0.05745062836624776,0.19658886894075403,79.67817697092802,True,100.0,True,100.0,True,60.62618595825427,not_remotely_sensable,both_30_and_300,0.0,neither,,False,False,0.0024168997344929943,0,325,1.0,False,0,0.0,ok
531,LK1115165,Weragolla North,Seethawaka,3.37906146,0.07486545566971564,0.024147033694087935,541,10,32.835205397021475,0.0091833463106306,0.8053324555921275,596.7152858643797,100.0,0.05565529622980251,0.09156193895870736,0.02872531418312388,0.07540394973070018,0.19658886894075403,84.51196398957593,True,100.0,True,100.0,True,41.898148148148145,not_remotely_sensable,both_30_and_300,0.0,neither,,False,False,0.0024168997344929943,0,342,1.0,False,0,0.0,ok
532,LK1115175,Kadugoda North,Seethawaka,2.96709007,0.07379437866475025,0.02839383113358813,536,4,32.952878684234506,0.0203045685279187,0.7795636626794041,447.8035180242174,100.0,0.06463195691202872,0.12208258527827648,0.05206463195691203,0.04308797127468582,0.19658886894075403,86.98232834210171,True,100.0,True,100.0,True,60.72563559322034,not_remotely_sensable,both_30_and_300,0.0,neither,,False,False,0.0024168997344929943,0,263,1.0,False,0,0.0,ok
533,LK1118195,Malagala,Padukka,4.69575651,0.07300324771358684,0.04320957070598663,506,-27,32.68182607327437,0.0064030721561129,0.7247776488738558,396.79520430707765,100.0,0.04488330341113106,0.07899461400359066,0.11669658886894076,0.03231597845601436,0.19658886894075403,92.46847318584457,True,100.0,True,100.0,True,80.58968058968058,not_remotely_sensable,both_30_and_300,0.713867251068631,adjacent,,True,False,0.0024168997344929943,0,472,0.994510382537375,False,0,0.0,ok
534,LK1115065,Eswatta South,Seethawaka,2.35223827,0.07146375936672476,0.029489052694569973,532,-2,32.813009015694135,0.0,0.7803057989747075,592.443809427085,100.0,0.05385996409335727,0.026929982046678635,0.0466786355475763,0.07001795332136446,0.19658886894075403,81.08499403849429,True,100.0,True,100.0,True,59.63529941467807,not_remotely_sensable,both_30_and_300,0.0,neither,,False,False,0.0024168997344929943,0,279,1.0,False,0,0.0,ok
535,LK1118050,Waga West,Padukka,2.40764854,0.06721918263547369,0.02931222824793728,533,-2,32.64425687869237,0.0040993489269351,0.775405265778344,509.8697794233313,100.0,0.03949730700179533,0.07001795332136446,0.05745062836624776,0.05565529622980251,0.19658886894075403,85.30011230814026,True,100.0,True,100.0,True,65.1360544217687,not_remotely_sensable,both_30_and_300,0.0,neither,,False,False,0.0024168997344929943,0,249,1.0,False,0,0.0,ok
536,LK1118220,Gurulana,Padukka,2.08120871,0.06689694359572097,0.03785276115224824,518,-18,32.65289940874101,0.0047423332279481,0.7426004254368579,411.7121713539021,100.0,0.04308797127468582,0.0718132854578097,0.08617594254937164,0.03411131059245961,0.19658886894075403,93.76625879179112,True,100.0,True,100.0,True,75.06234413965088,not_remotely_sensable,both_30_and_300,0.0,adjacent,,True,False,0.0024168997344929943,0,185,1.0,False,0,0.0,ok
537,LK1115295,Diddeniya South,Seethawaka,2.51614196,0.0653571852532504,0.027454864918400483,537,0,32.768007262046005,0.0039214480139019,0.781164767609633,449.5402138682877,100.0,0.05206463195691203,0.06822262118491922,0.04488330341113106,0.04488330341113106,0.19658886894075403,88.33054826131932,True,100.0,True,100.0,True,70.3754736479504,not_remotely_sensable,both_30_and_300,0.0,neither,,False,False,0.0024168997344929943,0,300,1.0,False,0,0.0,ok
538,LK1118210,Mahingala,Padukka,2.26394254,0.061027963128394855,0.042787590406711255,507,-31,32.394820470002315,0.0,0.722932497887692,293.30230592519854,100.0,0.03052064631956912,0.026929982046678635,0.12387791741472172,0.01615798922800718,0.19658886894075403,89.76763523813923,True,100.0,True,100.0,True,80.74792243767313,not_remotely_sensable,both_30_and_300,0.18940268859426249,adjacent,,True,False,0.0024168997344929943,0,271,1.0,False,0,0.0,ok
539,LK1115300,Elamalawala,Seethawaka,1.34612585,0.05897126449889402,0.02021689219305806,543,4,32.35832145855337,0.0,0.8197888890180096,593.8593385654618,100.0,0.02872531418312388,0.026929982046678635,0.01615798922800718,0.07360861759425494,0.19658886894075403,96.948723673439,True,100.0,True,100.0,True,84.8780487804878,not_remotely_sensable,both_30_and_300,0.0,neither,,False,False,0.0024168997344929943,0,130,1.0,False,0,0.0,ok
540,LK1118045,Halpe,Padukka,2.18960219,0.0589191560302702,0.03687202226458443,519,-21,32.31806674328143,0.0090112375432892,0.7421680973769411,328.2269277562521,100.0,0.026929982046678635,0.08797127468581688,0.08976660682226212,0.019748653500897665,0.19658886894075403,95.79347278802581,True,100.0,True,100.0,True,69.06729634002362,not_remotely_sensable,both_30_and_300,0.0,neither,,False,False,0.0024168997344929943,0,274,1.0,False,0,0.0,ok
541,LK1118020,Waga East,Padukka,3.40043125,0.05665853734915775,0.021330279005738143,542,1,32.15579862766801,0.0058017177634946,0.8005553724880239,481.9691735406236,100.0,0.02333931777378815,0.07540394973070018,0.03231597845601436,0.05206463195691203,0.19658886894075403,88.17479962281942,True,100.0,True,100.0,True,53.09446254071661,not_remotely_sensable,both_30_and_300,0.0,neither,,False,False,0.0024168997344929943,0,306,1.0,False,0,0.0,ok
542,LK1115230,Weragolla South,Seethawaka,5.78703413,0.054662620532235875,0.017588185402012402,546,4,32.752552170594306,0.0392121467396754,0.8187866533034349,290.30900293989583,100.0,0.04847396768402154,0.1436265709156194,0.017953321364452424,0.01436265709156194,0.19658886894075403,97.04195273478176,True,100.0,True,100.0,True,65.20924422236102,not_remotely_sensable,both_30_and_300,0.0,neither,,False,False,0.0024168997344929943,0,596,1.0,False,0,0.0,ok
543,LK1115020,Manakada,Seethawaka,1.47966408,0.053416141093446626,0.019055261647362265,544,1,32.147718701600574,0.0,0.8143786450995704,521.0071810913727,100.0,0.02154398563734291,0.026929982046678635,0.02333931777378815,0.059245960502693,0.19658886894075403,95.62009206607094,True,100.0,True,100.0,True,76.8160741885626,not_remotely_sensable,both_30_and_300,0.060926076360682375,neither,,False,False,0.0024168997344929943,0,192,1.0,False,0,0.0,ok
544,LK1115170,Hingurala,Seethawaka,4.88166622,0.05119581506263429,0.016861615929199072,548,4,31.832644974873386,0.002020986558458,0.8167659358655021,475.07451020126376,100.0,0.017953321364452424,0.06283662477558348,0.019748653500897665,0.05026929982046679,0.19658886894075403,94.89785464008361,True,100.0,True,100.0,True,64.42863494886616,not_remotely_sensable,both_30_and_300,0.0,neither,,False,False,0.0024168997344929943,0,403,1.0,False,0,0.0,ok
545,LK1115025,Eswatta North,Seethawaka,4.32751872,0.05001843999259503,0.025898443718393952,540,-5,32.29760647443097,0.0,0.7802558738026332,388.8402501659138,100.0,0.025134649910233394,0.026929982046678635,0.04847396768402154,0.03052064631956912,0.19658886894075403,88.72451019592162,True,100.0,True,100.0,True,60.50490298351763,not_remotely_sensable,both_30_and_300,0.8867041418726627,neither,gsw_seasonal,False,False,0.0024168997344929943,0,484,1.0,False,0,0.0,ok
546,LK1118190,Miriyagalla,Padukka,3.07805659,0.04988368646601736,0.028510958744269458,535,-11,31.89144536438649,0.0,0.7677462446192933,362.7455396939136,100.0,0.019748653500897665,0.026929982046678635,0.06642728904847396,0.025134649910233394,0.19658886894075403,89.31044572320296,True,100.0,True,100.0,True,81.23791102514507,not_remotely_sensable,both_30_and_300,0.15605188725251146,adjacent,,True,False,0.0024168997344929943,0,329,1.0,False,0,0.0,ok
547,LK1118030,Waga South,Padukka,3.73736089,0.046655813409010725,0.01828127400651819,545,-2,32.53321313821486,0.0131995776135163,0.8077697831937034,237.43202007841936,100.0,0.03411131059245961,0.10771992818671454,0.025134649910233394,0.00718132854578097,0.19658886894075403,94.96851975887475,True,100.0,True,100.0,True,83.33333333333333,not_remotely_sensable,both_30_and_300,0.0,adjacent,,True,False,0.0024168997344929943,0,196,1.0,False,0,0.0,ok
548,LK1115240,Lahirugama,Seethawaka,6.69842734,0.04568188055565006,0.014753459140719351,550,2,32.5562398306998,0.0147248191157024,0.8318965666543027,277.1959478106616,100.0,0.03590664272890485,0.11310592459605028,0.005385996409335727,0.012567324955116697,0.19658886894075403,94.20846535541341,True,100.0,True,100.0,True,82.18239325250396,not_remotely_sensable,both_30_and_300,0.0,neither,,False,False,0.0024168997344929943,0,616,1.0,False,0,0.0,ok
549,LK1115310,Koswatta,Seethawaka,1.16307236,0.038894444653171836,0.010946383594369034,553,4,30.993294514626943,0.0,0.8394926279628547,438.32499586420414,100.0,0.005385996409335727,0.026929982046678635,0.003590664272890485,0.04129263913824058,0.19658886894075403,99.6192124621376,True,100.0,True,100.0,True,100.0,not_remotely_sensable,both_30_and_300,0.0,neither,,False,False,0.0024168997344929943,0,137,1.0,False,0,0.0,ok
550,LK1118025,Thummodara,Padukka,1.97373468,0.03745856836147546,0.015806784869969368,549,-1,31.217777175020665,0.0,0.8067393177795995,361.8353403750848,100.0,0.00718132854578097,0.026929982046678635,0.026929982046678635,0.02154398563734291,0.19658886894075403,96.43772424397744,True,100.0,True,100.0,True,88.95705521472392,not_remotely_sensable,both_30_and_300,0.0,adjacent,,True,False,0.0024168997344929943,0,250,1.0,False,0,0.0,ok
551,LK1115235,Digana,Seethawaka,5.15730179,0.03653489205870953,0.013335510531819727,551,0,31.82204457054845,0.0,0.8217742994590534,311.0801607154749,100.0,0.01615798922800718,0.026929982046678635,0.012567324955116697,0.017953321364452424,0.19658886894075403,94.19905771495877,True,100.0,True,100.0,True,78.2560706401766,not_remotely_sensable,both_30_and_300,0.0,neither,,False,False,0.0024168997344929943,0,527,1.0,False,0,0.0,ok
552,LK1115320,Pelpola,Seethawaka,1.79716749,0.03554383899265477,0.012295322465670099,552,0,31.48931983653685,0.0,0.8253600911116581,362.298901505017,100.0,0.010771992818671455,0.026929982046678635,0.00718132854578097,0.02333931777378815,0.19658886894075403,95.75629316106037,True,100.0,True,100.0,True,82.67716535433071,not_remotely_sensable,both_30_and_300,0.0,neither,,False,False,0.0024168997344929943,0,177,1.0,False,0,0.0,ok
553,LK1115015,Kanampella East,Seethawaka,7.02929726,0.03525405061654513,0.017302539536038882,547,-6,31.80937225486408,0.0,0.8008448307532935,179.08075965092704,100.0,0.01436265709156194,0.026929982046678635,0.03052064631956912,0.005385996409335727,0.19658886894075403,94.16802905134622,True,100.0,True,100.0,True,68.26086956521739,not_remotely_sensable,both_30_and_300,0.6814334698129313,adjacent,,True,False,0.0024168997344929943,0,777,1.0,False,0,0.0,ok
554,LK1115305,Ilukovita,Seethawaka,3.87975858,0.03128983835232608,0.010317929246666756,554,0,31.397344791266327,0.0,0.8248671373137261,243.3342048030943,100.0,0.008976660682226212,0.026929982046678635,0.008976660682226212,0.010771992818671455,0.19658886894075403,95.5956007641865,True,100.0,True,100.0,True,88.57142857142857,not_remotely_sensable,both_30_and_300,0.038725667372334384,neither,,False,False,0.0024168997344929943,0,404,1.0,False,0,0.0,ok
555,LK1115315,Pagngnagula,Seethawaka,2.9032008,0.030541478222046434,0.009492164621003727,555,0,31.660534429592285,0.0,0.84265695769499,243.0796849864469,100.0,0.012567324955116697,0.026929982046678635,0.0017953321364452424,0.008976660682226212,0.19658886894075403,94.10852713178295,True,100.0,True,100.0,True,89.19597989949749,not_remotely_sensable,both_30_and_300,0.0,neither,,False,False,0.0024168997344929943,0,336,1.0,False,0,0.0,ok
556,LK1118230,Dambora,Padukka,10.5008811,0.028269583713827266,0.0077962367829571295,556,0,30.519722197490704,0.0,0.82117561020654,91.17533436667156,100.0,0.003590664272890485,0.026929982046678635,0.01436265709156194,0.003590664272890485,0.19658886894075403,94.51430459457359,True,100.0,True,100.0,True,38.64777618364419,not_remotely_sensable,both_30_and_300,1.3614631112493198,within,gsw_seasonal,True,False,0.0024168997344929943,0,1086,1.0,False,0,0.0,ok
557,LK1118225,Udagama,Padukka,8.14649387,0.02646279375420402,0.006629871830453409,557,0,30.095660789159016,0.0,0.8235574559017389,86.12907412350529,100.0,0.0017953321364452424,0.026929982046678635,0.010771992818671455,0.0017953321364452424,0.19658886894075403,95.7238191104649,True,100.0,True,100.0,True,37.634408602150536,not_remotely_sensable,both_30_and_300,1.8180914389392189,within,gsw_seasonal,True,False,0.0024168997344929943,0,782,1.0,False,0,0.0,ok
