zone_id,beta_intercept,t_intercept,sig_intercept,beta_NDVI,t_NDVI,sig_NDVI,beta_NDBI,t_NDBI,sig_NDBI,beta_built_fraction,t_built_fraction,sig_built_fraction,beta_pop_density,t_pop_density,sig_pop_density,beta_elevation_m,t_elevation_m,sig_elevation_m,beta_dist_coast_km,t_dist_coast_km,sig_dist_coast_km,local_r2
LK1103005,0.25340043129325085,1.546515471778614,False,0.1353379780393063,1.181797209503536,False,0.8404841930795954,5.250505342003714,True,0.28056782770213673,2.7998678544269944,False,-0.07092104172309169,-2.800418137716013,False,-0.26646001536605746,-1.4602956303888648,False,0.46125366133815515,5.266625842215056,True,0.8597740593073145
LK1103010,0.22843343228746954,1.4499519920557098,False,0.12461586488355052,1.1339897616177264,False,0.8228959526348286,5.39821105760438,True,0.28651207739256895,3.0016019157404314,True,-0.06829019242467194,-2.797519287735647,False,-0.27560650995169295,-1.5543823984468195,False,0.44380380005844244,5.297871450057165,True,0.8580829180478704
LK1103015,0.19554702840022514,1.3100411529919642,False,0.05713593555247579,0.5970935669922875,False,0.6878311595452892,5.382201283750686,True,0.3417314752589866,4.305968539392219,True,-0.05282638392409974,-2.3370260104936826,False,-0.27927958094141514,-1.6443230690347446,False,0.42577004986514266,5.361204642707522,True,0.8533741877738962
LK1103020,0.19749498931573947,1.3369639740326957,False,0.09378097969567809,0.9316203359663834,False,0.7807472894547042,5.634449777707952,True,0.2842859918478011,3.121790650406263,True,-0.0617831415355633,-2.692056495528272,False,-0.2801776020261677,-1.6668430198708055,False,0.40916751341234525,5.239267514094883,True,0.8542740206015446
LK1103025,0.18848687837689965,1.2870730053548545,False,0.07098015384297415,0.7250911952775645,False,0.7516187239144748,5.615954714101203,True,0.27940503753311147,3.1115425700683224,True,-0.05718716688178211,-2.52477801414608,False,-0.2846183927403318,-1.7108801871051642,False,0.399353187537149,5.147060221956098,True,0.8515060668245394
LK1103030,0.18947530396599782,1.2984757588467755,False,0.005371555070800581,0.06086106466212119,False,0.572617379849693,5.033733492691724,True,0.3871878853248864,5.353468677259341,True,-0.03962061765912084,-1.8219509516590027,False,-0.2752640518489171,-1.6525135584727935,False,0.41785639784355055,5.326330761983904,True,0.8501574597653624
LK1103035,0.19495513278746784,1.3356663809561324,False,-0.03981816387807416,-0.466702673416915,False,0.4490518189526065,4.240925655067775,True,0.42902955202772514,6.165820191833003,True,-0.023473045080694314,-1.113046370084887,False,-0.2839620947332672,-1.7120138788874646,False,0.40654853739810903,5.130063800676604,True,0.8450796856383493
LK1103040,0.17691826174953784,1.2330360894769397,False,0.006351785163670187,0.07157173693125715,False,0.6105965852374745,5.252354965660978,True,0.3301859168870546,4.239101314921228,True,-0.04006634237240396,-1.8547306300899806,False,-0.285226147538843,-1.7408837940551651,False,0.3851667857641861,4.988432094444012,True,0.8443931059933647
LK1103045,0.18060609553841778,1.255094987956379,False,-0.0303162871281819,-0.35574000009072965,False,0.4881269253040104,4.56389593700445,True,0.3907209609488797,5.5070358705002125,True,-0.025730551452985247,-1.2232781897696379,False,-0.2907737243310562,-1.769815212267185,False,0.3769081028376191,4.819553117772972,True,0.838920649665059
LK1103050,0.18760211609983216,1.2980543654460095,False,-0.04227145375994971,-0.49873944028285544,False,0.4316471009049408,4.121118206012093,True,0.41861539446877266,6.041536381410594,True,-0.01812080256990411,-0.8745452141371282,False,-0.29730038669932424,-1.8033258781212598,False,0.3762913502864643,4.777625537429404,True,0.8388953968040587
LK1103055,0.18967929978919573,1.3077951427346513,False,-0.04581894753791938,-0.5374417041818644,False,0.37290265976412507,3.580543272837227,True,0.4276110991335119,6.210485491107239,True,-0.005004556360180957,-0.24790079216146382,False,-0.3245614963200234,-1.954466468225093,False,0.3472903614830109,4.370746527088536,True,0.8361504601729609
LK1103060,0.17937461664388654,1.2633094814725487,False,-0.04863897044575115,-0.5809874292512542,False,0.3991310836632408,3.8635906642827504,True,0.41651435953271715,6.102698163366392,True,-0.009342278176626416,-0.46421645757185465,False,-0.308948061898828,-1.8862481033584046,False,0.3494177160630691,4.472561644332963,True,0.8369972790743532
LK1103065,0.17499735679546446,1.2374175068392126,False,-0.04411641647177036,-0.5281799261607204,False,0.4194771866567718,4.051730025342678,True,0.39978304740177684,5.813408101041056,True,-0.011475441250593774,-0.5687290632182309,False,-0.3079484038495343,-1.8825005378974156,False,0.3371509264170204,4.320645737919232,True,0.8342283777444214
LK1103070,0.1737763271615469,1.2187510501774401,False,-0.02908308927561314,-0.34235425707177064,False,0.5135889581607606,4.722273256086151,True,0.33242192814298727,4.3519286292440995,True,-0.023805106447679823,-1.1430351754550439,False,-0.2995523341010959,-1.8247984127512664,False,0.32801888088845743,4.195509934156846,True,0.8291144119854305
LK1103075,0.16978625484276103,1.2154537816928588,False,-0.0021653011962053143,-0.02430554405335227,False,0.6775034802078915,5.468092523737874,True,0.2127603223601409,2.201516233410649,False,-0.04135808738663853,-1.9390436887636568,False,-0.27997869101402156,-1.7269968395358832,False,0.31770488312449696,4.177822207160756,True,0.8402540742030608
LK1103080,0.17262820620533065,1.2078027489079646,False,0.02610703585025992,0.2795081345410349,False,0.7193045863471206,5.563231076099814,True,0.223744166228338,2.324440590357457,False,-0.048142085030846576,-2.190309708134124,False,-0.29003707064012596,-1.7753621890991118,False,0.349942340113257,4.576006799455291,True,0.8427968107811081
LK1103085,0.16178879774612695,1.1335239893964981,False,0.06837049596943083,0.6789007947385303,False,0.7850093208293779,5.656198569704902,True,0.21346245236551126,2.1556321037589554,False,-0.05383006188660138,-2.4112566683413004,False,-0.2847805433404559,-1.7358647250245582,False,0.3320137035746201,4.361031238845297,True,0.8478754012268678
LK1103090,0.1760428120488325,1.285960103075743,False,-0.030970805700182378,-0.35220447328847343,False,0.6361873591648102,5.303475247669878,True,0.19365609855170027,1.98849997383243,False,-0.0342626424808926,-1.6298701663052544,False,-0.23725361866684336,-1.4596085552547606,False,0.2561987746506296,3.285089720732506,True,0.8424967129459672
LK1103095,0.17676081088806608,1.2631186698042898,False,-0.03758967419517471,-0.4445674991494022,False,0.5579530859128546,4.946031325285963,True,0.24957800650277934,2.812971079281062,False,-0.024463418118226058,-1.1827585079079856,False,-0.2858988427453475,-1.752556007622687,False,0.28532429697785017,3.642765603324102,True,0.8270459008497427
LK1103100,0.16693327641281908,1.1986197428587748,False,-0.043581147676100745,-0.5253105798827008,False,0.42503414578317167,4.1086039471341,True,0.36909512542201756,5.288492313604981,True,-0.00736757338971951,-0.3704220964610393,False,-0.31197470203939576,-1.9129322713133028,False,0.3001493731894539,3.831349082893212,True,0.8311714540157611
LK1103105,0.17948004901047632,1.2495209938907836,False,-0.034009550840394,-0.4004171244597476,False,0.38302389155683403,3.6847482264786997,True,0.3987831855653304,5.79725149177564,True,-0.0013433955970036774,-0.06715340687208572,False,-0.3384634284103047,-2.033782546214023,False,0.2985679258998833,3.7267740719582565,True,0.8285373217350617
LK1103110,0.18390408808746195,1.2702178634199215,False,-0.03838691288468861,-0.44917939991000344,False,0.3622696200959918,3.478221851715431,True,0.41627147679981696,6.065042088088282,True,0.001022468908702242,0.051245727199853285,False,-0.34330196228359755,-2.056820789858465,False,0.3149651286455802,3.9347330704991395,True,0.832416240510664
LK1103115,0.19190320796616173,1.3036018732025967,False,-0.039506675183030915,-0.45484941036691295,False,0.3368495342186185,3.205458505931729,True,0.4280461008004194,6.16878359364722,True,0.005847433056385935,0.29427460887691764,False,-0.35716052702631124,-2.1194436889046306,False,0.3239370832722232,4.014675845355623,True,0.8358226281234435
LK1103120,0.21051019256732412,1.3242121362196526,False,-0.02157180552807517,-0.23148306472976365,False,0.2784313880867812,2.5694372154633847,False,0.42912548544282625,5.8240460279137976,True,0.02505089409218854,1.2879247659654518,False,-0.4338739649471467,-2.432480237603974,False,0.3118882336787921,3.685403410456961,True,0.8436476271569816
LK1103125,0.1844518996369384,1.1515832867313562,False,-0.004072564005052764,-0.042782779629205465,False,0.2703038797989903,2.5118584803816657,False,0.3966289314646279,5.4353140092938,True,0.03932086156942192,2.0485174714577474,False,-0.46420651796672024,-2.5141315570528247,False,0.23909876691168644,2.6242657281160575,False,0.8394467087918672
LK1103130,0.1839751787065467,1.1718249708553319,False,-0.006087878430860093,-0.06480628290343915,False,0.28292287597887816,2.6417008368518324,False,0.3934189713874858,5.474212190721231,True,0.03543918331852176,1.840439592941515,False,-0.44621058293255594,-2.4591638311353976,False,0.23620825567787407,2.6129897764311614,False,0.8366886116339074
LK1103135,0.18404897580609395,1.1932130574413307,False,-0.014893257611537349,-0.1584823386619568,False,0.29678601303808605,2.7799615249192366,False,0.37422744469505353,5.263286820539173,True,0.0342415101853607,1.777274201623359,False,-0.4139132352901207,-2.3019869228053094,False,0.2271900783902717,2.462244779250559,False,0.8346811592788621
LK1103140,0.18927265452613795,1.263823272847055,False,-0.007049663783438293,-0.07698332904485197,False,0.33673497129872487,3.1603881716602777,True,0.36847292733809583,5.2257838399289565,True,0.02166217388868326,1.1013136601159663,False,-0.39248027087193477,-2.2504350787877865,False,0.22307329210259083,2.4961372384065155,False,0.8270169501989025
LK1103145,0.1790418221248815,1.24408661409054,False,-0.029725324943985058,-0.34713220063081746,False,0.3662386035416628,3.5168008629733056,True,0.3930578985593778,5.722668957094619,True,0.005281317099249758,0.26676647039232987,False,-0.35221956921700215,-2.1052605524689585,False,0.27716349911642757,3.40894015418989,True,0.8280283682291019
LK1103150,0.17782753884766844,1.2587283562269451,False,-0.03218020425424597,-0.3778718061002208,False,0.4042658811978707,3.8668927202525722,True,0.34673240056532173,4.850704798305214,True,0.0024206742484889974,0.12220338157720195,False,-0.3291960020853569,-1.985886814819268,False,0.2526371536589784,3.0742064610710975,True,0.8257876005860934
LK1103155,0.17299373408821705,1.2649388528664742,False,-0.05046673283709682,-0.6056121817622397,False,0.4870981426621422,4.5460846520419596,True,0.27179107803676567,3.3132932368030845,True,-0.00966126081846284,-0.48574442006632634,False,-0.2871224669886376,-1.770188201433492,False,0.255750897337421,3.1924275120911503,True,0.8325410492927137
LK1103160,0.1937435391176097,1.3719690882179734,False,-0.03956371057480335,-0.45085569947846393,False,0.4659378587872343,4.254042796266189,True,0.2517719537504009,2.9212989311252398,False,-0.0009345616545595372,-0.04653780688164796,False,-0.2994133836770916,-1.7943942311552468,False,0.21928388263337528,2.5310504311346245,False,0.8258813221112581
LK1103165,0.19506040476446238,1.33230301343476,False,-0.02548620039358366,-0.27676467638015345,False,0.38915402887817885,3.5909233385902617,True,0.304009619471146,3.965926967604407,True,0.015466725375786958,0.7792988988647267,False,-0.34006643561456557,-1.97236689747038,False,0.21230532258549256,2.3124240523280455,False,0.827031151741675
LK1103170,0.21439005696431848,1.3379219661479593,False,-0.0537835868550397,-0.5406719318646493,False,0.2890987259309343,2.655985257893618,False,0.32022097757902673,4.266104288202852,True,0.04270795581836059,2.2311387362863235,False,-0.33585447895046844,-1.7644778475630483,False,0.2403424599864496,2.3714313500663224,False,0.8409209336363971
LK1103175,0.20739298139694776,1.2186082217814465,False,-0.005652946319134596,-0.05445474947125262,False,0.25897623202817716,2.3549462776423287,False,0.36168307487873025,4.806175698085396,True,0.0492687590793434,2.5353043038265675,False,-0.4413222335461555,-2.2037228207016772,False,0.21803356573006213,2.090887569071919,False,0.8377575773979654
LK1106005,0.16730702369570094,1.1662600958166174,False,0.11832993881785596,1.1226413109169884,False,0.8348590764096586,5.7799597929784445,True,0.2420535485771461,2.469714801150126,False,-0.061330156403699466,-2.6980275291082005,False,-0.28165185981402285,-1.7137097728793196,False,0.3523765831479494,4.648129810663434,True,0.8535948416908646
LK1106010,0.18194103388838104,1.2610342669811874,False,0.17260037742083958,1.5582270718231517,False,0.8756597639115815,5.851738579258649,True,0.27975319961938727,2.870690636867243,False,-0.06548426265735297,-2.7998907321941493,False,-0.25448263458590287,-1.5343724177291471,False,0.3615010944436794,4.724936379761929,True,0.8576462999889515
LK1106015,0.3471515172053152,2.468747027980396,False,0.2777355939963922,2.2395868645380257,False,0.9237572288136745,5.622890644664513,True,0.35025693674715436,3.6539621306289924,True,-0.05837925767825033,-2.120485560927985,False,0.014909980492609977,0.08055159605073253,False,0.35134754201651236,4.2495530722554165,True,0.8623353149563248
LK1106020,0.2547308694827969,1.7648095534760468,False,0.2694166282600585,2.1978806089774974,False,0.9290248979230175,5.786952365899163,True,0.33873170287500015,3.455162336405891,True,-0.059640440681683074,-2.3470922095145106,False,-0.08274361364482286,-0.45988276134742206,False,0.32126005975340477,4.039972872900602,True,0.8611915709842342
LK1106025,0.1843307243053957,1.2625834482728155,False,0.2117791872365407,1.7975733329484287,False,0.9008639955248887,5.80609052902136,True,0.2967860311835807,2.99355195752212,True,-0.061011624852534425,-2.541430512634652,False,-0.2051404543537116,-1.1976997077051639,False,0.32838134571747274,4.2214958563346965,True,0.8582966412455858
LK1106030,0.1562614620473564,1.0875759759972452,False,0.14579755078426054,1.3087761349262221,False,0.8595658996767604,5.753860162508574,True,0.24018048465077804,2.4223107807605664,False,-0.05817537094469874,-2.5357290817443032,False,-0.2548758182749505,-1.5243874683657768,False,0.3086136622133931,4.040998886906823,True,0.8549889892631539
LK1106035,0.19822892542290385,1.4012145025146954,False,0.2030240504754819,1.800253642837886,False,0.8817566314309907,5.994414735291226,True,0.2654071587226264,2.731400097636274,False,-0.054144937657201804,-2.3405929025849708,False,-0.10949121843359899,-0.6176802714971343,False,0.21496057748816222,2.771003249874134,False,0.8682466963529806
LK1106040,0.30490868739100735,2.002146183068169,False,0.30287129724842204,2.34579651735031,False,0.9447192472049538,5.676390401549783,True,0.35325318506362186,3.464127202127372,True,-0.04747558354171407,-1.7397231211776225,False,0.07771026420407938,0.3765937714550256,False,0.26130300181716587,3.088825237277185,True,0.8617209334209912
LK1106045,0.4024205589887991,2.926955667721699,False,0.33648461529318885,2.6739299532268386,False,0.9564521128761349,5.835032083213992,True,0.37400031819540946,3.8238770650427596,True,-0.045048864577387736,-1.4993167694890361,False,0.2120030095684226,1.0255246205075734,False,0.2632234573155009,3.053413323123249,True,0.8710413481403695
LK1106050,0.4090568691092019,3.2895198540539554,True,0.3452589554379015,2.7722824166631317,False,0.962981243864042,5.947091180839865,True,0.37798823413669613,3.925310142719139,True,-0.052481518859887936,-1.5736224359867554,False,0.18706745139135159,0.945077987729757,False,0.2755870190879046,3.1191766305112103,True,0.8801332629715213
LK1106055,0.3823948947766627,3.3480343763888776,True,0.31617412584838084,2.5086910696999385,False,0.9482137400556908,5.791991572195409,True,0.36517760198036425,3.748648545461371,True,-0.06332577034137662,-1.70317415586988,False,0.0961266030445473,0.5140946629737,False,0.29488685940940174,3.1486347340220573,True,0.8836556778996153
LK1106060,0.3115605413633836,2.861639805615997,False,0.25177466463655396,1.9170144713238095,False,0.9206686297975782,5.583546809496786,True,0.36992022260484403,3.657511204169863,True,-0.10492272845375007,-2.098199810027893,False,-0.07386350163397579,-0.37990519916799803,False,0.3156744285550137,2.9700902116245533,True,0.8871745922369147
LK1106065,0.25309442210822797,2.3825241513008515,False,0.2043297579068637,1.4927191365426826,False,0.9025263802431696,5.396373880759934,True,0.34188379859009943,3.481085141668644,True,-0.1033158886961214,-1.900795328604461,False,-0.15887117072357457,-0.7780367882083112,False,0.2898063386680067,2.697364069274737,False,0.8895396885010277
LK1106070,0.19854231639110673,1.8368008993196439,False,-0.09294298786604596,-0.5165823168415534,False,0.7515083327380184,3.5317833904240437,True,0.28307719325811415,2.574477141273549,False,-0.06124300269287864,-0.9229363808095528,False,-0.05670974953986064,-0.2367362561219715,False,0.09472033819067248,0.9884020677743541,False,0.892847525930342
LK1106075,0.22264199769093523,2.054169132862901,False,0.0652018818856953,0.42111424579861945,False,0.8265173287788816,4.573189881833435,True,0.3262773561500179,3.2440897104468114,True,-0.10223766644450029,-1.7625307287860634,False,-0.14325719545741908,-0.6522962840225373,False,0.22373669514907285,2.136395600098299,False,0.8913316866361164
LK1106080,0.25434642084160225,2.3755684716493546,False,0.026871068623256677,0.1867481117221676,False,0.7782830075727719,4.6241745664558485,True,0.36911030320153754,3.718989997435585,True,-0.12151464599883707,-2.246074725165377,False,-0.08820730876233168,-0.42795705741699896,False,0.23664470220477773,2.2709974448799386,False,0.8891123906794399
LK1106085,0.3054216577862692,2.741548721094699,False,0.11677116975217765,0.8050363646382872,False,0.8199275982374745,4.736358030670697,True,0.40351460221257635,3.8398172967189597,True,-0.1320980235536808,-2.516779934964462,False,-0.04711402985983209,-0.23651524299044946,False,0.2831983215517391,2.65177053586668,False,0.8889970853083637
LK1106090,0.33617078360763125,3.0386531169153064,True,0.2603799361191286,1.9950719196067472,False,0.9142110807458108,5.559978419823593,True,0.3922195739457498,3.8625556976466155,True,-0.10827305751821852,-2.252346615829829,False,-0.017756144490959375,-0.09249548744498313,False,0.31202810710598616,3.044154668165983,True,0.887360893156567
LK1106095,0.3723280008028161,3.259100953929633,True,0.3201596060690234,2.5424842458603423,False,0.9475300506943738,5.856321847175106,True,0.3955796029857097,3.988483331765817,True,-0.08620148190067169,-2.056585110054327,False,0.07651002557789952,0.4004194487117581,False,0.29824605626033135,3.1298823415273618,True,0.8865862830639525
LK1106100,0.34317457503182414,2.357838634959976,False,0.3473754542329276,2.8116722911832173,False,0.9716482066944789,6.075874777873495,True,0.36411117531222753,3.649643011019431,True,-0.045568790902991825,-1.6469729006331408,False,0.16489794355948412,0.7892213955758189,False,0.2209210429229068,2.6206589636786632,False,0.8710112355497948
LK1106105,0.2132751592975175,1.4311429538364393,False,0.2546233830015967,2.0402774772201506,False,0.9248488766941116,5.822445901611647,True,0.2999653976885111,2.973776857169832,True,-0.05274477691553805,-2.1360414476598653,False,-0.07752642454320278,-0.4138693700433875,False,0.24292627774414485,3.0473345898150925,True,0.863362152997136
LK1106110,0.2973653411703483,2.0654193224902526,False,0.35707321520447066,3.0978567885639263,True,0.9879366016361694,6.659926659519716,True,0.33043411495041514,3.405543706776995,True,-0.0519051677834109,-2.08440271906968,False,0.11097829603334008,0.5514925431798599,False,0.15217288035010063,1.870505978296549,False,0.883124745958546
LK1106115,0.30117969198244043,2.118462292186961,False,0.3491792066986094,2.9703599158835168,True,0.9799660632172821,6.4522636013888235,True,0.34644893303707447,3.558585090165874,True,-0.05242343651785774,-2.0830078673514865,False,0.0965781832306798,0.49082610042471175,False,0.1958108032092633,2.448849448561665,False,0.8769331917179785
LK1106120,0.36776346588228137,2.7389478946345185,False,0.40373367485988626,3.3982028605515384,True,1.0089324543180607,6.606982319879747,True,0.3785502597769016,3.920621810631608,True,-0.054966990458333705,-1.9015931537898492,False,0.19855672917698236,0.9755160270719115,False,0.18900735769753935,2.259790691408357,False,0.8871953527737941
LK1106125,0.3901089550442101,3.1243167797816973,True,0.38585629656701625,3.194774991131546,True,0.9893762198567139,6.381984531294415,True,0.3970271714588088,4.135809164105113,True,-0.06935956377349474,-2.0869714036797524,False,0.18353811708676993,0.929361497214116,False,0.23108276192511223,2.702198465686822,False,0.8892721549038706
LK1106130,0.38167732245670394,3.3214095735990394,True,0.3142488557230728,2.6112838849009585,False,0.927797537015579,6.031337905215547,True,0.40510215757052204,4.250835098125128,True,-0.08590128344219818,-2.35558140866834,False,0.14629110328956535,0.7794882304884206,False,0.24120570196892463,2.7849631820157215,False,0.8902242796302141
LK1106135,0.3501477234246882,3.10260156444585,True,0.20898406320810142,1.5574058839160956,False,0.8488709796419062,5.155733764306515,True,0.43070623619182213,4.238407239433043,True,-0.12221644868816828,-2.62634883227334,False,0.06478783237341348,0.3372272684198136,False,0.2596106692248257,2.686043001907644,False,0.8901990648767291
LK1106140,0.2685910642973876,2.487774573114859,False,-0.052914695870768184,-0.3668241847927438,False,0.7141297950986694,4.260451597447924,True,0.3875698958924682,3.878921510944265,True,-0.12751227525386816,-2.409745612335483,False,-0.015363194959418819,-0.07607530070284375,False,0.19202504966365905,1.8830877791769616,False,0.8882798314662467
LK1106145,0.2368577368883862,2.1280019704384716,False,-0.18768775069046342,-1.195695023704952,False,0.6783040292352613,3.6762303242485057,True,0.3210635070117183,3.0540640949092226,True,-0.08836648967322283,-1.4580497189044683,False,-0.007121479274336372,-0.030745315118504302,False,0.1122603394449179,1.0829844467433636,False,0.8894703371832878
LK1106150,0.2301179117094682,2.1068938456942448,False,-0.2687316596434784,-1.571897535371668,False,0.6507531709769245,3.1699632748665656,True,0.27692294511078797,2.4831590446969614,False,-0.03457160640109584,-0.5001336355795121,False,0.06269225431320047,0.2606674038414965,False,0.022103489549781894,0.22966820524805845,False,0.8900081227718877
LK1106155,0.20846463513042518,1.9983236087117184,False,-0.25350308270634303,-1.348415627077995,False,0.6677784213408412,2.941775519606399,True,0.25338547200695954,2.2678252680382647,False,0.006526892577563982,0.07986090860297025,False,0.07587400061720573,0.3184294563827012,False,-0.03180082546196866,-0.3757336068915012,False,0.8915800845378173
LK1106160,0.17058753710597532,1.7313864514532387,False,-0.24616306913118566,-1.380667311236356,False,0.69507615852031,3.14245953287229,True,0.2552530103424306,2.32892490985953,False,0.01823249029129949,0.18674239187887032,False,0.06508393851712391,0.2940578275158018,False,-0.09845719145349931,-1.2966560359864057,False,0.8894361599173951
LK1106165,0.13735809071912894,1.4678454570271229,False,-0.23727303996491533,-1.4414299863278657,False,0.7192956938748184,3.4819741625097236,True,0.26912982092920856,2.4612939642071345,False,-0.0021596941556439797,-0.02158377954144429,False,0.027559769464626543,0.1337474876045104,False,-0.12761495872425893,-1.739909718362933,False,0.8864226760184631
LK1106170,0.13771186477525288,1.4859387614940176,False,-0.2772963167644026,-1.8433913939994668,False,0.6758413551173221,3.5758086081256373,True,0.29271603152963055,2.666538351518329,False,-0.0006150789372144645,-0.006830413357383594,False,0.05812188129906759,0.28673775279853997,False,-0.15274107819400404,-1.921416969493989,False,0.8822662094324032
LK1106175,0.20342231217707935,1.9949554008442412,False,-0.3401134234863031,-2.207866528183242,False,0.612891840656499,3.2275841642242473,True,0.2833266123529658,2.57868718559305,False,0.008703081237965525,0.11142576965941457,False,0.14208164845785906,0.6425692349783598,False,-0.10600731733799877,-1.1737730080308433,False,0.8844558665194895
LK1106180,0.21753900295716302,2.133722432019742,False,-0.3222689446954062,-2.214808589421298,False,0.6092808055413408,3.4629250732934667,True,0.30238186421988794,2.8835996246484856,False,-0.026771572501706604,-0.4090584495558516,False,0.14031327039776187,0.6563723714809785,False,-0.06657562440482125,-0.711082142937446,False,0.885434431552752
LK1106185,0.25985662279918076,2.350227268749659,False,-0.1645735047744965,-1.114209529898491,False,0.6628808358143539,3.864008123485387,True,0.36341340177899256,3.5465034452992774,True,-0.1105695187066083,-1.9884075147783924,False,0.03163193108274384,0.14943023561094923,False,0.11965970271914768,1.1633892229673235,False,0.8876887112968826
LK1106190,0.2977926173613058,2.7362934282131604,False,-0.01831864395485024,-0.13116058533936759,False,0.7111014740083204,4.353186739792053,True,0.40951006354009206,4.1453526018918545,True,-0.12941565584356646,-2.6136325429637,False,0.0805602749095044,0.41764574236917423,False,0.14073196307183639,1.4472269080764049,False,0.8891098747918309
LK1106195,0.34546734155468506,3.0209657319418506,True,0.13489041676161623,0.9608270437445267,False,0.7894301899982795,4.705770816673421,True,0.4374145662948755,4.244889803879906,True,-0.12851966119998035,-2.7261444724986412,False,0.11178611191003643,0.574450607833746,False,0.19468037154387657,2.0080842910633585,False,0.8921077119863646
LK1106200,0.38011136473304385,3.1960527031488906,True,0.24838609441553383,1.8404648277666902,False,0.8566597893073442,5.26895682852106,True,0.4379618828091308,4.336325840044185,True,-0.11434056430624202,-2.6734904463402587,False,0.19163244591469364,0.9746312128992827,False,0.16243367649550255,1.7649248884732929,False,0.8965797605788953
LK1106205,0.37075846220214403,2.925181817762069,False,0.3958092673677878,3.2624265345326315,True,0.9910611969460288,6.5954024692881585,True,0.3808858586090641,4.0857755840756065,True,-0.0721140884458369,-2.4965837180729302,False,0.2189283752354078,1.1238192484458276,False,0.11105830854732017,1.3673358235282587,False,0.901220694873446
LK1106210,0.32732110156688565,2.3731167607000954,False,0.4236821591508039,3.540280932804695,True,1.029469368343206,6.88816562671173,True,0.3552426814905982,3.7595145513606636,True,-0.05889636966211197,-2.2629702545119263,False,0.17567164865341992,0.8598885090331083,False,0.09735443824680504,1.1746704858391512,False,0.8999364767494635
LK1106215,0.2833122776819749,2.0446841955884016,False,0.3392195961861493,3.0621576181340213,True,0.9701947569729527,6.805874701817375,True,0.31024136337795905,3.2892256640229185,True,-0.05617058661576827,-2.383632278568201,False,0.10531385905611092,0.539092296541278,False,0.08516600142724588,1.0288904848142384,False,0.8962812204012462
LK1106220,0.35723494708317155,2.9841665776616995,True,0.20075356519866963,1.4989870112222619,False,0.8438992740369462,5.29007183770311,True,0.3861589763641269,3.761740977304964,True,-0.0983680782239518,-2.393939819092833,False,0.3142521181221897,1.6292799143651389,False,-0.07559015233282058,-0.8416717443806776,False,0.9022713170097061
LK1106225,0.334803331390844,2.876107803238334,False,0.06497390662785016,0.46035448615366736,False,0.7594139461192045,4.5517764814571855,True,0.40285132606077817,3.8260481321624127,True,-0.11553592976709932,-2.4369246653044376,False,0.2160718026442576,1.0992460889084386,False,0.026694878683931705,0.2733924843185706,False,0.8950853172711379
LK1106230,0.30945678821949396,2.6958785014335005,False,-0.013875366508505935,-0.09798073249169195,False,0.7419307799887813,4.469726143984845,True,0.3646084996895127,3.470732907316698,True,-0.10141948561911686,-2.034722085611469,False,0.22666615734551304,1.1560542075839635,False,-0.04425883253789841,-0.44406560276042306,False,0.8926567867650841
LK1109005,0.18733728971289856,1.9863763502300114,False,-0.18736860760453442,-0.9031520916706753,False,0.6893789789348918,2.7852408986573742,False,0.2399094276813772,2.3021145709206747,False,0.04919652744842024,0.5023406654947409,False,0.08015266846154535,0.36959155547049377,False,-0.06913387423001505,-0.9384250285560296,False,0.9028728772434914
LK1109010,0.15024368759701384,1.7320383875299046,False,-0.12154673986161724,-0.5308668102052936,False,0.6566939955373141,2.5175033488049716,False,0.2652578523606851,2.4526464804344226,False,0.058217191043579586,0.42647312139022525,False,0.08321324033116081,0.4281280317365372,False,-0.09638423919770032,-1.4218107396117092,False,0.9068977104382526
LK1109015,0.10053754865860653,1.123621056047742,False,-0.0846344173470993,-0.34967140403422636,False,0.592875783367999,2.2325036930039213,False,0.3238916967314985,2.76204103427692,False,-0.0020864254518932635,-0.012759423999663733,False,0.07978750758156905,0.42664433186941697,False,-0.09499984100764683,-1.5426495869546162,False,0.9126385412272204
LK1109020,0.062299343068418396,0.6575513495349692,False,-0.09315294932612847,-0.3639867685658723,False,0.4996156255475385,1.8380335524405218,False,0.3725389219980833,3.0659303152455397,True,-0.04644380646790087,-0.2566490169471279,False,0.05624318316972314,0.3195983580128121,False,-0.08353515216917046,-1.5398057104341973,False,0.9248822576996782
LK1109025,0.012524628801354288,0.10104543988268641,False,-0.1389130824003131,-0.46880196533754054,False,0.37876772019255833,1.2488424294188503,False,0.42871793893063415,3.0109777524933916,True,-0.1128248174226262,-0.45289646809954975,False,-0.009478853374749014,-0.050442423565414674,False,-0.05482045926467383,-1.0144618048107048,False,0.9283999969185412
LK1109030,0.002152604792648148,0.015309231163440991,False,-0.17972824052570133,-0.627140453884363,False,0.30624704879420267,1.0671732433907073,False,0.4685027718301095,3.199529930003397,True,-0.12895527878198645,-0.4431180521395216,False,-0.043312063358983945,-0.2338741629287311,False,-0.036769690463830045,-0.7259896967868033,False,0.9322107406288628
LK1109035,0.01001426866027363,0.05736173507669268,False,-0.2161329326414861,-0.790397182311946,False,0.2332257687673844,0.9048109936226,False,0.5178003402704829,3.3754145500643284,True,-0.12775465094269922,-0.34410366226695344,False,-0.04911626181897198,-0.2689646457609045,False,-0.02401143390070953,-0.4992903156930468,False,0.9340625304665586
LK1109040,0.03548151754489416,0.18735510764881086,False,-0.21947159299313498,-0.8131998910925001,False,0.1977332238616996,0.8256883398625119,False,0.57129017338657,3.5906291520690607,True,-0.11849773301403879,-0.2929192191415519,False,-0.046565487485432266,-0.2626670487633933,False,-0.019088722119715868,-0.40951463753547246,False,0.9273166943876082
LK1109045,0.0030716625620923017,0.020378832180128214,False,-0.16500656974025896,-0.5371553320438321,False,0.3500886756754152,1.1386865221120481,False,0.44012931362578817,2.8343511565591943,False,-0.1172187668957564,-0.3616661457594636,False,-0.05803114133124087,-0.32030742023827424,False,-0.051733014317652724,-1.0179376193566902,False,0.9326173865414373
LK1109050,0.010387559709577745,0.08663798533254419,False,-0.11053421186813768,-0.3803478244508774,False,0.4247747875743032,1.451349670156418,False,0.41488456206856344,2.997369633199412,True,-0.11031045438701798,-0.4358911406333297,False,-0.010715610746513641,-0.061294609419249795,False,-0.06825843786769963,-1.3478891726962399,False,0.9318713015922773
LK1109055,0.055739867820638674,0.6258854067327615,False,-0.03996017772033177,-0.16920752175806286,False,0.6287161243714706,2.491824689408134,False,0.34154574068695,2.9323872498237216,False,-0.07276552931710463,-0.40223161425105586,False,0.0478610365438221,0.2947003880370219,False,-0.10256191650664218,-1.9894060792976165,False,0.9256164953209635
LK1109060,0.11845291130786599,1.3209603726713908,False,-0.099383231840229,-0.48664320827181007,False,0.8102699369783408,3.190338263818634,True,0.24413736026134997,2.2035566466437815,False,-0.012186008829277666,-0.09492010063316328,False,0.014064135435105218,0.07019617105845291,False,-0.11690927881478669,-1.7361474516816604,False,0.8950647776122468
LK1109065,0.06517746961113155,0.7954324453563684,False,-0.11951140705785088,-0.7437654551614444,False,0.8450267734447374,4.099003051740021,True,0.2721217755873919,2.5423013829966985,False,-0.07684978744147958,-0.6278607506929486,False,-0.08236202703404906,-0.4618369989130461,False,-0.14789532861120622,-2.2929107008544833,False,0.8928834845621813
LK1109070,0.05072943013095557,0.5997519777673005,False,0.020435644704073032,0.0996561700728323,False,0.8979863218442231,3.604315545013821,True,0.2633959779612084,2.2444665138821347,False,-0.11401997849730827,-0.6665889466130752,False,-0.019545201741527306,-0.11592260964474692,False,-0.1304550760520915,-2.3129744442350857,False,0.9132806178161755
LK1109075,0.018865219264687125,0.17495158821470388,False,-0.005431417593667972,-0.02095277222978879,False,0.6004538066365182,2.306051403553418,False,0.356287897214695,2.7335234353180287,False,-0.07477975059981684,-0.29280479848667373,False,-0.036887791521264736,-0.2611609769212681,False,-0.08961684198488876,-1.961913151335849,False,0.934874497825628
LK1109080,0.016044959850427504,0.11154254457184364,False,-0.14684811487897978,-0.532597750478316,False,0.3839151164886877,1.3618765512389535,False,0.42605365828131697,2.817053974668658,False,-0.09030011094287678,-0.27440930685033704,False,-0.06439567404080487,-0.41671485108436557,False,-0.06338190961161747,-1.3654892969777592,False,0.9299918634833685
LK1109085,0.05550080002715996,0.36317829708818894,False,-0.13403008511507056,-0.5024946224415722,False,0.33176652237853094,1.3105093960980567,False,0.49785784311717624,3.3338608022579406,True,-0.04602506723284323,-0.13423730911729764,False,-0.05487284876255856,-0.36645179450690674,False,-0.04905430067128677,-1.1024809578237538,False,0.9161945171846474
LK1109090,0.0962095949984775,0.5659577115387958,False,-0.1312733538374958,-0.567714677378537,False,0.21511423354529502,1.0717807129788945,False,0.6521117667059573,4.316632967525048,True,-0.05908008353196905,-0.15772106831464283,False,-0.009892217818544026,-0.06493852015819701,False,-0.013385102900639047,-0.3086522967060477,False,0.9018608821740226
LK1109095,0.0923618667985102,0.5048240359335716,False,-0.16156781741492002,-0.7395925722575483,False,0.18055117546847016,0.9247094289940163,False,0.6950005948603807,4.367148940265517,True,-0.11427546492225739,-0.2817138854085539,False,-0.028514019672367143,-0.23367801044877898,False,0.016318747535851115,0.37838447845653966,False,0.9120158359617451
LK1109100,0.11733438863192651,0.7370089090079215,False,-0.07687162605628126,-0.3202114594552993,False,0.28225825662100146,1.3624358478559364,False,0.623431485359538,4.165307661901936,True,-0.0068331354241637915,-0.01934212842036594,False,-0.008063832683799517,-0.0567069428347176,False,-0.032732319986578017,-0.7562646887753371,False,0.8858854385048553
LK1109105,0.14082590621017346,0.9025131322487144,False,-0.0655176867768262,-0.2816905231066354,False,0.28618105778300346,1.4003671465904532,False,0.6254383954372481,4.167055363715249,True,0.039059766968294087,0.11412641181597706,False,0.0022370771039019965,0.016513680930607857,False,-0.03749151677475292,-0.9016048375941843,False,0.8714113869597795
LK1109110,0.17435112574742542,1.0906219719898032,False,-0.045962654605280893,-0.18868087513943516,False,0.3181729915863522,1.4604536296100823,False,0.600176116986393,3.933192841296893,True,0.10905294594782833,0.31996304124803576,False,0.011077463167756306,0.08260530790964288,False,-0.052193220626605946,-1.2539567428800094,False,0.8634955115542587
LK1109115,0.04330673365436361,0.33797135135722767,False,-0.04298608552078845,-0.15966838487862245,False,0.5153966287263222,1.8879487716272831,False,0.3799562829636557,2.8824081311165752,False,-0.022021411050513945,-0.073972788479304,False,-0.04625950991036867,-0.34545008899823315,False,-0.08130588477830891,-1.9440396604696661,False,0.9188108296241169
LK1109120,0.01816542603676264,0.17311820459388916,False,0.10481581177663732,0.4188411574291944,False,0.781423420919739,2.943604581533301,True,0.3117069418218594,2.5833202133360227,False,-0.06037868684955705,-0.24722450193311368,False,-0.07244603627769979,-0.5448069211676049,False,-0.08719369100086499,-2.240004693960645,False,0.9233025598390355
LK1109125,0.03296341108845792,0.3927540345344351,False,0.09977222533780644,0.4743606399841412,False,0.9411148310008625,3.8796302839069203,True,0.2542758457302254,2.250709869766252,False,-0.11760013426949223,-0.6194553252364758,False,-0.03275958916848032,-0.22358942411613697,False,-0.1252957294866818,-2.4959736724888626,False,0.9303595447260157
LK1109130,0.04593019203368226,0.5565667013725688,False,-0.025755583617149094,-0.15132203878230252,False,0.9195893692095299,4.1698898319883915,True,0.2464973708047605,2.129152659565598,False,-0.1369930662936548,-0.8032779868887835,False,-0.06271026458336543,-0.3869027635445477,False,-0.16191494859665095,-2.6649273586320406,False,0.9149673781718205
LK1109135,0.029720286904341378,0.3562184763225125,False,-0.10260829716915669,-0.6745149345863654,False,0.8405859140595524,4.304471502134642,True,0.30102454408331014,2.6771529839900468,False,-0.11329450021091234,-0.8544944629693775,False,-0.11224318054138722,-0.6434271904539187,False,-0.1857836895328851,-2.7547137693465973,False,0.8867060636393241
LK1109140,0.06829411510998774,0.7886801123684719,False,-0.17880811185280138,-1.1779437371469588,False,0.7828625853408466,4.074605275710156,True,0.29824041526286277,2.7125532888779014,False,-0.056555455411300685,-0.5324337512648145,False,-0.06360567961141289,-0.3424979223758419,False,-0.169181490432512,-2.3882287382104836,False,0.8806933212139546
LK1109145,0.022992403366368562,0.25782554656292955,False,-0.15023401695993432,-1.0375332476887467,False,0.779435388689518,4.280937950966575,True,0.3386474296489734,2.992602208912833,True,-0.06600120776968733,-0.6626965006957448,False,-0.093223782525784,-0.5039706068052329,False,-0.22881810827640725,-2.917896833250171,False,0.8701942581356545
LK1109150,0.08926379398362651,0.8686366669485045,False,-0.24139991822619544,-1.6998772764528285,False,0.675568800120563,3.9025945654928065,True,0.338684507892288,3.033490006412327,True,0.0002992924094530336,0.003534173032031845,False,0.07145635997635576,0.35626390909645617,False,-0.24830230269965198,-2.6800640959808533,False,0.8721538458223591
LK1109155,0.23858211249385256,2.2063959308681933,False,-0.2753508198072849,-1.9270612727236396,False,0.6299764035985068,3.7701459117611953,True,0.3169167046145087,3.0032169960022674,True,-0.04141297948052307,-0.6814306609217514,False,0.19455266720665335,0.9511895089990142,False,-0.10199974382169541,-1.0071782915655183,False,0.8833177507397357
LK1109160,0.2877548810146201,2.4009950505352715,False,-0.04827034066625151,-0.32573973486268704,False,0.7800719295414896,4.579128770181626,True,0.2897043869739877,2.6129122946805814,False,-0.04193233530311058,-0.7594191632591016,False,0.3391972944925506,1.6915007325532265,False,-0.24305654459399662,-2.2398241982241607,False,0.8915287240365976
LK1109165,0.28391605939219994,2.398473427414661,False,0.1294735454468787,0.9517177561592128,False,0.8544859548725966,5.289617630268943,True,0.31866024633379425,3.0504634945100166,True,-0.053307142050958434,-1.2397141154661382,False,0.37295586334117037,1.9880535188745472,False,-0.30480739770618503,-3.350579193028343,True,0.8999512485121246
LK1109170,0.18847491988174744,1.4632171516904273,False,-0.04649974015721922,-0.3062692106874296,False,0.7686462021990568,4.556621927337779,True,0.318150284245674,2.849600313627776,False,0.000556216539535216,0.008862478415071528,False,0.3126790308117109,1.57787363631626,False,-0.3655835965044342,-3.7747459217965376,True,0.8848863544752557
LK1109175,0.10221428372038145,0.88268367743944,False,-0.1329013637040869,-0.8885330828169777,False,0.7307891320583166,4.212746426996603,True,0.3428182404740524,2.971831168814379,True,-0.002904660354756097,-0.03696987521474425,False,0.15663635440798956,0.7874231926316615,False,-0.3326524225099543,-3.2689316532496675,True,0.8733907397117111
LK1109180,-0.028417475689976695,-0.23145380225135445,False,-0.047064910242352424,-0.29390375849404166,False,0.7759192962549902,4.320952912857415,True,0.4005578656203712,3.2410237028383695,True,-0.018858202891109944,-0.22457908490511305,False,-0.03836678877350405,-0.18854976790692543,False,-0.3668451215188009,-3.8571198416326857,True,0.8680676623836793
LK1109185,-0.021882550596317867,-0.25061686099921643,False,-0.07878791481704117,-0.5439315145417211,False,0.7961381601209141,4.511585377823385,True,0.36570436155108876,3.193434485629618,True,-0.05121902396760802,-0.5610084530032615,False,-0.1353228091942193,-0.7635068108358726,False,-0.28829590485728024,-3.4396231309643843,True,0.8671584220053085
LK1109190,0.028142436550071058,0.3539784143502905,False,-0.026326489475974425,-0.1682793063043293,False,0.8921314153893851,4.452153514340667,True,0.2658304873608202,2.3455171440789266,False,-0.13742681569207274,-0.8888922302787169,False,-0.0891869407088899,-0.5485471731926894,False,-0.21679539352087426,-3.0402458175816944,True,0.9077059154259047
LK1109195,0.04513457881971169,0.5462286791851517,False,0.13005972092503004,0.6855492446720673,False,1.007325330950356,4.289532176325815,True,0.2117848897990065,1.8005623050431652,False,-0.0965809439010715,-0.4910505024770538,False,-0.02543651887442621,-0.17666287405788722,False,-0.13966647447637326,-2.668991026931069,False,0.9342717079203259
LK1109200,0.055317213556679054,0.4076173779262979,False,0.1062631296898866,0.35150352144758185,False,0.665621371877523,2.220535623611846,False,0.37072001230061985,3.052515388791134,True,-0.0021978745216931273,-0.007649692534753035,False,-0.02503310648967075,-0.19100084808809978,False,-0.09095611107721983,-2.1834464436564174,False,0.8975056075643708
LK1109205,0.008104701308710353,0.06496884459622461,False,0.20987002423972678,0.7222877990880706,False,0.8049991982512874,2.7827650047447454,False,0.364085169247792,3.2426074913529033,True,-0.09448059495022608,-0.37765692757335806,False,-0.028571753472464205,-0.22074005354362775,False,-0.0861341880087613,-2.096615548522236,False,0.8849589062766098
LK1109210,-0.048968438980246616,-0.44612543343772043,False,0.18770730241372632,0.6749392906837063,False,0.855847444474945,2.9888450014928267,True,0.35933899334347946,3.183078164633557,True,-0.18207883642210482,-0.794662703463325,False,-0.08997136471827241,-0.6216172125476165,False,-0.05933353869159713,-1.391705577017984,False,0.8902429921391065
LK1109215,-0.02908678087340886,-0.30873765414750726,False,0.16496542735664543,0.6773151860365134,False,0.8908674850459776,3.3711195065362,True,0.329722406472537,2.9883318820282394,True,-0.15552952999155598,-0.7604185997025865,False,-0.08932217814369746,-0.6208080600015307,False,-0.06752254022822694,-1.623320491196784,False,0.9089980040462472
LK1109220,-0.007963281345440776,-0.09523752285808346,False,0.17356690033073965,0.8445424405155002,False,0.9739450620067299,3.952207499523446,True,0.2884287264632226,2.4224551926188735,False,-0.13197971580865916,-0.7057200351829018,False,-0.04961655421014014,-0.3445545058850446,False,-0.08579391899026008,-1.8050680277415045,False,0.920760611574392
LK1109225,0.07116716308711768,0.9194049784947936,False,0.06934089047458941,0.39112341605304196,False,1.0188102140126374,4.448603575762622,True,0.1778223992690186,1.4477418832226003,False,-0.07799702370474854,-0.4346294722856719,False,-0.005614901621104565,-0.03810633675354396,False,-0.15762758908405355,-2.462317669015517,False,0.9325451912638348
LK1109230,0.09241369991215213,1.4209088239414709,False,-0.01393120016506441,-0.08221802988102662,False,0.9402535349859183,4.380241562098107,True,0.19097204894895933,1.690456928897059,False,-0.021578276551816787,-0.16495929522844258,False,-0.018000672896436625,-0.12028743792513066,False,-0.18314905017822286,-2.5802227465359255,False,0.9260698119290897
LK1109235,0.04288901501897238,0.584663470049859,False,-0.09280353530717093,-0.5422149615351531,False,0.7756777199552769,3.8623951566473145,True,0.31115306371988183,2.6646850517333753,False,0.01395865212971714,0.12789618268650485,False,-0.06675310037460827,-0.4014286619016715,False,-0.25429720448949167,-3.05748870307002,True,0.8958544187464942
LK1109240,0.04810740991342592,0.6563600650188232,False,-0.10778379451400652,-0.6251912930899853,False,0.7579875995837543,3.764390503725647,True,0.31502208116985864,2.6824601697839436,False,0.03281089817030326,0.30597683808225157,False,-0.057974419231309866,-0.34749599481899557,False,-0.25198128080315796,-3.038631340592532,True,0.896898806154458
LK1109245,-0.04931261155124085,-0.5185999397222008,False,-0.0703520869602395,-0.44640713265003645,False,0.772418787218822,4.21722676493284,True,0.39815097992633797,3.2988114868445204,True,-0.024302086969260246,-0.26998631244099525,False,-0.14701722734889827,-0.7959981868471148,False,-0.3164870873815116,-3.469089723281827,True,0.8656316137221872
LK1109250,-0.040950105974359684,-0.4178980250890563,False,-0.078134628130828,-0.4801385872852524,False,0.7471200579233417,4.096347480288907,True,0.400914866539934,3.2935847954749193,True,0.008751323817983343,0.09851005141489444,False,-0.11353901794290513,-0.6170681229317733,False,-0.3281817178890051,-3.5763867024870484,True,0.8700987731873983
LK1109255,0.012108676316065037,0.08791758618918438,False,-0.04738486235437134,-0.2770204348486929,False,0.7310069214449373,3.882513627129956,True,0.3954151354845009,2.886737628390339,False,0.0220360847756832,0.25944454082242424,False,0.05476669763379788,0.2660666484513574,False,-0.38124870535933253,-4.058370710105488,True,0.8733921905825127
LK1109260,0.15895711937852758,1.0342661430258948,False,-0.03542439172834105,-0.20831197268128065,False,0.7435020986462663,4.013637448238982,True,0.3492548176784305,2.658939817703423,False,0.004222179374748076,0.05541050427426232,False,0.2700904729771956,1.2137941480440955,False,-0.36669541065813027,-3.6930069985603735,True,0.8800560252227524
LK1109265,0.011271186594040965,0.12188159719726942,False,-0.15635687729322897,-0.9243338888226855,False,0.6448650628088032,3.3811984347893724,True,0.39633423621315067,3.121177581534382,True,0.0955197916906697,0.9442859772370215,False,-0.04624376762054664,-0.2537335757054156,False,-0.29414981885252883,-3.55810900532129,True,0.888071200057361
LK1109270,0.08872182607054019,1.341546316784399,False,-0.12748411123904352,-0.750755956623163,False,0.7559167387285101,3.6536928375235114,True,0.27969707048282727,2.382302969585192,False,0.07841251319160475,0.7536911767983788,False,-0.01573900776763261,-0.09647798142982394,False,-0.2206356888623045,-2.963853815807047,True,0.9114150396307246
LK1109275,0.11134914368420794,1.8182504218938924,False,-0.006404117468808185,-0.03646682510640017,False,0.9436290011423809,4.106080851095249,True,0.17056450787104782,1.4233062177227265,False,0.042639481495440126,0.35072059160274455,False,0.015765045096621,0.10512328862101418,False,-0.16569169655519064,-2.6630168573384676,False,0.928448319036422
LK1109280,0.03342854374951643,0.4563722989280386,False,0.07800558554844941,0.4245059218122987,False,0.9553436562630809,3.9855131886642545,True,0.2412537545805839,1.9024603988065316,False,-0.08166245799043495,-0.48391238246305235,False,-0.0054029689931275205,-0.03762804467398079,False,-0.10440209235078056,-2.009986983599909,False,0.9223944973174111
LK1109285,-0.02076315509214343,-0.19113644782348124,False,0.16839331548017147,0.6445690129480147,False,0.8000814853989666,2.991558526584288,True,0.3964388038836777,3.534818729023186,True,-0.20110605611460172,-0.8634389455556483,False,-0.046593093321794,-0.3287515421023168,False,-0.08153181593973106,-1.9819642046897117,False,0.8796589626712348
LK1112005,0.1172272409933882,0.689365442357414,False,-0.1252248067141644,-0.5920609883816829,False,0.1737272236335108,0.9050908835428678,False,0.7010472710784127,4.19074252528704,True,-0.026927671634809736,-0.07125840305455508,False,-0.0007757562365874127,-0.012194114628982454,False,0.021129520280548066,0.5510649763086432,False,0.8768751953676449
LK1112010,0.1059432291755353,0.6033256038909343,False,-0.10669089380513455,-0.5324373701252121,False,0.18319110539595085,0.9909565653164709,False,0.6844790661011937,3.911924025980864,True,-0.0013407806579621637,-0.0034403158518488174,False,0.0008449091778141675,0.01526478396071469,False,0.04554579975573747,1.1508652981696381,False,0.8756918160402759
LK1112015,0.06511120123436058,0.3552056407793884,False,-0.1013434059545437,-0.558001889961055,False,0.15697956024627902,0.8503855027855266,False,0.6152107384644026,3.599515769266731,True,0.09542025869679624,0.2511428771851073,False,0.00227353260070505,0.04324588509415606,False,0.03195291396005292,0.8566072296824299,False,0.8474158032153437
LK1112020,0.042246161982053484,0.22331619583064719,False,-0.055557804853973554,-0.35153293889682125,False,0.18761686772915695,1.0773667212536464,False,0.580259387071089,3.173300477542742,True,0.1454841005649477,0.36775702580509423,False,-0.005835163804930421,-0.11701910673404277,False,0.04126007362353807,1.0978082238618483,False,0.8390640401134017
LK1112025,0.14662255577576788,0.8946715730179011,False,-0.03456676157556256,-0.2296923007201359,False,0.16400349948199114,0.9830046026562098,False,0.603270675972087,3.6021330185364024,True,0.3085602855723528,0.8885175405359625,False,0.019085010019416367,0.3800085059864719,False,-0.013927113981025451,-0.4441985248165643,False,0.8314512813979384
LK1112030,0.1351882054614874,0.8118374848832506,False,-0.11842894603692222,-0.5512272761500464,False,0.17269359835041245,0.8744383733980008,False,0.6352724623049467,4.0877003105073255,True,0.11178099968510095,0.3198361328624372,False,0.02414382839049241,0.39391736287215884,False,-0.015094071863375285,-0.4328126907595421,False,0.8572186742899066
LK1112035,0.2598613360826171,1.701481130984452,False,-0.02899538349022969,-0.13470400926901596,False,0.25603718364853134,1.2995483130725587,False,0.6332426163579181,3.958478788356254,True,0.2946198171862416,0.905254612043267,False,0.029975571710982717,0.40634842069763377,False,-0.06470981180845552,-1.9900696730399776,False,0.8568736631681036
LK1112040,0.2245921141922173,1.674881513418359,False,0.04410564322192963,0.16622279350764688,False,0.4674109789900728,1.8877650091979625,False,0.5180163098155744,3.7028395432780865,True,0.21557871432302358,0.7181892219828001,False,0.01887913244893548,0.14721126286483877,False,-0.09592391323656788,-2.5343685349844396,False,0.861756783910265
LK1112045,0.11958471594878929,0.8438164491676354,False,0.13347168982631116,0.4667391621715248,False,0.6017036301884437,2.1775428666660805,False,0.4625904748643208,3.4722787148608534,True,0.07429527270264047,0.24517255609393243,False,-0.016302365189630345,-0.12496140934270347,False,-0.08454362323464244,-2.030169530784927,False,0.8691384573940668
LK1112050,0.09089383350017803,0.6859327867370378,False,0.1011029585669706,0.36734740797032744,False,0.5901365301614624,2.2070323323139487,False,0.4395612770776269,3.4982459949767786,True,0.04135755550844078,0.14212743208306144,False,-0.025574344398707573,-0.19905663600299298,False,-0.0815465565614511,-2.0173559861401693,False,0.8835055199536189
LK1112055,0.08503732881888941,0.6488430037002081,False,0.21641841494872538,0.7396368022176906,False,0.746286784428565,2.5596580233337325,False,0.40185107362809935,3.425917454800776,True,0.015514288179329556,0.05736226358801217,False,-0.0018747665884228078,-0.014609631119957944,False,-0.10349412434133762,-2.6370986510238503,False,0.8755386939123282
LK1112060,0.14742656336267831,1.2244356212943692,False,0.1997150886424241,0.7118730563231107,False,0.7227093647386545,2.575841787316976,False,0.4418427698569792,3.755830945104461,True,0.041026757725168124,0.15689867630626303,False,0.008803006871926217,0.06841382701906594,False,-0.12666136184163707,-3.4041184738800543,True,0.8703386438895341
LK1112065,0.2612498414847306,2.1532416605412763,False,0.13626088106244577,0.4874820892495334,False,0.6172521017082291,2.2707439560874745,False,0.49706718278488443,3.658442530839042,True,0.1904163298939803,0.6644687757538357,False,0.025107870039419583,0.19889377125400798,False,-0.1391397088110267,-3.7416740042081846,True,0.8624296892831025
LK1112070,0.36262605667048375,2.5364298235999776,False,0.009265220621526416,0.036242796502564734,False,0.4082923093776759,1.756379710616958,False,0.6255768157239098,3.820578417429357,True,0.27510186362244166,0.8600796943342456,False,0.0045400348494731135,0.04066089930839666,False,-0.12696406878976468,-3.3701154486346536,True,0.8706174872612619
LK1112075,0.3564124032940581,2.463361044834121,False,-7.662019651437976e-05,-0.0005549703838960818,False,0.13294158214929702,0.8179702486559005,False,0.7528237218097049,3.918900550522715,True,0.4324505331856829,1.2787774354050405,False,0.026932154105807897,0.5123334690737386,False,-0.0765232426015731,-2.7260250189643247,False,0.8515967529543057
LK1112080,0.20981665990501985,1.2916875015711906,False,-0.02589273849145224,-0.20956648540482442,False,0.11185993154909292,0.7209514419639348,False,0.49714910055988576,2.512844524006899,False,0.6506123252685905,1.7587048014102642,False,0.017870361394167703,0.3849413377673474,False,-0.030949438429094686,-1.1229352922651872,False,0.8062346084970387
LK1112085,0.3906618662042211,2.6962686374145646,False,-0.08516668743889694,-0.6409788731968628,False,-0.007342690125345043,-0.044329692616127195,False,0.7013844465223,2.9600575272112937,True,0.6162767911280524,1.6018720761520389,False,0.013498603190337449,0.29812422388846016,False,-0.08332283827654047,-3.325723477168757,True,0.8380279752542807
LK1112090,0.4011543003606841,2.9303011112380566,False,-0.006663744159788158,-0.04454664346765712,False,0.15804600950043057,0.8948163863657473,False,0.817802420347596,4.0703455971145726,True,0.3226645377236908,0.9564969232969842,False,0.011581764153307316,0.18372326364563557,False,-0.10412335616304436,-3.4600507583401643,True,0.8727179603779519
LK1112095,0.3320031351523125,2.6025289169712598,False,0.015082174860723777,0.06095941145394039,False,0.4995816729597696,2.114426163242141,False,0.5683970970994019,3.864983204242984,True,0.16053088323597065,0.5382520953014377,False,0.04340717467235352,0.3963867369532716,False,-0.1606633389548815,-4.065061667767692,True,0.871982448238882
LK1112100,0.2690242641772984,2.319099588213071,False,0.11162425811730464,0.44458577530710697,False,0.6104453500568504,2.4677413901716085,False,0.5170439210293953,3.986475280576585,True,0.11431684561158598,0.41529476575675767,False,0.03640115584050498,0.3099392703495267,False,-0.1585752338249063,-4.211717521071725,True,0.8672300266367485
LK1112105,0.2216903277416885,1.9815347809036306,False,0.16662316899045643,0.6723635461492541,False,0.6778879495445136,2.6856100546378614,False,0.5020264682925901,4.187358418714754,True,0.020670120754846293,0.07964121792491759,False,0.03810723946230711,0.29839003692742094,False,-0.16331028449531948,-4.162736993571121,True,0.8662833923408696
LK1112110,0.15426584832499857,1.3345243658340584,False,0.19046965429812965,0.7152585127720612,False,0.7269824422144618,2.6879108526854787,False,0.4592438685668603,3.9761650440948553,True,-0.01784622523243506,-0.07017714809064877,False,0.018833000034928,0.1431003046597421,False,-0.14208198878588185,-3.7291546824859183,True,0.868572399052395
LK1112115,0.14099477780865663,1.2657198003992063,False,0.16704967530520745,0.6654486322267054,False,0.7137044374346929,2.7783114685888797,False,0.46511109674138623,4.091439971890808,True,-0.07332647778558085,-0.29734614727485,False,0.02518262840840256,0.18355509516186538,False,-0.14570563651635302,-3.5436651200376534,True,0.8698367416350696
LK1112120,0.08268206286181876,0.7706545699102886,False,0.10357412949342737,0.42750166808796247,False,0.6840252478511287,2.784157031632225,False,0.44800890507341734,4.024202444146914,True,-0.13634700872039657,-0.5801659638614215,False,0.002662701424973278,0.01904154421243974,False,-0.12321808473597644,-2.894975745650394,False,0.8757870278234439
LK1112125,0.010937965470550044,0.10216473587486542,False,0.06912071854695355,0.28665007618449845,False,0.6898916680548648,2.8885531758648613,False,0.43893319490320815,3.900220643024004,True,-0.20654332857724872,-0.9179197090534613,False,-0.029636519605649732,-0.20397461687190577,False,-0.09236839884117795,-2.0919822779345627,False,0.8802575333727533
LK1112130,0.0730328838994054,0.6721170616506551,False,-0.012182263543551794,-0.05588643614851075,False,0.5828923815438917,2.981556891653585,True,0.4537983528927743,4.261703190699593,True,-0.11391669501005137,-0.6158562989615164,False,-0.027701523413711543,-0.19108967451985842,False,-0.10135851863018477,-2.0815407246187383,False,0.8951977674594847
LK1112135,0.1840725987056814,1.6778581643660029,False,0.10256842967318293,0.47696346857182703,False,0.6229072845217632,3.0575276043572575,True,0.48998613622409154,4.43056796663939,True,-0.04617767387400386,-0.201677363746062,False,0.027971752006290474,0.2097310024544925,False,-0.15486421419545426,-3.296500482809653,True,0.8804029820680161
LK1112140,0.1745388130788449,1.6089123073280454,False,0.1373822797144404,0.6002844059587071,False,0.6600590129499025,2.8722573814121195,False,0.4890521426115861,4.333605448849245,True,-0.05631797246684094,-0.23422567303367725,False,0.037490000265840644,0.27659847096682644,False,-0.15617106108347953,-3.575890114744372,True,0.8729297034879236
LK1112145,0.2481403762553387,2.2391777894158778,False,0.06117178680849733,0.28048654060927686,False,0.5586205723570126,2.6946518501512937,False,0.5174052048064295,4.27905742377921,True,0.06193315666092168,0.2402037681138616,False,0.02688234963720488,0.2532711674307216,False,-0.15607432897422804,-3.783909119878124,True,0.8800832068596663
LK1112150,0.3145257883609652,2.5956706774152756,False,-0.006723145472770623,-0.029012513558272907,False,0.4673612070327271,2.1207206285012004,False,0.5705281335220762,3.9981455299105675,True,0.14684326703006348,0.50916133810585,False,0.027253887297839813,0.26425372252060647,False,-0.1522322026285292,-3.927393417584975,True,0.8829287281535141
LK1112155,0.3277690416812057,2.671575173892298,False,-0.057933138066999214,-0.2617339068695912,False,0.35034370827430283,1.6771510532041558,False,0.6617128141421127,4.181787582625297,True,0.129333522771185,0.42869073968103144,False,-0.011907680713852899,-0.12362431442952204,False,-0.13176274718531047,-3.501851734238317,True,0.8940372419344886
LK1112160,0.36211798937763934,2.7963581726826816,False,-0.03559246463188713,-0.20166481744212983,False,0.23517313076067337,1.2152319850883124,False,0.8084657348308858,4.232241008729074,True,0.13508919675392517,0.4097508436239283,False,-0.031586146309412325,-0.37012981531407296,False,-0.11394898059492661,-3.248051347451709,True,0.8906611878475102
LK1112165,0.3906383310306154,2.879178005461799,False,-0.05235048727314789,-0.3700243595539458,False,0.0543193021028747,0.2829043091503883,False,0.8380558957132167,3.269298510131835,True,0.3121573835879919,0.8457448109649293,False,-0.009140286277913658,-0.17285346402963225,False,-0.10704497603593678,-3.50171534052389,True,0.872714868298045
LK1112170,0.31186048491791396,2.6539229745744923,False,-0.07014770949384386,-0.4001717654652004,False,0.24047501364102378,1.2983515362700655,False,0.7581300630517112,4.416766822849976,True,0.0967836575985238,0.3119992797648888,False,-0.06494492106127513,-0.7502833406158697,False,-0.1031648374504601,-2.773953172618336,False,0.8997953013175294
LK1112175,0.2849835857041539,2.470175324315427,False,-0.041677749585493,-0.1867405957138714,False,0.4344215829809372,2.107179160490359,False,0.5461280798334643,3.980051637096467,True,0.14824815703980845,0.5271487080717743,False,-0.007275268375880916,-0.07248666646193785,False,-0.13562926836124073,-3.2770200515480603,True,0.8942353832439582
LK1112180,0.2548804544256746,2.2503805430417976,False,0.0037741919575377814,0.01713729457004413,False,0.5010430187259658,2.468869523437625,False,0.5093216184609215,4.147683290534622,True,0.09826147144491906,0.3756343077768724,False,0.0018795670927982521,0.01827865190173241,False,-0.14572971420063843,-3.2896013743132233,True,0.8887311686860656
LK1112185,0.22900878614173212,2.0638916848780675,False,0.032616005499512955,0.1555311491068711,False,0.5396785427391266,2.8749793594622273,False,0.4893094290998124,4.518900441879071,True,0.04268398394836064,0.19698905987811313,False,-0.00018631839944433073,-0.0016520187171698492,False,-0.1505341707765462,-3.0065650974731306,True,0.8927971976254158
LK1112190,0.18644252049944593,1.6675069238686366,False,-0.011105328545932752,-0.05494898275499436,False,0.5369762109501801,3.078836832440483,True,0.45756587891238665,4.684524716286226,True,0.0053482453577843175,0.03182378192756372,False,-0.034516334915011104,-0.25970766199699286,False,-0.13588231771913567,-2.558903028685204,False,0.908503384322837
LK1112195,0.08752947919777837,0.7904038226227302,False,-0.07215789255538134,-0.3403031466726026,False,0.5352575848208311,2.9428526739538365,True,0.4401967559012082,4.417485289114271,True,-0.05369196632576562,-0.3388774002697546,False,-0.05693157946944389,-0.39257325906307505,False,-0.09199434038586277,-1.775211736533224,False,0.9087027938297062
LK1112200,0.0631245327176969,0.5596974562458537,False,-0.10828002462064246,-0.49856272805519863,False,0.5134792219182317,2.7314055546458067,False,0.43458863157049055,4.401608712990609,True,-0.01848534889974625,-0.12446811544934315,False,-0.0918602139397044,-0.6158276983634968,False,-0.06710085095013599,-1.2186895645870668,False,0.9163425376928216
LK1112205,0.005717252834035323,0.05590575559639889,False,-0.16460789261798675,-0.7323561346367916,False,0.5329018284141128,2.618635912367481,False,0.38045494643620137,3.536517918122355,True,-0.03747576847399151,-0.2785097993644871,False,-0.0680196273425243,-0.4764291130325444,False,-0.041219193020720434,-0.772691585509811,False,0.9058676362831117
LK1112210,0.02627231106942239,0.2625896204243961,False,-0.19124908727922416,-0.8465744636000545,False,0.5241219337380301,2.565425365647242,False,0.36297355912964807,3.55283655656315,True,0.006112702903486945,0.045153198556820616,False,-0.08446402947435391,-0.5734268799894823,False,-0.04221685287674615,-0.7993739539810218,False,0.9115507061949156
LK1112215,0.0908994818757975,0.9253646083163563,False,-0.28284538966684303,-1.1808768468118167,False,0.53600441863866,2.4070218488396415,False,0.2775657571799049,2.5689286893029966,False,0.03974396891173727,0.30988786630698717,False,-0.035952513543218066,-0.23458103652947382,False,-0.07489739544599466,-1.4461253466912662,False,0.9026617400405811
LK1112220,0.15085854209423427,1.7365585515759574,False,-0.28129986525684797,-1.1532462522837328,False,0.5583564925794775,2.340147495003427,False,0.23688453383668645,2.20767903450496,False,0.11718605541253695,0.9160104946032399,False,-0.009442417169896031,-0.0568797428741875,False,-0.10916433563969868,-2.191403080743506,False,0.9011781440310446
LK1112225,0.17140106044302467,2.171345094151258,False,-0.19870759514722497,-0.7883981031942393,False,0.6021404297958068,2.412513583862788,False,0.2263349618554831,2.069409890532633,False,0.16410530199824366,1.2628190314953318,False,0.03891146345389495,0.23404467773542972,False,-0.13619208733178592,-2.6910676235814512,False,0.8996658060434337
LK1112230,0.1353123302935067,1.5276248402661117,False,-0.24448663126374148,-1.0109141647575333,False,0.5535335230439353,2.4315612943953964,False,0.25425534886232376,2.3751353744426527,False,0.1370265447600786,0.9682163410512291,False,-0.004207110727103656,-0.02265808559637409,False,-0.09081090774886871,-1.7704278792702965,False,0.9156958464826509
LK1112235,0.09423444144354229,0.9331504964877796,False,-0.24937622994308145,-1.051130886504742,False,0.5158260120316364,2.3870236413173376,False,0.30388428290421005,2.940244639778167,True,0.09751663874725998,0.6711427925518426,False,-0.06822136348315846,-0.35943575469805655,False,-0.06153320333663931,-1.151789735524616,False,0.9196133738023745
LK1112240,0.0785465824294892,0.7377728065293531,False,-0.21953570932709027,-0.9254572264990291,False,0.5145340305458711,2.4175512345852592,False,0.3353080249728518,3.2763660874668723,True,0.08933802311291841,0.6023964325737431,False,-0.10968091980061964,-0.5814900343842374,False,-0.0523602546162604,-0.9497527076474981,False,0.9224569910452752
LK1112245,0.05657107422745067,0.5210964108244374,False,-0.1592941269905353,-0.7118513127709036,False,0.5103534641177843,2.5574760320281884,False,0.3973018382774138,3.908863404535361,True,0.05113515769104049,0.3472585162566713,False,-0.14968496707312595,-0.8883619547204966,False,-0.045927467935216015,-0.800287747747749,False,0.9236713885813393
LK1112250,0.12430597419685671,1.178853915912113,False,-0.08377315082638201,-0.3994338395178145,False,0.5230247801250709,2.908982130347428,False,0.4066640590989329,4.206219416362268,True,0.08773567883413508,0.5789723348376565,False,-0.11079777150989782,-0.7690952547863714,False,-0.08324202637911074,-1.672594385641469,False,0.9300644412797375
LK1112255,0.14666426888658818,1.3067995064138322,False,-0.07270434772948675,-0.3482564269051771,False,0.5044332077129008,2.809417596078248,False,0.44252142019138574,4.781070288454428,True,0.05141408976632011,0.3430939286662318,False,-0.11087000437451641,-0.8080027930882993,False,-0.09744747732351491,-1.7917297031747355,False,0.9267873010860387
LK1112260,0.21465638373395546,1.8541332402798707,False,-0.027262865596374752,-0.12856458569239,False,0.5027391863085745,2.785798238141284,False,0.449513075829754,4.793717490090557,True,0.08718408928425929,0.571763105243667,False,-0.07512535585392767,-0.6070161499995113,False,-0.1289214539353305,-2.4316358323369465,False,0.9256552370144748
LK1112265,0.24937826332983445,2.1457514072624937,False,-0.010850496871919241,-0.051606056938238914,False,0.5010701893760775,2.7702733968380757,False,0.4620952369233557,4.814010425743566,True,0.08693839066812022,0.5333385428427325,False,-0.048183113501322795,-0.41891668556657813,False,-0.1475537930961756,-2.708511625807577,False,0.9152074490242764
LK1112270,0.25855292797608215,2.3061068187557425,False,-0.02667870040957849,-0.1219342286118785,False,0.4731896387163871,2.4807240747828927,False,0.47075060814688724,4.483522129597937,True,0.12362908030422584,0.6536680655817083,False,-0.039911083554582054,-0.38947100753279434,False,-0.14270298215256536,-2.7676210653976505,False,0.9071443017935019
LK1112275,0.2674580290020277,2.3195129794452427,False,-0.07134873720454663,-0.3121071427001529,False,0.3956264802872228,1.9539526139515608,False,0.5179917591905812,3.718602538769324,True,0.19709333305530707,0.6915651951419819,False,-0.04791346138334311,-0.48108042968235337,False,-0.11646401516661356,-2.6497290966035076,False,0.8995386482161026
LK1112280,0.2549050235687501,2.0173627806947456,False,-0.0649172033720207,-0.2637003985898053,False,0.39940626856045086,1.8874318413204079,False,0.4625641029798819,2.890306334342253,False,0.2698064206367929,0.853755165790817,False,-0.07242606849998974,-0.7197591656173493,False,-0.10732435909077662,-2.336400659768603,False,0.8972582578423683
LK1112285,0.25582989920385646,2.258681277486241,False,-0.05459285492623063,-0.23151971852023223,False,0.42481035464308703,2.06697715048605,False,0.4632492361506275,3.479952578603904,True,0.22131448378622662,0.8663530666794775,False,-0.0643969177300482,-0.638071931260825,False,-0.11916818612961402,-2.626277488418333,False,0.9027657839686065
LK1112290,0.2735680251573029,2.381752125176337,False,-0.04254348015409612,-0.18040630774658004,False,0.4451242025626305,2.1832228114587195,False,0.4582404102505046,4.099248681346755,True,0.1741228099147718,0.9144986894409785,False,-0.05979589349932886,-0.5917576989850954,False,-0.13890669574883718,-2.765587193631351,False,0.9094536267849473
LK1112295,0.24118222084158372,2.0221478467572234,False,0.013148228328292592,0.0572079472573405,False,0.5134840999427531,2.7000018832017756,False,0.45009634997173126,4.323863624365307,True,0.13238574220094945,0.8356552621618334,False,-0.05310509526278251,-0.44809650475939017,False,-0.13571906286519522,-2.646606625746781,False,0.9238528023567739
LK1112300,0.16149242242157266,1.4182613257768006,False,-0.029350696405877494,-0.13160842991711544,False,0.5598500997722996,3.0621185931445876,True,0.39172365943106807,3.577730373455933,True,0.13224958132509723,0.8222941219060863,False,-0.04163571694540184,-0.2848032470939209,False,-0.10171510859862577,-2.04149802440938,False,0.9298012137770167
LK1112305,0.11908044019137766,1.151828046128359,False,-0.11751177220521299,-0.5130770370747639,False,0.5501320625397722,2.75393843919673,False,0.34758091715268563,3.426838623339192,True,0.13085898334099397,0.8266139587478425,False,-0.059214886440283,-0.3879143693368867,False,-0.07617471811291984,-1.6491039303056565,False,0.9314700366759457
LK1112310,0.10197217995307328,0.9966414433418338,False,-0.20066867390861817,-0.8364687537743534,False,0.5225494000951523,2.418548493666997,False,0.3249237864675312,3.2381637110095074,True,0.11623042015389512,0.758964443990664,False,-0.08322868227593785,-0.4652826516037379,False,-0.06378220246034182,-1.267568864627305,False,0.9255150908454485
LK1112315,0.15494083845790763,1.7631751808967286,False,-0.2147469250101706,-0.788618122244291,False,0.4954399349918061,1.993915395969909,False,0.31121780281393896,3.0365056898908334,True,0.15839862737096874,1.0382589473160808,False,0.010739599563064804,0.0657300733223449,False,-0.08080250555984227,-1.6789664405823055,False,0.9347677780852482
LK1112320,0.1846419268712456,2.4140123457587084,False,-0.18503021572962935,-0.6440487355736647,False,0.510292369453338,1.8620113403307466,False,0.2741396084694626,2.4029496178501453,False,0.2020202225958468,1.448303514938984,False,0.11296055648621793,0.6141606670110614,False,-0.11297375311152968,-2.038739869016896,False,0.9274845666846583
LK1112325,0.18182578871567698,2.30818671068594,False,-0.09909305800205442,-0.3424902978821249,False,0.6174186471291219,2.2158781432672003,False,0.23457307019218515,1.9901947786712282,False,0.2057588130652139,1.5307918428066518,False,0.12472598804849562,0.7295255141240966,False,-0.1567539361225642,-2.843979366144408,False,0.900456369502009
LK1112330,0.16358155413339573,2.1132239682465763,False,-0.23502258885575894,-0.8434420241329322,False,0.43643966243059656,1.6774859600492127,False,0.3384706814842082,3.198337602308468,True,0.16270829274886187,1.0668518388606856,False,0.04019893195746571,0.2513808694865311,False,-0.06478704002370657,-1.3122529211719818,False,0.9426671540371351
LK1112335,0.1493775599786636,1.732506407467422,False,-0.15306594326547768,-0.6080152826687395,False,0.5219847332227829,2.3654640755308414,False,0.3415826885344715,3.185515708074881,True,0.15812737432377824,0.9860643066236637,False,-0.0014606829081859327,-0.009292489266900602,False,-0.07414149705390082,-1.6072305786468837,False,0.938764680265306
LK1112340,0.15021377371960995,1.4868259587044206,False,-0.08418730094496506,-0.35800108145416004,False,0.5758376425659889,2.9488722177034723,True,0.3462745325606649,3.109029850477554,True,0.1635665696670344,0.9863016231940696,False,-0.00987832452497424,-0.06251370264280308,False,-0.08520577229218126,-1.776522340733444,False,0.9336810455054528
LK1112345,0.20382829392980134,1.7183551972878346,False,0.009135581036873078,0.03819601733023534,False,0.5796711273077032,2.9202346238463184,False,0.3893514781336905,3.2782141265052465,True,0.18907962345754956,1.1264882837488241,False,0.0005199404715493237,0.004269012930212421,False,-0.1144892011484103,-2.2754850124552473,False,0.9237002161197618
LK1112350,0.23766707527022962,2.0146289986895445,False,0.021612970096494336,0.09192538179086877,False,0.5269796735220453,2.7123991307503035,False,0.4389136885551501,3.9886522760471093,True,0.1556014786738467,0.962493089957727,False,-0.036217612567402774,-0.3289300437062894,False,-0.1321481509553132,-2.6483941290323734,False,0.922648827319872
LK1112355,0.27523026253079136,2.351786518737211,False,-0.027731538034715154,-0.1111521958100405,False,0.4519617536343734,2.111161823834428,False,0.444690361267629,3.704827917397392,True,0.20742428451246198,1.0838890591540913,False,-0.06390270742838668,-0.6293566985217192,False,-0.13568958197515066,-2.7941061044146935,False,0.9111007094172419
LK1112360,0.26201408969835305,2.204297804031092,False,-0.0037098094242569053,-0.014527487246245816,False,0.48911092585860977,2.249417537119321,False,0.42608697013919766,3.3992711422547677,True,0.22557670399293628,1.2002277051446302,False,-0.04680889950285511,-0.45207071659243914,False,-0.13051194469347832,-2.6952772381095995,False,0.9134079229855769
LK1112365,0.17014535254363544,1.5482970674457883,False,-0.038426549555996586,-0.15995925329624516,False,0.6029657053895859,3.0559891707894202,True,0.3484236568017404,2.964374367331171,True,0.18751675233540016,1.0954864283870616,False,0.011980537901453477,0.07743311858435874,False,-0.09605117108193985,-1.8841945548764303,False,0.9290491951249348
LK1112370,0.1896562711715572,1.6541533104752848,False,-0.0158653897809833,-0.06539408037288089,False,0.6129299350945353,3.0286504939697423,True,0.34655169475968906,2.8504143836208073,False,0.21819786889266343,1.2579994732736342,False,0.02141987465360991,0.16163286821674888,False,-0.10346390393484184,-2.010375230544341,False,0.9251219114423278
LK1112375,0.160214572969588,1.7033674998494488,False,-0.053833353595360484,-0.22510793482556032,False,0.6001691045462396,2.9944841649711718,True,0.34345540652996875,2.9147151506934366,False,0.19236166992400286,1.1155651310812373,False,0.009309528989487987,0.059334178421416535,False,-0.08436469243088164,-1.7313177382149212,False,0.9319132306076593
LK1112380,0.09712063084907438,1.5233620805581016,False,-0.07462800676481074,-0.3696118261968729,False,0.4839494037499903,2.5119851786617877,False,0.4097133710410752,3.8121974066766513,True,0.14582306823205138,0.9261431151457973,False,0.009221838701839347,0.05904362140123724,False,-0.022425495960875824,-0.5203851476665721,False,0.9449413563087591
LK1112385,0.1412750253618103,1.997164726887518,False,-0.2220674184536186,-0.8493977976364159,False,0.3887251086245631,1.5838476486911544,False,0.38061437432578554,3.5888294947666664,True,0.16169426660053474,1.054288061200608,False,0.024278110801653256,0.15151481729138222,False,-0.032602878492533266,-0.6963711424759295,False,0.9453319108713256
LK1112390,0.07186276925617484,1.320907741693401,False,0.09722232858352675,0.794443249635298,False,0.5383670755346982,3.4304966671169472,True,0.4496352250026497,4.244857471857746,True,0.15723868084280174,1.031438328284377,False,0.09728964329087518,0.6179426002034875,False,-0.004919606728099234,-0.12107726568448518,False,0.9498622147049726
LK1112395,0.09225114609076329,1.5966096352859607,False,0.20522059545250126,2.340288657105928,False,0.5039632095774699,3.279627937782379,True,0.49830342665049476,4.319073248184169,True,0.23232168955222016,1.3602129983505524,False,0.20084333263093515,1.1769661388634411,False,0.03320212428919768,0.7771352090886287,False,0.9548875182172297
LK1112400,0.06453663668421242,1.0794773324093685,False,0.1421964589931935,1.3171195466952192,False,0.4793053666499444,2.9891217938256247,True,0.5138031329061284,4.390637736511793,True,0.16100955784198606,0.9223927032453262,False,0.13270344020458058,0.7673431405525284,False,0.03927795770634114,0.9052895532838482,False,0.9506839741080355
LK1112405,0.09184574265646014,1.2733137908522614,False,-0.030334294513250926,-0.14329473472638157,False,0.5414701319901682,2.926007107982596,False,0.4071365326275305,3.4936309731713875,True,0.14719324212781848,0.8564303951939288,False,-0.021082573980173935,-0.1294477901308288,False,-0.02752555853413228,-0.6186434398640345,False,0.9387790972888111
LK1115005,0.13663448122990582,0.9361786731369528,False,0.10703625733929509,0.44032599473664574,False,0.659456083155594,3.1950688975540062,True,0.7129302173568774,2.840123901853519,False,-0.42554133850978587,-1.4880571222230174,False,-0.05827400166247526,-2.0468370029464724,False,0.19001327027991186,4.364456274220184,True,0.880245042554603
LK1115010,0.26212883070679677,2.127310583037834,False,0.06709068341719418,0.27537630298289467,False,0.6859402324345014,3.18647012998263,True,0.7053378123672059,2.871548066946975,False,-0.34746676643893787,-1.6320206943957996,False,-0.035991597999444847,-1.5985125596148644,False,0.16914151277747358,4.131483738119088,True,0.9054796262392066
LK1115015,0.3178392983069058,2.67135571083499,False,-0.08564280006867797,-0.3549070155956886,False,0.6476942707658422,2.828707239009633,False,0.6063927061787393,2.4397130125163193,False,-0.2856120281487718,-1.4587615335436541,False,-0.021819611523226815,-1.2152423572164306,False,0.1458680788260641,3.803073082527324,True,0.925808337943931
LK1115020,0.3419658476996864,2.824680742539371,False,-0.21112218881897063,-0.8497523333339645,False,0.5874141168552974,2.4824236316612907,False,0.5252059900834087,2.0694752897647324,False,-0.22103096632805164,-1.1255479248045601,False,-0.017496832968817433,-1.0398004575749555,False,0.13337430922755827,3.5604277262351647,True,0.9346476673997647
LK1115025,0.36449106520672264,2.914696706140777,False,-0.30458064078513614,-1.1712732030193609,False,0.5379850949413875,2.1621660640668567,False,0.485479498423648,1.8062005940977617,False,-0.18899403947386262,-0.9445665997412593,False,-0.011593989502841321,-0.6737542446288759,False,0.1286807033163704,3.3486701209852345,True,0.9389391396954755
LK1115030,0.38005631819374175,2.9259894576245253,False,-0.3898665025580503,-1.3930746107037038,False,0.49336466625543524,1.881823278851543,False,0.4295234355898953,1.509549537147497,False,-0.14377794339433939,-0.6952868195032714,False,-0.011121592306035554,-0.6516208889796196,False,0.12309623555018867,3.1735997378632503,True,0.9429825735439836
LK1115035,0.39241048115017513,2.9713135644219175,True,-0.4346797601048952,-1.525924449223739,False,0.4668996821655063,1.7417172120356987,False,0.4177042080370158,1.430267114487989,False,-0.1310545707453463,-0.6290255856408854,False,-0.0073659379352150195,-0.4233482834656438,False,0.12194613308427552,3.075380153357424,True,0.944497872477789
LK1115040,0.3983329555538391,2.975481115841184,True,-0.4600164836086264,-1.5746045623999378,False,0.4502670369823685,1.6525400726179469,False,0.4044364750864035,1.366155988006522,False,-0.11618345180359693,-0.5509787283387187,False,-0.008144637164890181,-0.47189602499218086,False,0.12092757723236282,3.037846605379208,True,0.9461090346224242
LK1115045,0.3922281873475504,2.9593953461119,True,-0.43325640929477727,-1.498803937234917,False,0.46166263435472205,1.720929519755955,False,0.41605054666410357,1.4382998000789242,False,-0.12198694456952988,-0.5807493882297816,False,-0.011178641798993331,-0.6611579184167673,False,0.12137565305069872,3.105592839229087,True,0.9458591053510951
LK1115050,0.39316065351936264,2.9413363415457856,True,-0.43960587208023283,-1.493410103087346,False,0.45733531913445696,1.6857811097689444,False,0.4089360242211224,1.4025186779093877,False,-0.11468397233892344,-0.5410641438306516,False,-0.012597441856681903,-0.7493921311034281,False,0.12108216403243392,3.089475761453935,True,0.9466938658289696
LK1115055,0.3877117273711612,2.9456263116968135,True,-0.4191798136674795,-1.4640765759472791,False,0.4719414598936306,1.7728391341955496,False,0.4190632211088312,1.4577996841152634,False,-0.12805846532053267,-0.61250172123567,False,-0.011384135025900856,-0.672140484595403,False,0.12162714448850008,3.1252959652802943,True,0.9449306234274361
LK1115060,0.39095646939504913,2.955031254670643,True,-0.4333816007029262,-1.5066735401528384,False,0.4666570113215315,1.7381975472653364,False,0.4128776685352002,1.416750003832602,False,-0.1259754092398179,-0.60163575270577,False,-0.009483842028575589,-0.5525550826599195,False,0.12153353445711432,3.088656326448687,True,0.9449511720173478
LK1115065,0.3507372510311378,2.8167671457735706,False,-0.27188244685329443,-1.030369813044525,False,0.5599134549398365,2.265825214638798,False,0.47428776992128363,1.784499092780917,False,-0.18313631906386474,-0.9085469517019719,False,-0.017838053828816383,-1.0745456227417105,False,0.12667257555174852,3.395841098090368,True,0.9380605517578072
LK1115070,0.27846256318459406,2.2942447530300565,False,0.028816243157052803,0.11809408333380234,False,0.7142333097543694,3.1741865905920768,True,0.6228652040971109,2.4936350235779363,False,-0.3050306601218288,-1.4880536253250278,False,-0.03282537478136708,-1.8526098486182905,False,0.15085801479694638,3.987394396968159,True,0.9153035779865621
LK1115075,0.20338295036099668,1.4781040619696182,False,0.1242391363636835,0.48893329416610437,False,0.729090986553155,3.257059455375757,True,0.673226227452079,2.5055238524473475,False,-0.366338122873793,-1.4462254902821243,False,-0.04837596234246215,-2.086327723459103,False,0.17377169398571224,4.203815577049341,True,0.8892551266015465
LK1115080,0.08047066902225569,0.49942236356192593,False,0.11908642833521514,0.4881304165967559,False,0.6709914640009942,3.235540229198549,True,0.7227033252010172,2.8707793574399694,False,-0.5114664647534597,-1.5687608481347317,False,-0.06386633284749296,-2.528638559740467,False,0.18599936905944547,4.373486436592107,True,0.8759088364243325
LK1115085,-0.0902875592337022,-0.4198525094450073,False,0.10711919484480256,0.4606892412115905,False,0.6159347516881247,3.140356074349733,True,0.8454838791852257,3.368599050373692,True,-0.8415022909717371,-1.817869338281091,False,-0.07755821899546679,-2.6127100900930595,False,0.20210193989527164,4.530422922871938,True,0.8703135834023545
LK1115090,-0.18874314370931358,-0.7577891540469762,False,0.10143327712603914,0.46406565896444407,False,0.5594947784693473,2.977595224342477,True,0.9203682272943612,3.7083045382991005,True,-0.9992632785459898,-1.8704750798012821,False,-0.08306625502739592,-2.3163291250609688,False,0.20184973838298895,4.3769828189700215,True,0.8669395221369705
LK1115095,-0.20477329718952889,-0.8463373160143717,False,0.13602659532909417,0.6553945667915182,False,0.5798456925720789,3.151992393304136,True,0.8803629215208143,3.5111003051358076,True,-0.930066366093163,-1.7571280103339568,False,-0.08511854199911088,-2.7879218080330674,False,0.1811883860918832,4.207330451691743,True,0.862079911141065
LK1115100,-0.06306545094908601,-0.3082832960610142,False,0.13385356246601887,0.580192322037882,False,0.6421793769831701,3.253532301290129,True,0.8041718712810156,3.2629119863089606,True,-0.7380194394256757,-1.686247597824039,False,-0.07342078710539507,-3.476578533810904,True,0.17487667773535703,4.280171006641723,True,0.8727016005399625
LK1115105,0.14578051067039535,0.9917605488010741,False,0.13686514767015245,0.5518241156941961,False,0.7204940443635697,3.342192079274487,True,0.6677844103451136,2.5866910858564944,False,-0.3971214497195483,-1.386883152804099,False,-0.05614064540869013,-2.730553686834041,False,0.16919691234211412,4.20341394929805,True,0.8832553118810323
LK1115110,0.20044030066782148,1.4307158313172503,False,0.14825934714046507,0.5803142678972956,False,0.7735926752627784,3.373787968507566,True,0.632275609827086,2.2881014769084302,False,-0.34396565259031114,-1.3109491129116309,False,-0.048402860976175514,-2.5394685261596743,False,0.15897715799397558,4.05390173132183,True,0.8920281264355778
LK1115115,0.2462234979140464,1.8864704294610846,False,0.10876309712748443,0.42801114523943684,False,0.7743785346980898,3.337218294359151,True,0.6071492757716858,2.244146852161118,False,-0.30557236028571017,-1.327446041921355,False,-0.040437212508548384,-2.3113100868569254,False,0.14785505893837456,3.932700439167996,True,0.9067713844643265
LK1115120,0.3187599610762508,2.62400893202856,False,-0.13525730903003896,-0.5348609747361418,False,0.6415298539367578,2.7047177589624076,False,0.5269700010301355,2.053790551798345,False,-0.23414243261145726,-1.1752722319373083,False,-0.024198673086983456,-1.4580249417171987,False,0.1338741126569531,3.6354500716946596,True,0.9302518189385137
LK1115125,0.28587489506030583,2.305635799714747,False,-0.012989872336708001,-0.05090647010472449,False,0.7145990156635461,3.0366642794113803,True,0.5576590303162352,2.1417576535416822,False,-0.2624789768705945,-1.2612296662932188,False,-0.03217207792891621,-1.931677725717218,False,0.13657902507975006,3.734254942721542,True,0.9218828744366643
LK1115130,0.3869523897384971,2.8917990347371116,False,-0.42590682122340806,-1.4315181583988121,False,0.4665529946128981,1.7134950508944355,False,0.404129750430242,1.3892949709272213,False,-0.11267618985703959,-0.5286164570333962,False,-0.014956449128644848,-0.8951533341428534,False,0.12065226761245135,3.0873626935223766,True,0.9465685240957732
LK1115135,0.3922995140285711,2.9083486110523404,False,-0.44095393850983644,-1.4676402348154598,False,0.4560972362816871,1.6606097272845093,False,0.4013683100359631,1.368464936768371,False,-0.10703005909928076,-0.49974481840933827,False,-0.014669500710568535,-0.8784313323948422,False,0.12090932785685692,3.071481808645753,True,0.9476391155746369
LK1115140,0.397894804262449,2.9347901929223603,False,-0.4624313662325763,-1.535242082121069,False,0.4464745905588172,1.6138647524529697,False,0.3941006660801698,1.3239753011273943,False,-0.10382760208486905,-0.48468403846573405,False,-0.012263927225835908,-0.7256428897522619,False,0.12087553665724594,3.0399262574169787,True,0.947780784868172
LK1115145,0.3937336844865437,2.906465306670391,False,-0.43677148320101217,-1.4430432249507692,False,0.45286510848713696,1.644519178442682,False,0.40841261664730144,1.3993267875806343,False,-0.10488569849019122,-0.4875316952515029,False,-0.016352912379882307,-0.9888934031288497,False,0.12133493150770959,3.080877409611998,True,0.9486823358200602
LK1115150,0.37550246599518755,2.8312552348494493,False,-0.3857505364835154,-1.302182542354031,False,0.48624461702468175,1.8055920844413307,False,0.4159027384516397,1.4639889343425274,False,-0.11887970312714144,-0.5580387382684756,False,-0.01850545959678605,-1.1229791032096412,False,0.12018808654982749,3.119491164533408,True,0.9457402625586022
LK1115155,0.3712306773209516,2.8487772166282346,False,-0.36293895548463306,-1.2636936855513288,False,0.4988658088908548,1.8986563680882558,False,0.4320363258033085,1.5501462549064855,False,-0.13348474780201688,-0.6359998904732413,False,-0.018052610543277368,-1.0973269270826702,False,0.12084585436820823,3.1840273953732816,True,0.9439966063958787
LK1115160,0.36213619290884613,2.7629405813193655,False,-0.34107457415115894,-1.163549267539599,False,0.5114315288700362,1.925462448413018,False,0.4278593326821242,1.5390464636058268,False,-0.12899749270404975,-0.6078768471902571,False,-0.02106062745215803,-1.2858240512712462,False,0.1196240353911129,3.147584512018048,True,0.94387446507329
LK1115165,0.3498670605923055,2.736495538951626,False,-0.28868841376573595,-1.0260483889036833,False,0.5433253582006764,2.1191569537641515,False,0.45158713309602916,1.669651575388166,False,-0.15307037348103175,-0.7348885840708077,False,-0.022019314486351048,-1.3486744230246612,False,0.1210335520314583,3.252649315316132,True,0.9405723136165463
LK1115170,0.30180301800496345,2.402422371873596,False,-0.10061451725151033,-0.37210975532178014,False,0.6516131292862752,2.664336565329231,False,0.5123627633831215,1.9770870769407898,False,-0.20227768204831098,-0.9655195293562387,False,-0.03115456799350491,-1.9193426252074783,False,0.12278251910583698,3.3950199481115235,True,0.9306406038051367
LK1115175,0.17810914259614113,1.1842258965116341,False,0.1745186461313949,0.6826022488747784,False,0.786931196588354,3.386012778178981,True,0.6341270547416644,2.268675861322165,False,-0.35709869085019286,-1.2240377902126458,False,-0.0515583005707002,-2.9664591153787105,True,0.14409271299435925,3.7531831137118328,True,0.8925375648271971
LK1115180,-0.14790129659331153,-0.6303498184533585,False,0.15582490988935513,0.7105234812593494,False,0.6272501595677815,3.0827760526308583,True,0.8350912794789065,3.1882660699968266,True,-0.8283738852587018,-1.622352881951623,False,-0.07725427268610123,-4.289437451673895,True,0.1331738748753287,3.354017153075806,True,0.8747501863648401
LK1115185,-0.2181268058426891,-0.9529613062301764,False,0.1590431249011822,0.847649321732985,False,0.5747436285849772,3.2184132591603656,True,0.810132114504929,3.2636537687951286,True,-0.7897708759164817,-1.5372423497427132,False,-0.08498674241245766,-3.0936182304958235,True,0.14512038963995805,3.5221500227360703,True,0.855130043006353
LK1115190,-0.1398257096026303,-0.620545335311214,False,0.1296251051838546,0.7106616567891318,False,0.5122244662008176,2.944398097574106,True,0.7740863968905931,3.2793459421088236,True,-0.5762367413225112,-1.1569755446497896,False,-0.051754061514548276,-1.255517959003029,False,0.13634692037801646,3.11152067409528,True,0.8513468735707708
LK1115195,0.027913185757239747,0.13774993714663109,False,0.0007800002483073004,0.005037826771464546,False,0.2518599720863836,1.4669935350852383,False,0.578314311887422,2.8704105065169814,False,0.123439742102111,0.2844938130955499,False,-0.011250643752699966,-0.22945350910738818,False,0.05980087782696324,1.5190084219604216,False,0.8412213208778553
LK1115200,0.027272348698660985,0.13180096708407907,False,0.011090545387576518,0.06787621363914978,False,0.27731349412189793,1.5884501593715523,False,0.6131801561385165,2.9848695704488284,True,0.044311811312937946,0.09967883259261123,False,-0.013162220142203878,-0.2646574761281693,False,0.074509267151835,1.804906121764595,False,0.8494724120002912
LK1115205,-0.006487110734548142,-0.02972819688056162,False,0.07036429160118438,0.4580067435398475,False,0.35280529553545725,2.1098087092304465,False,0.5451866247061495,2.396427758827274,False,0.10226138490320803,0.21043899572257815,False,-0.015120085081183784,-0.31022516942977585,False,0.06682181179435392,1.6609592424850015,False,0.8382761580293155
LK1115210,-0.03127987274443273,-0.13920870660311377,False,0.0925092480757175,0.6008773888565281,False,0.3889021749744535,2.3304206541003705,False,0.47854085678713015,1.9498339763662578,False,0.1618548637710901,0.31218524315108986,False,-0.01937087322182839,-0.4034560312126671,False,0.05626530927467422,1.3487482244571671,False,0.8294430689390581
LK1115215,-0.10776010646190139,-0.510917588713018,False,0.08380231737298889,0.5681012552211286,False,0.42433472502487246,2.6234764914027515,False,0.514884018671745,2.1315294224406953,False,-0.054577764970015666,-0.11033904386195731,False,-0.0497798908745504,-1.3500518469944405,False,0.05538806082566689,1.4504464407658828,False,0.8418884578769888
LK1115220,-0.21521863792464233,-0.9643956604280587,False,0.1464620640331216,0.8277632519669181,False,0.5411106452186644,3.051250440407453,True,0.7329301088016485,2.970399649641869,True,-0.6312799228700964,-1.2429645423956788,False,-0.08342543623421779,-2.9049334964878346,False,0.11393346794256937,2.734613082864886,False,0.8500645700695636
LK1115225,0.17138881905047595,1.0277001448972272,False,0.20446683530853677,0.8024953802655992,False,0.7642335906692691,3.215644991059693,True,0.6818164236786992,2.4049401968514177,False,-0.35651464052076093,-1.0569093692841984,False,-0.0557635119732699,-3.397998285595566,True,0.12033254168364926,3.159295324591036,True,0.8965911517001899
LK1115230,0.36034264413023354,2.7036012830672402,False,-0.32119160711928496,-1.063223860061709,False,0.5074059281154529,1.8751571919692385,False,0.44277513823548537,1.612578805854852,False,-0.11701994335892021,-0.5416993275483935,False,-0.025296626114689955,-1.565206654444671,False,0.11895560928554202,3.083464663265113,True,0.9466821685101015
LK1115235,0.27033445509554865,1.9297606748517229,False,-0.02362233405804759,-0.07351180903358497,False,0.6617604763820703,2.32563953836719,False,0.499620233854459,1.9062623369852927,False,-0.11017241978796748,-0.4753153563018621,False,-0.03909129663286105,-2.365649025988041,False,0.1107075045786899,2.7195275166742037,False,0.9371443039594554
LK1115240,0.3194299384922459,1.6922192949638901,False,0.3525237792342681,1.0198001122128808,False,0.7607970522925873,2.478159274833249,False,0.9154588555739214,2.6978119542382206,False,-0.31360969821798734,-0.8248862067724896,False,-0.059990298467096255,-3.655789822780105,True,0.08049778103505124,1.844272540401648,False,0.9078107545867988
LK1115245,0.03825523391310565,0.1835102961762336,False,0.14117041442558786,0.6070450698401997,False,0.6157394587663232,2.6210672868024165,False,0.7668591621983759,2.6037429316091645,False,-0.5093433151414289,-1.101154560773092,False,-0.06919410403498623,-4.228783808268959,True,0.08695254573748813,2.1610642379063294,False,0.892722345569607
LK1115250,0.02280993500734743,0.09421964775637867,False,-0.09065932675858268,-0.45310272321186695,False,0.2821924757910723,1.2148400396433576,False,0.7580516707281049,2.3785408897220295,False,-0.3360688994547961,-0.5757109845389065,False,-0.08291525946583116,-4.988145440709566,True,0.010638376353670577,0.2509142516278373,False,0.8935350688764948
LK1115255,-0.15717011038007608,-0.7213200604146497,False,-0.03447861451550895,-0.20951987273822273,False,0.36975626298213266,1.9074383782083693,False,0.604449584975233,2.233304371909664,False,-0.368779511288764,-0.7161073730083367,False,-0.08663667054387339,-4.995963242284738,True,0.028675800348675798,0.7321410299384289,False,0.8793143143173046
LK1115260,-0.16269236011130644,-0.774040442270561,False,0.007346988045823406,0.04915424368276713,False,0.3826620190733696,2.219135628354958,False,0.4643224640080613,1.8689969782762312,False,-0.11355550278405577,-0.22818347528257568,False,-0.0842979488529928,-3.276719882373101,True,0.03123461753449973,0.8122360416066288,False,0.8552185294895234
LK1115265,-0.04619155859260414,-0.21965003487664123,False,-0.047184254561780894,-0.3539377768811843,False,0.2774438536279371,1.7612711737100657,False,0.26041591434906675,1.061219585265016,False,0.4445057832869605,0.8899325530650205,False,-0.05396164869656967,-1.5334085804198323,False,-0.012289546141930719,-0.360834155772882,False,0.8454666698946615
LK1115270,0.022888814988053317,0.1060681629315679,False,0.0278291913525735,0.20512217627143867,False,0.29856013257315533,1.8792921614756826,False,0.34478478299493054,1.4420480179802724,False,0.48407624334405985,0.9744065581203928,False,-0.011229590967276782,-0.24340178443586624,False,0.014967903980316128,0.4240941007169253,False,0.8250007410434781
LK1115275,0.032908272339967286,0.15795543713199425,False,0.020623285466128162,0.15149180351776434,False,0.27060420840171795,1.6841959119819627,False,0.4204762062479557,1.8842989527063383,False,0.39925443009300565,0.8563010432071789,False,-0.007183296839584132,-0.1530352841003926,False,0.02716085654559308,0.77642046741246,False,0.8251064811152722
LK1115280,0.029033748158465076,0.14481131716835763,False,-0.007756981085879466,-0.05514007191644852,False,0.22160514822892347,1.333603753904543,False,0.4871331862124709,2.3570441162110436,False,0.30369322988888836,0.6979992252595303,False,-0.007885974553422725,-0.16390066932380265,False,0.03741674299548845,1.03005661012771,False,0.8214285069549125
LK1115285,0.06876873845418417,0.34440257573813904,False,-0.010042022191576464,-0.07788546222598795,False,0.2187811620432275,1.3830301344254494,False,0.364517159003268,1.6647649888869236,False,0.5635703087764741,1.263984598649617,False,-0.0007535826533566041,-0.016214902174795192,False,0.0062090097402440906,0.1941219508222899,False,0.8154441567251606
LK1115290,0.087075913818884,0.424853354763124,False,-0.03468212227764898,-0.2731087089331224,False,0.22266138114405767,1.4479353073501549,False,0.2614852959894208,1.1209874714930241,False,0.7205021523718449,1.5400170516102876,False,-0.008063567927578138,-0.18307442547864952,False,-0.01953849087032347,-0.6450202675927468,False,0.8287157576816558
LK1115295,0.06265761186301128,0.31122815047532426,False,-0.1196110829911948,-0.9068048075430118,False,0.18079773864215884,1.1478396479212167,False,0.17465384206612078,0.7177358642298609,False,0.7549633915513806,1.5908736986816048,False,-0.04554231950306015,-1.2433306629078573,False,-0.04881800511827018,-1.6419681408781732,False,0.8507509531885085
LK1115300,-0.06489439651699594,-0.2759271925088934,False,-0.2359400419142511,-1.289599379466393,False,0.12418114322571201,0.5649779848296861,False,0.5412782031182338,1.713187944592957,False,-0.08109275436524266,-0.13370894563055022,False,-0.09429078649731883,-5.448388658153943,True,-0.033202727231527285,-0.8167276373062686,False,0.8848206288286489
LK1115305,0.34790387925465927,1.810054780834937,False,0.45025108227474453,1.4934669081563694,False,0.7354183065224611,2.5046481883246487,False,0.9381195379844365,2.815517165547178,False,-0.09326538993918344,-0.2424166740011033,False,-0.06533071907333164,-3.7918895959653414,True,0.06352151232933764,1.3396107758379232,False,0.9107085664541248
LK1115310,0.1882936640079157,1.174522634768686,False,0.32455898008916284,0.9556324882016005,False,0.7801941762885078,2.567056686711469,False,0.6162157504550498,2.3137119665612196,False,-0.01603706601927536,-0.059111015229012166,False,-0.05248492106412649,-3.087528507084276,True,0.09980789160454376,2.1565270655742923,False,0.9299153783594477
LK1115315,0.17313377400622942,0.8438539582637794,False,0.5854813640120038,1.75446491218724,False,0.851467170057755,2.6694233775206477,False,0.6684717326874783,1.8467366900108648,False,0.19636149497496327,0.48723880614003195,False,-0.06228178827051305,-3.3636380546903797,True,0.07424782011440587,1.3953258570247737,False,0.9134704955736579
LK1115320,0.2596380112695609,0.8575517627507843,False,0.002058992000999904,0.009160154196345844,False,0.2874511255396236,1.1190646501050197,False,0.761825443361935,1.8897946441828817,False,0.09225805313933777,0.11976637814851993,False,-0.08512153520509491,-4.732979757112581,True,0.0008474362862675999,0.019326339221423027,False,0.89845628700719
LK1115325,0.17186902176176827,0.8746936876871246,False,-0.06817775423332638,-0.5355798210472683,False,0.16738464266398873,1.0866779952147387,False,0.24531254053000717,1.0604601699813578,False,0.888349840141432,1.991886495417409,False,0.0002942560325543264,0.0067365727603913746,False,-0.04013432866825647,-1.460714926917388,False,0.8300567452524646
LK1115330,0.11654363127153505,0.6037828015927128,False,-0.025508091086349126,-0.20164842649676476,False,0.17366710761760068,1.091264834815528,False,0.3390412873520495,1.5548054549213826,False,0.7059732940321951,1.6396075129491299,False,0.0088976001208293,0.18921562629975694,False,-0.00988806185921797,-0.3315162191236014,False,0.7998719240225212
LK1115335,0.2761858126976262,1.5280897562077238,False,-0.07610139683566568,-0.586479906734554,False,0.08436149518715032,0.5341492105893627,False,0.36363190115311467,1.6272436643146049,False,0.932243810649893,2.2430216706382304,False,0.01907819633516819,0.4188855398214257,False,-0.051645591411329586,-2.02920709042606,False,0.8118155166442593
LK1115340,0.28305117070650293,1.4567016699418511,False,-0.0999832985227348,-0.7386208311503573,False,0.11145066118081676,0.6893049269989312,False,0.28264188294009995,1.1867556976878364,False,1.006375121994815,2.2749741815997013,False,0.007664891470765356,0.1729720684164304,False,-0.05951926945985683,-2.2481918807733194,False,0.832896080648222
LK1118005,-0.041343282518024244,-0.2099546995978135,False,-0.19404548604241664,-1.3696981625298807,False,0.14930543903044574,0.8678940223412649,False,0.19827816251791291,0.7801148893377952,False,0.49877808971980564,1.0196004084995456,False,-0.09409875596417948,-3.937510385199341,True,-0.05682898354342714,-1.786920466211673,False,0.8695750917640297
LK1118010,0.0016299349343204105,0.008345369131943163,False,-0.22910044028766885,-1.4820168077539164,False,0.10919891197472165,0.5792865782268057,False,0.29898114779780893,1.079928240948867,False,0.40376675954018043,0.7828201433433417,False,-0.09937183444626968,-5.308051665504579,True,-0.062380039784816634,-1.854611576966483,False,0.8811041561029526
LK1118015,0.07745974288192026,0.35248893512005847,False,-0.188059086889228,-1.0617135895344705,False,0.1250255965025315,0.5836390314273066,False,0.5116544870368518,1.5585985852447737,False,0.21658648679074227,0.3539982893373397,False,-0.09709220774011293,-5.733619269589409,True,-0.04141302766915124,-1.1216535614882939,False,0.8962842547668546
LK1118020,0.2911552129405209,1.2706787188514892,False,-0.052006123510514146,-0.28087795600097876,False,0.22486819856949458,0.9946238914704219,False,0.40834066573646743,0.9566239003527531,False,0.6926143355031915,0.9654428782500761,False,-0.09622197405114111,-5.5898315070223745,True,-0.046873884245121636,-1.263142239770112,False,0.9111763427907834
LK1118025,0.27396640074843726,1.1899638168741125,False,0.2696808956519823,1.2874693526220307,False,0.5383801391984587,2.130353942641243,False,0.3608809060424476,0.809683546108423,False,0.8072696029198512,1.3757098517014328,False,-0.07502239715747638,-4.099321109863306,True,0.016562142541224734,0.36874633382656835,False,0.913035761040609
LK1118030,0.40044823065037094,1.746277240142305,False,0.021696245082977406,0.11860941906542093,False,0.28620981671141554,1.2755751180417159,False,0.2993214985441919,0.6328386092742659,False,1.0130402604879674,1.3461947749436467,False,-0.09527033986436596,-5.49677632936831,True,-0.05462806074500853,-1.4733697055122508,False,0.9204488965153792
LK1118035,0.45634501057722143,2.2128386266496967,False,-0.05033806006078001,-0.31661445951942446,False,0.21844260661023637,1.1373822317452018,False,0.43514892833352903,1.0538462485676503,False,0.8188218784407582,1.27097786647406,False,-0.11029848971643622,-6.226858375369311,True,-0.09202734675953878,-2.56708948419377,False,0.9272943814685068
LK1118040,0.42349995379145766,2.1072310263929297,False,-0.1334838373353579,-0.8553435010095504,False,0.15525354502154587,0.821733433865785,False,0.6129121880222855,1.554105193110181,False,0.41784042542015054,0.6778571311078522,False,-0.1284981504352415,-6.393024544500386,True,-0.12101564078556212,-3.368579072208275,True,0.9210295117058465
LK1118045,0.3522238659852208,1.8129860188963807,False,-0.1564059091517595,-1.0082101540162847,False,0.129778933820981,0.6878982414864568,False,0.5117133101050555,1.4194381936074534,False,0.5229958856906481,0.9131941196039788,False,-0.11895271614742876,-6.548049859358815,True,-0.1059212504238402,-3.3034589236009793,True,0.9124412545904715
LK1118050,0.1818818546508744,0.9268961755441868,False,-0.18588648388969706,-1.1477347454965812,False,0.1138652244493516,0.5773163168730406,False,0.3965575205037284,1.2282633546705632,False,0.5242170905627649,0.935285675323433,False,-0.10400585762690921,-6.07931913031781,True,-0.07170081804893591,-2.1878944421138566,False,0.8994563373064026
LK1118055,0.20706864796226235,1.0950204668935442,False,-0.21500770230924784,-1.419147557025646,False,0.09168174245700482,0.5079807491844223,False,0.3526766111895428,1.25744382094649,False,0.5941834554705265,1.221086724188807,False,-0.09840378238452062,-3.6321984824761637,True,-0.09657488209192869,-3.2771340112385676,True,0.8827227337735829
LK1118060,0.21060867509943437,1.0919260561881374,False,-0.1537687952777873,-1.096191511243438,False,0.1284769830874134,0.7778315562232385,False,0.22587445589178584,0.9155271238671263,False,0.8825960397826794,1.9444550130153202,False,-0.04322911421851506,-1.1522129142195463,False,-0.07432677351843968,-2.700365964379855,False,0.8623931748384447
LK1118065,0.3425678181990658,1.7797777724579593,False,-0.13983442249612524,-0.9687383815571589,False,0.119859047171338,0.7050753656296351,False,0.3206783028344445,1.2280044188515087,False,0.9278006420461321,2.0235915625998127,False,-0.03168655013043731,-0.7876578378073225,False,-0.08622393158073481,-3.1703946821738027,True,0.8681444703141105
LK1118070,0.4292239216007021,2.1955790197851455,False,-0.11922963331327358,-0.8138768150266735,False,0.1164830936009824,0.6602164068730337,False,0.42845496251420556,1.4977428964554809,False,0.8908163647964557,1.85059035938194,False,-0.019357929594404005,-0.4419831674935982,False,-0.09486651336996305,-3.3392495437647414,True,0.8679792984309427
LK1118075,0.4324962005274576,2.3260781773788537,False,-0.10612631952661539,-0.7380930064345275,False,0.10518795545299994,0.6022456048841056,False,0.4711660745607085,1.679475469012806,False,0.8572507958408336,1.8254285949420213,False,-0.01042742264906202,-0.23379751256550763,False,-0.09558343778679088,-3.4548461814332327,True,0.8643581976999984
LK1118080,0.38590062144282217,2.217955378603063,False,-0.09965841812241466,-0.726406566007614,False,0.052396984590253125,0.3160359016120602,False,0.46512529384742735,1.8694837370268234,False,0.9064261572237594,2.1029156012634873,False,0.012736709953664936,0.28445211553787153,False,-0.07882892762619864,-3.1010867516232077,True,0.8361662599613274
LK1118085,0.4139020436802347,2.444825228355625,False,-0.09849185011424258,-0.6904797692382602,False,0.08046973647540123,0.45294135607846797,False,0.5580947552922148,1.9867888108566465,False,0.7179313647041017,1.5593813172012203,False,-0.006857287983709354,-0.15144401564332907,False,-0.10164835927437797,-3.656942577114563,True,0.8576279461853386
LK1118090,0.4233580220848613,2.244613902362395,False,-0.09408670327334934,-0.6346549404247155,False,0.18775491117304718,0.9808420928041085,False,0.5888935323649553,1.8059591185790336,False,0.4877403833416614,0.9276478739479831,False,-0.05628257014846389,-1.198578324060353,False,-0.126528926536844,-3.7336611930277503,True,0.8868867940022169
LK1118095,0.4213394893153998,2.203353572463453,False,-0.12365898827439634,-0.8459964726933794,False,0.1388005940260378,0.7881942996430138,False,0.4714556685545924,1.5970988986994876,False,0.7560527468415941,1.5585125322597964,False,-0.04435577007924556,-1.0619626773735948,False,-0.10265458841201668,-3.6100421089656796,True,0.8821567314802806
LK1118100,0.43062231488084046,2.162373235295073,False,-0.1263786844758607,-0.8366848009283615,False,0.17144161762067922,0.9181328335483232,False,0.6049604204206456,1.7689169749024105,False,0.4517557667924369,0.8206903096324161,False,-0.0810634546031255,-1.8591686936012224,False,-0.12357122292377662,-3.7104003082159753,True,0.8929713499153934
LK1118105,0.4067298697550746,2.032468993390548,False,-0.14744361281265836,-0.9699266398620924,False,0.1488323646805348,0.8059356311048821,False,0.5415505945737948,1.6210904208749617,False,0.5331180254990368,0.9959815576100093,False,-0.08515273190673686,-2.131443430423406,False,-0.11881424111429517,-3.78259740277186,True,0.890909979421401
LK1118110,0.3603440441567765,1.8142990704438822,False,-0.18712498574632913,-1.196969069253653,False,0.11871895660632521,0.6250282548260445,False,0.5854179680976174,1.643074575443113,False,0.355941835895211,0.6307194649365403,False,-0.11854170181425924,-3.906380586690809,True,-0.12845436741124028,-3.984771441948423,True,0.8948097749977799
LK1118115,0.392274722919991,2.029877227052434,False,-0.1562799995213533,-1.0121545589647716,False,0.15365761832882374,0.8186452876218596,False,0.6880488055652031,1.8430126769168618,False,0.2000531423413347,0.33908857146347643,False,-0.13984732026476454,-5.938228004758746,True,-0.1362454530755585,-3.787895252784031,True,0.9150629324624113
LK1118120,0.42122224341369807,2.2097679517248796,False,-0.12041281153121475,-0.7975890085228104,False,0.19598101823321795,1.0335427670698387,False,0.6801842829729858,1.953305323666801,False,0.2769164636811906,0.4932310772205049,False,-0.10298446200212946,-2.4807161488961644,False,-0.12741036197297537,-3.5085153492189365,True,0.9009129472644634
LK1118125,0.39780178155628715,2.426399780143879,False,-0.09374091667057735,-0.6422818664568021,False,0.2101329240531006,1.1025385495459763,False,0.6547016991923711,2.075737986266395,False,0.32482876590894133,0.6569198182987196,False,-0.07894231172411349,-1.7290637254321397,False,-0.12142174113832979,-3.586492209394113,True,0.9001184410463304
LK1118130,0.37399442658349025,2.4886884794913966,False,-0.0883560661663683,-0.6107131181741654,False,0.20919613248756466,1.0807546449218928,False,0.6673710778161988,2.2040416416903,False,0.29379282072195523,0.6440276204156483,False,-0.07693211864730047,-1.5803743207145005,False,-0.11593194528723987,-3.3435450221481906,True,0.9021152895028288
LK1118135,0.4033961395430631,2.4875839525915637,False,-0.08743439131959198,-0.607490412478355,False,0.14605922828381565,0.7853846585064048,False,0.6011587127543595,2.034505528559289,False,0.5264607930424898,1.1378080825195116,False,-0.033829749288723815,-0.7476444141100951,False,-0.11783480925641424,-3.9138027640843505,True,0.8794288210062889
LK1118140,0.3735041954529134,2.5058803053608543,False,-0.06619233010023581,-0.45679523584501747,False,0.16093733021250445,0.8239484310067594,False,0.657248725999533,2.24387235255757,False,0.3789912407491201,0.8704958525322416,False,-0.03755250521643814,-0.7698433815480863,False,-0.12670688490242848,-3.8577395565721275,True,0.8824913152054037
LK1118145,0.3516109541824799,2.524887072269251,False,-0.08948547547867641,-0.6210385635847802,False,0.17329109128634035,0.8776097073495593,False,0.7160500652249646,2.528543710823821,False,0.24419165779172097,0.6044477889881597,False,-0.07136213945774139,-1.3233286600057104,False,-0.10925604189461981,-3.039758805039328,True,0.9007422995339414
LK1118150,0.350501992631786,2.593809471292842,False,-0.0719351047271661,-0.49776173782597277,False,0.13724067022703418,0.6853452701899174,False,0.7705109188155931,2.866366427315205,False,0.21547542514569656,0.5780915757326529,False,-0.049285611271364056,-0.8593728907675366,False,-0.11272810007893656,-3.1636766021420932,True,0.8921769086873795
LK1118155,0.32549993609715405,2.552238459378973,False,-0.08575556597301527,-0.5839273168063174,False,0.14616133057099603,0.7593208885071417,False,0.783504619755457,3.391007600935892,True,0.16258906313406638,0.46361175522612175,False,-0.0742520409949068,-1.0584548505235272,False,-0.09650972477276655,-2.4658374879905787,False,0.897962144586555
LK1118160,0.2978089120253975,2.536463850468876,False,-0.08397829923687229,-0.5137399294739967,False,0.21204325077876915,1.1846249277133711,False,0.7394939545110424,4.216835218581188,True,0.133080688523417,0.417205471649709,False,-0.08672042117291766,-1.0231927530934444,False,-0.09078578901624558,-2.2967312208855346,False,0.9004635555674885
LK1118165,0.269642089368721,2.2546870189958144,False,-0.09110595863036883,-0.48636558469310054,False,0.2766079447580436,1.5239170296234634,False,0.6188492246468069,3.706446728116064,True,0.2070369356498738,0.6354715205447323,False,-0.09807989315008528,-1.0884914193341035,False,-0.086015659526544,-1.9473497134007576,False,0.9005110132322127
LK1118170,0.23625996117844644,1.6408886480513842,False,-0.07483293844765909,-0.3430051105796056,False,0.3565701047609664,1.7651242441000345,False,0.4759953722843931,2.2789541092978074,False,0.3407079355601559,0.8834536796440314,False,-0.09045886838983264,-0.9359201898425634,False,-0.0778621039273991,-1.5152079313398765,False,0.8970647182143009
LK1118175,0.25188878925863184,1.8510437622376577,False,-0.11234532649497311,-0.613892319173389,False,0.2516614465677631,1.3225240478840352,False,0.588924390568676,2.761999623083876,False,0.29429404306813306,0.7688557375656471,False,-0.11538824148573555,-1.2663392850847237,False,-0.061828713539546734,-1.1718777029124805,False,0.8995658069357682
LK1118180,0.2975288495695622,2.2214709715447256,False,-0.11679403766890677,-0.7757312854104861,False,0.18036547857732282,0.956134568753443,False,0.6860313053262663,2.8659914197671132,False,0.2535773898095968,0.6573289512290242,False,-0.10696279181802308,-1.4253193034285827,False,-0.07318085798705917,-1.6127263752582717,False,0.905631143961052
LK1118185,0.3900814170386815,2.404722627472862,False,-0.107222084821958,-0.7392513687922739,False,0.20640258124653962,1.0789905684948797,False,0.678217071515868,2.153806433629977,False,0.3062289470706757,0.6246241898423232,False,-0.09290505185477552,-2.0411633011844343,False,-0.10208403865919397,-2.7573645893862615,False,0.9072527961186843
LK1118190,0.3947901950300039,2.1728041656934134,False,-0.13025468334592907,-0.8663046578725159,False,0.1890010321582169,0.9871051946377873,False,0.7096732295386622,2.0554761280697003,False,0.19841048698697666,0.36162356571278026,False,-0.12403925742633051,-4.137248790205671,True,-0.12032249772932979,-3.1763376906502416,True,0.9107618266879779
LK1118195,0.3814802526945482,2.1428471908800253,False,-0.12018577044181743,-0.8027636615241053,False,0.20575240806060216,1.0292820299263417,False,0.6709122007483834,1.9706794991973469,False,0.29325816842926367,0.5569811264286672,False,-0.117062809658393,-3.930956805621633,True,-0.09634339919418156,-2.351069078260293,False,0.9176135352978575
LK1118200,0.3648896439116679,2.0252168689000065,False,-0.11353640465219121,-0.7580984602366238,False,0.22595099470482896,1.098712487315024,False,0.624839669299974,1.827157087330656,False,0.36944923198293933,0.7169643374254744,False,-0.11091933654743366,-3.675461418696351,True,-0.08064447452924317,-1.8572320053247968,False,0.922286038575717
LK1118205,0.3834816540091195,2.0642134237229275,False,-0.1240774793317166,-0.8136729806831329,False,0.20031541163808905,0.9822608561930585,False,0.6758221848933089,1.931962386929028,False,0.29147075176955695,0.546831691025086,False,-0.12325910853608145,-4.484324549828575,True,-0.09414655790264266,-2.225817651850399,False,0.9287729306913354
LK1118210,0.4054500486100874,2.081572779661078,False,-0.14353889579410367,-0.9318887207778829,False,0.16791064164158276,0.8796811642138396,False,0.7372943193888563,1.9944589589790527,False,0.15445988570190622,0.2637235216401002,False,-0.13897738740447246,-5.58827261265479,True,-0.1278327255604711,-3.265166491973319,True,0.9226503744376495
LK1118215,0.472423619070319,2.2165130465965843,False,-0.08804366518874797,-0.555227809821054,False,0.19861456708236302,1.0333758244884965,False,0.5934099665202645,1.4002984504531415,False,0.5259107905693947,0.7967234260330374,False,-0.12439313401827722,-5.887156331074899,True,-0.11416157476416357,-2.835000259802189,False,0.9298068829831064
LK1118220,0.4932702029042036,2.212900271241858,False,0.04612778438905463,0.26847482873369005,False,0.30421830448299,1.4788775146722684,False,0.259391388678359,0.5500396468239602,False,1.1890476288631207,1.611243616646239,False,-0.09866665374283501,-5.562479770004023,True,-0.0709113482456678,-1.8392832222970166,False,0.9306021795943362
LK1118225,0.5055962796915033,1.9870548938005888,False,0.22190946759409313,1.12372313982699,False,0.4800707883821469,2.085960569319299,False,-0.13710153721933205,-0.24411244694911272,False,1.8810666538483947,2.127113744469286,False,-0.08193813138335439,-4.351204472141071,True,-0.04239636128398963,-0.9602879787772568,False,0.933189088648484
LK1118230,0.1935507222455901,0.7717821062849489,False,0.3532994086296555,1.6180220662619877,False,0.6280952240635918,2.4113471593802336,False,-0.21417442279093635,-0.38949844393012467,False,1.6635339590050986,2.3156416747393047,False,-0.06953230890596578,-3.580618776559045,True,0.00895914553239155,0.1894284794274909,False,0.9231725578606057
LK1121005,0.46251198148093803,3.1665445044002967,True,0.27463030253876014,1.9443604260846397,False,0.8902176852142493,4.9178366120749235,True,0.16661344600758904,1.0710248196358017,False,-0.08178056703642798,-0.9853431785729083,False,0.4664793673245049,2.035554866163382,False,-0.2217437859142057,-2.55766270068355,False,0.887369203254591
LK1121010,0.22322908366204666,1.5770044873585753,False,0.07777637960372152,0.49249101941698514,False,0.7475330669539781,4.109824663983808,True,0.3039153809449961,2.137010044517024,False,-0.0010757856489622558,-0.011999722832173897,False,0.2953801361894002,1.4359462953353124,False,-0.327341095460763,-3.7113755104165884,True,0.8849091480493135
LK1121015,0.06902613599489033,0.7683037208817113,False,-0.12673296029574824,-0.8119989163303915,False,0.6348313822140874,3.5819053378786094,True,0.3624502386172925,2.9663037934164502,True,0.11494098077429182,1.2191471710301292,False,0.055884473147045366,0.3238884871217179,False,-0.29239310133745333,-4.210007476193491,True,0.8969263542445486
LK1121020,0.12711151135677232,1.8717131864853045,False,-0.11912239890494616,-0.7436891421315819,False,0.7299409341991494,3.3558606202360663,True,0.25704835277926286,1.9189817207980011,False,0.16149146144653195,1.6514311211568344,False,0.004078297145144024,0.024219849377555055,False,-0.1665380855316993,-2.6965483819802167,False,0.9248447744600852
LK1121025,0.12005131123258797,1.9043337298539664,False,-0.11311880663421224,-0.6766197183226715,False,0.779770506601409,3.5548255485561766,True,0.23710070525944302,1.8845389059901525,False,0.12262410144467371,1.1955368651816582,False,0.015458731462499738,0.09394480481749931,False,-0.18870452614895944,-2.856094144599194,False,0.9236178232367842
LK1121030,0.11476839751610626,1.8407698846788225,False,0.018813939053135678,0.10545947530428673,False,0.9198606412303123,3.8878769933716,True,0.1771501134750852,1.3960085567042166,False,0.1052879563423442,0.8710842350998753,False,0.013913392660895146,0.09271863912130086,False,-0.14924972230448913,-2.7881104544981032,False,0.924683124786161
LK1121035,-0.039939845951882005,-0.4838959508400414,False,0.023006197060883728,0.10274389488312137,False,0.7817408992739402,2.8508768749793316,False,0.3442336306950003,2.757524271069292,False,-0.18576605173103586,-1.0906859770553567,False,-0.018241891283297722,-0.13514882476064094,False,-0.06980553549280147,-1.448786880703344,False,0.8927443025622364
LK1121040,-0.08868558096888343,-0.9497999994274038,False,0.05544021689944414,0.23219378133394802,False,0.753794497852375,2.8695615411871183,False,0.39124416802427403,3.2929341725929056,True,-0.2593892071959553,-1.4245389634653012,False,-0.052931099566231696,-0.35697394977106883,False,-0.04580423825074253,-0.9827587232832297,False,0.8837662782526449
LK1121045,-0.08790971074530213,-0.8976283400407911,False,0.1319714352180865,0.5208234568423981,False,0.8187869995788069,3.0543489092784952,True,0.3886293811095406,3.4182542223370764,True,-0.26565204109400714,-1.326664999849639,False,-0.07280560869376534,-0.4856595347271305,False,-0.04961782220126697,-1.1311442422233116,False,0.8849274008054112
LK1121050,-0.07618929751188454,-0.7601234868719928,False,0.09757741746083708,0.4007310478925359,False,0.761992860817947,3.1066320273477137,True,0.4165413798658255,3.668936637854949,True,-0.27240742763482095,-1.3206283883349925,False,-0.057015982596036546,-0.37888436017859295,False,-0.05656088564246565,-1.2940785338523049,False,0.882863006249107
LK1121055,0.014505927819874597,0.1877819493631919,False,-0.03515218283390366,-0.16992583392124702,False,0.7704653271190551,2.9816595421125665,True,0.30379084135073386,2.3096270238960943,False,-0.09627923095673276,-0.5871089636055725,False,0.0005977905477163043,0.004519077615282435,False,-0.08923166310699732,-1.8511701816584258,False,0.8995573727960722
LK1121060,0.052295503165676785,0.6854432272336813,False,-0.07292248833090204,-0.3544425181681703,False,0.7428022832075781,2.8858033591226255,False,0.2840681342942027,2.074280935163747,False,-0.004977429359509116,-0.03140549496459909,False,-0.010196959955740364,-0.0764226213126396,False,-0.09472022555752264,-1.932212469610469,False,0.9034004038214637
LK1121065,0.08623429195744621,1.1857087883378985,False,-0.03443187339423659,-0.17016615828941326,False,0.7647076758978032,2.970349226493316,True,0.2600735621155503,1.884902871508318,False,0.1282154726302091,0.9265584995582694,False,-0.039633496678082206,-0.2873021160110825,False,-0.10889752034910959,-2.1938988894301974,False,0.9112436271323827
LK1121070,0.08701960771097858,1.3433344331788548,False,-0.06024894603115553,-0.34792828416279353,False,0.6652246972995707,2.797864266547166,False,0.32186871713705384,2.4118957671026044,False,0.19614737556859294,1.8745179395385227,False,-0.07381433296009572,-0.5296916213955599,False,-0.10627138406476765,-2.1870539880121442,False,0.9234980879429686
LK1121075,0.07622960993857869,1.047915188391312,False,-0.05088307126904461,-0.33166192899828084,False,0.6141437890666488,2.7333002327268954,False,0.3717967837304271,2.5890305109029828,False,0.19594173692997735,2.0247281083648936,False,-0.07941547501344766,-0.5427635157852491,False,-0.08919365763970415,-1.7845683031978121,False,0.9199435798017209
LK1121080,0.13727601501897915,1.6126883340589648,False,-0.07953044576196241,-0.5423487906590065,False,0.6741557122844721,3.7137422327716254,True,0.3044663376266417,2.3227759428875827,False,0.14117757254768348,1.5458983949207072,False,0.08651123439937393,0.5149373776591509,False,-0.20982593323487087,-3.5654747398088174,True,0.9090379832030517
LK1121085,0.11958213258599058,1.0588553284671751,False,-0.05792916178820854,-0.367048065983102,False,0.6581943817806534,3.6835808926490152,True,0.3464579967983127,2.6633675385214626,False,0.0906421348103192,0.9704316523156652,False,0.16329968691514593,0.8978656694053077,False,-0.31543438449740563,-4.232300678907772,True,0.889190649487697
LK1121090,0.263904481271354,2.199026675019264,False,0.0552820668453536,0.4293834586968129,False,0.7347753172013648,4.532618692416415,True,0.26264745386776794,1.8949529289332132,False,0.05232100193207283,0.6254534082293843,False,0.32311023331400845,1.7056133475348367,False,-0.2663881399392075,-3.7794053912791536,True,0.8943755320557627
LK1121095,0.2351586738415665,2.286515461793252,False,0.014025584379300456,0.11883621388686083,False,0.7107911924522561,4.3286390768561676,True,0.25831229602995964,1.7411169345642947,False,0.14324147466419115,1.6618499005219922,False,0.2375651757957738,1.3775214922484544,False,-0.17315504759981276,-3.002618585937603,True,0.9061530554362919
LK1121100,0.16931953851436324,1.7530933861615294,False,0.03921663847602594,0.37027828357272785,False,0.6527132322463539,4.149041517585557,True,0.3363079159604577,2.3452434983370645,False,0.16051263341184346,1.8473630352707557,False,0.1136285463466941,0.6696581474679055,False,-0.09046856988688422,-1.6277298129018427,False,0.9148273386179093
LK1121105,0.06794366789870843,0.8376103426398331,False,-0.0023372377774658675,-0.019432945675664455,False,0.6006071125650735,3.2717805001758484,True,0.40774280172792454,2.8436296520158946,False,0.18300533770312125,2.0119364432611837,False,-0.06638128988245032,-0.4407204595712702,False,-0.07273333814310877,-1.3970187439194712,False,0.915940911655171
LK1121110,-0.02785634080465687,-0.3254407556452385,False,0.0013777114513097363,0.012802065285660033,False,0.48665301452464277,3.042057893832076,True,0.5533273779700608,4.0273699847674935,True,0.11524427236889816,1.2795720626519307,False,-0.1617322133907798,-1.0268075270747157,False,-0.012879077336012292,-0.21343294808385915,False,0.9253250531032848
LK1121115,-0.026973024826481028,-0.3308062777069495,False,-0.1723839028990419,-0.85921110882648,False,0.31792581009999654,1.2171033515020246,False,0.5650426095696439,3.856093811539979,True,0.18266681850880334,1.579935869695552,False,-0.21616008239379889,-1.5946337195980416,False,-0.01329171795897222,-0.22959385667455592,False,0.9190731130220156
LK1121120,0.060026390392938056,0.6610927511696021,False,-0.2414506131096844,-0.8161883390752633,False,0.4129833416212983,1.1491562999913938,False,0.3935370992924754,2.517606239708809,False,0.17826549849242673,1.1425718902443234,False,-0.13917685578518904,-1.058244940647809,False,-0.048014763384393054,-0.7241184267065136,False,0.9060065351240182
LK1121125,0.03883277966017335,0.4192501763295796,False,-0.2466928930700769,-0.9363600277761961,False,0.5170768003416364,1.7014479514507974,False,0.3403187486088174,2.365445950341489,False,-0.037605386818025846,-0.21907875252069636,False,-0.03602722463345503,-0.27488805012841955,False,-0.06248003779043926,-1.07240508279895,False,0.8788672145061112
LK1121130,-0.009151532788216402,-0.10700139447408025,False,-0.15320582011809117,-0.7293926388600737,False,0.6142814517673487,2.627585188738516,False,0.3455984575653948,2.7647908474858545,False,-0.15361571527735868,-1.0382313244159591,False,-0.04599721429378159,-0.3704428482508282,False,-0.06339996464162943,-1.2284555584606025,False,0.8784009722286493
LK1121135,-0.055354500727580434,-0.5922204346596209,False,-0.0600729542876063,-0.273824778643034,False,0.6361913727852715,2.917458205799091,False,0.392374904864635,3.343976190840179,True,-0.19285305280171858,-1.2809446219359932,False,-0.04331187643663922,-0.2987888741940999,False,-0.04584987034537238,-0.9335502116530753,False,0.8844232290584932
LK1121140,-0.04270510973899102,-0.43300487799722853,False,-0.006840465681769672,-0.030177632863100826,False,0.6428777907820862,3.0359360400489326,True,0.4279417181217095,3.891141359163646,True,-0.20116422073765652,-1.1678220672001236,False,-0.03898932599806312,-0.25847936956030004,False,-0.05667649545763268,-1.2334236119832331,False,0.8898565207639547
LK1121145,-0.029927977933348584,-0.3058580156691294,False,-0.08811128174264857,-0.4011159665920634,False,0.5796225450386869,2.858223593279623,False,0.40682668101625336,3.677222706080815,True,-0.12915276731056194,-0.9029095593739062,False,-0.0421682545237032,-0.2896919627664521,False,-0.0453956461508868,-0.9163990293826242,False,0.8940637163004919
LK1121150,-0.00892594308022178,-0.09166620182652363,False,-0.1460831824195665,-0.6667837304925712,False,0.5578434054929615,2.7364201730052935,False,0.37584186441656525,3.37060514315963,True,-0.08242398851170604,-0.6214441691379938,False,-0.0520348237971395,-0.3778479094020682,False,-0.04488122877939935,-0.8694435481904822,False,0.8966010298430895
LK1121155,0.04814057925832434,0.5143625241969937,False,-0.24770245397088494,-1.1381345671603664,False,0.5757312914142232,2.6137786526489846,False,0.30315091027922103,2.395356421670084,False,-0.0924337937509749,-0.6917473295772478,False,-0.07286235078135518,-0.583110869319347,False,-0.07755823366198597,-1.4106768642450398,False,0.8815453260572785
LK1121160,0.08432385634156637,0.9051126034960933,False,-0.3117655520160864,-1.0945814776742386,False,0.3972221374911825,1.1688894934911305,False,0.35444303883302714,2.358045014824067,False,0.13861989494530516,0.8924470591987664,False,-0.14959101391753696,-1.1695292804093749,False,-0.055308248344203025,-0.8080773690452203,False,0.9021390802684652
LK1121165,-0.01050991057086751,-0.11297455944485657,False,-0.2825701946913959,-1.2144639173370957,False,0.21263989371817396,0.7944948959038172,False,0.5729434489333879,3.977309792591711,True,0.12775068803636827,0.992058317001898,False,-0.23644432920326092,-1.6647937992212534,False,-0.020300491335623234,-0.28856699853473144,False,0.9228311766290125
LK1121170,0.0285756626108987,0.36715619385164944,False,-0.04996508149814154,-0.3841373703351606,False,0.4874529007911663,2.8642655901361076,False,0.5057931216886852,3.9002836841307724,True,-0.03423147542776824,-0.31766280489516824,False,-0.19393982206011423,-1.2076994281317932,False,-0.12608307960101198,-1.816878286144448,False,0.9341943810393285
LK1121175,-0.008000502120572356,-0.10006566783135508,False,0.004045275935341688,0.03697144490451848,False,0.5139149096148283,3.183301839558386,True,0.5402231418395519,4.17280275498604,True,-0.09806730381533356,-0.9532132701536559,False,-0.18106603799014287,-1.0739458912156943,False,-0.05660331425606523,-0.8059253109014977,False,0.9417096601392294
LK1121180,0.0027805901892907076,0.028952009745182174,False,-0.014079064139631003,-0.13200357772436153,False,0.494763602565098,3.2293791139590837,True,0.54632640621065,4.228404246177882,True,-0.11516762228244509,-1.1625507872740142,False,-0.12438549001464949,-0.6476733428225663,False,0.012689929318664564,0.16789695882055808,False,0.9469895047500518
LK1121185,0.05557511229326769,0.5875939468889056,False,0.016861873007696315,0.1668690984264294,False,0.5218382556692092,3.5899315666681177,True,0.49997977648908787,3.9468601725653953,True,0.020807808121829918,0.24430796054642973,False,-0.022982321031470354,-0.1248333668387151,False,-0.02126583164226238,-0.3278816469154509,False,0.9393395165012725
LK1121190,0.2727959776218978,2.549081248546338,False,0.06616198413921803,0.6488372016356202,False,0.6618550643597997,4.425105179252765,True,0.2930996730030533,2.1078884538711327,False,0.09306479521222233,1.1465876555586971,False,0.2751518969066455,1.4451280614930855,False,-0.08266018861161781,-1.42571694882797,False,0.930364759448716
LK1121195,0.4395827241733925,3.3619131072873367,True,0.11992383975705988,1.1012604354235895,False,0.7387621153395454,4.5374635566689925,True,0.17029781004728842,1.074144435681811,False,0.0456031834883958,0.5451120246927784,False,0.46265076747271927,2.1477751532793032,False,-0.0646163214780848,-1.003723752056305,False,0.9359216370077686
LK1121200,0.6008093385679795,4.76525054519068,True,0.2260062952918686,2.002117449194718,False,0.8782218489052278,5.075699070880721,True,0.029834281886313478,0.17878856966398846,False,-0.03774906894993292,-0.493269988747511,False,0.5714513081101401,2.916848087812319,False,-0.051337388109972466,-0.760355866057939,False,0.9407799440396881
LK1121205,0.7733376683567026,5.5330251606218726,True,0.3750004915137686,3.058034799642953,True,1.0188368908721661,5.065708693454528,True,-0.07752087755087286,-0.39983394453864585,False,-0.1182320582888546,-1.6774983923935345,False,0.6360480113295325,3.189205969014658,True,0.011397777604215675,0.13448637346943104,False,0.9331811566281886
LK1124005,0.15797214802101617,1.0992310816680837,False,0.42863174402032245,3.024868147047252,True,1.0192781402923252,6.130434250532052,True,0.3797795895230053,3.8467476350416367,True,-0.06543840349678823,-2.312456655587777,False,0.054636202495659925,0.2616981079096307,False,-0.1420974070151621,-1.5379395349140232,False,0.9258512535734987
LK1124010,0.226029867181498,1.6370540432120775,False,0.42941086178107657,3.03437445351247,True,1.0176959270929855,6.178163006030635,True,0.3850798316201318,3.9657067260512644,True,-0.07225677927722629,-2.4674842603299267,False,0.1194858435258475,0.5817572418531588,False,-0.08651286755673109,-0.9656553018943138,False,0.9215866637888842
LK1124015,0.27788651961650224,2.206086887142892,False,0.2770707890668873,2.0784711289870486,False,0.9147089445010465,5.736950848042105,True,0.3604553788937629,3.467875009713851,True,-0.07174847790932821,-1.8880740158179041,False,0.30228292439915266,1.5755467942919252,False,-0.2406554282429432,-2.681250040423451,False,0.9112295728052882
LK1124020,0.13669284190676345,0.8462407996930706,False,0.2784557019119196,1.964863344365958,False,0.9385677779101913,5.58286270604252,True,0.3239472226995772,2.640896006425607,False,-0.022041071309304903,-0.5476981786245227,False,0.22352193457075561,0.9991620246395823,False,-0.4192552731478878,-4.195954063594391,True,0.9143802436460909
LK1124025,0.01770491508250515,0.09866616268705235,False,0.4020637896743697,2.8781549604465124,False,0.9958851716403732,5.9259909184191715,True,0.3279431052673438,2.7529021011157324,False,-0.029390455957512125,-0.9477917923073106,False,-0.05588405574758839,-0.23755834383001917,False,-0.33943333001037584,-3.32682532593916,True,0.92474374909536
LK1124030,0.47082125951504805,2.596590013308692,False,0.4691071414313181,3.4251520559060684,True,0.9897697728552151,6.0083955758946095,True,0.13908876024058955,0.9379168211887771,False,-0.07215256586541129,-1.7612087001834884,False,0.23542773145055332,0.9739411616599206,False,-0.08211547534718314,-0.9222647011832089,False,0.9136532470433751
LK1124035,0.22145952862351975,1.1641202334281309,False,0.21452505657405546,1.471746805127132,False,0.9094154415715517,5.335938500929578,True,0.23542509142982104,1.6806458657226886,False,-0.004108451701647264,-0.08687477969603821,False,0.32881100628523846,1.3007509750995245,False,-0.41800639720123606,-4.001148807199852,True,0.9096217092194027
LK1124040,0.30442712284213097,1.7298354845236066,False,0.07999455098522648,0.5240727020626691,False,0.8095869002897328,4.681530266743344,True,0.2579017911857068,1.960909825058798,False,0.006067445225945738,0.10622861848975133,False,0.4879557933196217,1.9556748325575877,False,-0.39895164053896615,-4.126420022602353,True,0.8990343458564362
LK1124045,0.268626460367674,1.6095230322846954,False,0.017585282761805352,0.10755256018508097,False,0.7573953033616214,4.137815697111595,True,0.29804299662149536,2.228079814766166,False,0.0042425513274574715,0.060736295196898514,False,0.44276578297208535,1.852317235001223,False,-0.3805606567918977,-3.9451311019803565,True,0.8903054148893356
LK1124050,0.12879690219133427,0.8710291714083891,False,-0.004328783369922934,-0.026683527010367244,False,0.7217852579202826,3.9552964127183845,True,0.3483032805720124,2.4573980649339915,False,0.020935117573141968,0.24510437796645249,False,0.22404910410383322,1.107549248650852,False,-0.37135530372178266,-4.006918027090376,True,0.8824627777540313
LK1124055,0.3474899622007136,2.1340471990697596,False,0.19482489131928898,1.259831607853845,False,0.8328687736698875,4.598032199419364,True,0.25005913140652114,1.7154872390421894,False,-0.08488326712231589,-1.0528292758662017,False,0.42853434246077265,1.919486726865231,False,-0.31919703298414487,-3.273516513087957,True,0.889856888576573
LK1124060,0.4006794090404059,2.2783789198578464,False,0.27527132396758197,1.8587627696898985,False,0.9224971057180059,5.214358018337638,True,0.1786774007998454,1.2297760361108214,False,-0.10565939826652032,-1.5233086196395957,False,0.42106533113675726,1.8096023146178402,False,-0.2980243056770398,-3.0147960457584477,True,0.8988901333635264
LK1124065,0.5541507660024105,3.1997992400731228,True,0.4371518938060339,3.1439040805009912,True,0.9670283820989839,5.707844551684029,True,0.13166115143107665,0.8841944533015668,False,-0.12986815737128451,-2.3509628425309366,False,0.38465410356044805,1.6646925263610615,False,-0.1218768684546882,-1.3871599366617706,False,0.9064976304541597
LK1124070,0.7305534766922211,4.938222868858847,True,0.5427500137521016,4.313946722628151,True,0.9570618044857593,5.778745186721806,True,0.13547026546612725,0.9008671814518037,False,-0.1642939421642988,-2.814744388456015,False,0.5341221028868396,2.5817348613029103,False,0.000748634227308224,0.009905634315628657,False,0.8887462346563615
LK1124075,0.6029897163610518,3.8196145556524472,True,0.4634489311684416,3.309683819966045,True,0.978197774161884,5.559786033170381,True,0.13757065597599039,0.9134016069544307,False,-0.18866986813191136,-2.7797539685870585,False,0.4846084619407415,2.2021388641124844,False,-0.13449006683875314,-1.5833755695047036,False,0.8921206512994426
LK1124080,0.7385994944416971,5.0234883042252045,True,0.5236338134912255,4.267536008551814,True,1.028867918820657,5.835433735944753,True,0.0534674764942702,0.3213183411864327,False,-0.1748445661355908,-2.782343985455251,False,0.5538677068786141,2.6343970855729233,False,-0.023875131907856128,-0.29967034370782175,False,0.8898813030666989
LK1124085,0.688766634316374,5.1151387908243375,True,0.4106103960634334,3.5484585906055535,True,1.0164217416597279,5.835302262183625,True,0.0033068860151911784,0.02008240206439955,False,-0.1307742846915924,-1.9026839719626163,False,0.5682102824259558,2.7425191567343634,False,-0.07597361962755142,-0.9906498752037859,False,0.9019916982894179
LK1124090,0.7764272094305326,5.559533365381571,True,0.43487049284178725,3.706045417404658,True,1.0524017431817858,5.540400926126271,True,-0.06291235384086266,-0.3433792988943789,False,-0.12981515741508656,-1.930626769839789,False,0.615341925252697,3.0125330451135914,True,-0.0008139732038871042,-0.010056920643446238,False,0.9150018802317326
LK1124095,0.5168104999415669,3.97876417605299,True,0.1912880989878261,1.7148185321097296,False,0.8448715257953416,4.865483254085092,True,0.09796631120440441,0.5866899010862225,False,0.021085453222982237,0.2598925004145236,False,0.5463936065676397,2.6169757886318403,False,-0.12221580791732345,-1.7304111917442735,False,0.9174816646726836
LK1124100,0.4447861646840988,3.3219219552108377,True,0.1707220410853139,1.4735195978180418,False,0.82602218982043,4.8687153222078,True,0.15287524886274084,0.9474603362645722,False,0.015446464297107786,0.18929243338512022,False,0.4963794463695173,2.3075701386326988,False,-0.18573526091310946,-2.4806011722992345,False,0.9027688674144586
LK1127005,0.28109538918837984,1.518902745223054,False,-0.04391426799987716,-0.4033995535871321,False,0.22212236038054067,1.9877010208082264,False,0.33104175076717035,4.180287895056952,True,0.05911316365142357,3.0493503208482196,True,-0.3294103993739788,-1.4913824493348489,False,0.25956008006890374,2.341335204115819,False,0.8396268324896284
LK1127010,0.6632166743872323,3.2452375537728413,True,-0.10341210672829909,-0.9654739850362251,False,0.23478349293757073,2.0288183217213716,False,0.18504357027253038,1.9980112570684248,False,0.0574586765630439,2.992856129976168,True,0.2536940131160895,1.0154241319781916,False,0.35332250819012234,3.2821042061224563,True,0.832688586870133
LK1127015,0.42341184627727413,2.231241592129127,False,-0.13806531542587597,-1.3656263102296406,False,0.36683149586493025,2.9454666001193046,True,0.09503798484026135,0.8115434530560882,False,0.04170353180781104,2.1126520177586885,False,-0.010388175332818137,-0.044402713865898065,False,0.3013600284348275,2.86209798727711,False,0.8623242600362964
LK1127020,0.2039902408725912,1.4252992367991317,False,-0.07515336170583391,-0.8027228322088403,False,0.47490716257486804,4.13206456643739,True,0.18022372812825027,1.8258584100729511,False,0.00602803924295944,0.3010652617400531,False,-0.2669992143082925,-1.5564833165170735,False,0.216796031165394,2.305914275702282,False,0.8435905896242694
LK1127025,0.19198237317884162,1.3866809414890389,False,-0.07497362192556992,-0.8159148130215367,False,0.5466454192916794,4.762800157864428,True,0.16895973446986745,1.6889766956924517,False,-0.015352968763469043,-0.743573027838284,False,-0.2106870544361844,-1.2515453875606921,False,0.1894086390332585,2.113706466082906,False,0.8523785672332631
LK1127030,0.18061522943581265,1.298426602612026,False,0.08432864416434804,0.8061248585261673,False,0.7812298714124111,5.620954993764107,True,0.21218658835478124,2.182981897248111,False,-0.04850984674967686,-2.1762640385303036,False,-0.16986646989844903,-1.0021411071381783,False,0.2257023110504202,2.889975652797163,False,0.8599764691735081
LK1127035,0.19482580745182923,1.4384138442010306,False,-0.004737967882386382,-0.0486743110460709,False,0.6627013128453426,5.32791717624207,True,0.2057417103639659,2.1381585902771616,False,-0.039391301056285785,-1.8219955605396523,False,-0.09263821593244365,-0.5331562076497198,False,0.13224680339062206,1.5363183903757711,False,0.8829544694291622
LK1127040,0.14280279108597974,0.9537483837379249,False,0.018304138379687415,0.16596705120648145,False,0.6779507617750548,5.009316322496653,True,0.2189699339277547,2.125445413927959,False,-0.03514169514749396,-1.5355115639176398,False,-0.07648479209037914,-0.38409956372660564,False,0.013464535560940988,0.13331311001989685,False,0.9128703830648995
LK1127045,0.13284372555395763,0.7858093821206695,False,0.029703214305396602,0.2929853595253819,False,0.6602084386275362,5.032966013651851,True,0.19051314217354132,1.7400760454641262,False,-0.011885196788357711,-0.5315631489691366,False,-0.11803474255339122,-0.5315266460094894,False,0.011965096339596767,0.118170184655472,False,0.9212201712466465
LK1127050,0.024104214394085638,0.12950316783315544,False,0.33727086777248877,2.7313899235321553,False,0.9289196083377006,5.895559359997754,True,0.2874173196670609,2.423673984420508,False,-0.021216967776852825,-0.7795954170122597,False,-0.1398534968545984,-0.5786284034604229,False,-0.21752701178367295,-2.114930651237982,False,0.9276733202130779
LK1127055,0.42618218641250805,2.078832173409998,False,0.23700260997264433,2.1252119531756892,False,0.7639966132877197,5.31875810130222,True,0.11722267167979267,0.8397512297735868,False,0.0011017255281111043,0.038072702165988646,False,0.13868055989250974,0.524499616521507,False,0.04573615684699134,0.4697957112391009,False,0.9082070629484159
LK1127060,0.893565872993863,5.082848103726015,True,-0.004131450153618439,-0.04746631338107381,False,0.45636145159771213,3.5884893553602915,True,0.007751594062633142,0.06218103436128111,False,0.03639472508912674,1.5023012300746508,False,0.6115334847412202,2.6481486384877684,False,0.2734944580398067,3.025152250261489,True,0.875012935971975
LK1127065,1.1657130975084564,7.144702433998986,True,-0.0020325226833336728,-0.021584928724217467,False,0.4050001844847239,2.9367861404316553,False,-0.007454379947868675,-0.05580985241161947,False,0.04472912297533849,1.5653274330135707,False,0.9688496798943046,4.5500681137656915,True,0.3330289085156376,3.4419500481451735,True,0.8461433880261813
LK1127070,1.1156334638247132,7.272806602276696,True,0.13839924615803276,1.489466823733029,False,0.5268998456435027,3.631623718231429,True,0.022078266603058505,0.15455578189149902,False,0.018737683195695277,0.42288196163584996,False,0.9197944516947348,4.453791720814297,True,0.2709020821825759,3.0693120858863376,True,0.8647089897475403
LK1127075,0.7993222655794721,4.937636585325401,True,0.43330519735594547,3.4955135112026157,True,0.8055610824616122,4.925705344252698,True,0.12760491034143256,0.8707445531755968,False,-0.045964460477044604,-1.0350359180282156,False,0.5105070702790011,2.332910307729456,False,0.15380658242177725,1.8811980426714472,False,0.8940107202321291
LK1127080,0.7675023090392409,4.81856522964531,True,0.6053311758701608,4.326239491228775,True,0.9585700655354686,5.467342541479041,True,0.14763464741548232,1.003805908237874,False,-0.10093506106752259,-1.7825840438779643,False,0.5003321677197491,2.2877746305064415,False,0.10134842198903937,1.2817135576628453,False,0.8825344226344443
LK1127085,0.9018180247200711,5.249226430023086,True,0.41584982406039206,3.4129130609783105,True,0.7878069357796341,4.715621136244838,True,0.09846419486156185,0.5922115123225272,False,-0.04187619486802404,-0.7029736502362903,False,0.6923482351268608,3.0958587350107862,True,0.17486134994334285,1.9707245834656717,False,0.8675596300476756
LK1127090,0.7893842382878714,5.4111570473473565,True,0.6310276857770165,5.758343516583651,True,1.103819294498704,7.183408016765554,True,-0.006612999025158857,-0.04338380985665484,False,-0.08138810386450705,-1.4348792617722077,False,0.48348838636186214,2.3598727882484534,False,0.10571971785645125,1.276629039856851,False,0.8930062668185633
LK1127095,0.7871904421095078,4.936102904988106,True,0.5993929582566534,4.813886034584764,True,1.0070767611087745,5.910422280052221,True,0.08052414131105576,0.49832467225898897,False,-0.07700162382397371,-1.2929537394302506,False,0.5265704788671224,2.4287218872561023,False,0.12639479514859028,1.501115909578545,False,0.8796587179469079
LK1127100,0.7916225673339271,5.49112848067217,True,0.5975711510148846,5.081982399632058,True,1.0097463103672324,6.330294624567616,True,0.07861871603166228,0.5251821589531485,False,-0.09984593465709266,-1.7843610330874218,False,0.5328475729367712,2.605557501514813,False,0.10243541395381776,1.3184076545078056,False,0.8899659521562452
LK1130005,0.7957748966934394,5.385134405147191,True,0.6453365833227046,5.501887570554618,True,1.1271697659088802,6.81304781136286,True,-0.017892293732370675,-0.11114531956633095,False,-0.0833786834183327,-1.4401721667849543,False,0.4828423661827704,2.312653833333879,False,0.11379842960669173,1.3501296137675836,False,0.895401234060104
LK1130010,0.8017191894075519,5.7147398337984034,True,0.6001132859451431,5.42190651736875,True,1.070559565260545,6.7174833560800575,True,0.008834791745942068,0.05686433354690795,False,-0.09549275227687067,-1.7063261278226427,False,0.524352697650568,2.620170586366465,False,0.1034268460585628,1.3033294507458626,False,0.9004147276170068
LK1130015,0.8191019197705278,5.736679219473169,True,0.5254342222241586,4.492263246618177,True,1.052771324336859,5.700351225543399,True,-0.025597246815052987,-0.1415940918328089,False,-0.12360548826461988,-2.0928030409682137,False,0.5858265045246757,2.9525694559929176,True,0.07975215314306602,0.9696031140886036,False,0.9113877578684745
LK1130020,0.805276056538377,5.5337646086796575,True,0.45818516586092517,3.6737000127602184,True,1.0447466319654877,5.1480949180521565,True,-0.05502811188116498,-0.2793254455141364,False,-0.13974113475208405,-2.175457783476169,False,0.6068887576480207,3.023017850557053,True,0.057341804980340604,0.6462118002456643,False,0.9247055988734316
LK1130025,0.8004270450342831,5.672440164758899,True,0.5378879832877348,4.574566846511009,True,1.112913544814909,6.177287782388731,True,-0.07621253344386575,-0.4337842426325244,False,-0.11818019804479109,-1.9690390074028115,False,0.5294457646336362,2.6414243764634557,False,0.08785658698609662,1.0271733526370803,False,0.9223126544656847
LK1130030,0.8083589179104098,5.694041986798362,True,0.6111441797596985,5.39713119405728,True,1.1479274985890322,6.96216968764105,True,-0.07001564720306744,-0.4322263933410792,False,-0.09506860398955261,-1.6474665012789513,False,0.49217868910955054,2.4202543849009484,False,0.10710554264862254,1.274880825543346,False,0.9095758754940039
LK1130035,0.8039302940929247,5.643355538715161,True,0.6207870945169515,5.384721727158244,True,1.1919068408171472,7.389304217039721,True,-0.10906891126587837,-0.6901885062252674,False,-0.09744157323408491,-1.6557033212746093,False,0.4590135756030197,2.2194138704888293,False,0.10785899780850643,1.2493045098888587,False,0.9137715032032337
LK1130040,0.8080880743346067,5.7322676896079265,True,0.6613633430084209,5.936100091136001,True,1.2556935114128924,8.824368873102708,True,-0.15094818863154463,-1.0721092358329036,False,-0.09552597224631797,-1.6554099770740043,False,0.422352752666395,2.019347863571939,False,0.10872558404716666,1.2523339938116202,False,0.91152986767516
LK1130045,0.791557459750434,5.681479048650143,True,0.6022114524194637,5.238958461709855,True,1.2180210972015284,8.038348218693338,True,-0.14266376601809347,-0.9644777310615986,False,-0.11144289107629504,-1.8580087124946523,False,0.4407383058630232,2.121833091893537,False,0.09945153992192414,1.1411700260869244,False,0.9220728455083902
LK1130050,0.7559586715240983,5.329545696230952,True,0.5126635558395413,4.206198459557238,True,1.1461927903337907,6.842426010357872,True,-0.10945265733449659,-0.6754335751187873,False,-0.1358143517834545,-2.1336172383488554,False,0.46450394062935046,2.2140753544951,False,0.08066895055725919,0.9001331700650282,False,0.9329332839584638
LK1130055,0.7303579880869447,5.381062162892322,True,0.43696313480720805,3.6793819704094672,True,1.1028797498155791,6.774595836051249,True,-0.1009665569319278,-0.6424500374124307,False,-0.16069181955718184,-2.526064686942335,False,0.4975407905573762,2.4301491585758623,False,0.04897281560983993,0.5652895082192801,False,0.9432643856724789
LK1130060,0.7591037164977432,5.352075590086033,True,0.5524663184876317,4.6014061371870545,True,1.2072542183290125,7.8751179521663595,True,-0.1492684647965251,-0.9991019793243696,False,-0.13398055006735066,-2.106313055372184,False,0.4266877916055807,2.001374326164078,False,0.08371730925611179,0.9324414023450387,False,0.9313873242296581
LK1130065,0.7848389276208703,5.3090531319956815,True,0.6326768445116101,5.164029739455337,True,1.2760167309148538,8.46655081289994,True,-0.1815599050036371,-1.2219716983007303,False,-0.11385023058184664,-1.7610170945664445,False,0.3890979431360709,1.774216787892474,False,0.09886564886710446,1.0650605266222994,False,0.9213644143508299
LK1130070,0.7374513015152114,5.041026606120548,True,0.5391493067395289,4.354834249614906,True,1.226245839378091,8.016165879201239,True,-0.17071793736080648,-1.13139574411253,False,-0.14604321899665604,-2.1785087778031875,False,0.4004664613774107,1.8330675183360552,False,0.06851343169084564,0.7439566599201147,False,0.9364389630317643
LK1130075,0.6717167753676676,4.60811198513983,True,0.4268385632671482,3.474098405202806,True,1.1631166598587255,7.693982823997496,True,-0.15521677810399734,-1.0234762069443075,False,-0.17506453856851514,-2.4508278857761896,False,0.389739286436092,1.7824788028099765,False,0.03364264309396776,0.37192336630791645,False,0.9521844588304736
LK1131005,0.7660715134623239,5.218313310690286,True,0.7808477925411973,6.882248972610647,True,1.4965331831299298,11.334741874133616,True,-0.3349602396592938,-2.5717340120230086,False,-0.05224632768869513,-0.9253916508998279,False,0.1767238179844472,0.8003440979393025,False,0.11055530269982915,1.1159378514442746,False,0.923714918290961
LK1131010,0.7437389459322024,4.987253089221057,True,0.6087647296220131,5.075232907012002,True,1.3217985385768662,9.139254690908075,True,-0.23984316904358535,-1.6351669212954787,False,-0.12006672245523367,-1.8352325410861452,False,0.3273486379123567,1.477649724216785,False,0.07268898351105356,0.7664715307315005,False,0.935966556149117
LK1131015,0.7286609116333789,4.944962075958262,True,0.681817932368402,5.975031806223327,True,1.4204768613000478,10.529557179600317,True,-0.3066845028133183,-2.2354226983728744,False,-0.0790508049342259,-1.312132833559336,False,0.21317253501714023,0.9663358464979865,False,0.08467164510533479,0.8730255812379435,False,0.9356878547294945
LK1131020,0.6269231874889623,4.38986178171297,True,0.7695912228270902,6.970807049363238,True,1.526692867969169,11.964945253911177,True,-0.3330209503177743,-2.7075603200133953,False,-0.016244903082798953,-0.2966050915643891,False,-0.0603461509397321,-0.2776155304363591,False,0.13755706207530102,1.3828784758547967,False,0.9319730794186416
LK1131025,0.58244035551686,4.0837154452769395,True,0.6345539134868178,5.699562276921685,True,1.429331010007958,11.054574346086904,True,-0.31084147749826263,-2.3914207074500164,False,-0.043970612588234176,-0.7398343908584369,False,-0.015025627254467405,-0.06945322894308935,False,0.10083929615745868,1.0551086494126534,False,0.9474956795376405
LK1131030,0.46492437172672135,3.230615487192555,True,0.40021141264865634,3.459593089828705,True,1.2394001246567024,9.255195689501425,True,-0.1955783962343163,-1.4026655669752428,False,-0.11166363360005122,-1.5152135166187661,False,-0.017730791026861356,-0.08034688013613356,False,0.08475003625049606,0.9330346789775461,False,0.9639403182219258
LK1131035,0.22290035517040502,1.6239181422719666,False,0.6004863850215123,5.473553177789705,True,1.4557514443861899,11.528986515353381,True,-0.23367997362023976,-1.9477596566921986,False,0.0013169917232834505,0.023205984383721436,False,-0.614703383373418,-2.8571019589598143,False,0.1854323165159061,2.080374191207414,False,0.95443999515919
LK1131040,0.4255130344500406,2.9209746982285716,False,0.7656314777118325,6.82099665430934,True,1.5518139976997842,12.043218487917263,True,-0.2689269365239885,-2.2442139983425666,False,0.02257603194875077,0.40640703528758265,False,-0.43277769807682476,-1.9355522342854754,False,0.23596823751455825,2.288528832254461,False,0.9304060014037088
LK1131045,0.5676346040861266,3.814299683227299,True,0.8736601747974121,7.638743273596982,True,1.60728172760663,12.323595380584875,True,-0.299735296850641,-2.50764397772551,False,0.029234604186361982,0.5315226713980131,False,-0.2978465235252631,-1.3230878951193328,False,0.2408085286041472,2.219424566702892,False,0.9093575413117647
LK1131050,0.475759543136332,3.176461302972953,True,0.8536313777884731,7.232588735599885,True,1.5941647229556641,11.810385302554302,True,-0.23407908691846332,-1.980631703136412,False,0.03530003933897863,0.6424467023676411,False,-0.4241753276019878,-1.9160246197613195,False,0.269563806621605,2.5143616866108,False,0.9002717785339921
LK1131055,0.6002544828747128,3.6686709038363645,True,0.8213451309329408,6.404811391186744,True,1.5358127612084562,10.481049349965332,True,-0.1641553926437583,-1.433852908925321,False,0.03291862670305899,0.6135789351171499,False,-0.20165195469683644,-0.889361639909158,False,0.2878676899695781,2.5392294471477315,False,0.8762343179614993
LK1131060,0.4654274548534928,3.024470935704513,True,0.814871398660231,6.5999755911095415,True,1.5663881959183352,11.089295288834263,True,-0.17784418180203088,-1.5662222469588536,False,0.019070134060990597,0.3528648552475049,False,-0.34099615600381544,-1.5252093368016948,False,0.23751192430474882,2.3261659530159604,False,0.8996714291930021
LK1131065,0.08244587714546926,0.5746988778910429,False,0.6487959177150199,5.663029208247814,True,1.4758641679375655,11.335350145376099,True,-0.15663379048886908,-1.3959904254210085,False,-0.010868068142993752,-0.1945122218409127,False,-0.7908614955695825,-3.3236777986840056,True,0.13576778521296806,1.7143927275654713,False,0.953085379532015
LK1133005,0.6122918088853945,3.978793694182252,True,0.7181524134365977,7.492608153400384,True,1.3773154289794713,11.437286177024585,True,-0.008050629386128931,-0.08244901630853722,False,0.03679132581997585,0.7100130235388536,False,-0.14126600340124604,-0.6724759035216973,False,0.3638129826632312,3.3858318904770464,True,0.8944973040904757
LK1133010,0.4550462981532288,3.2632407260644687,True,0.7770258026920744,7.6330994067403335,True,1.4916353466538959,11.775492106391601,True,-0.07153504327276117,-0.7098210611315232,False,0.017967951672025695,0.34649077998751376,False,-0.2843346899707091,-1.4326578721111216,False,0.2565903327554636,2.6822277993385826,False,0.9045795008471307
LK1133015,0.37567712558471494,2.87858500003331,False,0.7624380234947262,8.209349783136894,True,1.4722953343484708,12.278432025379352,True,-0.024875653647869755,-0.2598430006348221,False,0.010476647552923428,0.20419093967585789,False,-0.344228191232677,-1.8095530369386381,False,0.23888492160686461,2.6450275917324606,False,0.9162808646048368
LK1133020,0.3568241951849413,2.761483926587974,False,0.7524012508320476,8.296943485691424,True,1.4602816172313027,12.315370869554254,True,-0.003764086200977932,-0.039882957720634965,False,0.008149582617247467,0.15905862530987228,False,-0.355645470098281,-1.874680451044603,False,0.24013456685173004,2.6640921621799247,False,0.9197109736003352
LK1133025,0.4560285885934775,3.345246253508248,True,0.7270996744763034,8.265406737505607,True,1.4000688797372352,12.289904913424484,True,0.016602544370491426,0.17924056764223553,False,0.0232006182923601,0.4551285995416227,False,-0.2648940139073622,-1.36199157317075,False,0.2975289465117829,3.145999991705537,True,0.9129413630162835
LK1133030,-0.0056360129348495755,-0.05553484270050527,False,0.7497371320765436,7.473763075767467,True,1.4993689371660144,12.175641304523099,True,0.01221946147902377,0.1309788192002259,False,-0.05624615702531927,-1.0594999352872365,False,-0.7341504377188084,-4.252887806383027,True,0.038368443126357586,0.5359580663453031,False,0.9441656868596047
LK1133035,0.010838030892438923,0.09903332981773447,False,0.6246083319244818,5.43725124013226,True,1.4132882235261952,11.047809182248983,True,-0.021877911028785696,-0.22303567953931308,False,-0.052185826089481774,-0.9535737614485106,False,-0.7312736708226426,-3.9270199398732943,True,0.03442798521859263,0.4884349089949588,False,0.949360389927997
LK1133040,0.108607106711277,1.0433707712849944,False,0.7721706284688565,8.820331654189395,True,1.4983618353955326,12.8567968010173,True,0.023619566395184644,0.26004685047287956,False,-0.029232418663288667,-0.5716849872757278,False,-0.5938696790797784,-3.4833362828388013,True,0.11259986004119032,1.4990406401348493,False,0.9379559440789599
LK1133045,0.40229601152836775,3.039058704399962,True,0.6928041651465915,8.226422127057685,True,1.3609760575845375,12.178292457586277,True,0.0750132098993287,0.8369791587458687,False,0.01733318786840196,0.3407133779544302,False,-0.3023184904545409,-1.5617217032263815,False,0.30396800298794163,3.2306967565965694,True,0.9236256244415814
LK1133050,0.6042149556999852,4.00797939694705,True,0.6111869018292212,7.315587810249567,True,1.2198544551635873,11.160916093917196,True,0.14040475141803987,1.5913253840190278,False,0.04045319758905205,0.7920722179380106,False,-0.143354713244085,-0.6872668543066732,False,0.4525441896906116,4.172509811054373,True,0.9169195103808261
LK1133055,0.6208156584368782,4.09801187620424,True,0.6364157112171432,7.4948464480562915,True,1.2495418694187752,11.354718942547901,True,0.10614927262671531,1.1853782191718991,False,0.04149688516160261,0.8121512219824057,False,-0.1285560848225567,-0.618891058144712,False,0.43570887810008,4.0400491309117745,True,0.9104330947848094
LK1133060,0.6524533251730799,4.5293847788269,True,0.4863218824851128,5.979439710292821,True,0.9990144543387929,9.06934491043183,True,0.32460376877672786,3.880125350093067,True,0.048510698888522524,0.9529622349421993,False,-0.1330801038745655,-0.6702095057929505,False,0.5953179462588687,5.039884022274079,True,0.9403197848272958
LK1133065,0.6694284223960922,4.344379447449908,True,0.5490504571430139,6.669688777746064,True,1.1142378928153795,10.271218117770141,True,0.2170497868927384,2.5247419817518604,False,0.04785704016934764,0.9391061095812228,False,-0.10700261129561578,-0.5073836651285625,False,0.5388594825747945,4.700757046524423,True,0.9243846768143156
LK1133070,0.45472574926522297,3.8157856840562157,True,0.5081874782701452,6.445552201239842,True,1.0219055780406718,9.500593899649141,True,0.3433348185260453,4.207435883239481,True,0.03366493342021824,0.6630129157026543,False,-0.26372213430471325,-1.465424746148595,False,0.46904101656340225,4.514287125203712,True,0.9474181360770952
LK1133075,0.4018541248123202,3.310253519862729,True,0.5594696324031687,7.085787877625168,True,1.1230989715201043,10.55558044877059,True,0.27452323830502784,3.3135975437807916,True,0.024645709052764662,0.48758182714262743,False,-0.3046192865397929,-1.646476617812255,False,0.40400707390984963,4.089069884194009,True,0.9429765633079477
LK1133080,0.5016639089388921,3.595516697396017,True,0.5950915814146578,7.362407168267025,True,1.1979094242078074,11.177847144358818,True,0.18869213490805178,2.206598891635507,False,0.0321134911466858,0.6331633141282791,False,-0.22430865056974392,-1.117963758240897,False,0.42371449373127357,4.10462424732321,True,0.9295762362802095
LK1133085,0.24293942578471414,2.315968390425296,False,0.6091526517463755,7.757723455215299,True,1.203330334749753,11.123171234266378,True,0.24660469953501546,2.922117972213995,False,0.002047397226653436,0.04032623525282066,False,-0.43117085335804184,-2.492782601702852,False,0.2863870072415462,3.263977955422183,True,0.9468610673656074
LK1133090,0.028337685188005314,0.31286365386543147,False,0.7261316494816127,8.901700788317685,True,1.4185029623192942,12.222566541466039,True,0.1288659755862248,1.4310052252640293,False,-0.04864063616757739,-0.9424526993050306,False,-0.6402302621204777,-3.9431055502790735,True,0.10042950760963747,1.3926836362330708,False,0.9473541252639817
LK1133095,0.11811657124996094,1.4260237065840158,False,0.5949576039078326,7.564847079085197,True,1.1587455996916678,9.986408803718536,True,0.3088663658606675,3.5098053122154775,True,-0.022034084393660176,-0.40758063700826286,False,-0.4994990156125596,-3.25382595296129,True,0.2095563861003686,2.5282726208180373,False,0.9557441516630785
LK1133100,0.2770459086220517,2.804998592515032,False,0.5532934672658556,7.174500513562682,True,1.0873209023574848,10.205427847460708,True,0.32605049529956787,3.9987756438593687,True,0.012757471146858514,0.2505983909014394,False,-0.3890552448462472,-2.353039862796669,False,0.3351965773216945,3.7175218479251693,True,0.9511032150521556
LK1133105,0.47254079098635027,3.8985983621423763,True,0.47530799446199196,5.9306457971054884,True,0.9581548098422571,8.647220671510707,True,0.39183021370349386,4.73868775436722,True,0.03322124304801729,0.6392912847659347,False,-0.25201918581434063,-1.4095158784734307,False,0.5018551283190894,4.47901619510219,True,0.9519378447254953
LK1133110,0.5285591424807159,3.9512605531650005,True,0.5343702125831442,6.7066434465232305,True,1.082155747522979,10.153153001722874,True,0.27895517191006003,3.3712973883813757,True,0.03849766096922819,0.7624662267997144,False,-0.20843140141152494,-1.077596583498561,False,0.48690051175254223,4.57638283509192,True,0.9384590859043367
LK1133115,0.5540606013555871,4.293789497969035,True,0.4631112578290948,5.754984478727658,True,0.9417026812597008,8.431082535156198,True,0.39130060859738813,4.709193836032123,True,0.040813567340615024,0.7883123466138798,False,-0.1983202652334295,-1.0799463378313074,False,0.5604912262319576,4.795134798839907,True,0.9504175803230545
LK1133120,0.684988147728589,4.649012537708164,True,0.4427386050293775,5.420024591539016,True,0.9119137157897419,7.958851126607415,True,0.396773603901761,4.66607840716919,True,0.04644318010938938,0.8864741546820872,False,-0.11931120235482334,-0.6166708664625635,False,0.656077106775099,5.015894880590358,True,0.9499723369580632
LK1133125,0.5555503154390414,4.21542102133116,True,0.4346949026926539,5.509881165789904,True,0.8668251883161417,7.6604346493185504,True,0.4498686980253285,5.42207469918375,True,0.040229311151072894,0.7371311234816861,False,-0.18882775731281415,-1.083180158590504,False,0.5851059224588651,4.544185407180571,True,0.9576527176578499
LK1133130,0.2761166335130019,3.0731736100572875,True,0.4651025422117335,6.067408574309699,True,0.8884690533736328,7.993902654454042,True,0.465300846275013,5.72008851906677,True,0.01580459677878902,0.282315339036803,False,-0.3207584873681365,-2.0692697126300894,False,0.35766178091770695,3.601970125179866,True,0.9616063568730508
LK1133135,0.3010136668669764,3.148496202036677,True,0.4976287362445101,6.410853857679558,True,0.9698800302353555,8.823222126561324,True,0.407480658093277,4.984397869837679,True,0.017792275534896325,0.33567871160847873,False,-0.3463439036045249,-2.147225267046977,False,0.3724171183263236,3.813200139539685,True,0.9567231726528694
LK1133140,0.3872929418033903,3.6501493854542755,True,0.4722676945030405,6.008212867359344,True,0.9301155189764132,8.358235404988681,True,0.4235629803047457,5.155076060176593,True,0.027132947521851157,0.511615081168966,False,-0.2877620387386007,-1.717788134724217,False,0.44282735779423904,4.166170006313515,True,0.9563949466215886
LK1133145,0.15227008842199158,1.8753018971542312,False,0.5051327053252087,6.38888983573204,True,0.9702447661067021,8.107398485734596,True,0.433403752849782,4.869106663886632,True,-0.024618220281936797,-0.3934694681747654,False,-0.3832498790415035,-2.479585788221285,False,0.238847135490016,2.5243139844455826,False,0.9622879858612446
LK1133150,0.2252750153447451,2.5686247826056676,False,0.5094073419912055,6.570763047962718,True,0.9834457327286108,8.788998934955824,True,0.41012409909497494,4.928394290694132,True,0.003791660316010148,0.06892488211635146,False,-0.38396878217276553,-2.4583745328490743,False,0.30937923481229235,3.2873940399945614,True,0.9590028673072135
LK1133155,0.1766354302636734,2.1034678402865308,False,0.4341986328250724,5.700018257301571,True,0.8156166695151247,7.274489919607051,True,0.5251375309663973,6.318429319420332,True,-0.013934769764350314,-0.20956270559158716,False,-0.27662873206118604,-1.799427342891137,False,0.2588964755523324,2.591805284125935,False,0.9671215669837163
LK1133160,0.6403397936939598,4.548516194040955,True,0.44759266644357665,5.505369256424914,True,0.9182885069061552,8.070699590218897,True,0.3976667680743916,4.711363547250247,True,0.044891853832205376,0.8598892681382139,False,-0.14586427516670647,-0.768364516961306,False,0.6250116216550078,4.955274820815145,True,0.9503337406736837
LK1133165,0.6282821942687649,4.4940932447513235,True,0.43588426673005637,5.4636283144437545,True,0.8829964217452386,7.777585270314775,True,0.4293408754814793,5.1378692630848475,True,0.044362159560782995,0.8276305936458815,False,-0.15386064995860227,-0.8502507804100372,False,0.6336460591558869,4.823041238286922,True,0.9549393885421666
LK1133170,0.5184076345648096,3.8865095482958245,True,0.430902068429213,5.547515434293972,True,0.8481947805546596,7.54597508488976,True,0.4685073285803356,5.6735788715796485,True,0.03738243527366877,0.6535792376338276,False,-0.18618356502987266,-1.0904597989868574,False,0.560183910482678,4.162856403134901,True,0.9605599415361281
LK1133175,0.42310612414228077,3.5338945722673927,True,0.43143332292197295,5.633875073948914,True,0.8343976221757794,7.476434054247643,True,0.48603058772503577,5.932858179647339,True,0.032609307173404184,0.5575424726202283,False,-0.21350417861510212,-1.2918232777283951,False,0.48327671887915696,3.853494378692794,True,0.9626898424860731
LK1133180,0.39412208566846113,3.274841251983291,True,0.4313973388436626,5.667239556657174,True,0.8309618569312729,7.454025045992689,True,0.49039743158961074,5.957337260010973,True,0.031481054829801555,0.5178191562392217,False,-0.19711095439284748,-1.1866263350782071,False,0.4565897463194566,3.5763675268191615,True,0.9636012605836378
LK1133185,0.3202698861379763,2.858739015590972,False,0.4325362067436508,5.731982597364118,True,0.8259094570421106,7.423078487190743,True,0.4978745233745912,6.025999759307358,True,0.02806992769070109,0.44445979044177303,False,-0.18983759689892143,-1.1522129176742584,False,0.3882705137536691,3.2038919530702965,True,0.9647289741450532
LK1133190,0.2401715899520548,2.221092279195442,False,0.43088965048941075,5.7111581296182,True,0.817612965223039,7.299020051540587,True,0.5058310095064682,6.022027602248967,True,0.020928599610488832,0.31105514532483425,False,-0.1680510198343757,-1.015659833795835,False,0.3085343089439585,2.5984542169831335,False,0.9657051183353286
LK1133195,0.1424757573234921,1.4064977985183316,False,0.4272878995208639,5.730180150678758,True,0.808267693916077,7.1978064279404315,True,0.5137790349435009,6.037471171432002,True,0.01364585461404905,0.1903615623323648,False,-0.13800231534385315,-0.8548996742007415,False,0.2097792716362,1.8846954925622872,False,0.9665112538161877
LK1133200,0.07210427801040498,0.7429019625702143,False,0.42104255216421155,5.750669306528872,True,0.7975878802717847,7.1138620608745375,True,0.5208350353977589,6.07558710250847,True,0.007995469377375747,0.10604991952180849,False,-0.10733138220618021,-0.6900687766808906,False,0.13650024577842929,1.2939321021789407,False,0.9669907127935513
LK1133205,0.027249736235037403,0.2753529594996303,False,0.4144681568322446,5.65688565432803,True,0.7863210502906817,6.9561037232568905,True,0.5264148990474453,6.015279392064499,True,-0.0005095833513341017,-0.006312020731766337,False,-0.08860680373649704,-0.573170945546755,False,0.09303543073620052,0.8730259979708577,False,0.9669985229149549
LK1133210,-0.005901852051158951,-0.059596710027891825,False,0.40888638150080286,5.602457418060236,True,0.7774868352829823,6.8570132191754904,True,0.5302418577720494,5.99041238537086,True,-0.005056273316727207,-0.05973900477542068,False,-0.07259603362705874,-0.4758930761899534,False,0.06076343307932919,0.576404141770056,False,0.9668745433062473
LK1136005,0.7317088258434957,5.27941131226343,True,0.37078927068340034,3.039665647553247,True,1.0284251915473086,5.5882309920664595,True,-0.06915524407123178,-0.3877703544853378,False,-0.15700761021553794,-2.343715386191252,False,0.5657399238749514,2.803467131942688,False,0.027057679819460303,0.3097458855056867,False,0.9462519578427789
LK1136010,0.7448694506217035,5.355279651593974,True,0.3446169411727981,2.7869087606227625,False,0.9982885793842011,5.103270607731066,True,-0.06516425529830779,-0.3443733981302601,False,-0.13626564953714496,-1.9371284680593006,False,0.6155938315141923,3.0939615296073817,True,0.012259444586276105,0.14234806595303193,False,0.9439537844742077
LK1136015,0.6757223618059934,4.931836141785025,True,0.2625063383711009,2.166224659705325,False,0.9415879318531073,5.24404711484887,True,-0.03854004316962032,-0.21877576396221268,False,-0.11404362915875242,-1.4749388430958326,False,0.5923891139686587,2.9527356922119434,True,-0.013985685638079393,-0.17361549999968945,False,0.9515899235224924
LK1136020,0.6479511348244644,4.7031450488751165,True,0.27119603729476416,2.285894641807769,False,0.9885122955243182,6.238439658936516,True,-0.06385054635303844,-0.4001268070887853,False,-0.15207685881988142,-1.9667633604141588,False,0.5115146643645171,2.4939314646930564,False,-0.002698209742643884,-0.03290867708226801,False,0.9581220796172194
LK1136025,0.6543642296745766,4.745800286992381,True,0.3240636502608408,2.72749599446858,False,1.0531374151597763,6.915970124191941,True,-0.09498748812734062,-0.624745703876616,False,-0.17907873102789196,-2.4643115241862366,False,0.46234371377870637,2.2208393024984665,False,0.015198397968899852,0.17950579317025964,False,0.9578709114125836
LK1136030,0.40859099518470465,2.7268863577141516,False,0.2000699448351061,1.660607618654837,False,1.007553207961493,7.150965646995517,True,0.0062128429646773065,0.04130403833426021,False,-0.22993412308903055,-2.4762303213242625,False,0.11876633196503317,0.5112197941067065,False,0.059793881848661065,0.674410084082139,False,0.9670624200704033
LK1136035,0.5206878008540594,3.515158303201615,True,0.20832030708998125,1.747812328314747,False,0.9708141109407088,6.732319442947802,True,-0.007993522564821082,-0.05203366543877698,False,-0.20344085036233267,-2.325159636722897,False,0.3384770525751012,1.516492382983403,False,0.014504892105724254,0.1716429227030582,False,0.9635423616388055
LK1136040,0.5655096548807546,4.076045092802071,True,0.1949237931457401,1.7175330419221473,False,0.8890256392553579,5.883384174965485,True,0.025058011373668934,0.16064398447099326,False,-0.11123489469681547,-1.3423732379235738,False,0.4915730491922678,2.3288343700688894,False,-0.027691467024460528,-0.3725081512963043,False,0.9544456156018287
LK1136045,0.4179832085023667,3.215790838293113,True,0.12085198592719604,1.138642337605246,False,0.7524253169421123,5.10449985601615,True,0.1742731802615623,1.1888079582700453,False,-0.028781054940986428,-0.3396581881667544,False,0.3951168863444778,1.8296547256640643,False,-0.04399276427379467,-0.6544978347120993,False,0.9460552161078863
LK1136050,0.303856996305599,2.4394844887158995,False,0.10365577996985838,0.9652030264797953,False,0.82384706784177,6.3725175908940415,True,0.1948144972990419,1.4381245903377542,False,-0.2114645740193603,-2.2657470175816585,False,0.13446312706411973,0.6553445944125347,False,0.018509196493070867,0.245302773537722,False,0.9579924905023123
LK1136055,0.20842222314890388,1.5638766109661548,False,0.15425867980462107,1.3693065390538413,False,1.0018676637029569,7.635046189631469,True,0.08135603966544869,0.5827093912037936,False,-0.237595727893826,-2.4562875630787393,False,-0.20791720772759908,-0.954933147998766,False,0.10885109610389543,1.359977596106397,False,0.9691231569697072
LK1136060,0.09131149474396251,0.8329675344890367,False,0.12282103296911831,1.1321793192090501,False,0.9807969032219216,7.709414525183322,True,0.1456580900338428,1.1079560747384836,False,-0.24530442465361085,-2.423430003266088,False,-0.38171063089631213,-1.9977208110346747,False,0.11295293567565792,1.595238406108492,False,0.96820379951497
LK1136065,0.15334187821983566,1.402040676112634,False,0.044756546035897626,0.42685401118984706,False,0.6981902465550082,5.349742446513486,True,0.35003866290812735,2.7695656886727367,False,-0.188503847051829,-1.9413260043375888,False,-0.004794626243542072,-0.02412026638404402,False,0.015758342884534295,0.21320482788375245,False,0.9534685937954781
LK1136070,0.03212400615317649,0.44088041544808304,False,0.040791265514127956,0.3805345438492807,False,0.7190507746500702,5.302822849370521,True,0.3912949826189015,3.271942111836822,True,-0.18439390347019097,-1.7824359733022235,False,-0.250344995420725,-1.6761784715144947,False,-0.05094615498966704,-0.8246220719103091,False,0.94460583748987
LK1136075,0.051238203409123696,0.6309219217424168,False,0.05917192912889032,0.5625420587455096,False,0.8137212352062263,6.464731959645956,True,0.32061289265391435,2.667210962096268,False,-0.2649220630656701,-2.4869903746585327,False,-0.27915821319883977,-1.7902540544925776,False,0.028996478592624875,0.4535635390599184,False,0.9550326358977326
LK1136080,0.0378250245736012,0.6338146251641099,False,0.29320495069560304,2.4292649276621185,False,0.6759633787121342,3.7751005778588924,True,0.48003143273446036,4.396682989836145,True,0.06957431043697421,0.5167252245814704,False,-0.027388212943020598,-0.18625903548472716,False,-0.12385308540718638,-2.7709099044616496,False,0.8661673366500766
LK1136085,0.049038567944188274,0.5463356304819145,False,0.16478783334612146,1.4979310455546,False,1.0773682489816738,8.895639862723483,True,0.06723555607734752,0.5818823311074262,False,-0.1408954236809708,-1.7542412451693365,False,-0.5373497851814261,-3.167313451353741,True,0.03171214091007173,0.538137523434499,False,0.9649854173996997
LK1136090,0.051213037220337265,0.7664714186160915,False,0.04880515611319354,0.4529061005226919,False,0.8463230106290104,6.703114137664749,True,0.2824657908328644,2.3555211662419664,False,-0.2268789533781733,-2.1049780095773056,False,-0.3300707308564292,-2.400530272042669,False,-0.02219067692751248,-0.4028732195215937,False,0.9436165080330854
LK1136095,0.07354625716292991,1.1613755791933935,False,-0.05516021634177076,-0.3941328635217389,False,0.5543012661308353,3.806293217593453,True,0.4211262823623305,3.7914157008620997,True,-0.06204062726355341,-0.58100516141454,False,-0.18421888548179668,-1.287846817822257,False,-0.12349200073486409,-2.3740291906962234,False,0.918164076829806
LK1136100,0.22758099253923106,2.8437384503110685,False,-0.4540575739808353,-1.9545389040259824,False,0.06768512269152224,0.2991604638518181,False,0.4321591285886752,4.388542210499778,True,0.13662951794722336,1.1351571680843715,False,0.009396905431683849,0.06519277230395432,False,-0.1771205851537128,-3.3055166939541056,True,0.9086208496795131
LK1136105,0.25925701000737406,2.694960065700277,False,-0.5220294831186896,-1.8268639259014698,False,0.1281859798654682,0.4115803094131052,False,0.3516603187190281,3.0780563252375575,True,0.14588385011063598,1.0395964687253925,False,-0.03781668369038599,-0.25470655887279303,False,-0.19606432887377787,-2.9785907663398414,True,0.9096808469861173
LK1136110,0.16116577601071,1.7139380164823406,False,-0.36498822315314944,-1.3072038301363562,False,0.3254211635401128,1.025155242813047,False,0.3434315619314654,2.5939550156642035,False,0.15840520119717372,1.094551681145151,False,-0.14736981543625186,-1.0750119749889788,False,-0.13093225907252162,-1.879657900646821,False,0.9129981268710513
LK1136115,0.13665846384737154,1.4679519549101843,False,-0.3156817070871981,-1.2784992443630874,False,0.5086338715650675,1.908541551190926,False,0.2664735355024774,1.9500211541243297,False,0.08035649814348689,0.569137886023549,False,-0.1344844468786954,-1.074374512028146,False,-0.10758745947496938,-1.7085357964020764,False,0.8968227488304079
LK1136120,0.12861296127439675,1.2688191391022778,False,-0.3515935229260915,-1.4597074625880417,False,0.5279595850420706,2.2719504652007556,False,0.253421773991092,1.9262621966647409,False,-0.011485163213411802,-0.08864905587939326,False,-0.08021752926030971,-0.6282834994251354,False,-0.1065777810564081,-1.8378197191887622,False,0.8844206489292171
LK1136125,0.10095966799731927,0.9904334726807027,False,-0.3253562751457593,-1.3790435570451536,False,0.5432388445570159,2.38638725740064,False,0.2670972399707936,2.037868768421642,False,-0.047245304921018555,-0.3616363257943139,False,-0.07185571796808017,-0.5562510948845406,False,-0.09661041259225236,-1.662737526251411,False,0.8820863854496896
LK1136130,0.15368458200414023,1.488262101343036,False,-0.3489595027020599,-1.3246554297041486,False,0.5295818567772353,2.1363871507123315,False,0.23585592243225717,1.981920517625775,False,0.05584128664331167,0.4486243477774402,False,-0.04191176640156342,-0.2826162166522601,False,-0.11307499790922977,-2.099796787346228,False,0.8904886180184214
LK1136135,0.20132369542061168,2.3161014584986086,False,-0.3174638261964184,-1.2234990916503197,False,0.5055395280912731,1.9446563246272477,False,0.2481962819152207,2.284366170173297,False,0.12346725223360552,0.9987657039249891,False,-0.040560931882997385,-0.28745971452121366,False,-0.1553301050954374,-3.0314333927580672,True,0.8882014787474218
LK1136140,0.24841743674646513,3.0269040786395043,True,-0.413169825117516,-1.5279399155540443,False,0.207725598746246,0.7660435761092124,False,0.35498622105778965,3.4108558023830713,True,0.17250175306414792,1.2922686591310828,False,0.02701514689733906,0.19077757556677888,False,-0.18309028822535256,-3.3825644094987317,True,0.885575676684729
LK1136145,0.21668952454507315,2.7327985896764555,False,-0.41239707256510283,-1.6500468673994648,False,0.07464407240309569,0.33479654752015364,False,0.43749081759887776,4.074408821290795,True,0.17038233474432005,1.3320730913553573,False,0.03441477514332193,0.24039848821983256,False,-0.14233890640103877,-2.954504554737653,True,0.8817009473672023
LK1136150,0.1534615814234291,1.8979600286437852,False,-0.26426200841156555,-1.1275593895648137,False,0.3158578370652639,1.5760997125295164,False,0.41275594793354076,3.459479204127493,True,0.04582158835205133,0.38031023576344747,False,-0.0762677248872705,-0.5062752178229747,False,-0.11363493798946706,-2.19338849695521,False,0.8950159629429052
LK1136155,0.04532321579845906,0.7494282321468764,False,0.01796136479591158,0.13431662953806645,False,0.7463586312553065,5.477453744174518,True,0.33823990445512275,2.9391886853790328,True,-0.1518997259770374,-1.39519450114808,False,-0.31245854028955994,-2.3760644076380655,False,-0.056406923692999704,-1.1822127752647094,False,0.9136145296119605
LK1136160,-0.057872972531391384,-1.0561702988620143,False,0.42100499376779627,3.5513617263519137,True,1.0706181934154395,7.05489630625565,True,0.35195230516244685,3.195060452207045,True,-0.2217138317643153,-2.2549841139985767,False,-0.4629911662983727,-3.5286413376301904,True,-0.03898337049238033,-0.7945495075752878,False,0.9164418951647572
LK1136165,0.004794096448731654,0.07161843995730141,False,0.20349581980169623,1.6721562278246296,False,1.0684624733848318,7.879904240724357,True,0.1434126237923693,1.2956260499718495,False,-0.14332583391909312,-1.7913855794371683,False,-0.5816132170224184,-4.06821158248564,True,-0.002609358699221297,-0.048929146911701804,False,0.9447117136237377
LK1136170,-0.07796097199613727,-1.2675883780605326,False,0.6960181870542135,8.412691889655063,True,1.390255044053603,10.524373480317127,True,0.1992984923817583,2.010426065587947,False,-0.1280587001410345,-2.121658819541617,False,-0.6623250222038628,-4.991297695992416,True,0.015155941843948563,0.24877827023824067,False,0.9503604089792029
LK1136175,-0.09051181579064999,-1.5921587109479307,False,0.648965927962624,7.175502269159505,True,1.3312440641512056,9.404062523595796,True,0.24330596390594755,2.301122595672578,False,-0.17902176276005663,-2.4882377672754137,False,-0.6256409518467516,-4.784257356434431,True,-0.011722558922245586,-0.2073786194456412,False,0.9406195229142927
LK1136180,-0.06880229270355301,-1.3688557892442128,False,0.5356844758411582,5.867771470379526,True,1.1064757046801061,7.267234954083461,True,0.39423802204310215,3.6041628766159257,True,-0.20039993626925218,-2.2082001293194002,False,-0.41077504736388254,-3.263175472503832,True,-0.03674690291234358,-0.7102997167558994,False,0.9242022430991945
LK1136185,-0.0038273784488838877,-0.06751439343069478,False,0.2645213300953027,2.1748722717804663,False,0.7086447128688325,4.373546110657739,True,0.507646002261405,4.916904214028031,True,-0.06124083362046852,-0.5196837228944129,False,-0.1749689182905333,-1.2806634686510374,False,-0.10877646041454503,-2.487961223916153,False,0.8821221341567094
LK1136190,0.24052742372658878,2.8268096743758138,False,-0.4220715500592002,-1.5602686719105414,False,0.04327000429499517,0.1766740220235315,False,0.4198068197357637,3.686448637096589,True,0.23924477488755558,1.6465410959161342,False,0.09270669960780223,0.6207167681695557,False,-0.13412432709853486,-2.8085212458110154,False,0.8614865228367942
LK1136195,0.20775766073825155,2.7166586339056833,False,-0.23101248269036406,-0.862149865588439,False,0.43617014748655547,1.682520349641898,False,0.2998730571471812,2.833364132738807,False,0.21659462327169837,1.6969851256813708,False,0.06734771000352183,0.4626298437925697,False,-0.15452185769624427,-3.1471586427677916,True,0.888511725327062
LK1136200,0.23904827032334164,2.932849264329123,False,-0.3171720366910981,-1.0982369443320916,False,0.2501271463886449,0.9352357820265221,False,0.34881532291859396,3.094136799661666,True,0.26738434143182466,1.8995019829241877,False,0.12395096384875001,0.8321146732508868,False,-0.14762912904339573,-2.994222476775183,True,0.8774740804503868
LK1136205,0.16023142831498713,2.4788433036141644,False,0.0006056729138962658,0.0034792984553307436,False,0.44262803850399857,2.1827113792879755,False,0.39035332501304004,3.408550919137084,True,0.252608504335422,1.700213114372894,False,0.13564212635643133,0.8930990019185495,False,-0.14507371241902473,-3.3750314802391475,True,0.8687099247453458
LK1136210,0.08655480827517839,1.417595954348727,False,0.2277697651075551,1.780540944053719,False,0.5973492972044154,3.187944406926176,True,0.44176867864500635,3.952876154424512,True,0.1735868432643666,1.1815354478154196,False,0.08168593936178657,0.5322113230266587,False,-0.1430264697386341,-3.3054280228930923,True,0.8619865944780201
LK1136215,0.07110983326953486,0.7753180982071523,False,0.11452115179207369,1.067621777920332,False,0.9809907140692152,7.885219618231567,True,0.160938908334595,1.295996051467261,False,-0.23915433780875514,-2.3777039182315907,False,-0.40690964908561805,-2.387455247214214,False,0.07285357662626106,1.1276238403067627,False,0.9645357362006984
LK1136220,0.036617471286619956,0.6191964517727413,False,0.3922574053235817,3.810747662143391,True,0.779448693330878,4.448979605202444,True,0.44737274769378416,3.9697545343626133,True,0.09008389743818736,0.6568457927938125,False,0.02236264867619755,0.15067696002214037,False,-0.1130033505745381,-2.316122797350826,False,0.8812547961998731
LK1136225,0.03677675625229069,0.6373236712189899,False,0.43507658114983105,4.786798419664389,True,0.8445756489817516,4.988936865340267,True,0.43142339945941127,3.8771450932077367,True,0.06686328336987343,0.5375538385422053,False,0.062447142418092315,0.4276661294793948,False,-0.08902844106998051,-1.6552012632439541,False,0.9144552939696512
LK1136230,-0.014249837540225912,-0.2660888070223683,False,0.46643917987409916,5.292322721126896,True,0.9212396052600659,5.5667548457359,True,0.4641299681375509,4.210637744741133,True,-0.07935680658535389,-0.7427555202448276,False,-0.13978213258357286,-1.0437406735149197,False,-0.04812923533259329,-0.8502915755505897,False,0.9313715748893697
LK1136235,-0.04393275859544537,-0.8489509345494113,False,0.5474291297607973,6.245516187297162,True,1.1102836582211335,6.925188004075281,True,0.39378257925053184,3.5293714395320244,True,-0.1632158140317817,-1.8333158777398202,False,-0.38644387171449485,-3.042789115129484,True,0.0018632459606844922,0.031176958618682513,False,0.9412511315861266
LK1136240,-0.02101993904141632,-0.36143254903670935,False,0.6228168318920482,7.361042443233167,True,1.250160698192771,8.449210172998322,True,0.293567574434446,2.730637088459958,False,-0.1146973655694481,-1.6586488275295421,False,-0.5278442509844979,-4.009668508214413,True,0.06566195124749455,0.9657916975404816,False,0.9543849919455235
LK1136245,-0.0035226129043645607,-0.06176152133787314,False,0.5483053699726865,6.176264902591143,True,1.1045576211803878,6.683841359813283,True,0.38723388125373476,3.3149957124115224,True,-0.12084812530265081,-1.3820309554323587,False,-0.3953171385760226,-2.87466838641852,False,0.06437034772366189,0.8872487113684603,False,0.9553814680255295
LK1136250,0.014741379722495646,0.2560269075755109,False,0.4183902386770395,5.011160870514914,True,0.8363642333251323,5.271331855697061,True,0.49666415624974986,4.613340982040457,True,-0.02199869094249512,-0.20447543859397668,False,-0.05385166420403315,-0.3779386942934406,False,-0.006113631889739337,-0.10152525310260972,False,0.9539594879379903
LK1136255,0.1064293702686591,1.7427693626786116,False,0.39835287401173436,4.269761205813068,True,0.804977591309194,4.617598710172914,True,0.35074591671829725,2.9698348815352102,True,0.26885776160511904,1.7545031456352187,False,0.2638772863796954,1.6075318706461346,False,-0.12079644127272719,-2.538599462743912,False,0.9088776068132989
LK1136260,0.1455080119003261,2.4024914862897346,False,0.34775439291210036,3.6428348125621888,True,0.774994165695393,4.421159233879234,True,0.3037088834691968,2.421632813771882,False,0.3476351243939774,2.1290527979566733,False,0.36033341968287946,2.044146281559248,False,-0.11554424984704181,-2.5820138513996778,False,0.9233000338604764
LK1136265,0.1604236220675923,2.6738940008651175,False,0.16157015236927724,1.0869796150579978,False,0.6307902526427533,3.124447235680263,True,0.31636129451066447,2.502600648473171,False,0.29320882965515926,1.959371060400777,False,0.2909616498656104,1.697188264963211,False,-0.14464511989463874,-3.1465749129535023,True,0.9010163168822652
LK1136270,0.22725638159202635,2.899570383159754,False,-0.21590092706663305,-0.6900400124543058,False,0.37722211799790334,1.240034490863604,False,0.29987421253771407,2.319125971493981,False,0.27981652121025574,2.0033116250223753,False,0.21828733262945985,1.2260012247373853,False,-0.12811363929249767,-2.2783474454680133,False,0.9073623227902828
LK1136275,0.1720945413380796,2.7975776005862425,False,-0.01782524038484896,-0.08754957670630485,False,0.5190095296099477,2.2247082174042725,False,0.31989594358947965,2.4831258558521694,False,0.25007915716565876,1.7821798746181476,False,0.2561917997151515,1.361464766336378,False,-0.09228514229604341,-1.79086577141474,False,0.9361645188962475
LK1136280,0.12217248580441879,2.1188742579616235,False,0.2953978503872565,3.902549681967087,True,0.6110022088820548,4.1388899560419965,True,0.4400758402655046,3.8650440141654534,True,0.3171694151586931,2.0894259727770343,False,0.2668995029875207,1.570932092062142,False,-0.01879911582992553,-0.4559848664913654,False,0.9519732077525991
LK1136285,0.1002558175802889,1.708863456658649,False,0.3368209480036569,4.557622315819702,True,0.6575838451600416,4.513846904820634,True,0.46256091208227934,4.468536594732344,True,0.23289616556639897,1.7697362570340087,False,0.26810339290307955,1.7109619200824506,False,-0.040664759090094246,-0.9164524287578647,False,0.9495116077812392
LK1136290,0.057065280426890144,0.9205799887192251,False,0.3276914126513831,4.273091353294191,True,0.6290380240488543,4.180366782240324,True,0.5567971847872482,5.439277551097596,True,0.09805664978648265,0.8433047762357919,False,0.13242533273611,0.8690592234683431,False,0.0029085885576700526,0.051145249044107215,False,0.9608230564460435
LK1136295,0.044314890663657173,0.6898344003729115,False,0.29465264248528156,4.044536137160118,True,0.5474354316578371,3.973702671009983,True,0.6165267172889052,6.176454194103214,True,0.08597472660122503,0.8026625831875479,False,0.08957747619018419,0.638730559287071,False,0.03520162450307328,0.5477517603108363,False,0.9690933448268665
LK1136300,0.05617204537037651,0.8433946251017942,False,0.49051453541748063,5.883142646045869,True,0.957255360308163,6.8456365438964575,True,0.46390466804213737,4.422198331075131,True,-0.0844101575722438,-0.9966331400742962,False,-0.33744742668706834,-2.222568844226093,False,0.13235949387298276,1.5202816734734244,False,0.9635668706545637
LK1136305,0.06439112092633086,0.9530533696470315,False,0.4530644194374599,5.668992244034898,True,0.8729065174464872,6.891496380640815,True,0.5109594100005795,5.258590889778603,True,-0.07323955819596106,-0.8531107421321962,False,-0.28941115327671796,-1.9130593863431375,False,0.14071259345974252,1.6255114497031924,False,0.9661803059910493
LK1136310,0.021477348515453132,0.3117651691112116,False,0.3509448867280913,4.93409744073029,True,0.6619037090232491,5.797002488958364,True,0.5990428705414146,6.76777887583591,True,0.000278944980134325,0.0031467790359736734,False,-0.07331492583915972,-0.5228616120046996,False,0.06774007797949838,0.8689387238099254,False,0.9724271898146951
LK1136315,0.10508872120097773,1.5975088390962746,False,0.2703026394112927,3.6512008084663874,True,0.5001002896553655,3.2919250382310237,True,0.5545509392576189,5.04059194286225,True,0.23226912911828712,1.6356697110458398,False,0.24335578688334822,1.4158874840640436,False,0.02697052428882791,0.534713549519454,False,0.9618164105834145
LK1136320,0.1220969049842892,2.0808721276799678,False,0.2506428161631511,3.115821688642294,True,0.5599956185143249,3.726604243159069,True,0.452952075411832,3.8356830316306985,True,0.313499620919386,1.890422621722918,False,0.24536070056399964,1.3801156889715591,False,0.0040602322014742665,0.09690033018553271,False,0.95413319945923
LK1136325,0.10267570058623382,1.9276664798773557,False,0.14869135556536361,1.4036531277099082,False,0.5717594833521675,3.688900665956532,True,0.41730043235257624,3.7943865500155334,True,0.21863008264854197,1.4876185988668489,False,0.1901120900945305,1.141465403789433,False,-0.024102747960060705,-0.5884756587811425,False,0.9502247577144614
LK1136330,0.1870308960818209,2.635953203048027,False,-0.2761747423391061,-0.9713142732196371,False,0.32651863390338676,1.1825315717433198,False,0.3502128984219055,3.0319282449823324,True,0.21714352349040275,1.5062818416150574,False,0.12116089690476767,0.6770066596798755,False,-0.04669817724885299,-0.8705644260935249,False,0.9443294313591418
LK1136335,0.1073826697241035,1.8637542818041462,False,0.23819365581637705,2.939451121287984,True,0.5265757893486216,3.5050240167719156,True,0.48534775851781164,4.229331664638218,True,0.2738147369127492,1.6621676637895222,False,0.22714006437039413,1.31000659698043,False,0.02405040229909559,0.5671712113628732,False,0.9557927823549706
LK1136340,0.11405673558573551,1.8774001336872352,False,0.2569115259160947,3.378674534251801,True,0.5030251206463614,3.3475331989906936,True,0.5160246828673053,4.558062066890199,True,0.2779339491466736,1.7874047691296702,False,0.24699788505171374,1.404349952271023,False,0.03223150141513976,0.721171600811121,False,0.9587515764279694
LK1136345,0.12553195059601596,1.8186053474706956,False,0.23649765824440033,3.0002089795011613,True,0.4455162436861241,2.804102520426251,False,0.5356004084620956,4.4829427349251585,True,0.290462959554725,1.654961862278375,False,0.2707704960538901,1.4344972815796349,False,0.05404298719955702,1.1185321876072007,False,0.9603510536048062
LK1136350,0.1143915558466258,1.5635040054757021,False,0.22348703639689824,2.880528615418029,False,0.3950263655198023,2.4550289442970614,False,0.5895501265825109,5.1454034160033695,True,0.24051664464157954,1.5085105347059937,False,0.2619012901023264,1.5491796597232521,False,0.07138483205356186,1.3086580193690074,False,0.964428485870283
LK1136355,0.08327555639609258,1.138493687785158,False,0.24324565746444737,3.174858073891433,True,0.42134848502709543,2.6455438183562183,False,0.6243672095293268,5.604671116351532,True,0.18338412121979278,1.35059981754657,False,0.19804108840404197,1.2310257091445809,False,0.05373808490149701,0.8786246303601557,False,0.9677838472988682
LK1136360,0.05918124051863138,0.8346119898683595,False,0.2536383968710243,3.5146986783939083,True,0.4467447616973206,3.0575737843626216,True,0.6299522101873276,6.104145155362636,True,0.14480387497174244,1.231149292260393,False,0.15420336531299975,1.0712273798523735,False,0.05596422814024844,0.8730934273902472,False,0.9698632448682647
LK1136365,0.02235409402051236,0.32705769302284904,False,0.2926281099072288,4.397503679817802,True,0.5385227359591456,4.38113999522069,True,0.6192552225479505,6.662904085112697,True,0.07943052105582975,0.8103477294109988,False,0.07839681859979117,0.5756266428099821,False,0.04216280049628507,0.6210918366564128,False,0.9718690065271146
