scheme,year,zone_id,cell_size_m,landscape_area_ha,class_area_ha,class_fraction,n_patches,patch_density_per_100ha,total_edge_m,edge_density_m_per_ha,mean_patch_area_ha,largest_patch_index_pct,aggregation_index_pct,observed_fraction,below_coverage_floor
dynamic_world,2018,LK1103005,10.0,15.15,0.03,0.0019801980198019802,1.0,6.600660066006601,20.0,1.3201320132013201,0.03,0.198019801980198,100.0,0.8559322033898306,True
dynamic_world,2018,LK1103010,10.0,205.12,10.65,0.05192082683307332,8.0,3.9001560062402496,3440.0,16.770670826833072,1.33125,4.21704368174727,93.84689922480621,0.9516121549524472,False
dynamic_world,2018,LK1103015,10.0,77.56,2.5500000000000003,0.03287777204744714,3.0,3.867973182052604,1150.0,14.82723053120165,0.85,1.9855595667870036,88.7029288702929,0.9855146124523507,False
dynamic_world,2018,LK1103020,10.0,28.2,2.05,0.0726950354609929,1.0,3.546099290780142,720.0,25.53191489361702,2.05,7.26950354609929,98.16272965879266,1.0,False
dynamic_world,2018,LK1103025,10.0,50.58,0.73,0.014432582048240411,2.0,3.954132068011072,550.0,10.873863187030446,0.365,0.7315144325820483,86.71875,1.0,False
dynamic_world,2018,LK1103030,10.0,63.11,0.41000000000000003,0.00649659324988116,2.0,3.1690698779908097,280.0,4.436697829187134,0.20500000000000002,0.38028838535889714,84.05797101449275,0.9630703494582634,False
dynamic_world,2018,LK1103035,10.0,116.87,0.37,0.0031659108411055017,1.0,0.8556515786771626,230.0,1.967998630957474,0.37,0.31659108411055015,96.72131147540983,0.8540007307270734,True
dynamic_world,2018,LK1103040,10.0,102.62,4.3500000000000005,0.04238939777821088,3.0,2.923406743324888,1420.0,13.837458585071136,1.45,3.9076203469109334,96.4975845410628,1.0,False
dynamic_world,2018,LK1103045,10.0,32.43,0.0,0.0,0.0,0.0,0.0,0.0,,0.0,,1.0,False
dynamic_world,2018,LK1103050,10.0,31.26,0.0,0.0,0.0,0.0,0.0,0.0,,0.0,,1.0,False
dynamic_world,2018,LK1103055,10.0,21.23,0.0,0.0,0.0,0.0,0.0,0.0,,0.0,,1.0,False
dynamic_world,2018,LK1103060,10.0,19.66,0.0,0.0,0.0,0.0,0.0,0.0,,0.0,,1.0,False
dynamic_world,2018,LK1103065,10.0,27.69,0.0,0.0,0.0,0.0,0.0,0.0,,0.0,,1.0,False
dynamic_world,2018,LK1103070,10.0,47.81,0.12,0.0025099351600083664,1.0,2.091612633340305,160.0,3.3465802133444886,0.12,0.25099351600083664,94.11764705882354,1.0,False
dynamic_world,2018,LK1103075,10.0,51.82,2.34,0.04515631030490158,3.0,5.789270551910459,1340.0,25.858741798533384,0.78,3.1840988035507527,91.76201372997711,1.0,False
dynamic_world,2018,LK1103080,10.0,32.57,0.0,0.0,0.0,0.0,0.0,0.0,,0.0,,1.0,False
dynamic_world,2018,LK1103085,10.0,13.42,0.79,0.05886736214605067,2.0,14.903129657228018,700.0,52.16095380029806,0.395,5.812220566318927,87.85714285714286,1.0,False
dynamic_world,2018,LK1103090,10.0,60.15,1.18,0.019617622610141314,2.0,3.3250207813798838,720.0,11.970074812967582,0.59,1.8453865336658357,93.45794392523365,1.0,False
dynamic_world,2018,LK1103095,10.0,33.85,1.68,0.049630723781388476,1.0,2.954209748892171,580.0,17.13441654357459,1.68,4.963072378138848,99.03225806451613,1.0,False
dynamic_world,2018,LK1103100,10.0,30.96,0.0,0.0,0.0,0.0,0.0,0.0,,0.0,,1.0,False
dynamic_world,2018,LK1103105,10.0,14.540000000000001,0.0,0.0,0.0,0.0,0.0,0.0,,0.0,,1.0,False
dynamic_world,2018,LK1103110,10.0,23.82,0.0,0.0,0.0,0.0,0.0,0.0,,0.0,,1.0,False
dynamic_world,2018,LK1103115,10.0,72.43,0.0,0.0,0.0,0.0,0.0,0.0,,0.0,,0.7832810641289066,True
dynamic_world,2018,LK1103120,10.0,131.4,2.19,0.016666666666666666,4.0,3.0441400304414,1770.0,13.470319634703197,0.5475,0.593607305936073,83.82352941176471,0.705124765226724,True
dynamic_world,2018,LK1103125,10.0,61.120000000000005,0.91,0.014888743455497382,4.0,6.544502617801046,880.0,14.397905759162303,0.2275,0.6053664921465968,83.95061728395062,0.8985592472802117,True
dynamic_world,2018,LK1103130,10.0,11.870000000000001,0.0,0.0,0.0,0.0,0.0,0.0,,0.0,,1.0,False
dynamic_world,2018,LK1103135,10.0,71.36,1.16,0.016255605381165918,1.0,1.4013452914798206,780.0,10.9304932735426,1.16,1.6255605381165918,91.9047619047619,1.0,False
dynamic_world,2018,LK1103140,10.0,92.07000000000001,0.3,0.0032583903551645483,2.0,2.1722602367763657,300.0,3.2583903551645483,0.15,0.30411643314869125,91.83673469387755,1.0,False
dynamic_world,2018,LK1103145,10.0,30.18,0.0,0.0,0.0,0.0,0.0,0.0,,0.0,,1.0,False
dynamic_world,2018,LK1103150,10.0,21.03,0.0,0.0,0.0,0.0,0.0,0.0,,0.0,,1.0,False
dynamic_world,2018,LK1103155,10.0,30.61,0.0,0.0,0.0,0.0,0.0,0.0,,0.0,,1.0,False
dynamic_world,2018,LK1103160,10.0,20.61,0.0,0.0,0.0,0.0,0.0,0.0,,0.0,,1.0,False
dynamic_world,2018,LK1103165,10.0,21.09,0.21,0.00995732574679943,1.0,4.74158368895211,200.0,9.48316737790422,0.21,0.9957325746799431,100.0,1.0,False
dynamic_world,2018,LK1103170,10.0,74.41,0.79,0.010616852573578821,1.0,1.3439053890606103,400.0,5.375621556242441,0.79,1.061685257357882,98.57142857142857,1.0,False
dynamic_world,2018,LK1103175,10.0,33.07,0.0,0.0,0.0,0.0,0.0,0.0,,0.0,,1.0,False
dynamic_world,2018,LK1106005,10.0,49.050000000000004,0.0,0.0,0.0,0.0,0.0,0.0,,0.0,,1.0,False
dynamic_world,2018,LK1106010,10.0,58.65,0.0,0.0,0.0,0.0,0.0,0.0,,0.0,,0.9964322120285423,False
dynamic_world,2018,LK1106015,10.0,33.61,0.99,0.02945551919071705,3.0,8.925914906277894,640.0,19.041951800059508,0.33,1.666170782505207,88.76404494382022,0.8543467208947636,True
dynamic_world,2018,LK1106020,10.0,54.57,0.56,0.010262048744731538,4.0,7.330034817665384,650.0,11.911306578706249,0.14,0.5497526113249038,78.35051546391753,1.0,False
dynamic_world,2018,LK1106025,10.0,18.06,0.18,0.009966777408637875,2.0,11.07419712070875,270.0,14.950166112956811,0.09,0.8859357696567,81.48148148148148,1.0,False
dynamic_world,2018,LK1106030,10.0,45.49,0.18,0.003956913607386239,2.0,4.396570674873598,240.0,5.275884809848318,0.09,0.37370850736425587,88.88888888888889,1.0,False
dynamic_world,2018,LK1106035,10.0,43.51,0.0,0.0,0.0,0.0,0.0,0.0,,0.0,,1.0,False
dynamic_world,2018,LK1106040,10.0,57.870000000000005,4.2700000000000005,0.07378607223086228,3.0,5.184033177812338,2570.0,44.40988422325903,1.4233333333333336,6.272680145152928,89.03940886699507,1.0,False
dynamic_world,2018,LK1106045,10.0,61.54,0.13,0.0021124471888202797,2.0,3.249918752031199,200.0,3.249918752031199,0.065,0.17874553136171595,88.88888888888889,0.9982157339821573,False
dynamic_world,2018,LK1106050,10.0,69.01,0.18,0.002608317635125344,1.0,1.4490653528474133,220.0,3.1879437762643095,0.18,0.2608317635125344,92.5925925925926,1.0,False
dynamic_world,2018,LK1106055,10.0,63.83,4.46,0.06987310042299859,5.0,7.8333072223092595,1890.0,29.609901300329,0.892,4.010653297822341,92.8150765606596,0.957258548290342,False
dynamic_world,2018,LK1106060,10.0,61.54,0.0,0.0,0.0,0.0,0.0,0.0,,0.0,,0.9935421375524701,False
dynamic_world,2018,LK1106065,10.0,140.78,39.36,0.2795851683477767,10.0,7.103281716152862,10870.0,77.21267225458162,3.9360000000000004,13.787469811052706,93.5966950684224,0.968825270112174,False
dynamic_world,2018,LK1106070,10.0,92.03,10.67,0.11594045419971748,9.0,9.779419754427904,4070.0,44.224709333912855,1.1855555555555557,5.074432250353146,92.8916827852998,0.95111616370401,False
dynamic_world,2018,LK1106075,10.0,121.72,21.38,0.17564903056194545,12.0,9.85869208018403,6430.0,52.82615839631942,1.7816666666666665,7.525468287873808,93.13889552952426,1.0,False
dynamic_world,2018,LK1106080,10.0,40.62,1.1300000000000001,0.027818808468734618,1.0,2.461841457410143,620.0,15.263417035942886,1.1300000000000001,2.7818808468734617,95.58823529411765,1.0,False
dynamic_world,2018,LK1106085,10.0,53.550000000000004,4.36,0.08141923436041083,4.0,7.469654528478057,1950.0,36.41456582633053,1.09,6.479925303454714,91.20481927710843,1.0,False
dynamic_world,2018,LK1106090,10.0,36.25,0.8300000000000001,0.02289655172413793,3.0,8.275862068965518,480.0,13.241379310344827,0.27666666666666667,1.8758620689655172,85.71428571428571,1.0,False
dynamic_world,2018,LK1106095,10.0,49.02,0.17,0.00346797225622195,2.0,4.079967360261118,150.0,3.059975520195838,0.085,0.30599755201958384,76.0,1.0,False
dynamic_world,2018,LK1106100,10.0,17.68,0.0,0.0,0.0,0.0,0.0,0.0,,0.0,,1.0,False
dynamic_world,2018,LK1106105,10.0,32.79,1.43,0.043610856968587984,2.0,6.099420555047271,860.0,26.227508386703263,0.715,4.025617566331198,92.74809160305344,1.0,False
dynamic_world,2018,LK1106110,10.0,25.43,0.0,0.0,0.0,0.0,0.0,0.0,,0.0,,1.0,False
dynamic_world,2018,LK1106115,10.0,40.050000000000004,0.89,0.02222222222222222,9.0,22.47191011235955,1440.0,35.955056179775276,0.0988888888888889,0.6741573033707865,66.66666666666667,1.0,False
dynamic_world,2018,LK1106120,10.0,28.84,0.29,0.010055478502080443,1.0,3.4674063800277395,170.0,5.894590846047157,0.29,1.0055478502080442,95.74468085106383,1.0,False
dynamic_world,2018,LK1106125,10.0,55.13,0.35000000000000003,0.006348630509704335,3.0,5.441683294032287,360.0,6.530019952838744,0.11666666666666667,0.5260293850897877,84.48275862068965,1.0,False
dynamic_world,2018,LK1106130,10.0,29.22,0.0,0.0,0.0,0.0,0.0,0.0,,0.0,,1.0,False
dynamic_world,2018,LK1106135,10.0,41.910000000000004,0.0,0.0,0.0,0.0,0.0,0.0,,0.0,,1.0,False
dynamic_world,2018,LK1106140,10.0,30.240000000000002,0.01,0.00033068783068783067,1.0,3.3068783068783065,20.0,0.6613756613756613,0.01,0.03306878306878307,0.0,1.0,False
dynamic_world,2018,LK1106145,10.0,78.53,2.59,0.03298102635935311,3.0,3.8201961033999745,1140.0,14.516745192919903,0.8633333333333333,2.8778810645613144,94.43298969072166,1.0,False
dynamic_world,2018,LK1106150,10.0,99.13,6.7,0.06758801573691113,4.0,4.035105417129023,3060.0,30.868556441037022,1.675,3.7627358014728136,92.1583850931677,1.0,False
dynamic_world,2018,LK1106155,10.0,86.75,11.5,0.13256484149855907,8.0,9.221902017291066,3590.0,41.38328530259366,1.4375,7.066282420749279,93.54838709677419,1.0,False
dynamic_world,2018,LK1106160,10.0,46.63,3.54,0.07591679176495818,10.0,21.44542140253056,3240.0,69.48316534419901,0.354,3.1739223675745225,80.29850746268657,1.0,False
dynamic_world,2018,LK1106165,10.0,175.20000000000002,37.04,0.21141552511415523,25.0,14.269406392694062,12460.0,71.1187214611872,1.4816,13.14497716894977,91.61405435080977,1.0,False
dynamic_world,2018,LK1106170,10.0,37.53,2.35,0.06261657340794032,1.0,2.664535038635758,630.0,16.786570743405274,2.35,6.261657340794032,97.9498861047836,1.0,False
dynamic_world,2018,LK1106175,10.0,63.04,1.2,0.019035532994923856,2.0,3.1725888324873095,760.0,12.055837563451776,0.6,1.4593908629441625,92.66055045871559,1.0,False
dynamic_world,2018,LK1106180,10.0,46.52,0.63,0.01354256233877902,3.0,6.44883920894239,310.0,6.663800515907136,0.21,1.0318142734307825,88.18181818181819,1.0,False
dynamic_world,2018,LK1106185,10.0,92.75,10.86,0.11708894878706198,5.0,5.390835579514825,3610.0,38.921832884097036,2.172,8.021563342318059,93.87464387464388,1.0,False
dynamic_world,2018,LK1106190,10.0,24.47,0.0,0.0,0.0,0.0,0.0,0.0,,0.0,,1.0,False
dynamic_world,2018,LK1106195,10.0,23.93,0.0,0.0,0.0,0.0,0.0,0.0,,0.0,,1.0,False
dynamic_world,2018,LK1106200,10.0,66.49,34.82,0.5236877725973831,1.0,1.5039855617386075,3340.0,50.23311776206949,34.82,52.36877725973831,98.5390796201607,1.0,False
dynamic_world,2018,LK1106205,10.0,54.24,13.83,0.25497787610619466,2.0,3.687315634218289,2350.0,43.325958702064895,6.915,24.428466076696164,97.17577108881457,1.0,False
dynamic_world,2018,LK1106210,10.0,27.810000000000002,6.3,0.22653721682847894,1.0,3.595828838547285,810.0,29.126213592233007,6.3,22.653721682847895,99.33829611248966,1.0,False
dynamic_world,2018,LK1106215,10.0,68.67,4.37,0.0636376874908985,4.0,5.82495995340032,2060.0,29.99854376001165,1.0925,4.208533566331731,92.66826923076923,1.0,False
dynamic_world,2018,LK1106220,10.0,69.14,16.93,0.2448654903095169,12.0,17.356089094590686,2460.0,35.5799826439109,1.4108333333333334,23.28608620190917,96.45776566757493,1.0,False
dynamic_world,2018,LK1106225,10.0,23.0,0.0,0.0,0.0,0.0,0.0,0.0,,0.0,,1.0,False
dynamic_world,2018,LK1106230,10.0,31.43,0.0,0.0,0.0,0.0,0.0,0.0,,0.0,,1.0,False
dynamic_world,2018,LK1109005,10.0,179.94,38.67,0.21490496832277428,15.0,8.336112037345782,8930.0,49.62765366233189,2.5780000000000003,15.833055462932089,94.30937048232356,0.9921155648673982,False
dynamic_world,2018,LK1109010,10.0,137.18,23.400000000000002,0.17057880157457356,20.0,14.57938474996355,7580.0,55.25586820236186,1.17,8.230062691354425,92.95221470652412,0.9836512261580381,False
dynamic_world,2018,LK1109015,10.0,106.23,17.150000000000002,0.16144215381718913,6.0,5.648121999435188,5240.0,49.326932128400635,2.8583333333333334,8.246258119175375,92.9190319689274,1.0,False
dynamic_world,2018,LK1109020,10.0,176.87,35.58,0.2011646972352575,14.0,7.915418103691977,8790.0,49.69751795103748,2.5414285714285714,14.349522247978742,94.09662664379645,1.0,False
dynamic_world,2018,LK1109025,10.0,228.27,80.66,0.3533534849082227,16.0,7.009243439786218,18280.0,80.08060629955754,5.04125,17.290927410522627,94.40822467402207,0.9879679723003679,False
dynamic_world,2018,LK1109030,10.0,135.35,40.06,0.29597340229035835,8.0,5.910602142593277,10890.0,80.45807166605098,5.0075,20.42113040265977,94.44514901712111,0.9855821743246195,False
dynamic_world,2018,LK1109035,10.0,129.12,32.93,0.25503407682775714,15.0,11.617100371747211,9630.0,74.5817843866171,2.1953333333333336,11.787484510532837,93.7413073713491,0.9795918367346939,False
dynamic_world,2018,LK1109040,10.0,257.19,81.99,0.31879155488160504,21.0,8.16516971888487,18780.0,73.01994634317042,3.9042857142857144,22.388117733970994,94.34509126788357,0.9871799792730204,False
dynamic_world,2018,LK1109045,10.0,183.48,37.730000000000004,0.20563549160671465,30.0,16.350555918901243,12410.0,67.63679965118814,1.2576666666666667,6.387617178984086,90.3812474740671,1.0,False
dynamic_world,2018,LK1109050,10.0,107.54,45.62,0.4242142458620048,13.0,12.08852519992561,10430.0,96.987167565557,3.509230769230769,38.590291984377906,93.55807743658211,1.0,False
dynamic_world,2018,LK1109055,10.0,183.04,51.26,0.2800480769230769,8.0,4.370629370629371,7810.0,42.66826923076923,6.4075,22.661713286713287,96.03284527107242,1.0,False
dynamic_world,2018,LK1109060,10.0,261.35,95.8,0.3665582552133154,15.0,5.739429883298259,19390.0,74.19169695810216,6.386666666666667,30.235316625215226,94.90613794558111,1.0,False
dynamic_world,2018,LK1109065,10.0,56.92,8.99,0.1579409697821504,2.0,3.5137034434293746,1720.0,30.21784961349262,4.495,15.776528460997891,94.07364787111622,1.0,False
dynamic_world,2018,LK1109070,10.0,210.41,23.85,0.11335012594458439,21.0,9.980514234114349,9320.0,44.29447269616463,1.1357142857142857,3.017917399363148,89.59760273972603,1.0,False
dynamic_world,2018,LK1109075,10.0,286.92,120.5,0.41997769413076813,16.0,5.576467307960407,19870.0,69.2527533807333,7.53125,28.910497699707236,95.23031825795645,1.0,False
dynamic_world,2018,LK1109080,10.0,509.42,196.65,0.38602724667268656,36.0,7.0668603509873975,38110.0,74.81056888225825,5.4625,12.46908248596443,94.27130016133576,1.0,False
dynamic_world,2018,LK1109085,10.0,188.96,84.11,0.4451206604572396,16.0,8.46740050804403,17360.0,91.87129551227773,5.256875,21.501905165114312,94.29017910806587,1.0,False
dynamic_world,2018,LK1109090,10.0,175.13,91.65,0.523325529606578,20.0,11.420087934677097,15620.0,89.19088676982813,4.5825000000000005,40.50134186033233,95.45705149410078,1.0,False
dynamic_world,2018,LK1109095,10.0,223.86,60.47,0.27012418475833105,22.0,9.827570803180558,18020.0,80.49673903332439,2.748636363636364,11.45358706334316,93.03903501424024,0.982229827563512,False
dynamic_world,2018,LK1109100,10.0,192.59,114.28,0.5933849109507243,18.0,9.34627966145698,15120.0,78.50874915623864,6.348888888888889,42.208837426657674,96.23708152990018,1.0,False
dynamic_world,2018,LK1109105,10.0,90.37,35.78,0.39592785216332854,12.0,13.27874294566781,8520.0,94.27907491424145,2.981666666666667,20.692707756999003,93.20636725412166,1.0,False
dynamic_world,2018,LK1109110,10.0,125.15,44.35,0.35437475029964044,8.0,6.392329204954055,9490.0,75.82900519376747,5.54375,15.725129844186975,94.27655677655677,1.0,False
dynamic_world,2018,LK1109115,10.0,228.91,41.550000000000004,0.18151238478004458,33.0,14.416146083613647,14420.0,62.99418985627539,1.259090909090909,8.151675330916081,89.52450800635619,1.0,False
dynamic_world,2018,LK1109120,10.0,205.63,74.09,0.3603073481495891,19.0,9.239896902202986,17190.0,83.59675144677334,3.899473684210527,14.453143996498566,94.31888016387846,1.0,False
dynamic_world,2018,LK1109125,10.0,222.03,50.97,0.229563572490204,8.0,3.60311669594199,12630.0,56.884204837184164,6.37125,16.38066927892627,93.23450402944981,1.0,False
dynamic_world,2018,LK1109130,10.0,141.83,21.650000000000002,0.15264753578227455,13.0,9.16590284142988,7360.0,51.89311147147993,1.6653846153846155,8.094197278431924,92.02077431539188,1.0,False
dynamic_world,2018,LK1109135,10.0,91.51,3.75,0.04097912796415692,8.0,8.74221396568681,1820.0,19.888536771937492,0.46875,2.4806032127636324,87.0604781997187,1.0,False
dynamic_world,2018,LK1109140,10.0,54.38,4.18,0.07686649503493931,2.0,3.6778227289444647,1980.0,36.4104450165502,2.09,4.1927179109966906,87.54716981132076,1.0,False
dynamic_world,2018,LK1109145,10.0,131.06,8.78,0.06699221730505112,11.0,8.39310239584923,4470.0,34.10651609949641,0.7981818181818181,3.0062566763314513,87.44103773584905,1.0,False
dynamic_world,2018,LK1109150,10.0,177.44,6.640000000000001,0.03742110009017133,13.0,7.326420198376916,3260.0,18.372407574391342,0.5107692307692309,1.3469341749323716,86.52037617554859,1.0,False
dynamic_world,2018,LK1109155,10.0,151.48,8.35,0.05512278848692897,8.0,5.281225244256668,3450.0,22.77528386585688,1.04375,1.9012410879324004,91.1910669975186,1.0,False
dynamic_world,2018,LK1109160,10.0,101.29,10.08,0.09951624049758119,7.0,6.91085003455425,3340.0,32.97462730773028,1.44,5.222628097541712,92.31557377049181,1.0,False
dynamic_world,2018,LK1109165,10.0,59.620000000000005,16.67,0.27960415967796043,5.0,8.386447500838644,3040.0,50.98960080509896,3.3339999999999996,25.66252935256625,95.78720787207872,1.0,False
dynamic_world,2018,LK1109170,10.0,86.18,3.15,0.03655140403805987,5.0,5.801810164771409,1680.0,19.494082153631933,0.63,2.610814574147134,91.91919191919192,1.0,False
dynamic_world,2018,LK1109175,10.0,46.38,1.1500000000000001,0.024795170332039675,5.0,10.780508840017248,850.0,18.32686502802932,0.23,1.7033203967227253,89.42307692307692,1.0,False
dynamic_world,2018,LK1109180,10.0,58.31,0.66,0.011318813239581548,1.0,1.714971702966901,370.0,6.3453953009775335,0.66,1.1318813239581547,95.65217391304348,1.0,False
dynamic_world,2018,LK1109185,10.0,124.60000000000001,11.99,0.09622792937399678,18.0,14.446227929373995,6300.0,50.561797752808985,0.6661111111111112,2.889245585874799,85.69587628865979,1.0,False
dynamic_world,2018,LK1109190,10.0,200.61,20.59,0.1026369572802951,20.0,9.969592742136482,7670.0,38.23338816609341,1.0295,3.1454065101440603,90.31537124410231,1.0,False
dynamic_world,2018,LK1109195,10.0,170.93,18.12,0.1060083074942959,13.0,7.605452524425203,6480.0,37.91025566021178,1.393846153846154,4.656877084186509,91.40757490107406,1.0,False
dynamic_world,2018,LK1109200,10.0,193.05,55.43,0.2871276871276871,25.0,12.95001295001295,16590.0,85.93628593628593,2.2172,12.312872312872312,92.0087775441163,1.0,False
dynamic_world,2018,LK1109205,10.0,205.12,33.99,0.16570787831513262,34.0,16.57566302652106,15200.0,74.10296411856474,0.9997058823529412,2.676482059282371,88.2801975752133,1.0,False
dynamic_world,2018,LK1109210,10.0,173.16,55.68,0.32155232155232155,12.0,6.93000693000693,15100.0,87.20258720258721,4.64,25.796950796950796,93.9741489168032,1.0,False
dynamic_world,2018,LK1109215,10.0,120.17,41.9,0.3486727136556545,10.0,8.321544478655237,11710.0,97.44528584505284,4.19,18.706831988016976,93.4060606060606,1.0,False
dynamic_world,2018,LK1109220,10.0,194.79,35.81,0.1838390061091432,21.0,10.780840905590637,13250.0,68.02197238051235,1.7052380952380952,6.745726166640998,90.98267537631355,1.0,False
dynamic_world,2018,LK1109225,10.0,126.56,10.8,0.08533501896333755,8.0,6.321112515802781,3750.0,29.630214917825537,1.35,2.5126422250316054,90.01910219675263,1.0,False
dynamic_world,2018,LK1109230,10.0,90.55,21.14,0.23346217559359472,8.0,8.83489784649365,6280.0,69.35394809497515,2.6425,8.216454997239095,91.77949709864603,1.0,False
dynamic_world,2018,LK1109235,10.0,215.51,22.7,0.1053315391397151,14.0,6.496218272933971,6500.0,30.16101341005058,1.6214285714285714,6.524059208389402,93.24932493249325,1.0,False
dynamic_world,2018,LK1109240,10.0,11.46,0.08,0.006980802792321116,1.0,8.726003490401396,140.0,12.216404886561953,0.08,0.6980802792321117,90.0,1.0,False
dynamic_world,2018,LK1109245,10.0,45.79,6.61,0.14435466259008517,3.0,6.551648831622625,1710.0,37.344398340248965,2.2033333333333336,13.976850840794933,91.33858267716535,1.0,False
dynamic_world,2018,LK1109250,10.0,58.08,4.08,0.07024793388429752,3.0,5.1652892561983474,1470.0,25.3099173553719,1.36,6.9559228650137745,87.35483870967742,1.0,False
dynamic_world,2018,LK1109255,10.0,61.77,6.0200000000000005,0.09745831309697264,2.0,3.237817710862878,2080.0,33.67330419297394,3.0100000000000002,7.9326533916140525,95.06065857885615,1.0,False
dynamic_world,2018,LK1109260,10.0,79.32000000000001,10.75,0.13552697932425617,8.0,10.085728693898133,5450.0,68.70902672718103,1.34375,8.535047907211295,89.97120921305182,1.0,False
dynamic_world,2018,LK1109265,10.0,187.23,29.16,0.1557442717513219,12.0,6.409229290177857,7040.0,37.60081183571009,2.43,13.411312289697165,95.3529000698812,1.0,False
dynamic_world,2018,LK1109270,10.0,59.800000000000004,4.54,0.07591973244147157,4.0,6.68896321070234,1530.0,25.585284280936452,1.135,4.866220735785953,92.83236994219654,1.0,False
dynamic_world,2018,LK1109275,10.0,113.32000000000001,21.32,0.1881397811507236,6.0,5.294740557712672,5520.0,48.71161313095658,3.5533333333333332,5.162372043769855,94.70151042915369,1.0,False
dynamic_world,2018,LK1109280,10.0,174.04,29.990000000000002,0.17231670880257413,16.0,9.193288899103655,9790.0,56.25143645139049,1.8743750000000001,7.038611813376236,92.42527173913044,1.0,False
dynamic_world,2018,LK1109285,10.0,133.31,8.31,0.06233590878403721,17.0,12.752231640537094,4840.0,36.30635361188208,0.4888235294117647,1.8978321206211088,85.66084788029926,1.0,False
dynamic_world,2018,LK1112005,10.0,414.29,138.5,0.3343068864804847,38.0,9.172318907045788,34440.0,83.13017451543604,3.6447368421052633,15.515701561707981,93.59525196621031,1.0,False
dynamic_world,2018,LK1112010,10.0,113.98,56.75,0.49789436743288296,8.0,7.01877522372346,8510.0,74.6622214423583,7.09375,26.592384628882257,95.43709259755336,0.9816553268452329,False
dynamic_world,2018,LK1112015,10.0,151.3,95.53,0.6313945803040317,6.0,3.965631196298744,14300.0,94.5142101784534,15.921666666666669,59.65631196298744,95.62665256478054,1.0,False
dynamic_world,2018,LK1112020,10.0,280.49,187.72,0.6692573710292702,9.0,3.2086705408392455,23380.0,83.35413027202395,20.85777777777778,65.5567043388356,96.62454050283077,0.9994655074116305,False
dynamic_world,2018,LK1112025,10.0,213.84,123.18,0.5760381593714927,15.0,7.014590347923681,23060.0,107.83763561541339,8.212,50.528432472876915,95.17080363725731,1.0,False
dynamic_world,2018,LK1112030,10.0,120.9,48.44,0.4006617038875103,8.0,6.617038875103391,10470.0,86.60049627791562,6.055,19.520264681555002,94.66904063678257,1.0,False
dynamic_world,2018,LK1112035,10.0,232.21,79.63,0.3429223547650833,25.0,10.766116876964816,23820.0,102.57956160372076,3.1852,17.837302441755305,92.19533879469105,1.0,False
dynamic_world,2018,LK1112040,10.0,228.27,68.21000000000001,0.29881280939238625,40.0,17.523108599465544,20280.0,88.84216059929031,1.7052500000000002,13.615455381784727,92.41614722469575,1.0,False
dynamic_world,2018,LK1112045,10.0,123.83,42.800000000000004,0.34563514495679565,20.0,16.151174997981105,12460.0,100.62182023742227,2.14,26.568682871678917,92.33598291612292,1.0,False
dynamic_world,2018,LK1112050,10.0,66.77,12.3,0.18421446757525836,18.0,26.95821476711098,5770.0,86.41605511457242,0.6833333333333333,7.218810843193051,87.48430305567183,1.0,False
dynamic_world,2018,LK1112055,10.0,160.16,48.69,0.3040084915084915,21.0,13.111888111888112,15590.0,97.34015984015984,2.3185714285714285,8.254245754245755,91.78995624088351,1.0,False
dynamic_world,2018,LK1112060,10.0,80.45,11.290000000000001,0.1403356121814792,18.0,22.37414543194531,6440.0,80.0497203231821,0.6272222222222222,3.4182722187694217,83.78995433789954,1.0,False
dynamic_world,2018,LK1112065,10.0,107.21000000000001,30.060000000000002,0.28038429251002706,33.0,30.780710754593784,13620.0,127.04038802350526,0.910909090909091,7.266113235705624,87.15689596746866,1.0,False
dynamic_world,2018,LK1112070,10.0,269.36,44.050000000000004,0.16353578853578854,35.0,12.993762993762994,17130.0,63.59518859518859,1.2585714285714287,4.076329076329076,89.25896047020859,1.0,False
dynamic_world,2018,LK1112075,10.0,153.14000000000001,57.550000000000004,0.3757999216403291,16.0,10.447956118584301,11150.0,72.80919420138434,3.5968750000000003,31.50711767010578,95.18401126958972,1.0,False
dynamic_world,2018,LK1112080,10.0,474.94,295.0,0.6211310902429781,21.0,4.4216111508822165,33240.0,69.98778793110709,14.04761904761905,59.60121278477281,96.88693398799782,1.0,False
dynamic_world,2018,LK1112085,10.0,283.32,115.67,0.4082662713539461,30.0,10.58873358746294,18390.0,64.90893689114782,3.8556666666666666,27.89778342510236,95.40535823370277,1.0,False
dynamic_world,2018,LK1112090,10.0,114.72,43.34,0.37778940027894004,11.0,9.588563458856346,9160.0,79.8465829846583,3.94,26.534170153417016,94.59934395501406,1.0,False
dynamic_world,2018,LK1112095,10.0,57.870000000000005,13.0,0.22464143770520129,6.0,10.368066355624675,3890.0,67.21963020563331,2.1666666666666665,13.893208916537066,92.6790660862683,1.0,False
dynamic_world,2018,LK1112100,10.0,123.24000000000001,32.75,0.2657416423239208,7.0,5.679974034404414,11980.0,97.20869847452126,4.678571428571429,15.952612788055825,91.56177156177156,1.0,False
dynamic_world,2018,LK1112105,10.0,202.24,50.18,0.24812104430379744,39.0,19.28401898734177,19090.0,94.39280063291139,1.2866666666666666,9.26621835443038,90.51950677178088,1.0,False
dynamic_world,2018,LK1112110,10.0,63.690000000000005,2.85,0.04474799811587376,6.0,9.420631182289213,1220.0,19.155283403988065,0.47500000000000003,2.1353430679855547,90.48507462686567,1.0,False
dynamic_world,2018,LK1112115,10.0,79.92,18.66,0.23348348348348347,13.0,16.266266266266268,7620.0,95.34534534534534,1.4353846153846155,9.50950950950951,90.37037037037037,1.0,False
dynamic_world,2018,LK1112120,10.0,91.7,9.42,0.10272628135223555,10.0,10.905125408942203,4280.0,46.673936750272624,0.9420000000000001,4.143947655398037,90.99890230515916,1.0,False
dynamic_world,2018,LK1112125,10.0,134.55,16.46,0.12233370494240059,10.0,7.432181345224823,5410.0,40.20810107766629,1.646,7.989594946116685,92.80373831775701,1.0,False
dynamic_world,2018,LK1112130,10.0,90.51,5.49,0.060656281073914485,12.0,13.25820351342393,3340.0,36.90199977902994,0.4575,1.6351784333222847,85.82302568981922,1.0,False
dynamic_world,2018,LK1112135,10.0,93.88,8.56,0.09118023008095442,12.0,12.78227524499361,4160.0,44.311887515977844,0.7133333333333333,2.907967618236046,87.47731397459165,1.0,False
dynamic_world,2018,LK1112140,10.0,60.43,7.7,0.12742015555187822,7.0,11.5836505047162,3120.0,51.62998510673506,1.1,5.129902366374317,89.01617250673854,1.0,False
dynamic_world,2018,LK1112145,10.0,84.12,7.48,0.08892058963385639,14.0,16.642891107941036,3210.0,38.15977175463623,0.5342857142857144,6.894912030432715,86.88410825815406,1.0,False
dynamic_world,2018,LK1112150,10.0,97.94,6.73,0.06871554012660813,14.0,14.294465999591587,3090.0,31.54992852767,0.4807142857142857,3.9616091484582396,88.71715610510046,1.0,False
dynamic_world,2018,LK1112155,10.0,117.33,17.69,0.15077132873092988,12.0,10.227563283047814,5080.0,43.296684564902414,1.4741666666666666,6.298474388476945,92.99160150593687,1.0,False
dynamic_world,2018,LK1112160,10.0,100.17,23.13,0.23090745732255163,15.0,14.974543276430069,8850.0,88.3498053309374,1.5419999999999998,5.979834281721074,90.63810995804813,1.0,False
dynamic_world,2018,LK1112165,10.0,304.97,131.88,0.4324359773092435,25.0,8.197527625668098,28150.0,92.30416106502278,5.2752,28.953667573859722,94.15589382697162,1.0,False
dynamic_world,2018,LK1112170,10.0,222.14000000000001,74.23,0.3341586386963176,31.0,13.95516341046187,22900.0,103.08814261276672,2.394516129032258,11.438732330962456,92.06706195052136,1.0,False
dynamic_world,2018,LK1112175,10.0,116.61,33.56,0.2877969299373982,26.0,22.296544035674472,10010.0,85.84169453734671,1.2907692307692307,9.270216962524655,91.34323832625834,1.0,False
dynamic_world,2018,LK1112180,10.0,158.0,44.17,0.2795569620253165,22.0,13.924050632911392,14220.0,90.0,2.007727272727273,12.29746835443038,89.5988966785427,1.0,False
dynamic_world,2018,LK1112185,10.0,151.89000000000001,57.69,0.3798143393245111,17.0,11.192310224504574,14980.0,98.6240042135756,3.3935294117647063,12.996247284218843,92.90356578253996,1.0,False
dynamic_world,2018,LK1112190,10.0,178.39000000000001,28.990000000000002,0.1625091092550031,21.0,11.771960311676663,11460.0,64.2412691294355,1.3804761904761904,7.618140030270754,89.98242530755712,1.0,False
dynamic_world,2018,LK1112195,10.0,77.86,4.8500000000000005,0.062291292062676605,15.0,19.26534806062163,2610.0,33.52170562548164,0.32333333333333336,3.8530696121243255,83.56756756756756,1.0,False
dynamic_world,2018,LK1112200,10.0,84.88,13.42,0.15810556079170596,9.0,10.60320452403393,5130.0,60.438265786993405,1.4911111111111113,5.6903864278982095,89.57854406130268,1.0,False
dynamic_world,2018,LK1112205,10.0,113.99000000000001,11.05,0.09693832792350206,14.0,12.281779103430125,5820.0,51.05711027283095,0.7892857142857144,1.7545398719185892,84.08772748483435,1.0,False
dynamic_world,2018,LK1112210,10.0,71.04,9.31,0.13105292792792791,8.0,11.26126126126126,3500.0,49.26801801801801,1.16375,5.729166666666666,91.61111111111111,1.0,False
dynamic_world,2018,LK1112215,10.0,49.980000000000004,11.74,0.2348939575830332,4.0,8.003201280512204,2940.0,58.8235294117647,2.935,11.464585834333732,94.29574374725757,1.0,False
dynamic_world,2018,LK1112220,10.0,55.63,13.15,0.23638324644975733,4.0,7.190364911019234,4540.0,81.6106417400683,3.2875,12.457307208340822,90.88775909268674,1.0,False
dynamic_world,2018,LK1112225,10.0,59.410000000000004,13.84,0.23295741457667057,13.0,21.88183807439825,4140.0,69.68523817539135,1.0646153846153847,9.577512203332772,91.90493873004084,1.0,False
dynamic_world,2018,LK1112230,10.0,186.61,47.36,0.2537913295107443,14.0,7.502277477091259,12460.0,66.7702695461122,3.382857142857143,9.147419752424842,92.75766016713092,1.0,False
dynamic_world,2018,LK1112235,10.0,18.490000000000002,3.21,0.17360735532720387,7.0,37.858301784748505,1880.0,101.6765819361817,0.4585714285714286,9.302325581395348,84.98349834983499,1.0,False
dynamic_world,2018,LK1112240,10.0,72.72,12.870000000000001,0.176980198019802,7.0,9.625962596259626,3430.0,47.16721672167217,1.8385714285714287,14.686468646864686,93.60511590727418,1.0,False
dynamic_world,2018,LK1112245,10.0,194.32,39.96,0.20564018114450391,30.0,15.438452037875669,15850.0,81.56648826677646,1.3319999999999999,6.983326471799095,89.31977113795296,1.0,False
dynamic_world,2018,LK1112250,10.0,154.19,54.95,0.35637849406576305,25.0,16.21376224139049,15380.0,99.74706530903431,2.198,14.624813541734225,92.14094640715801,1.0,False
dynamic_world,2018,LK1112255,10.0,106.21000000000001,33.81,0.3183316071932963,11.0,10.3568402222013,10510.0,98.95490066848696,3.0736363636363637,22.1824686940966,92.29495861550038,1.0,False
dynamic_world,2018,LK1112260,10.0,135.45,30.59,0.22583979328165377,15.0,11.07419712070875,9310.0,68.73385012919897,2.0393333333333334,10.402362495385752,92.19244215082404,1.0,False
dynamic_world,2018,LK1112265,10.0,119.37,33.57,0.2812264388037195,8.0,6.701851386445505,7410.0,62.07589846695149,4.19625,24.235570076233557,94.45286450439527,1.0,False
dynamic_world,2018,LK1112270,10.0,135.38,51.2,0.3781947111833358,15.0,11.079923179199291,12230.0,90.33830698773822,3.413333333333333,17.1738809277589,93.16561014263074,1.0,False
dynamic_world,2018,LK1112275,10.0,234.39000000000001,90.45,0.38589530270062716,22.0,9.386065958445325,16140.0,68.8595929860489,4.111363636363636,17.829258927428643,94.8321135258953,1.0,False
dynamic_world,2018,LK1112280,10.0,82.44,28.87,0.35019408054342555,10.0,12.1300339640951,8920.0,108.19990295972829,2.887,10.722950024260069,91.06953759265797,0.9294250281848929,False
dynamic_world,2018,LK1112285,10.0,216.98000000000002,120.4,0.5548898515992258,13.0,5.991335606968383,20050.0,92.40482993824315,9.261538461538462,39.18333486957323,95.4694048616932,0.9996314383119874,False
dynamic_world,2018,LK1112290,10.0,250.1,108.22,0.4327069172331068,18.0,7.197121151539385,22960.0,91.80327868852459,6.0122222222222215,26.873250699720117,94.555633310007,1.0,False
dynamic_world,2018,LK1112295,10.0,147.25,100.8,0.6845500848896434,6.0,4.074702886247878,13440.0,91.27334465195246,16.8,58.73684210526316,96.35252267147652,1.0,False
dynamic_world,2018,LK1112300,10.0,185.08,103.06,0.5568402852820402,9.0,4.862762048843743,16470.0,88.98854549384049,11.45111111111111,52.663712988977736,95.95256762054096,1.0,False
dynamic_world,2018,LK1112305,10.0,171.55,63.53,0.37032935004371903,19.0,11.075488195861265,15110.0,88.07927717866511,3.3436842105263156,19.679393762751385,93.26478558903236,1.0,False
dynamic_world,2018,LK1112310,10.0,44.19,9.61,0.21747001584068792,2.0,4.525910839556461,2450.0,55.44240778456665,4.805,21.724372029871013,96.12903225806451,1.0,False
dynamic_world,2018,LK1112315,10.0,167.33,51.76,0.30932887109304963,7.0,4.183350265941552,12180.0,72.790294627383,7.394285714285715,16.67961513177553,94.27899686520377,1.0,False
dynamic_world,2018,LK1112320,10.0,120.25,42.37,0.3523492723492723,11.0,9.147609147609147,8610.0,71.6008316008316,3.851818181818182,20.199584199584198,94.39050701186623,1.0,False
dynamic_world,2018,LK1112325,10.0,85.17,26.45,0.3105553598684983,8.0,9.392978748385582,7370.0,86.53281671950216,3.30625,19.502172126335562,92.05706574127626,1.0,False
dynamic_world,2018,LK1112330,10.0,110.47,49.27,0.44600343984792257,9.0,8.147008237530551,10720.0,97.0399203403639,5.474444444444445,15.253009866932201,94.58457737053433,1.0,False
dynamic_world,2018,LK1112335,10.0,93.48,42.81,0.4579589216944801,13.0,13.906718014548566,9770.0,104.51433461703037,3.2930769230769235,34.43517329910141,94.12881034278259,1.0,False
dynamic_world,2018,LK1112340,10.0,167.62,71.37,0.42578451258799666,19.0,11.335162868392793,17500.0,104.40281589309151,3.7563157894736845,9.957045698603986,93.22226160935838,1.0,False
dynamic_world,2018,LK1112345,10.0,232.52,136.85,0.5885515224496817,11.0,4.730775847238947,22310.0,95.94873559263719,12.44090909090909,56.502666437295716,95.39357311320755,0.9819671438827653,False
dynamic_world,2018,LK1112350,10.0,113.74000000000001,54.63,0.4803059609636012,7.0,6.154387198874626,9550.0,83.96342535607525,7.804285714285714,28.55635660277827,95.90833178697346,1.0,False
dynamic_world,2018,LK1112355,10.0,114.88,50.31,0.43793523676880225,9.0,7.834261838440112,10690.0,93.05362116991644,5.59,30.005222841225628,94.34475806451613,0.9402520870846293,False
dynamic_world,2018,LK1112360,10.0,207.14000000000001,112.43,0.5427730037655691,12.0,5.793183354253162,18510.0,89.35985323935502,9.369166666666667,29.56454571787197,96.00862030260853,0.8207139744046912,True
dynamic_world,2018,LK1112365,10.0,129.75,43.88,0.33818882466281314,12.0,9.248554913294798,7830.0,60.346820809248555,3.6566666666666667,13.31791907514451,94.86289482818466,1.0,False
dynamic_world,2018,LK1112370,10.0,136.56,75.96000000000001,0.5562390158172232,9.0,6.590509666080844,10590.0,77.54833040421792,8.44,44.522554188635034,95.57834454285144,0.8919660352710647,True
dynamic_world,2018,LK1112375,10.0,165.3,50.61,0.30617059891107073,16.0,9.679370840895341,11250.0,68.05807622504537,3.163125,26.485178463399876,93.80699468884657,0.9980076073175149,False
dynamic_world,2018,LK1112380,10.0,108.89,63.440000000000005,0.582606299935715,8.0,7.346863807512168,10480.0,96.24391587840941,7.930000000000001,36.98227569106438,95.53001277139208,1.0,False
dynamic_world,2018,LK1112385,10.0,72.69,14.25,0.19603796945934793,11.0,15.132755537212821,4540.0,62.45700921722383,1.2954545454545454,14.444903012794057,92.89834174477289,1.0,False
dynamic_world,2018,LK1112390,10.0,122.83,61.32,0.49922657331270864,9.0,7.327200195392005,6670.0,54.302694781405194,6.8133333333333335,26.369779369860783,96.41529693565705,1.0,False
dynamic_world,2018,LK1112395,10.0,111.75,83.47,0.7469351230425055,3.0,2.684563758389262,6050.0,54.13870246085011,27.823333333333334,74.67561521252796,97.09284719278057,0.9763236065000873,False
dynamic_world,2018,LK1112400,10.0,210.91,138.99,0.6590014698212509,8.0,3.7930870987625056,15270.0,72.40054999762933,17.37375,52.885116874496234,96.50605906683114,0.8717810937047906,True
dynamic_world,2018,LK1112405,10.0,336.43,193.74,0.575870166156407,18.0,5.35029575245965,32150.0,95.56222691198764,10.763333333333334,56.13351960288916,95.2923132912215,0.9994652565283265,False
dynamic_world,2018,LK1115005,10.0,255.73000000000002,227.59,0.8899620693700386,2.0,0.7820748445626245,12740.0,49.818167598639185,113.795,88.99229656278105,98.35235314932767,0.9689678690512277,False
dynamic_world,2018,LK1115010,10.0,179.06,139.66,0.7799620239026025,4.0,2.2338880822070815,12630.0,70.5350161956886,34.915,77.54942477381884,97.40025275320455,0.9834678969627066,False
dynamic_world,2018,LK1115015,10.0,691.19,674.95,0.9765042897032654,1.0,0.1446780190685629,6880.0,9.953847711917128,674.95,97.65042897032653,99.60065442106045,0.9842366075242788,False
dynamic_world,2018,LK1115020,10.0,147.72,142.55,0.9650013539128081,2.0,1.353912808015164,2100.0,14.21608448415922,71.275,96.48659626320065,98.93176753563722,0.9985129106394485,False
dynamic_world,2018,LK1115025,10.0,425.17,385.0,0.9055201448832232,4.0,0.940800150528024,13810.0,32.48112519698003,96.25,90.21097443375591,99.07841319983814,0.9842809519399944,False
dynamic_world,2018,LK1115030,10.0,684.96,634.17,0.9258496846531183,5.0,0.7299696332632563,10080.0,14.716187806587245,126.834,92.45065405279139,99.57492282118261,0.9945694787280384,False
dynamic_world,2018,LK1115035,10.0,160.29,126.9,0.7916900617630546,3.0,1.8716077110237694,7560.0,47.16451431779899,42.300000000000004,77.66548131511635,97.99634253001511,0.9848847926267281,False
dynamic_world,2018,LK1115040,10.0,218.29,118.06,0.5408401667506528,3.0,1.374318567043841,15010.0,68.76173897109351,39.35333333333334,54.07027348939484,96.34949132256133,0.978177092668937,False
dynamic_world,2018,LK1115045,10.0,68.86,24.52,0.35608480975893114,8.0,11.617775196049957,4360.0,63.316874818472265,3.065,16.26488527446994,94.67110741049126,1.0,False
dynamic_world,2018,LK1115050,10.0,75.64,30.17,0.3988630354309889,6.0,7.932310946589106,4530.0,59.88894764674775,5.028333333333333,22.924378635642515,96.60702228224173,1.0,False
dynamic_world,2018,LK1115055,10.0,48.7,10.96,0.22505133470225874,4.0,8.213552361396303,1830.0,37.577002053388085,2.74,21.66324435318275,93.74117647058823,1.0,False
dynamic_world,2018,LK1115060,10.0,39.99,13.55,0.3388347086771693,2.0,5.0012503125781445,2780.0,69.5173793448362,6.775,33.33333333333333,95.44764795144158,1.0,False
dynamic_world,2018,LK1115065,10.0,234.84,204.77,0.8719553738715722,2.0,0.8516436722875149,11060.0,47.09589507749958,102.385,87.1827627320729,98.3352595470529,1.0,False
dynamic_world,2018,LK1115070,10.0,250.12,184.8,0.7388453542299697,2.0,0.7996161842315689,18440.0,73.72461218615065,92.4,73.85255077562769,97.47056258177061,1.0,False
dynamic_world,2018,LK1115075,10.0,125.8,93.94,0.7467408585055644,5.0,3.97456279809221,8360.0,66.45468998410175,18.788,73.9268680445151,97.17113047219533,1.0,False
dynamic_world,2018,LK1115080,10.0,64.39,42.39,0.6583320391365118,3.0,4.659108557229383,4250.0,66.00403789408293,14.13,65.33623233421339,96.92104947885468,1.0,False
dynamic_world,2018,LK1115085,10.0,144.70000000000002,125.4,0.8666205943331029,2.0,1.3821700069108498,7600.0,52.52246026261229,62.7,86.62059433310296,97.13550048278081,0.990078686281218,False
dynamic_world,2018,LK1115090,10.0,141.69,125.59,0.8863716564330582,3.0,2.1172983273343213,7210.0,50.88573646693486,41.86333333333333,54.174606535394176,97.21608484312858,0.9104285806078519,False
dynamic_world,2018,LK1115095,10.0,475.01,438.03000000000003,0.9221490073893182,3.0,0.6315656512494474,10370.0,21.8311193448559,146.01,91.72227953095725,98.95282553591706,1.0,False
dynamic_world,2018,LK1115100,10.0,179.15,83.14,0.46408037957019255,22.0,12.280212112754674,13100.0,73.12308121685739,3.7790909090909093,21.69132012280212,94.61842505320766,1.0,False
dynamic_world,2018,LK1115105,10.0,92.54,53.18,0.5746704127944672,5.0,5.403068943159714,8980.0,97.03911821914846,10.636,53.09055543548735,95.71020019065777,1.0,False
dynamic_world,2018,LK1115110,10.0,153.25,78.60000000000001,0.5128874388254486,14.0,9.135399673735726,14490.0,94.55138662316476,5.614285714285715,33.474714518760194,95.18723459014284,1.0,False
dynamic_world,2018,LK1115115,10.0,88.43,59.72,0.6753364242903991,5.0,5.654189754608164,5870.0,66.38018771909985,11.944,55.6146104263259,97.39587751293578,1.0,False
dynamic_world,2018,LK1115120,10.0,187.21,126.44,0.6753912718337696,8.0,4.273276000213664,15090.0,80.60466855403023,15.805,58.736178622936805,96.92375214459562,1.0,False
dynamic_world,2018,LK1115125,10.0,213.48000000000002,187.07,0.876288176878396,5.0,2.3421397789020046,9650.0,45.20329773280869,37.414,87.29623383923551,98.56488960689283,1.0,False
dynamic_world,2018,LK1115130,10.0,199.95000000000002,166.6,0.8332083020755188,3.0,1.5003750937734432,4070.0,20.355088772193046,55.53333333333333,82.58064516129032,99.12585826200055,0.976890756302521,False
dynamic_world,2018,LK1115135,10.0,59.11,35.63,0.6027744882422602,5.0,8.458805616646929,3830.0,64.79445102351548,7.126,59.245474538995104,97.25949186411647,0.8975098694199818,True
dynamic_world,2018,LK1115140,10.0,79.4,37.26,0.46926952141057926,4.0,5.037783375314861,9130.0,114.9874055415617,9.315,34.05541561712846,94.17382999044891,0.9894080996884735,False
dynamic_world,2018,LK1115145,10.0,101.11,51.09,0.5052912669369993,9.0,8.901196716447433,8590.0,84.95697754920384,5.676666666666667,28.91899910988033,95.73200992555832,0.879982593559617,True
dynamic_world,2018,LK1115150,10.0,142.97,116.33,0.8136672029097013,1.0,0.6994474365251452,5210.0,36.44121144296006,116.33,81.36672029097014,98.56399132321042,1.0,False
dynamic_world,2018,LK1115155,10.0,38.82,11.5,0.2962390520350335,6.0,15.455950540958268,3140.0,80.88614116434827,1.9166666666666665,23.699124162802683,94.57885304659499,1.0,False
dynamic_world,2018,LK1115160,10.0,104.01,62.21,0.5981155658109797,6.0,5.768676088837611,8770.0,84.31881549850975,10.368333333333332,53.110277857898275,96.10061869098014,1.0,False
dynamic_world,2018,LK1115165,10.0,337.68,303.44,0.8986022269604359,4.0,1.1845534233593935,8760.0,25.941719971570716,75.86,89.8246860933428,99.06196655562738,1.0,False
dynamic_world,2018,LK1115170,10.0,488.03000000000003,474.95,0.9731983689527283,2.0,0.4098108722824416,7010.0,14.36387107349958,237.475,97.30344446038153,99.42889777270132,1.0,False
dynamic_world,2018,LK1115175,10.0,296.52,267.31,0.9014906245784433,1.0,0.3372453797382976,11340.0,38.243626062322946,267.31,90.14906245784434,98.53392302625389,1.0,False
dynamic_world,2018,LK1115180,10.0,287.08,257.11,0.8956040128187266,4.0,1.3933398355858995,13500.0,47.02521945102411,64.2775,89.51511773721612,98.20942838692002,1.0,False
dynamic_world,2018,LK1115185,10.0,254.28,167.47,0.6586046877457921,12.0,4.719207173194903,22230.0,87.42331288343559,13.955833333333333,50.318546484190655,96.38633970212126,1.0,False
dynamic_world,2018,LK1115190,10.0,86.76,67.1,0.7733978792070078,1.0,1.152604887044721,6500.0,74.91931765790686,67.1,77.33978792070077,97.00512975256487,0.9691689008042895,False
dynamic_world,2018,LK1115195,10.0,68.25,39.31,0.5759706959706961,7.0,10.256410256410257,5500.0,80.58608058608058,5.615714285714286,49.97802197802198,95.04912099276112,1.0,False
dynamic_world,2018,LK1115200,10.0,124.2,53.9,0.43397745571658614,19.0,15.297906602254429,11570.0,93.1561996779388,2.836842105263158,15.193236714975844,93.35088874259381,0.9449178332318929,False
dynamic_world,2018,LK1115205,10.0,143.43,49.92,0.3480443421878268,14.0,9.760858955588091,9730.0,67.83796974133723,3.565714285714286,20.455971554068185,94.89941068888437,0.9710243043802045,False
dynamic_world,2018,LK1115210,10.0,135.89000000000001,105.3,0.7748914563249686,4.0,2.9435572889837367,7830.0,57.62013393185664,26.325,76.05416145411729,98.45593171573799,1.0,False
dynamic_world,2018,LK1115215,10.0,216.19,187.91,0.8691891391831259,1.0,0.4625560849252972,9830.0,45.46926314815671,187.91,86.9189139183126,98.3220307180958,1.0,False
dynamic_world,2018,LK1115220,10.0,159.15,136.45,0.8573672635878101,2.0,1.2566760917373547,9240.0,58.05843543826578,68.225,85.72415959786365,97.46082199881727,1.0,False
dynamic_world,2018,LK1115225,10.0,324.97,311.2,0.9576268578638027,1.0,0.3077207126811705,9100.0,28.00258485398652,311.2,95.76268578638027,99.0111008774056,1.0,False
dynamic_world,2018,LK1115230,10.0,566.59,548.15,0.9674544203039234,3.0,0.5294834006953881,7040.0,12.425210469651775,182.71666666666667,96.71367302635062,99.38347944778813,0.9803273582946916,False
dynamic_world,2018,LK1115235,10.0,509.40000000000003,497.83,0.9772870043188063,2.0,0.39261876717707106,7180.0,14.09501374165685,248.915,97.72673733804476,99.33413371805608,0.9893759589799367,False
dynamic_world,2018,LK1115240,10.0,669.08,660.63,0.9873707180008369,3.0,0.44837687570993,5550.0,8.294972200633705,220.21,98.73408262091229,99.49244364072912,1.0,False
dynamic_world,2018,LK1115245,10.0,167.23,154.97,0.9266877952520481,1.0,0.5979788315493632,6420.0,38.39024098546912,154.97,92.66877952520481,98.36396161977558,1.0,False
dynamic_world,2018,LK1115250,10.0,220.15,205.08,0.9315466727231434,3.0,1.3627072450601863,8490.0,38.56461503520327,68.36,93.05019305019304,98.36234623978001,1.0,False
dynamic_world,2018,LK1115255,10.0,271.46,233.97,0.8618949384808076,2.0,0.7367567965814485,13690.0,50.43100272600015,116.985,86.18212628011494,98.07262089141284,1.0,False
dynamic_world,2018,LK1115260,10.0,241.52,231.94,0.9603345478635309,1.0,0.41404438555813183,6210.0,25.712156343159986,231.94,96.03345478635309,98.91500119349868,1.0,False
dynamic_world,2018,LK1115265,10.0,260.33,231.74,0.8901778511888757,3.0,1.152383513233204,12390.0,47.59343909653133,77.24666666666667,88.86029270541236,98.25597810742133,1.0,False
dynamic_world,2018,LK1115270,10.0,85.48,56.29,0.6585166120729995,3.0,3.509592887225082,7830.0,91.60037435657463,18.763333333333332,65.80486663547028,96.13757090123346,1.0,False
dynamic_world,2018,LK1115275,10.0,69.82000000000001,26.87,0.38484674878258374,8.0,11.458034947006587,5120.0,73.33142366084216,3.35875,29.24663420223432,94.36432637571157,1.0,False
dynamic_world,2018,LK1115280,10.0,129.4,91.12,0.7041731066460587,5.0,3.863987635239567,9290.0,71.79289026275116,18.224,69.86862442040186,96.73376587367603,1.0,False
dynamic_world,2018,LK1115285,10.0,116.35000000000001,39.56,0.3400085947571981,7.0,6.016330038676407,7090.0,60.93682853459389,5.651428571428571,17.696605070906745,94.60570254302594,1.0,False
dynamic_world,2018,LK1115290,10.0,158.65,143.79,0.9063346990230066,1.0,0.6303183107469271,4530.0,28.553419476835803,143.79,90.63346990230066,98.9795918367347,1.0,False
dynamic_world,2018,LK1115295,10.0,251.34,232.71,0.9258772976844116,1.0,0.39786743057213336,8800.0,35.01233389034773,232.71,92.58772976844115,98.76070594342072,1.0,False
dynamic_world,2018,LK1115300,10.0,134.37,132.11,0.9831807695170054,2.0,1.4884274763712138,2000.0,14.884274763712138,66.055,98.2883084021731,99.17532070861331,1.0,False
dynamic_world,2018,LK1115305,10.0,387.34000000000003,379.19,0.9789590540610316,1.0,0.2581711158155625,5030.0,12.986007125522795,379.19,97.89590540610315,99.34789523910509,1.0,False
dynamic_world,2018,LK1115310,10.0,115.55,113.4,0.9813933362180874,1.0,0.8654262224145391,1670.0,14.452617914322804,113.4,98.13933362180875,98.77598255218766,0.9953484365578431,False
dynamic_world,2018,LK1115315,10.0,277.35,275.02,0.9915990625563366,1.0,0.360555255092843,1420.0,5.11988462231837,275.02,99.15990625563367,99.56467661691542,0.956577222873698,False
dynamic_world,2018,LK1115320,10.0,179.56,175.64000000000001,0.9781688572065048,1.0,0.5569169079973267,2340.0,13.031855647137446,175.64000000000001,97.81688572065048,99.37754575182147,1.0,False
dynamic_world,2018,LK1115325,10.0,93.05,73.72,0.7922622246104245,1.0,1.07469102632993,5490.0,59.000537345513166,73.72,79.22622246104245,97.58440845457041,1.0,False
dynamic_world,2018,LK1115330,10.0,194.38,140.43,0.7224508694310114,8.0,4.115649758205577,11750.0,60.44860582364441,17.55375,66.52433377919539,97.83108302212008,1.0,False
dynamic_world,2018,LK1115335,10.0,151.08,88.10000000000001,0.5831347630394493,5.0,3.309504898067249,14740.0,97.5642043950225,17.62,44.5525549377813,95.33042680128499,1.0,False
dynamic_world,2018,LK1115340,10.0,204.77,175.38,0.8564731161791277,13.0,6.348586218684377,5940.0,29.008155491527077,13.490769230769232,84.8219954094838,99.13245813105053,1.0,False
dynamic_world,2018,LK1118005,10.0,195.14000000000001,184.35,0.9447063646612688,1.0,0.5124525981346725,5950.0,30.490929589013014,184.35,94.47063646612688,98.79501612109951,1.0,False
dynamic_world,2018,LK1118010,10.0,237.3,224.11,0.9444163506110409,1.0,0.4214075010535187,6710.0,28.276443320691108,224.11,94.44163506110408,98.67032029109204,1.0,False
dynamic_world,2018,LK1118015,10.0,97.37,92.60000000000001,0.9510116052172127,1.0,1.0270103728047653,2560.0,26.29146554380199,92.60000000000001,95.10116052172127,98.75047743766028,1.0,False
dynamic_world,2018,LK1118020,10.0,339.36,317.3,0.93499528524281,2.0,0.5893446487505893,8310.0,24.487270155586987,158.65,93.4730080150872,98.83365291666006,1.0,False
dynamic_world,2018,LK1118025,10.0,195.1,191.03,0.9791389031266018,1.0,0.5125576627370579,3130.0,16.043054843669914,191.03,97.91389031266017,98.84784729362757,0.9895516331913167,False
dynamic_world,2018,LK1118030,10.0,373.25,369.87,0.9909444072337575,1.0,0.2679169457468185,2300.0,6.162089752176825,369.87,99.09444072337575,99.57058799548845,1.0,False
dynamic_world,2018,LK1118035,10.0,258.94,236.45000000000002,0.9131459025256817,5.0,1.9309492546535878,7910.0,30.54761720861976,47.29,90.52290105816019,98.53986633178664,1.0,False
dynamic_world,2018,LK1118040,10.0,218.1,187.72,0.8607060981201284,5.0,2.2925263640531868,13610.0,62.40256762952774,37.544000000000004,55.42411737734984,97.01092060425555,1.0,False
dynamic_world,2018,LK1118045,10.0,218.47,209.89000000000001,0.9607268732549092,4.0,1.8309149997711356,4310.0,19.728109122533986,52.472500000000004,94.26465876321691,98.95653425446172,1.0,False
dynamic_world,2018,LK1118050,10.0,240.41,224.49,0.9337797928538747,2.0,0.8319121500769519,7700.0,32.028617777962644,112.245,93.37381972463707,98.76227633526167,1.0,False
dynamic_world,2018,LK1118055,10.0,315.08,281.68,0.8939951758283611,2.0,0.6347594261774787,14610.0,46.36917608226482,140.84,89.38047480005079,98.38392857142857,1.0,False
dynamic_world,2018,LK1118060,10.0,99.09,73.57000000000001,0.7424563528105763,3.0,3.027550711474417,7180.0,72.45938036128771,24.523333333333337,68.82631950751842,96.85737862742401,1.0,False
dynamic_world,2018,LK1118065,10.0,171.05,118.16,0.6907921660333235,8.0,4.67699503069278,14500.0,84.77053493130663,14.77,67.98012277111955,96.88220722644571,1.0,False
dynamic_world,2018,LK1118070,10.0,48.59,18.330000000000002,0.37723811483844416,5.0,10.290183165260341,3850.0,79.23441037250463,3.6660000000000004,20.991973657131098,94.80446927374301,1.0,False
dynamic_world,2018,LK1118075,10.0,112.72,40.800000000000004,0.361958836053939,11.0,9.758694109297375,9800.0,86.94109297374024,3.7090909090909094,30.260823278921222,93.91185258964144,1.0,False
dynamic_world,2018,LK1118080,10.0,106.64,37.04,0.3473368342085521,7.0,6.564141035258815,8100.0,75.95648912228057,5.291428571428571,33.90847711927982,94.46884435904474,1.0,False
dynamic_world,2018,LK1118085,10.0,107.56,58.5,0.543882484194868,6.0,5.578281889178133,10060.0,93.52919300855336,9.75,39.717367050948305,95.79977483329003,1.0,False
dynamic_world,2018,LK1118090,10.0,137.95000000000002,32.7,0.237042406669083,22.0,15.947807176513228,12150.0,88.07538963392533,1.4863636363636363,4.5886190648785785,89.57198443579766,1.0,False
dynamic_world,2018,LK1118095,10.0,88.34,52.09,0.5896536110482228,4.0,4.527960153950645,7180.0,81.27688476341407,13.0225,58.87480190174326,96.24257763068238,1.0,False
dynamic_world,2018,LK1118100,10.0,163.92000000000002,117.71000000000001,0.7180941922889214,6.0,3.660322108345534,14410.0,87.90873596876524,19.618333333333332,71.03465104929234,96.83601286173634,1.0,False
dynamic_world,2018,LK1118105,10.0,95.93,71.55,0.7458563535911601,2.0,2.0848535390388823,7390.0,77.03533826748671,35.775,64.29688314395914,96.77510608203677,1.0,False
dynamic_world,2018,LK1118110,10.0,256.03000000000003,209.08,0.8166230519860953,7.0,2.7340546029762134,15330.0,59.875795805179074,29.86857142857143,81.4357692457915,97.73876607426672,1.0,False
dynamic_world,2018,LK1118115,10.0,219.94,182.53,0.8299081567700282,6.0,2.728016731835955,11790.0,53.60552878057652,30.421666666666667,82.9362553423661,98.16475783082655,1.0,False
dynamic_world,2018,LK1118120,10.0,277.85,239.04,0.8603203167176533,6.0,2.1594385459780456,18590.0,66.90660428288645,39.84,85.91326255173654,97.8946481957135,1.0,False
dynamic_world,2018,LK1118125,10.0,225.31,149.67000000000002,0.6642847632151259,17.0,7.545160001775332,24960.0,110.7807021437131,8.804117647058824,65.56744041542763,95.56738185860083,1.0,False
dynamic_world,2018,LK1118130,10.0,120.96000000000001,72.4,0.5985449735449736,18.0,14.88095238095238,14610.0,120.78373015873015,4.022222222222222,56.13425925925927,94.25536375707597,0.9432314410480349,False
dynamic_world,2018,LK1118135,10.0,70.26,39.02,0.5553657842300028,2.0,2.8465698832906345,4470.0,63.620836891545686,19.51,51.49444918872758,96.40578200286495,1.0,False
dynamic_world,2018,LK1118140,10.0,216.47,160.19,0.7400101630710954,8.0,3.6956622164734143,19260.0,88.97306786159746,20.02375,72.52737099829076,96.82230052856784,1.0,False
dynamic_world,2018,LK1118145,10.0,204.20000000000002,157.01,0.7689030362389813,7.0,3.4280117531831533,19960.0,97.74730656219391,22.43,76.51811949069538,96.50091489839812,0.987618494873283,False
dynamic_world,2018,LK1118150,10.0,145.32,110.55,0.7607349298100743,5.0,3.440682631434077,8240.0,56.70244976603358,22.11,71.95843655381228,97.72135713959541,1.0,False
dynamic_world,2018,LK1118155,10.0,154.67000000000002,110.47,0.7142302967608456,7.0,4.525764530936833,11260.0,72.80015516906963,15.781428571428572,71.15794918212968,97.65571448156103,1.0,False
dynamic_world,2018,LK1118160,10.0,150.5,97.77,0.6496345514950166,11.0,7.308970099667774,13590.0,90.29900332225914,8.888181818181819,48.64451827242525,95.98574085554867,1.0,False
dynamic_world,2018,LK1118165,10.0,278.11,207.95000000000002,0.7477257200388335,4.0,1.4382798173384632,20290.0,72.95674373449354,51.987500000000004,74.29074826507497,97.22524878332244,1.0,False
dynamic_world,2018,LK1118170,10.0,199.89000000000001,128.65,0.6436039821902046,11.0,5.5030266646655654,15390.0,76.9923457901846,11.695454545454545,62.769523237780774,96.59647884562601,0.8758653930418018,True
dynamic_world,2018,LK1118175,10.0,213.86,171.37,0.80131861965772,6.0,2.805573739829795,14060.0,65.7439446366782,28.561666666666667,80.08977835967455,97.53616370692697,0.9775116555443825,False
dynamic_world,2018,LK1118180,10.0,148.15,99.52,0.6717516031049612,4.0,2.6999662504218698,12880.0,86.9389132635842,24.88,66.66891663854202,96.28501827040195,0.8549252697789832,True
dynamic_world,2018,LK1118185,10.0,146.28,125.10000000000001,0.8552091878589008,4.0,2.7344818156959256,10170.0,69.52420016406892,31.275000000000002,85.49357396773311,97.8464268430392,0.9970690477813373,False
dynamic_world,2018,LK1118190,10.0,307.59000000000003,292.61,0.9512988068532786,3.0,0.9753242953281965,8390.0,27.27656945934523,97.53666666666666,95.0973698754836,99.03057804362399,1.0,False
dynamic_world,2018,LK1118195,10.0,460.87,428.01,0.9287000672640875,1.0,0.2169809273764836,14800.0,32.11317725171958,428.01,92.87000672640875,98.9364699253416,0.9817651194001236,False
dynamic_world,2018,LK1118200,10.0,157.02,129.4,0.8240988409119857,2.0,1.2737230925996688,11030.0,70.24582855687173,64.7,82.39077824480957,97.55964447216591,0.988728669479252,False
dynamic_world,2018,LK1118205,10.0,208.21,175.23,0.8416022285192833,10.0,4.802843283223668,13840.0,66.47135103981557,17.523,83.88646078478459,97.81202380610104,0.9254600408925238,False
dynamic_world,2018,LK1118210,10.0,216.47,208.6,0.9636439229454428,1.0,0.4619577770591768,5220.0,24.114195962489028,208.6,96.36439229454427,98.9090294706862,0.9572812099234953,False
dynamic_world,2018,LK1118215,10.0,227.12,189.07,0.8324674181049665,1.0,0.44029587883057414,13350.0,58.77949982388165,189.07,83.24674181049666,97.89546592785977,0.989327873851113,False
dynamic_world,2018,LK1118220,10.0,207.58,191.74,0.9236920705270257,1.0,0.4817419789960497,8550.0,41.188939204162246,191.74,92.36920705270256,98.32681043313808,1.0,False
dynamic_world,2018,LK1118225,10.0,804.69,770.74,0.9578098398140898,2.0,0.24854291714821855,5720.0,7.108327430439051,385.37,95.55232449763263,99.5943799156206,0.9883319618270919,False
dynamic_world,2018,LK1118230,10.0,1029.04,978.23,0.950623882453549,1.0,0.09717795226618985,8950.0,8.697426727823991,978.23,95.0623882453549,99.5790175366629,0.9806638521723385,False
dynamic_world,2018,LK1121005,10.0,44.2,1.27,0.028733031674208143,2.0,4.524886877828054,820.0,18.55203619909502,0.635,1.5610859728506787,83.11688311688312,1.0,False
dynamic_world,2018,LK1121010,10.0,91.29,20.27,0.22203965385036695,8.0,8.76328184905247,4080.0,44.6927374301676,2.53375,9.836783875561396,93.91874842291193,1.0,False
dynamic_world,2018,LK1121015,10.0,139.81,29.740000000000002,0.21271725913740078,5.0,3.5762820971318217,5020.0,35.90587225520349,5.9479999999999995,17.423646377226234,96.09455292908531,1.0,False
dynamic_world,2018,LK1121020,10.0,129.23,12.68,0.0981196316644742,15.0,11.607211947690166,6130.0,47.43480615956048,0.8453333333333334,3.1339472258763448,86.52597402597402,1.0,False
dynamic_world,2018,LK1121025,10.0,130.15,1.45,0.01114099116404149,8.0,6.146753745678064,1110.0,8.528620822128314,0.18125,0.46100653092585475,74.33962264150944,1.0,False
dynamic_world,2018,LK1121030,10.0,159.34,16.12,0.10116731517509728,8.0,5.020710430525919,4740.0,29.74770930086607,2.015,6.049956068783732,93.60483614381164,1.0,False
dynamic_world,2018,LK1121035,10.0,173.98,32.76,0.18829750546039775,18.0,10.346016783538339,10530.0,60.524198183699276,1.82,10.133348660765606,92.90041945005437,1.0,False
dynamic_world,2018,LK1121040,10.0,190.68,47.800000000000004,0.25068177050555907,17.0,8.915460457310678,13970.0,73.26410740507657,2.811764705882353,7.819383259911894,93.44018681668612,1.0,False
dynamic_world,2018,LK1121045,10.0,37.63,1.26,0.03348392240233856,7.0,18.602179112410308,1160.0,30.8264682434228,0.18,1.6476215785277704,83.4061135371179,1.0,False
dynamic_world,2018,LK1121050,10.0,41.53,2.0100000000000002,0.04839874789308934,5.0,12.039489525644113,1130.0,27.209246327955693,0.402,3.322899109077775,90.61662198391421,1.0,False
dynamic_world,2018,LK1121055,10.0,89.88,11.81,0.13139741878059635,12.0,13.35113484646195,5640.0,62.750333778371164,0.9841666666666667,3.193146417445483,88.83558656781508,1.0,False
dynamic_world,2018,LK1121060,10.0,58.61,5.3500000000000005,0.09128135130523803,10.0,17.061934823408976,2640.0,45.043507933799695,0.535,6.534721037365637,85.72825024437928,1.0,False
dynamic_world,2018,LK1121065,10.0,180.33,24.18,0.13408750623856264,24.0,13.30893362169356,8420.0,46.692175456108245,1.0075,3.5046858537126377,91.07029765674477,1.0,False
dynamic_world,2018,LK1121070,10.0,79.68,11.84,0.14859437751004015,7.0,8.785140562248996,2300.0,28.865461847389557,1.6914285714285715,11.558734939759036,94.25837320574162,1.0,False
dynamic_world,2018,LK1121075,10.0,106.73,25.23,0.23639089290733625,17.0,15.928042724632249,7140.0,66.89777944345545,1.4841176470588235,11.655579499672069,92.23458038422649,1.0,False
dynamic_world,2018,LK1121080,10.0,127.53,8.540000000000001,0.06696463577197523,10.0,7.84129224496197,3250.0,25.4841997961264,0.8540000000000001,4.046106798400376,90.5397210430564,1.0,False
dynamic_world,2018,LK1121085,10.0,35.01,1.56,0.04455869751499572,1.0,2.8563267637817766,470.0,13.424735789774351,1.56,4.455869751499572,91.28919860627178,1.0,False
dynamic_world,2018,LK1121090,10.0,65.49,4.79,0.07314093754771722,1.0,1.5269506794930525,1140.0,17.407237746220797,4.79,7.314093754771721,94.42013129102844,1.0,False
dynamic_world,2018,LK1121095,10.0,72.86,1.82,0.024979412572056,9.0,12.352456766401318,1630.0,22.371671699149054,0.20222222222222222,1.3450452923414769,78.33827893175074,1.0,False
dynamic_world,2018,LK1121100,10.0,92.43,8.71,0.09423347398030943,6.0,6.491398896462187,3910.0,42.30228280861192,1.4516666666666667,3.4837174077680406,90.24970273483947,1.0,False
dynamic_world,2018,LK1121105,10.0,47.160000000000004,1.31,0.027777777777777776,7.0,14.84308736217133,1280.0,27.141645462256147,0.18714285714285717,1.2722646310432568,71.96652719665272,1.0,False
dynamic_world,2018,LK1121110,10.0,36.97,0.97,0.026237489856640518,1.0,2.704895861509332,320.0,8.655666756829863,0.97,2.623748985664052,98.27586206896552,1.0,False
dynamic_world,2018,LK1121115,10.0,99.22,11.620000000000001,0.11711348518443863,15.0,15.117919774239065,6060.0,61.07639588792582,0.7746666666666667,3.7996371699254183,85.80931263858093,1.0,False
dynamic_world,2018,LK1121120,10.0,70.23,4.54,0.06464473871564858,7.0,9.9672504627652,2360.0,33.60387298875124,0.6485714285714286,3.972661255873558,87.39884393063583,1.0,False
dynamic_world,2018,LK1121125,10.0,46.83,2.82,0.06021780909673286,5.0,10.676916506512919,1550.0,33.09844117019005,0.564,3.18172111894085,85.84905660377359,1.0,False
dynamic_world,2018,LK1121130,10.0,122.55,9.15,0.07466340269277846,8.0,6.527947776417789,4110.0,33.53733170134639,1.14375,3.5740514075887395,91.46410401356698,1.0,False
dynamic_world,2018,LK1121135,10.0,57.15,4.94,0.08643919510061243,5.0,8.748906386701663,2000.0,34.99562554680665,0.988,5.721784776902887,89.39554612937434,1.0,False
dynamic_world,2018,LK1121140,10.0,106.03,16.17,0.1525040082995379,14.0,13.20381024238423,5340.0,50.36310478166556,1.155,6.771668395737056,91.50015857913098,1.0,False
dynamic_world,2018,LK1121145,10.0,106.38,16.76,0.15754841135551798,7.0,6.580184245158865,5140.0,48.31735288588081,2.394285714285714,13.818386914833615,92.01834862385321,1.0,False
dynamic_world,2018,LK1121150,10.0,80.34,23.0,0.28628329599203384,12.0,14.936519790888722,7910.0,98.45655962160816,1.9166666666666665,13.828727906397809,90.49733570159857,1.0,False
dynamic_world,2018,LK1121155,10.0,131.6,9.23,0.07013677811550152,7.0,5.319148936170213,2660.0,20.21276595744681,1.3185714285714287,2.7583586626139818,93.0532212885154,1.0,False
dynamic_world,2018,LK1121160,10.0,39.46,0.0,0.0,0.0,0.0,0.0,0.0,,0.0,,1.0,False
dynamic_world,2018,LK1121165,10.0,129.76,13.34,0.1028051787916153,3.0,2.311960542540074,3450.0,26.58754623921085,4.446666666666667,6.951294697903823,93.21511179645336,1.0,False
dynamic_world,2018,LK1121170,10.0,98.23,24.400000000000002,0.24839662017713532,5.0,5.090094675760969,3560.0,36.2414740914181,4.88,24.44263463300417,95.77494248065258,1.0,False
dynamic_world,2018,LK1121175,10.0,85.15,1.6600000000000001,0.01949500880798591,3.0,3.523194362889019,1060.0,12.448620082207867,0.5533333333333333,1.467997651203758,91.17647058823529,1.0,False
dynamic_world,2018,LK1121180,10.0,63.76,0.76,0.01191969887076537,1.0,1.5683814303638646,460.0,7.214554579673777,0.76,1.191969887076537,96.26865671641791,1.0,False
dynamic_world,2018,LK1121185,10.0,131.77,1.3,0.00986567503984215,6.0,4.553388479927145,740.0,5.615845791910146,0.21666666666666667,0.6450633679896789,82.70042194092827,1.0,False
dynamic_world,2018,LK1121190,10.0,71.91,1.47,0.020442219440967878,3.0,4.171881518564873,750.0,10.429703796412182,0.49,1.9607843137254903,92.56505576208178,1.0,False
dynamic_world,2018,LK1121195,10.0,34.11,0.12,0.0035180299032541774,2.0,5.8633831720902965,150.0,4.397537379067722,0.06,0.2638522427440633,76.47058823529412,1.0,False
dynamic_world,2018,LK1121200,10.0,94.34,0.56,0.005935976256094976,3.0,3.1799872800508795,540.0,5.723977104091583,0.18666666666666668,0.45579817680729273,87.62886597938144,1.0,False
dynamic_world,2018,LK1121205,10.0,71.49,0.0,0.0,0.0,0.0,0.0,0.0,,0.0,,1.0,False
dynamic_world,2018,LK1124005,10.0,49.550000000000004,0.77,0.015539858728557012,3.0,6.054490413723511,670.0,13.52169525731584,0.2566666666666667,0.7669021190716447,85.29411764705883,1.0,False
dynamic_world,2018,LK1124010,10.0,74.34,14.540000000000001,0.19558783965563628,3.0,4.035512510088781,2710.0,36.45412967446865,4.846666666666667,18.792036588646756,97.59802190038856,1.0,False
dynamic_world,2018,LK1124015,10.0,125.59,12.71,0.10120232502587787,13.0,10.351142606895452,6460.0,51.43721633888048,0.9776923076923077,2.364837964806115,89.83805668016194,1.0,False
dynamic_world,2018,LK1124020,10.0,65.87,0.32,0.004858053742219523,1.0,1.5181417944436009,480.0,7.287080613329285,0.32,0.4858053742219523,76.92307692307692,1.0,False
dynamic_world,2018,LK1124025,10.0,37.99,1.33,0.03500921295077652,3.0,7.896814951302974,780.0,20.53171887338773,0.44333333333333336,2.763885232956041,90.49586776859505,1.0,False
dynamic_world,2018,LK1124030,10.0,137.05,32.62,0.23801532287486316,8.0,5.837285662167091,5900.0,43.0499817584823,4.0775,15.928493250638452,96.7077547199251,1.0,False
dynamic_world,2018,LK1124035,10.0,99.41,8.97,0.09023237098883413,8.0,8.047480132783422,2760.0,27.763806458102806,1.12125,6.1362036012473595,93.9446366782007,1.0,False
dynamic_world,2018,LK1124040,10.0,62.79,5.84,0.09300844083452779,5.0,7.963051441312311,2130.0,33.922599139990446,1.168,5.128205128205129,93.20822162645219,1.0,False
dynamic_world,2018,LK1124045,10.0,84.91,6.7,0.07890707808267577,3.0,3.533152749970557,2630.0,30.973972441408552,2.2333333333333334,4.734424684960548,93.7888198757764,1.0,False
dynamic_world,2018,LK1124050,10.0,125.88000000000001,22.5,0.17874165872259293,7.0,5.560851604702891,7720.0,61.32824912615189,3.2142857142857144,17.381633301557038,92.41770715096482,1.0,False
dynamic_world,2018,LK1124055,10.0,58.63,0.0,0.0,0.0,0.0,0.0,0.0,,0.0,,1.0,False
dynamic_world,2018,LK1124060,10.0,91.25,14.41,0.15791780821917809,3.0,3.287671232876712,3200.0,35.06849315068493,4.803333333333334,10.16986301369863,95.93727726300784,1.0,False
dynamic_world,2018,LK1124065,10.0,105.92,14.85,0.1402001510574018,3.0,2.8323262839879155,3980.0,37.57552870090635,4.95,9.09176737160121,95.74688796680498,1.0,False
dynamic_world,2018,LK1124070,10.0,92.82000000000001,2.12,0.022839905192846368,3.0,3.232062055591467,1370.0,14.7597500538677,0.7066666666666668,1.195862960568843,87.56345177664974,1.0,False
dynamic_world,2018,LK1124075,10.0,81.08,6.23,0.0768376911692156,2.0,2.46669955599408,1690.0,20.843611248149976,3.115,7.498766650222003,95.9866220735786,1.0,False
dynamic_world,2018,LK1124080,10.0,54.370000000000005,0.0,0.0,0.0,0.0,0.0,0.0,,0.0,,1.0,False
dynamic_world,2018,LK1124085,10.0,68.85000000000001,0.0,0.0,0.0,0.0,0.0,0.0,,0.0,,1.0,False
dynamic_world,2018,LK1124090,10.0,58.56,0.0,0.0,0.0,0.0,0.0,0.0,,0.0,,1.0,False
dynamic_world,2018,LK1124095,10.0,95.51,0.08,0.0008376086273688618,3.0,3.141032352633232,220.0,2.30342372526437,0.026666666666666665,0.05235053921055387,50.0,1.0,False
dynamic_world,2018,LK1124100,10.0,57.620000000000005,0.0,0.0,0.0,0.0,0.0,0.0,,0.0,,1.0,False
dynamic_world,2018,LK1127005,10.0,80.29,0.0,0.0,0.0,0.0,0.0,0.0,,0.0,,0.9572007629947544,False
dynamic_world,2018,LK1127010,10.0,136.67000000000002,0.05,0.0003658447354942562,2.0,1.4633789419770247,70.0,0.5121826296919587,0.025,0.029267578839540495,80.0,0.9546661078513551,False
dynamic_world,2018,LK1127015,10.0,366.24,25.93,0.07080056793359546,16.0,4.36871996505024,8810.0,24.055264307557884,1.620625,3.721603320227173,93.25334382376082,1.0,False
dynamic_world,2018,LK1127020,10.0,38.27,0.0,0.0,0.0,0.0,0.0,0.0,,0.0,,1.0,False
dynamic_world,2018,LK1127025,10.0,51.21,0.48,0.009373169302870533,1.0,1.9527436047646944,320.0,6.248779535247022,0.48,0.9373169302870533,97.5609756097561,1.0,False
dynamic_world,2018,LK1127030,10.0,73.75,0.0,0.0,0.0,0.0,0.0,0.0,,0.0,,1.0,False
dynamic_world,2018,LK1127035,10.0,64.84,0.06,0.0009253547193090683,1.0,1.542257865515114,140.0,2.1591610117211597,0.06,0.09253547193090685,71.42857142857143,1.0,False
dynamic_world,2018,LK1127040,10.0,102.92,1.75,0.01700349786241741,4.0,3.8865137971239796,1140.0,11.076564321803342,0.4375,0.9910610182666149,90.71207430340557,1.0,False
dynamic_world,2018,LK1127045,10.0,65.53,0.0,0.0,0.0,0.0,0.0,0.0,,0.0,,1.0,False
dynamic_world,2018,LK1127050,10.0,105.2,27.5,0.26140684410646386,5.0,4.752851711026616,5360.0,50.950570342205324,5.5,22.690114068441066,96.23725671918443,1.0,False
dynamic_world,2018,LK1127055,10.0,85.75,9.09,0.10600583090379008,6.0,6.997084548104956,2610.0,30.43731778425656,1.5150000000000001,6.122448979591836,94.13773477518498,1.0,False
dynamic_world,2018,LK1127060,10.0,186.6,5.88,0.031511254019292605,5.0,2.679528403001072,2270.0,12.165058949624866,1.176,1.527331189710611,94.14374445430346,1.0,False
dynamic_world,2018,LK1127065,10.0,102.69,0.0,0.0,0.0,0.0,0.0,0.0,,0.0,,0.9589130637781306,False
dynamic_world,2018,LK1127070,10.0,116.55,2.54,0.021793221793221795,3.0,2.574002574002574,1360.0,11.668811668811669,0.8466666666666667,1.1325611325611327,92.43697478991596,0.9718168931876928,False
dynamic_world,2018,LK1127075,10.0,182.51,1.85,0.0101364308804997,2.0,1.095830365459427,860.0,4.712070571475536,0.925,0.8109144704399759,95.6140350877193,1.0,False
dynamic_world,2018,LK1127080,10.0,136.36,0.24,0.001760046934584922,2.0,1.4667057788207685,270.0,1.9800528014080374,0.12,0.12466999119976531,73.6842105263158,1.0,False
dynamic_world,2018,LK1127085,10.0,96.11,0.0,0.0,0.0,0.0,0.0,0.0,,0.0,,0.9868569668343773,False
dynamic_world,2018,LK1127090,10.0,63.160000000000004,0.0,0.0,0.0,0.0,0.0,0.0,,0.0,,0.9299175500588928,False
dynamic_world,2018,LK1127095,10.0,63.75,0.0,0.0,0.0,0.0,0.0,0.0,,0.0,,1.0,False
dynamic_world,2018,LK1127100,10.0,87.45,0.0,0.0,0.0,0.0,0.0,0.0,,0.0,,1.0,False
dynamic_world,2018,LK1130005,10.0,34.78,0.0,0.0,0.0,0.0,0.0,0.0,,0.0,,1.0,False
dynamic_world,2018,LK1130010,10.0,55.230000000000004,0.0,0.0,0.0,0.0,0.0,0.0,,0.0,,1.0,False
dynamic_world,2018,LK1130015,10.0,78.63,0.0,0.0,0.0,0.0,0.0,0.0,,0.0,,1.0,False
dynamic_world,2018,LK1130020,10.0,86.12,0.45,0.00522526706920576,1.0,1.161170459823502,540.0,6.270320483046911,0.45,0.5225267069205759,82.89473684210526,1.0,False
dynamic_world,2018,LK1130025,10.0,50.36,0.53,0.010524225575853852,1.0,1.9857029388403495,340.0,6.751389992057188,0.53,1.0524225575853852,97.8021978021978,1.0,False
dynamic_world,2018,LK1130030,10.0,41.92,0.0,0.0,0.0,0.0,0.0,0.0,,0.0,,1.0,False
dynamic_world,2018,LK1130035,10.0,45.56,0.0,0.0,0.0,0.0,0.0,0.0,,0.0,,1.0,False
dynamic_world,2018,LK1130040,10.0,44.4,0.0,0.0,0.0,0.0,0.0,0.0,,0.0,,0.891745330387628,True
dynamic_world,2018,LK1130045,10.0,46.94,0.0,0.0,0.0,0.0,0.0,0.0,,0.0,,1.0,False
dynamic_world,2018,LK1130050,10.0,49.67,0.01,0.000201328769881216,1.0,2.01328769881216,40.0,0.805315079524864,0.01,0.020132876988121603,0.0,1.0,False
dynamic_world,2018,LK1130055,10.0,79.31,0.0,0.0,0.0,0.0,0.0,0.0,,0.0,,1.0,False
dynamic_world,2018,LK1130060,10.0,36.86,0.0,0.0,0.0,0.0,0.0,0.0,,0.0,,1.0,False
dynamic_world,2018,LK1130065,10.0,36.38,0.0,0.0,0.0,0.0,0.0,0.0,,0.0,,1.0,False
dynamic_world,2018,LK1130070,10.0,39.27,0.0,0.0,0.0,0.0,0.0,0.0,,0.0,,1.0,False
dynamic_world,2018,LK1130075,10.0,112.79,4.38,0.0388332298962674,3.0,2.65981026686763,1790.0,15.87020125897686,1.46,2.314034932174838,93.16546762589928,1.0,False
dynamic_world,2018,LK1131005,10.0,101.29,1.5,0.014808964359759107,3.0,2.9617928719518214,980.0,9.67519004837595,0.5,1.0070095764636193,90.54545454545455,0.8979609929078014,True
dynamic_world,2018,LK1131010,10.0,51.35,0.0,0.0,0.0,0.0,0.0,0.0,,0.0,,1.0,False
dynamic_world,2018,LK1131015,10.0,38.59,0.0,0.0,0.0,0.0,0.0,0.0,,0.0,,1.0,False
dynamic_world,2018,LK1131020,10.0,53.33,0.0,0.0,0.0,0.0,0.0,0.0,,0.0,,1.0,False
dynamic_world,2018,LK1131025,10.0,112.49000000000001,0.01,8.889679082585119e-05,1.0,0.8889679082585118,40.0,0.35558716330340473,0.01,0.008889679082585119,0.0,1.0,False
dynamic_world,2018,LK1131030,10.0,133.01,34.89,0.2623111044282385,7.0,5.262762198330953,4360.0,32.77949026388993,4.984285714285715,24.12600556349147,97.08412305000729,1.0,False
dynamic_world,2018,LK1131035,10.0,170.89000000000001,28.75,0.16823687752355315,13.0,7.6072327228041425,7960.0,46.579671133477675,2.2115384615384617,12.546082275147755,92.71534916696207,1.0,False
dynamic_world,2018,LK1131040,10.0,61.97,0.0,0.0,0.0,0.0,0.0,0.0,,0.0,,1.0,False
dynamic_world,2018,LK1131045,10.0,60.36,1.24,0.02054340622929092,3.0,4.970178926441352,550.0,9.111994698475812,0.4133333333333334,1.9383697813121272,91.11111111111111,0.9181624581685427,False
dynamic_world,2018,LK1131050,10.0,66.63,0.02,0.00030016509079994,1.0,1.5008254539997,40.0,0.6003301815998799,0.02,0.030016509079993998,0.0,0.9526737203317129,False
dynamic_world,2018,LK1131055,10.0,38.03,0.02,0.0005259006047856955,1.0,2.6295030239284776,60.0,1.5777018143570865,0.02,0.052590060478569546,100.0,0.9439066765946885,False
dynamic_world,2018,LK1131060,10.0,103.7,4.75,0.04580520732883317,2.0,1.9286403085824493,1980.0,19.09353905496625,2.375,3.6837029893924784,93.92935982339957,1.0,False
dynamic_world,2018,LK1131065,10.0,270.38,44.06,0.16295583992898885,13.0,4.808047932539389,10150.0,37.53975885790369,3.3892307692307693,11.187957689178194,94.22744555824404,1.0,False
dynamic_world,2018,LK1133005,10.0,29.3,1.71,0.0583617747440273,3.0,10.238907849829351,1200.0,40.955631399317404,0.5700000000000001,5.631399317406143,88.88888888888889,0.8658392434988179,True
dynamic_world,2018,LK1133010,10.0,41.88,0.0,0.0,0.0,0.0,0.0,0.0,,0.0,,1.0,False
dynamic_world,2018,LK1133015,10.0,10.94,0.0,0.0,0.0,0.0,0.0,0.0,,0.0,,1.0,False
dynamic_world,2018,LK1133020,10.0,12.72,0.08,0.006289308176100628,2.0,15.723270440251572,160.0,12.578616352201257,0.04,0.550314465408805,80.0,1.0,False
dynamic_world,2018,LK1133025,10.0,34.7,0.0,0.0,0.0,0.0,0.0,0.0,,0.0,,1.0,False
dynamic_world,2018,LK1133030,10.0,84.77,5.73,0.06759466792497347,4.0,4.718650465966734,1980.0,23.357319806535333,1.4325,4.84841335378082,92.80510018214936,1.0,False
dynamic_world,2018,LK1133035,10.0,101.97,3.8200000000000003,0.037461998627047174,6.0,5.884083553986467,1650.0,16.181229773462782,0.6366666666666666,1.8829067372756694,86.87845303867404,1.0,False
dynamic_world,2018,LK1133040,10.0,43.63,0.0,0.0,0.0,0.0,0.0,0.0,,0.0,,1.0,False
dynamic_world,2018,LK1133045,10.0,62.410000000000004,0.0,0.0,0.0,0.0,0.0,0.0,,0.0,,1.0,False
dynamic_world,2018,LK1133050,10.0,24.11,0.0,0.0,0.0,0.0,0.0,0.0,,0.0,,1.0,False
dynamic_world,2018,LK1133055,10.0,9.450000000000001,2.89,0.3058201058201058,1.0,10.58201058201058,1090.0,115.34391534391533,2.89,30.58201058201058,96.13970588235294,0.883177570093458,True
dynamic_world,2018,LK1133060,10.0,64.33,0.0,0.0,0.0,0.0,0.0,0.0,,0.0,,0.9428403927890957,False
dynamic_world,2018,LK1133065,10.0,33.25,0.79,0.0237593984962406,2.0,6.015037593984962,900.0,27.06766917293233,0.395,2.075187969924812,80.71428571428571,0.9440658716638274,False
dynamic_world,2018,LK1133070,10.0,24.63,0.0,0.0,0.0,0.0,0.0,0.0,,0.0,,1.0,False
dynamic_world,2018,LK1133075,10.0,49.29,0.5,0.010144045445323595,1.0,2.028809089064719,320.0,6.492189085007101,0.5,1.0144045445323595,98.82352941176471,1.0,False
dynamic_world,2018,LK1133080,10.0,60.730000000000004,0.0,0.0,0.0,0.0,0.0,0.0,,0.0,,1.0,False
dynamic_world,2018,LK1133085,10.0,31.080000000000002,0.0,0.0,0.0,0.0,0.0,0.0,,0.0,,1.0,False
dynamic_world,2018,LK1133090,10.0,163.75,18.35,0.11206106870229009,8.0,4.885496183206107,6880.0,42.01526717557252,2.29375,7.2793893129770995,92.74553571428571,1.0,False
dynamic_world,2018,LK1133095,10.0,62.800000000000004,0.2,0.0031847133757961785,3.0,4.777070063694267,410.0,6.528662420382165,0.06666666666666667,0.12738853503184713,58.064516129032256,1.0,False
dynamic_world,2018,LK1133100,10.0,29.14,0.16,0.00549073438572409,1.0,3.4317089910775564,180.0,6.177076183939602,0.16,0.5490734385724091,95.83333333333333,1.0,False
dynamic_world,2018,LK1133105,10.0,31.220000000000002,0.0,0.0,0.0,0.0,0.0,0.0,,0.0,,1.0,False
dynamic_world,2018,LK1133110,10.0,55.88,0.0,0.0,0.0,0.0,0.0,0.0,,0.0,,1.0,False
dynamic_world,2018,LK1133115,10.0,61.49,0.0,0.0,0.0,0.0,0.0,0.0,,0.0,,0.9885852090032154,False
dynamic_world,2018,LK1133120,10.0,16.09,0.59,0.036668738346799255,2.0,12.430080795525171,260.0,16.159105034182723,0.295,3.107520198881293,92.15686274509804,0.8540339702760085,True
dynamic_world,2018,LK1133125,10.0,47.92,0.0,0.0,0.0,0.0,0.0,0.0,,0.0,,0.9634097305991154,False
dynamic_world,2018,LK1133130,10.0,38.13,0.07,0.0018358248098610018,2.0,5.245213742460005,110.0,2.884867558353003,0.035,0.15735641227380015,75.0,0.8406084656084656,True
dynamic_world,2018,LK1133135,10.0,35.660000000000004,0.0,0.0,0.0,0.0,0.0,0.0,,0.0,,1.0,False
dynamic_world,2018,LK1133140,10.0,31.36,0.02,0.0006377551020408164,1.0,3.188775510204082,60.0,1.913265306122449,0.02,0.06377551020408163,100.0,0.9803063457330415,False
dynamic_world,2018,LK1133145,10.0,46.160000000000004,3.93,0.08513864818024264,3.0,6.499133448873483,1130.0,24.48006932409012,1.31,8.123916811091854,96.38069705093834,1.0,False
dynamic_world,2018,LK1133150,10.0,31.88,0.0,0.0,0.0,0.0,0.0,0.0,,0.0,,1.0,False
dynamic_world,2018,LK1133155,10.0,99.07000000000001,1.3900000000000001,0.014030483496517613,7.0,7.065711113354194,1170.0,11.80983143232058,0.1985714285714286,0.7873220954880387,82.28346456692914,0.9634347952932024,False
dynamic_world,2018,LK1133160,10.0,44.61,0.0,0.0,0.0,0.0,0.0,0.0,,0.0,,0.9662118258609487,False
dynamic_world,2018,LK1133165,10.0,7.57,1.49,0.19682959048877147,2.0,26.42007926023778,620.0,81.90224570673712,0.745,16.6446499339498,93.4065934065934,0.8751445086705202,True
dynamic_world,2018,LK1133170,10.0,38.58,0.29,0.00751684810782789,3.0,7.776049766718508,420.0,10.88646967340591,0.09666666666666666,0.36288232244686375,70.2127659574468,0.9024561403508772,False
dynamic_world,2018,LK1133175,10.0,38.44,0.02,0.0005202913631633715,1.0,2.6014568158168574,80.0,2.081165452653486,0.02,0.052029136316337155,0.0,0.9709522606718869,False
dynamic_world,2018,LK1133180,10.0,27.150000000000002,0.0,0.0,0.0,0.0,0.0,0.0,,0.0,,1.0,False
dynamic_world,2018,LK1133185,10.0,31.69,0.05,0.001577784790154623,2.0,6.311139160618492,130.0,4.102240454402019,0.025,0.12622278321236982,60.0,0.9384068700029612,False
dynamic_world,2018,LK1133190,10.0,39.22,0.0,0.0,0.0,0.0,0.0,0.0,,0.0,,0.943468847726726,False
dynamic_world,2018,LK1133195,10.0,45.800000000000004,0.0,0.0,0.0,0.0,0.0,0.0,,0.0,,0.9569577935645633,False
dynamic_world,2018,LK1133200,10.0,49.96,0.0,0.0,0.0,0.0,0.0,0.0,,0.0,,0.9534351145038168,False
dynamic_world,2018,LK1133205,10.0,36.160000000000004,1.3,0.03595132743362832,3.0,8.29646017699115,630.0,17.422566371681413,0.43333333333333335,3.5398230088495573,94.51476793248945,0.9055847733533684,False
dynamic_world,2018,LK1133210,10.0,38.230000000000004,2.4,0.06277792309704419,5.0,13.078733978550876,1350.0,35.31258174208736,0.48,6.042375098090504,89.75501113585746,0.8009637544521265,True
dynamic_world,2018,LK1136005,10.0,68.2,0.0,0.0,0.0,0.0,0.0,0.0,,0.0,,1.0,False
dynamic_world,2018,LK1136010,10.0,28.64,0.09,0.003142458100558659,2.0,6.983240223463687,200.0,6.983240223463687,0.045,0.17458100558659218,66.66666666666667,1.0,False
dynamic_world,2018,LK1136015,10.0,28.29,0.0,0.0,0.0,0.0,0.0,0.0,,0.0,,1.0,False
dynamic_world,2018,LK1136020,10.0,43.87,3.41,0.07772965580123092,2.0,4.558924093913837,1180.0,26.897652154091634,1.705,7.52222475495783,95.81395348837209,1.0,False
dynamic_world,2018,LK1136025,10.0,53.910000000000004,9.49,0.17603413095900575,2.0,3.709886848451122,1260.0,23.37228714524207,4.745,15.637173066221479,97.49455337690632,1.0,False
dynamic_world,2018,LK1136030,10.0,70.38,21.830000000000002,0.31017334470019897,2.0,2.841716396703609,2820.0,40.06820119352089,10.915000000000001,31.003125888036376,97.3314606741573,1.0,False
dynamic_world,2018,LK1136035,10.0,53.64,12.61,0.23508575689783742,6.0,11.185682326621924,4840.0,90.23117076808352,2.1016666666666666,18.847874720357943,92.53061224489795,1.0,False
dynamic_world,2018,LK1136040,10.0,66.33,1.71,0.025780189959294438,9.0,13.568521031207599,2150.0,32.413689130107045,0.19,0.8442635308306952,70.15873015873017,1.0,False
dynamic_world,2018,LK1136045,10.0,32.19,1.29,0.04007455731593663,7.0,21.745883814849332,820.0,25.47374961168065,0.18428571428571427,2.454178316247282,79.14893617021276,1.0,False
dynamic_world,2018,LK1136050,10.0,77.17,12.19,0.1579629389659194,3.0,3.8875210574057277,2920.0,37.83853829208241,4.0633333333333335,15.718543475443825,96.24155405405405,1.0,False
dynamic_world,2018,LK1136055,10.0,73.34,26.17,0.3568311971638942,1.0,1.3635124079629124,2930.0,39.950913553313335,26.17,35.68311971638942,96.8232313389203,1.0,False
dynamic_world,2018,LK1136060,10.0,67.0,22.64,0.33791044776119405,4.0,5.970149253731344,3120.0,46.56716417910448,5.66,28.388059701492537,96.0740072202166,1.0,False
dynamic_world,2018,LK1136065,10.0,86.59,13.84,0.15983369904145975,6.0,6.929206605843631,2830.0,32.68275782422912,2.3066666666666666,12.287793047696038,95.35833642777571,1.0,False
dynamic_world,2018,LK1136070,10.0,53.03,6.49,0.12238355647746559,2.0,3.771450122572129,1470.0,27.72015840090515,3.245,10.729775598717707,94.78748997594226,1.0,False
dynamic_world,2018,LK1136075,10.0,75.85000000000001,3.67,0.04838497033618984,4.0,5.273566249176005,1310.0,17.270929466051417,0.9175,3.6255767963085033,93.09352517985612,1.0,False
dynamic_world,2018,LK1136080,10.0,23.900000000000002,2.5300000000000002,0.10585774058577406,1.0,4.184100418410042,700.0,29.28870292887029,2.5300000000000002,10.585774058577407,96.20253164556962,1.0,False
dynamic_world,2018,LK1136085,10.0,151.09,28.580000000000002,0.18915877953537627,10.0,6.618571712224502,6210.0,41.10133033291416,2.858,11.152293335098287,94.49099661258691,1.0,False
dynamic_world,2018,LK1136090,10.0,44.39,6.75,0.15206127506195088,2.0,4.505519261094841,1890.0,42.57715701734625,3.375,11.917098445595855,94.76117103235747,1.0,False
dynamic_world,2018,LK1136095,10.0,72.61,24.26,0.33411375843547725,3.0,4.131662305467566,3410.0,46.963228205481336,8.086666666666666,31.95152182894918,96.06564275194614,1.0,False
dynamic_world,2018,LK1136100,10.0,117.93,19.81,0.16798100568133637,3.0,2.543881963876876,3430.0,29.085050453658948,6.6033333333333335,14.737556177393367,95.53202479338843,1.0,False
dynamic_world,2018,LK1136105,10.0,109.03,30.5,0.27973952123268825,13.0,11.923323855819499,7590.0,69.61386774282307,2.3461538461538463,20.91167568559112,93.72182334279512,1.0,False
dynamic_world,2018,LK1136110,10.0,69.7,13.19,0.1892395982783357,10.0,14.347202295552366,4620.0,66.28407460545193,1.3190000000000002,10.014347202295552,90.21442495126706,1.0,False
dynamic_world,2018,LK1136115,10.0,116.12,10.41,0.08964863933861522,11.0,9.472959007922839,4790.0,41.25043058904581,0.9463636363636364,3.2466414054426456,88.05156172533465,1.0,False
dynamic_world,2018,LK1136120,10.0,68.38,8.64,0.12635273471775374,12.0,17.54899093302135,3470.0,50.74583211465341,0.72,6.580871599883007,89.75434391851408,1.0,False
dynamic_world,2018,LK1136125,10.0,34.57,1.16,0.033555105582875326,8.0,23.141452126120914,1130.0,32.68730112814579,0.145,1.1859994214636969,64.76190476190476,1.0,False
dynamic_world,2018,LK1136130,10.0,96.48,15.07,0.15619817578772802,9.0,9.328358208955223,4630.0,47.989220563847425,1.6744444444444446,6.9340796019900495,93.05177111716621,1.0,False
dynamic_world,2018,LK1136135,10.0,120.45,24.59,0.204151100041511,10.0,8.302200083022,5680.0,47.156496471564964,2.459,11.199667911996679,93.7733499377335,1.0,False
dynamic_world,2018,LK1136140,10.0,144.54,15.76,0.10903556109035561,24.0,16.604400166044,8210.0,56.80088556800886,0.6566666666666667,2.8158295281582952,86.68619791666667,1.0,False
dynamic_world,2018,LK1136145,10.0,66.42,3.68,0.05540499849442939,4.0,6.022282445046672,1540.0,23.18578741342969,0.92,3.6735922914784704,92.25251076040172,1.0,False
dynamic_world,2018,LK1136150,10.0,54.25,9.31,0.17161290322580647,4.0,7.373271889400922,3500.0,64.51612903225806,2.3275,7.649769585253457,92.55555555555556,1.0,False
dynamic_world,2018,LK1136155,10.0,59.870000000000005,2.89,0.04827125438449975,6.0,10.02171371304493,1390.0,23.21697010188742,0.48166666666666663,2.4887255720728243,90.07352941176471,1.0,False
dynamic_world,2018,LK1136160,10.0,84.53,15.93,0.18845380338341416,2.0,2.3660238968413583,3860.0,45.66426120903821,7.965,17.91080089908908,95.52479072762395,1.0,False
dynamic_world,2018,LK1136165,10.0,173.31,59.61,0.3439501471351913,14.0,8.078010501413651,15740.0,90.81991806589349,4.257857142857143,17.292712480526223,93.3882892835897,1.0,False
dynamic_world,2018,LK1136170,10.0,107.44,13.35,0.12425539836187639,15.0,13.961280714817573,5470.0,50.912137006701414,0.89,6.552494415487714,91.64098613251156,1.0,False
dynamic_world,2018,LK1136175,10.0,47.79,3.29,0.06884285415358862,4.0,8.369951872776731,1510.0,31.596568319732164,0.8225,3.8501778614772966,89.85507246376811,1.0,False
dynamic_world,2018,LK1136180,10.0,61.980000000000004,0.54,0.008712487899322363,4.0,6.453694740238786,700.0,11.293965795417876,0.135,0.32268473701193934,78.49462365591398,1.0,False
dynamic_world,2018,LK1136185,10.0,124.62,14.55,0.11675493500240731,10.0,8.024394158241053,6150.0,49.350024073182475,1.455,4.260953298025999,91.21073067419697,1.0,False
dynamic_world,2018,LK1136190,10.0,55.42,1.58,0.02850956333453627,7.0,12.630819198845181,1280.0,23.09635510645976,0.22571428571428573,1.100685673042223,75.51724137931035,1.0,False
dynamic_world,2018,LK1136195,10.0,42.02,5.36,0.12755830556877676,3.0,7.139457401237506,1770.0,42.12279866730128,1.7866666666666666,7.425035697287005,91.90243902439025,1.0,False
dynamic_world,2018,LK1136200,10.0,86.2,14.69,0.17041763341067284,10.0,11.600928074245939,6490.0,75.29002320185614,1.469,10.475638051044083,88.46557147850402,1.0,False
dynamic_world,2018,LK1136205,10.0,65.98,8.51,0.12897847832676568,5.0,7.578053955744164,2820.0,42.74022431039709,1.702,9.336162473476811,92.57455873402313,1.0,False
dynamic_world,2018,LK1136210,10.0,37.2,2.29,0.06155913978494623,5.0,13.440860215053762,1060.0,28.494623655913976,0.45799999999999996,2.419354838709677,86.88524590163935,1.0,False
dynamic_world,2018,LK1136215,10.0,10.82,0.0,0.0,0.0,0.0,0.0,0.0,,0.0,,1.0,False
dynamic_world,2018,LK1136220,10.0,63.230000000000004,3.0,0.04744583267436343,3.0,4.744583267436343,1450.0,22.93215245927566,1.0,2.2773999683694446,91.50442477876106,1.0,False
dynamic_world,2018,LK1136225,10.0,39.11,1.71,0.043722833035029406,1.0,2.5568908207619536,740.0,18.920992073638455,1.71,4.3722833035029405,96.82539682539682,1.0,False
dynamic_world,2018,LK1136230,10.0,81.06,5.97,0.07364914877868245,6.0,7.401924500370096,3670.0,45.27510486059709,0.995,4.083395016037503,87.77292576419214,1.0,False
dynamic_world,2018,LK1136235,10.0,50.15,0.9,0.01794616151545364,6.0,11.964107676969093,1340.0,26.719840478564308,0.15,1.3160518444666003,70.1863354037267,1.0,False
dynamic_world,2018,LK1136240,10.0,27.38,1.36,0.04967129291453616,3.0,10.95690284879474,570.0,20.818115412710007,0.45333333333333337,4.821037253469686,92.33870967741936,1.0,False
dynamic_world,2018,LK1136245,10.0,78.3,5.2,0.06641123882503193,10.0,12.77139208173691,2030.0,25.925925925925927,0.52,3.499361430395913,87.12273641851107,1.0,False
dynamic_world,2018,LK1136250,10.0,120.73,29.560000000000002,0.24484386647891992,7.0,5.798061790772799,5170.0,42.82282779756481,4.222857142857142,16.275987741240787,95.46786145097363,1.0,False
dynamic_world,2018,LK1136255,10.0,94.82000000000001,6.46,0.0681290866905716,14.0,14.764817549040286,3540.0,37.333895802573295,0.46142857142857147,2.183083737608099,86.94601128122481,1.0,False
dynamic_world,2018,LK1136260,10.0,72.94,6.11,0.08376748012064711,7.0,9.596928982725528,2670.0,36.605429119824514,0.8728571428571429,3.413764738140938,90.69965870307168,1.0,False
dynamic_world,2018,LK1136265,10.0,80.32000000000001,13.38,0.1665836653386454,17.0,21.165338645418323,7500.0,93.37649402390437,0.7870588235294118,10.931274900398403,87.81706379707917,1.0,False
dynamic_world,2018,LK1136270,10.0,90.54,22.8,0.25182239893969516,9.0,9.940357852882704,5890.0,65.05411972608792,2.5333333333333337,11.11111111111111,92.89874551971326,1.0,False
dynamic_world,2018,LK1136275,10.0,119.25,22.36,0.18750524109014674,9.0,7.547169811320755,6630.0,55.59748427672956,2.4844444444444447,9.844863731656185,90.88416723783413,1.0,False
dynamic_world,2018,LK1136280,10.0,112.05,13.8,0.12315930388219545,18.0,16.06425702811245,5800.0,51.76260597947345,0.7666666666666667,2.4899598393574296,87.4487895716946,1.0,False
dynamic_world,2018,LK1136285,10.0,159.35,25.22,0.15826796360213366,13.0,8.15814245371823,7320.0,45.93661750862881,1.94,9.494822717288987,93.44527614808821,1.0,False
dynamic_world,2018,LK1136290,10.0,117.21000000000001,2.93,0.02499786707618804,3.0,2.559508574353724,940.0,8.019793532975001,0.9766666666666667,2.4059380598925006,94.73684210526316,1.0,False
dynamic_world,2018,LK1136295,10.0,166.78,58.31,0.3496222568653316,12.0,7.195107327017628,14220.0,85.2620218251589,4.859166666666667,11.680057560858616,93.30089495177687,1.0,False
dynamic_world,2018,LK1136300,10.0,32.61,0.37,0.01134621281815394,5.0,15.332720024532353,340.0,10.426249616682,0.07400000000000001,0.5213124808341,70.49180327868852,1.0,False
dynamic_world,2018,LK1136305,10.0,120.74000000000001,15.530000000000001,0.12862348848765942,12.0,9.938711280437303,5100.0,42.23952294185854,1.2941666666666667,6.244823587874772,91.8401057152296,1.0,False
dynamic_world,2018,LK1136310,10.0,275.91,77.38,0.2804537711572614,9.0,3.2619332390997062,13980.0,50.668696314015435,8.597777777777779,15.863868652821571,96.09150326797386,0.9668161749246619,False
dynamic_world,2018,LK1136315,10.0,107.58,15.950000000000001,0.14826175869120656,8.0,7.436326454731363,4170.0,38.76185164528723,1.9937500000000001,4.387432608291504,91.12540192926045,1.0,False
dynamic_world,2018,LK1136320,10.0,28.93,2.42,0.08365019011406843,4.0,13.8264777048047,1100.0,38.02281368821293,0.605,4.597303836847563,88.05309734513274,1.0,False
dynamic_world,2018,LK1136325,10.0,236.57,97.82000000000001,0.4134928351016613,12.0,5.072494399120767,16490.0,69.70452720125122,8.151666666666667,27.074438855307097,94.97573066198493,1.0,False
dynamic_world,2018,LK1136330,10.0,63.45,24.22,0.38171788810086676,3.0,4.7281323877068555,4260.0,67.13947990543736,8.073333333333334,35.22458628841608,95.17386722866175,1.0,False
dynamic_world,2018,LK1136335,10.0,64.51,39.800000000000004,0.6169586110680515,4.0,6.200589055960315,3690.0,57.20043404123391,9.950000000000001,33.99472949930243,97.08923783990808,1.0,False
dynamic_world,2018,LK1136340,10.0,59.42,18.38,0.30932346011443956,4.0,6.731740154830024,3030.0,50.99293167283743,4.595,24.62133961629081,95.18105849582173,1.0,False
dynamic_world,2018,LK1136345,10.0,38.300000000000004,8.82,0.23028720626631852,6.0,15.665796344647518,1420.0,37.07571801566579,1.47,21.096605744125323,96.83098591549296,1.0,False
dynamic_world,2018,LK1136350,10.0,160.41,46.82,0.291877065020884,14.0,8.727635434199863,9910.0,61.779190823514746,3.3442857142857143,21.289196434137523,94.75452476427874,0.9735388723675427,False
dynamic_world,2018,LK1136355,10.0,60.120000000000005,9.78,0.16267465069860276,8.0,13.306719893546239,2530.0,42.08250166333998,1.2225,12.225548902195607,92.18172213417856,1.0,False
dynamic_world,2018,LK1136360,10.0,49.44,19.77,0.39987864077669905,2.0,4.045307443365696,4840.0,97.89644012944984,9.885,39.866504854368934,94.64424320827943,1.0,False
dynamic_world,2018,LK1136365,10.0,204.96,104.12,0.5080015612802498,7.0,3.4153005464480874,15920.0,77.67369242779078,14.874285714285714,20.486924277907885,96.09098404384305,0.9364462923196418,False
dynamic_world,2024,LK1103005,10.0,15.15,2.2,0.14521452145214522,3.0,19.801980198019802,970.0,64.02640264026402,0.7333333333333333,13.861386138613861,93.90243902439025,0.8559322033898306,True
dynamic_world,2024,LK1103010,10.0,205.12,10.86,0.052944617784711386,8.0,3.9001560062402496,4280.0,20.865834633385337,1.3575,3.456513260530421,90.64577397910732,0.9516121549524472,False
dynamic_world,2024,LK1103015,10.0,77.56,3.21,0.041387313047962865,4.0,5.157297576070139,1000.0,12.893243940175347,0.8025,3.9711191335740073,91.74917491749174,0.9855146124523507,False
dynamic_world,2024,LK1103020,10.0,28.2,1.24,0.04397163120567376,2.0,7.092198581560284,880.0,31.20567375886525,0.62,4.1489361702127665,90.66666666666667,1.0,False
dynamic_world,2024,LK1103025,10.0,50.58,0.93,0.018386714116251486,2.0,3.954132068011072,640.0,12.65322261763543,0.465,1.4630288651640966,91.56626506024097,1.0,False
dynamic_world,2024,LK1103030,10.0,63.11,0.6900000000000001,0.010933291079068295,3.0,4.753604816986215,550.0,8.714942164474726,0.23,1.0616384091269213,81.81818181818181,0.9630703494582634,False
dynamic_world,2024,LK1103035,10.0,116.87,0.54,0.004620518524856679,1.0,0.8556515786771626,240.0,2.05356378882519,0.54,0.4620518524856678,97.84946236559139,0.8540007307270734,True
dynamic_world,2024,LK1103040,10.0,102.62,4.93,0.04804131748197232,3.0,2.923406743324888,1640.0,15.98129019684272,1.6433333333333335,4.502046384720328,96.06801275239107,1.0,False
dynamic_world,2024,LK1103045,10.0,32.43,0.0,0.0,0.0,0.0,0.0,0.0,,0.0,,1.0,False
dynamic_world,2024,LK1103050,10.0,31.26,0.0,0.0,0.0,0.0,0.0,0.0,,0.0,,1.0,False
dynamic_world,2024,LK1103055,10.0,21.23,0.0,0.0,0.0,0.0,0.0,0.0,,0.0,,1.0,False
dynamic_world,2024,LK1103060,10.0,19.66,0.0,0.0,0.0,0.0,0.0,0.0,,0.0,,1.0,False
dynamic_world,2024,LK1103065,10.0,27.69,0.0,0.0,0.0,0.0,0.0,0.0,,0.0,,1.0,False
dynamic_world,2024,LK1103070,10.0,47.81,0.08,0.0016732901066722442,2.0,4.18322526668061,180.0,3.7649027400125497,0.04,0.12549675800041832,70.0,1.0,False
dynamic_world,2024,LK1103075,10.0,51.82,0.84,0.016209957545349284,4.0,7.719027402547279,880.0,16.981860285604014,0.21,0.9262832883056735,83.22147651006712,1.0,False
dynamic_world,2024,LK1103080,10.0,32.57,0.0,0.0,0.0,0.0,0.0,0.0,,0.0,,1.0,False
dynamic_world,2024,LK1103085,10.0,13.42,0.72,0.05365126676602086,5.0,37.257824143070046,760.0,56.63189269746647,0.14400000000000002,4.172876304023846,83.46456692913385,1.0,False
dynamic_world,2024,LK1103090,10.0,60.15,2.19,0.03640897755610972,4.0,6.6500415627597675,1720.0,28.595178719867,0.5475,1.895261845386534,86.27450980392157,1.0,False
dynamic_world,2024,LK1103095,10.0,33.85,1.86,0.054948301329394385,1.0,2.954209748892171,600.0,17.725258493353028,1.86,5.4948301329394384,99.4186046511628,1.0,False
dynamic_world,2024,LK1103100,10.0,30.96,0.0,0.0,0.0,0.0,0.0,0.0,,0.0,,1.0,False
dynamic_world,2024,LK1103105,10.0,14.540000000000001,0.0,0.0,0.0,0.0,0.0,0.0,,0.0,,1.0,False
dynamic_world,2024,LK1103110,10.0,23.82,0.0,0.0,0.0,0.0,0.0,0.0,,0.0,,1.0,False
dynamic_world,2024,LK1103115,10.0,72.43,0.1,0.0013806433798149937,2.0,2.7612867596299875,180.0,2.4851580836669886,0.05,0.08283860278889962,84.61538461538461,0.7832810641289066,True
dynamic_world,2024,LK1103120,10.0,131.4,2.0300000000000002,0.015449010654490107,7.0,5.32724505327245,1480.0,11.263318112633181,0.29,0.700152207001522,86.47214854111405,0.705124765226724,True
dynamic_world,2024,LK1103125,10.0,61.120000000000005,2.45,0.04008507853403141,9.0,14.725130890052355,2300.0,37.630890052356015,0.2722222222222222,0.9980366492146596,78.60262008733625,0.8985592472802117,True
dynamic_world,2024,LK1103130,10.0,11.870000000000001,0.0,0.0,0.0,0.0,0.0,0.0,,0.0,,1.0,False
dynamic_world,2024,LK1103135,10.0,71.36,1.1500000000000001,0.01611547085201794,7.0,9.809417040358744,1560.0,21.8609865470852,0.16428571428571428,1.2051569506726458,73.07692307692308,1.0,False
dynamic_world,2024,LK1103140,10.0,92.07000000000001,0.6,0.0065167807103290966,6.0,6.516780710329097,700.0,7.602910828717279,0.1,0.5104811556424459,81.73076923076923,1.0,False
dynamic_world,2024,LK1103145,10.0,30.18,0.0,0.0,0.0,0.0,0.0,0.0,,0.0,,1.0,False
dynamic_world,2024,LK1103150,10.0,21.03,0.0,0.0,0.0,0.0,0.0,0.0,,0.0,,1.0,False
dynamic_world,2024,LK1103155,10.0,30.61,0.02,0.0006533812479581836,1.0,3.266906239790918,60.0,1.9601437438745508,0.02,0.06533812479581837,100.0,1.0,False
dynamic_world,2024,LK1103160,10.0,20.61,0.0,0.0,0.0,0.0,0.0,0.0,,0.0,,1.0,False
dynamic_world,2024,LK1103165,10.0,21.09,0.08,0.003793266951161688,1.0,4.74158368895211,120.0,5.689900426742532,0.08,0.3793266951161688,100.0,1.0,False
dynamic_world,2024,LK1103170,10.0,74.41,2.06,0.02768445101464857,2.0,2.6878107781212206,1090.0,14.648568740760652,1.03,1.4111006585136407,92.95039164490862,1.0,False
dynamic_world,2024,LK1103175,10.0,33.07,0.02,0.0006047777441790142,2.0,6.047777441790142,60.0,1.8143332325370427,0.01,0.03023888720895071,0.0,1.0,False
dynamic_world,2024,LK1106005,10.0,49.050000000000004,0.06,0.0012232415902140672,1.0,2.038735983690112,100.0,2.038735983690112,0.06,0.12232415902140671,100.0,1.0,False
dynamic_world,2024,LK1106010,10.0,58.65,0.0,0.0,0.0,0.0,0.0,0.0,,0.0,,0.9964322120285423,False
dynamic_world,2024,LK1106015,10.0,33.61,1.1300000000000001,0.03362094614698007,1.0,2.975304968759298,460.0,13.686402856292771,1.1300000000000001,3.362094614698007,96.56862745098039,0.8543467208947636,True
dynamic_world,2024,LK1106020,10.0,54.57,1.84,0.033718160161260766,4.0,7.330034817665384,1170.0,21.440351841671248,0.46,1.319406267179769,89.11764705882354,1.0,False
dynamic_world,2024,LK1106025,10.0,18.06,0.23,0.012735326688815062,3.0,16.611295681063122,340.0,18.826135105204873,0.07666666666666667,0.6090808416389812,80.55555555555556,1.0,False
dynamic_world,2024,LK1106030,10.0,45.49,0.13,0.002857770938667839,1.0,2.198285337436799,160.0,3.5172565398988787,0.13,0.2857770938667839,100.0,1.0,False
dynamic_world,2024,LK1106035,10.0,43.51,0.55,0.012640772236267526,4.0,9.193288899103655,600.0,13.789933348655483,0.1375,0.6894966674327742,78.94736842105263,1.0,False
dynamic_world,2024,LK1106040,10.0,57.870000000000005,2.94,0.05080352514256091,6.0,10.368066355624675,2470.0,42.68187316398824,0.49,4.803870744772766,82.45931283905968,1.0,False
dynamic_world,2024,LK1106045,10.0,61.54,0.0,0.0,0.0,0.0,0.0,0.0,,0.0,,0.9982157339821573,False
dynamic_world,2024,LK1106050,10.0,69.01,0.01,0.00014490653528474132,1.0,1.4490653528474133,40.0,0.5796261411389654,0.01,0.014490653528474133,0.0,1.0,False
dynamic_world,2024,LK1106055,10.0,63.83,1.36,0.021306595644681188,4.0,6.266645777847407,910.0,14.256619144602851,0.34,1.2533291555694814,89.11290322580645,0.957258548290342,False
dynamic_world,2024,LK1106060,10.0,61.54,0.0,0.0,0.0,0.0,0.0,0.0,,0.0,,0.9935421375524701,False
dynamic_world,2024,LK1106065,10.0,140.78,38.660000000000004,0.2746128711464697,15.0,10.654922574229294,9560.0,67.90737320642137,2.5773333333333337,7.984088648955818,94.37360326015512,0.968825270112174,False
dynamic_world,2024,LK1106070,10.0,92.03,12.98,0.14104096490274912,11.0,11.95262414430077,4650.0,50.52700206454417,1.18,6.117570357492122,93.26198969480777,0.95111616370401,False
dynamic_world,2024,LK1106075,10.0,121.72,22.51,0.18493263227078544,11.0,9.03713440683536,6350.0,52.168912257640486,2.0463636363636364,7.279000985869208,93.62378034944406,1.0,False
dynamic_world,2024,LK1106080,10.0,40.62,1.24,0.03052683407188577,3.0,7.385524372230429,660.0,16.248153618906944,0.4133333333333334,2.8311176760216648,95.11111111111111,1.0,False
dynamic_world,2024,LK1106085,10.0,53.550000000000004,3.81,0.0711484593837535,5.0,9.337068160597571,2130.0,39.77591036414565,0.762,4.743230625583567,89.33518005540166,1.0,False
dynamic_world,2024,LK1106090,10.0,36.25,0.8200000000000001,0.022620689655172416,2.0,5.517241379310345,560.0,15.448275862068966,0.41000000000000003,1.2689655172413794,86.20689655172414,1.0,False
dynamic_world,2024,LK1106095,10.0,49.02,0.22,0.00448796409628723,2.0,4.079967360261118,230.0,4.6919624643002855,0.11,0.3671970624235006,76.47058823529412,1.0,False
dynamic_world,2024,LK1106100,10.0,17.68,0.0,0.0,0.0,0.0,0.0,0.0,,0.0,,1.0,False
dynamic_world,2024,LK1106105,10.0,32.79,1.19,0.03629155230253126,2.0,6.099420555047271,840.0,25.617566331198535,0.595,1.9518145776151266,90.74074074074075,1.0,False
dynamic_world,2024,LK1106110,10.0,25.43,0.0,0.0,0.0,0.0,0.0,0.0,,0.0,,1.0,False
dynamic_world,2024,LK1106115,10.0,40.050000000000004,9.25,0.2309612983770287,2.0,4.9937578027465666,1840.0,45.94257178526841,4.625,22.22222222222222,98.26718837339295,1.0,False
dynamic_world,2024,LK1106120,10.0,28.84,0.0,0.0,0.0,0.0,0.0,0.0,,0.0,,1.0,False
dynamic_world,2024,LK1106125,10.0,55.13,0.42,0.007618356611645201,4.0,7.255577725376383,640.0,11.608924360602213,0.105,0.5260293850897877,73.2394366197183,1.0,False
dynamic_world,2024,LK1106130,10.0,29.22,0.0,0.0,0.0,0.0,0.0,0.0,,0.0,,1.0,False
dynamic_world,2024,LK1106135,10.0,41.910000000000004,0.0,0.0,0.0,0.0,0.0,0.0,,0.0,,1.0,False
dynamic_world,2024,LK1106140,10.0,30.240000000000002,0.0,0.0,0.0,0.0,0.0,0.0,,0.0,,1.0,False
dynamic_world,2024,LK1106145,10.0,78.53,2.86,0.03641920285241309,3.0,3.8201961033999745,1160.0,14.771424933146568,0.9533333333333333,3.2726346619126447,94.9814126394052,1.0,False
dynamic_world,2024,LK1106150,10.0,99.13,10.26,0.10350045394935943,3.0,3.026329062846767,3260.0,32.88610914960154,3.42,6.294764450721275,95.06794162053347,1.0,False
dynamic_world,2024,LK1106155,10.0,86.75,18.18,0.20956772334293947,7.0,8.069164265129682,5020.0,57.86743515850144,2.5971428571428574,9.971181556195965,93.54929577464789,1.0,False
dynamic_world,2024,LK1106160,10.0,46.63,5.68,0.12180999356637356,5.0,10.72271070126528,3000.0,64.33626420759168,1.136,10.122238901994423,88.87867647058823,1.0,False
dynamic_world,2024,LK1106165,10.0,175.20000000000002,28.810000000000002,0.16444063926940639,30.0,17.123287671232877,11280.0,64.3835616438356,0.9603333333333334,8.373287671232877,90.13088079235939,1.0,False
dynamic_world,2024,LK1106170,10.0,37.53,1.94,0.051691979749533705,1.0,2.664535038635758,660.0,17.585931254996,1.94,5.16919797495337,97.5,1.0,False
dynamic_world,2024,LK1106175,10.0,63.04,0.53,0.008407360406091371,2.0,3.1725888324873095,540.0,8.565989847715736,0.265,0.5234771573604061,86.81318681318682,1.0,False
dynamic_world,2024,LK1106180,10.0,46.52,0.78,0.016766981943250214,2.0,4.299226139294927,360.0,7.7386070507308675,0.39,1.053310404127257,91.30434782608695,1.0,False
dynamic_world,2024,LK1106185,10.0,92.75,12.75,0.13746630727762804,13.0,14.016172506738544,3810.0,41.078167115902964,0.9807692307692308,10.954177897574125,94.55205811138015,1.0,False
dynamic_world,2024,LK1106190,10.0,24.47,0.0,0.0,0.0,0.0,0.0,0.0,,0.0,,1.0,False
dynamic_world,2024,LK1106195,10.0,23.93,0.0,0.0,0.0,0.0,0.0,0.0,,0.0,,1.0,False
dynamic_world,2024,LK1106200,10.0,66.49,31.43,0.47270266205444433,2.0,3.007971123477215,3210.0,48.277936531809296,15.715,47.25522634982705,98.12084885792969,1.0,False
dynamic_world,2024,LK1106205,10.0,54.24,15.870000000000001,0.29258849557522126,3.0,5.530973451327434,2040.0,37.610619469026545,5.29,28.816371681415927,97.83451842275372,1.0,False
dynamic_world,2024,LK1106210,10.0,27.810000000000002,7.18,0.25818051060769504,1.0,3.595828838547285,910.0,32.72204243078029,7.18,25.818051060769506,99.34876989869754,1.0,False
dynamic_world,2024,LK1106215,10.0,68.67,2.23,0.032474151740206784,4.0,5.82495995340032,1560.0,22.71734381826125,0.5575,1.5436143876510848,87.74038461538461,1.0,False
dynamic_world,2024,LK1106220,10.0,69.14,23.25,0.33627422620769454,13.0,18.802429852473242,3070.0,44.40266126699451,1.7884615384615383,31.703789412785653,96.37601581374918,1.0,False
dynamic_world,2024,LK1106225,10.0,23.0,0.0,0.0,0.0,0.0,0.0,0.0,,0.0,,1.0,False
dynamic_world,2024,LK1106230,10.0,31.43,0.0,0.0,0.0,0.0,0.0,0.0,,0.0,,1.0,False
dynamic_world,2024,LK1109005,10.0,179.94,39.42,0.21907302434144715,25.0,13.89352006224297,9470.0,52.62865399577637,1.5768000000000002,16.5999777703679,94.302655323537,0.9921155648673982,False
dynamic_world,2024,LK1109010,10.0,137.18,24.3,0.17713952471205716,8.0,5.83175389998542,6250.0,45.5605773436361,3.0375,16.117509841084704,94.98004620877967,0.9836512261580381,False
dynamic_world,2024,LK1109015,10.0,106.23,15.89,0.14958109761837524,10.0,9.413536665725312,5300.0,49.89174432834416,1.5890000000000002,7.446107502588722,92.41446094254357,1.0,False
dynamic_world,2024,LK1109020,10.0,176.87,33.99,0.1921750438174931,12.0,6.784644088878838,9780.0,55.294849324362524,2.8325,13.721942669757448,93.27944918425385,1.0,False
dynamic_world,2024,LK1109025,10.0,228.27,78.42,0.343540544092522,16.0,7.009243439786218,16630.0,72.852324002278,4.90125,17.347877513470888,94.75041919257062,0.9879679723003679,False
dynamic_world,2024,LK1109030,10.0,135.35,38.9,0.28740302918359806,15.0,11.082379017362394,10470.0,77.35500554118951,2.5933333333333333,19.20206871074991,94.53951665578053,0.9855821743246195,False
dynamic_world,2024,LK1109035,10.0,129.12,36.43,0.28214064436183395,19.0,14.714993804213135,11740.0,90.92317224287484,1.9173684210526316,11.431226765799256,92.95184926727146,0.9795918367346939,False
dynamic_world,2024,LK1109040,10.0,257.19,82.43,0.32050235234651425,18.0,6.998716901901318,18610.0,72.35895641354641,4.579444444444444,24.14557331155955,94.35721295387636,0.9871799792730204,False
dynamic_world,2024,LK1109045,10.0,183.48,38.27,0.20857859167211687,26.0,14.170481796381077,13160.0,71.72443863091345,1.471923076923077,5.613690865489427,89.70783532536521,1.0,False
dynamic_world,2024,LK1109050,10.0,107.54,44.68,0.4154733122559047,11.0,10.228752092244745,8450.0,78.57541379951645,4.0618181818181816,34.41510135763437,94.63758236764372,1.0,False
dynamic_world,2024,LK1109055,10.0,183.04,50.33,0.27496722027972026,10.0,5.463286713286713,7950.0,43.43312937062937,5.033,25.174825174825177,95.94921402660218,1.0,False
dynamic_world,2024,LK1109060,10.0,261.35,84.13,0.32190549072125496,19.0,7.2699445188444605,15110.0,57.81519035775779,4.427894736842105,22.28811938014157,95.16884989784882,1.0,False
dynamic_world,2024,LK1109065,10.0,56.92,8.07,0.14177793394237526,3.0,5.270555165144062,1580.0,27.758257203092057,2.69,13.36964160224877,94.21965317919076,1.0,False
dynamic_world,2024,LK1109070,10.0,210.41,22.05,0.10479539945820066,19.0,9.029989068960601,8270.0,39.304215579107456,1.1605263157894736,4.034979326077658,89.52734012974977,1.0,False
dynamic_world,2024,LK1109075,10.0,286.92,101.76,0.3546633207862819,28.0,9.758817788930712,19690.0,68.62540080858776,3.6342857142857143,23.379339188624005,94.53598014888337,1.0,False
dynamic_world,2024,LK1109080,10.0,509.42,193.5,0.3798437438655726,45.0,8.833575438734247,38460.0,75.49762474971536,4.3,12.058811982254328,94.19848520340439,1.0,False
dynamic_world,2024,LK1109085,10.0,188.96,86.89,0.4598327688399661,10.0,5.2921253175275185,18290.0,96.79297205757833,8.689,29.265453005927178,94.5901925426095,1.0,False
dynamic_world,2024,LK1109090,10.0,175.13,83.8,0.47850168446297037,20.0,11.420087934677097,17560.0,100.26837206646492,4.19,17.5526751555987,94.48600386100387,1.0,False
dynamic_world,2024,LK1109095,10.0,223.86,65.64,0.2932189761458054,29.0,12.9545251496471,19730.0,88.13544179397837,2.263448275862069,9.461270436880193,92.95025067489395,0.982229827563512,False
dynamic_world,2024,LK1109100,10.0,192.59,114.05,0.5921906641050937,18.0,9.34627966145698,15950.0,82.81842255568824,6.336111111111111,40.786125967080324,96.09222871304655,1.0,False
dynamic_world,2024,LK1109105,10.0,90.37,35.910000000000004,0.39736638264910923,9.0,9.959057209250856,8680.0,96.04957397366383,3.99,20.084098705322564,93.34466156896063,1.0,False
dynamic_world,2024,LK1109110,10.0,125.15,38.21,0.30531362365161807,21.0,16.779864163004394,12710.0,101.55813024370755,1.8195238095238098,14.063124250898923,91.35408353285449,1.0,False
dynamic_world,2024,LK1109115,10.0,228.91,44.06,0.19247739286182344,23.0,10.047616967367087,12690.0,55.436634485168845,1.9156521739130434,4.525796164431436,91.20866459269502,1.0,False
dynamic_world,2024,LK1109120,10.0,205.63,66.58,0.32378543986772357,20.0,9.726207265476827,17140.0,83.35359626513642,3.3289999999999997,13.621553275300297,93.62074209245742,1.0,False
dynamic_world,2024,LK1109125,10.0,222.03,37.43,0.16858082241138583,29.0,13.061298022789712,12360.0,55.66815295230374,1.2906896551724136,7.517002206908978,91.29430938476165,1.0,False
dynamic_world,2024,LK1109130,10.0,141.83,20.14,0.14200098709722908,10.0,7.0506944934076,6650.0,46.88711838116054,2.0140000000000002,7.798068109708805,92.0518029456577,1.0,False
dynamic_world,2024,LK1109135,10.0,91.51,4.65,0.05081411867555458,6.0,6.556660474265107,2130.0,23.27614468364113,0.775,2.699158561905803,87.69751693002257,1.0,False
dynamic_world,2024,LK1109140,10.0,54.38,2.25,0.04137550570062523,7.0,12.872379551305626,1190.0,21.883045237219566,0.32142857142857145,3.6778227289444647,87.85714285714286,1.0,False
dynamic_world,2024,LK1109145,10.0,131.06,11.78,0.08988249656645811,7.0,5.341065160994964,3740.0,28.53654814588738,1.6828571428571428,8.530444071417671,91.69217315260167,1.0,False
dynamic_world,2024,LK1109150,10.0,177.44,8.8,0.049594229035166824,10.0,5.63570784490532,3670.0,20.683047790802526,0.88,1.3638412984670876,87.6470588235294,1.0,False
dynamic_world,2024,LK1109155,10.0,151.48,7.83,0.05168999207816214,8.0,5.281225244256668,2640.0,17.428043306047005,0.97875,2.1388962239239504,92.8476821192053,1.0,False
dynamic_world,2024,LK1109160,10.0,101.29,16.1,0.15894955079474776,7.0,6.91085003455425,3060.0,30.21028729390858,2.3000000000000003,7.730279395794254,95.50812360624403,1.0,False
dynamic_world,2024,LK1109165,10.0,59.620000000000005,18.47,0.3097953706809795,10.0,16.772895001677288,3080.0,51.660516605166045,1.847,28.430057027843002,95.23281596452328,1.0,False
dynamic_world,2024,LK1109170,10.0,86.18,7.24,0.08401021118589,6.0,6.96217219772569,2920.0,33.882571362265026,1.2066666666666668,5.97586446971455,93.40028694404592,1.0,False
dynamic_world,2024,LK1109175,10.0,46.38,2.5100000000000002,0.05411815437688659,2.0,4.3122035360068995,1080.0,23.285899094437255,1.2550000000000001,5.304010349288486,94.04255319148936,1.0,False
dynamic_world,2024,LK1109180,10.0,58.31,1.33,0.022809123649459785,2.0,3.429943405933802,710.0,12.176299091064998,0.665,2.2637626479163093,90.08264462809917,1.0,False
dynamic_world,2024,LK1109185,10.0,124.60000000000001,12.18,0.09775280898876404,16.0,12.841091492776885,4620.0,37.078651685393254,0.76125,3.41091492776886,88.54606931530009,1.0,False
dynamic_world,2024,LK1109190,10.0,200.61,19.150000000000002,0.09545885050595683,16.0,7.975674193709186,6740.0,33.59752754099995,1.1968750000000001,4.187228951697323,89.92517370390166,1.0,False
dynamic_world,2024,LK1109195,10.0,170.93,17.150000000000002,0.10033346984145558,14.0,8.190487333996373,7150.0,41.82998888433862,1.225,4.206400280816708,90.05079175380938,1.0,False
dynamic_world,2024,LK1109200,10.0,193.05,59.36,0.3074851074851075,15.0,7.770007770007769,14710.0,76.1978761978762,3.9573333333333336,10.00259000259,93.47102500640095,1.0,False
dynamic_world,2024,LK1109205,10.0,205.12,43.88,0.2139235569422777,26.0,12.675507020280811,14240.0,69.42277691107644,1.6876923076923078,6.420631825273011,91.31088742334838,1.0,False
dynamic_world,2024,LK1109210,10.0,173.16,46.11,0.2662855162855163,17.0,9.817509817509817,15570.0,89.91683991683992,2.7123529411764706,9.961884961884962,92.22980409421088,1.0,False
dynamic_world,2024,LK1109215,10.0,120.17,42.94,0.3573271199134559,9.0,7.489390030789714,11140.0,92.70200549221936,4.771111111111111,32.595489722892566,93.66130558183538,1.0,False
dynamic_world,2024,LK1109220,10.0,194.79,33.09,0.16987525026952105,30.0,15.40120129370091,13530.0,69.45941783459111,1.103,5.077262693156733,90.03383574284835,1.0,False
dynamic_world,2024,LK1109225,10.0,126.56,11.52,0.09102402022756005,8.0,6.321112515802781,3290.0,25.995575221238937,1.44,4.827749683944374,91.59212880143113,1.0,False
dynamic_world,2024,LK1109230,10.0,90.55,25.22,0.27852015461071233,5.0,5.521811154058532,6230.0,68.8017669795693,5.044,17.68083931529542,92.51466720615011,1.0,False
dynamic_world,2024,LK1109235,10.0,215.51,24.78,0.11498306343093129,17.0,7.888265045705536,8640.0,40.090947055821076,1.4576470588235293,6.101805020648694,91.14497528830313,1.0,False
dynamic_world,2024,LK1109240,10.0,11.46,0.5,0.04363001745200698,1.0,8.726003490401396,310.0,27.050610820244327,0.5,4.363001745200698,96.47058823529412,1.0,False
dynamic_world,2024,LK1109245,10.0,45.79,5.63,0.12295260974011793,5.0,10.919414719371042,1700.0,37.12601004586154,1.126,7.316007861978598,90.16697588126159,1.0,False
dynamic_world,2024,LK1109250,10.0,58.08,3.0700000000000003,0.05285812672176309,3.0,5.1652892561983474,1580.0,27.203856749311296,1.0233333333333332,3.546831955922865,84.08304498269896,1.0,False
dynamic_world,2024,LK1109255,10.0,61.77,3.84,0.06216610004856726,6.0,9.713453132588635,2510.0,40.634612271329125,0.64,3.432086773514651,87.77472527472527,1.0,False
dynamic_world,2024,LK1109260,10.0,79.32000000000001,14.09,0.17763489662128087,5.0,6.303580433686333,5890.0,74.256177508825,2.818,12.254160363086234,91.90371991247265,1.0,False
dynamic_world,2024,LK1109265,10.0,187.23,34.46,0.1840517011162741,15.0,8.01153661272232,7160.0,38.24173476472788,2.2973333333333334,15.093734978368852,95.76321228225568,1.0,False
dynamic_world,2024,LK1109270,10.0,59.800000000000004,5.1000000000000005,0.08528428093645485,3.0,5.016722408026755,1450.0,24.247491638795985,1.7,5.852842809364548,93.83983572895278,1.0,False
dynamic_world,2024,LK1109275,10.0,113.32000000000001,14.780000000000001,0.1304271090716555,7.0,6.1771973173314505,4460.0,39.35757147899753,2.111428571428571,3.8563360395340625,93.9562348037513,1.0,False
dynamic_world,2024,LK1109280,10.0,174.04,26.45,0.1519765571133073,17.0,9.767869455297634,10650.0,61.1928292346587,1.5558823529411765,3.8496897264996552,90.41835357624831,1.0,False
dynamic_world,2024,LK1109285,10.0,133.31,24.71,0.18535743755157152,21.0,15.752756732428175,11270.0,84.5397944640312,1.1766666666666667,7.433800915160153,88.18669971086328,1.0,False
dynamic_world,2024,LK1112005,10.0,414.29,141.59,0.34176543001279297,36.0,8.689565280359169,34700.0,83.75775423012865,3.9330555555555553,15.576045765043808,93.65384615384616,1.0,False
dynamic_world,2024,LK1112010,10.0,113.98,61.03,0.5354448148798034,8.0,7.01877522372346,9060.0,79.48762940866818,7.62875,34.94472714511318,95.44360527844634,0.9816553268452329,False
dynamic_world,2024,LK1112015,10.0,151.3,91.59,0.6053536021150033,7.0,4.626569729015201,14660.0,96.89358889623264,13.084285714285713,57.11830799735624,95.23888337195189,1.0,False
dynamic_world,2024,LK1112020,10.0,280.49,180.91,0.6449784306035865,6.0,2.1391136938928303,22000.0,78.43416877607045,30.151666666666667,63.03611536953189,96.69469815103587,0.9994655074116305,False
dynamic_world,2024,LK1112025,10.0,213.84,109.58,0.5124392068836513,12.0,5.611672278338945,24530.0,114.7119341563786,9.131666666666666,44.121773288439954,94.09379894959919,1.0,False
dynamic_world,2024,LK1112030,10.0,120.9,45.1,0.37303556658395365,12.0,9.925558312655086,12170.0,100.66170388751033,3.7583333333333333,32.53928866832093,93.07822172200338,1.0,False
dynamic_world,2024,LK1112035,10.0,232.21,89.87,0.38702036949313123,26.0,11.196761552043409,22750.0,97.97166358037983,3.4565384615384613,24.486456224968776,93.42667566351777,1.0,False
dynamic_world,2024,LK1112040,10.0,228.27,83.27,0.36478731326937397,39.0,17.085030884478904,24410.0,106.93477022823849,2.1351282051282054,14.123625531169228,92.7205391293789,1.0,False
dynamic_world,2024,LK1112045,10.0,123.83,46.21,0.3731728983283534,20.0,16.151174997981105,11980.0,96.74553823790681,2.3105,27.90115480901236,92.71908631671425,1.0,False
dynamic_world,2024,LK1112050,10.0,66.77,19.26,0.2884528980080875,10.0,14.976785981728321,6610.0,98.9965553392242,1.926,13.868503819080425,91.07332624867162,1.0,False
dynamic_world,2024,LK1112055,10.0,160.16,57.910000000000004,0.3615759240759241,16.0,9.990009990009991,15390.0,96.0914085914086,3.6193750000000002,20.104895104895107,93.21025461545192,1.0,False
dynamic_world,2024,LK1112060,10.0,80.45,21.38,0.26575512740832813,18.0,22.37414543194531,7340.0,91.23679303915475,1.1877777777777778,17.16594157862026,90.60482907004543,1.0,False
dynamic_world,2024,LK1112065,10.0,107.21000000000001,45.39,0.42337468519727633,20.0,18.654976214905325,12550.0,117.05997574853092,2.2695,20.800298479619435,92.3739237392374,1.0,False
dynamic_world,2024,LK1112070,10.0,269.36,69.2,0.2569052569052569,40.0,14.85001485001485,25930.0,96.26522126522126,1.73,4.325066825066825,90.3093688290792,1.0,False
dynamic_world,2024,LK1112075,10.0,153.14000000000001,57.26,0.3739062295938357,17.0,11.10095337599582,12830.0,83.77954812589786,3.368235294117647,32.630272952853595,94.15044247787611,1.0,False
dynamic_world,2024,LK1112080,10.0,474.94,305.19,0.6425864319703541,16.0,3.3688465911483556,33310.0,70.13517496946983,19.074375,62.92584326441235,96.99446348536779,1.0,False
dynamic_world,2024,LK1112085,10.0,283.32,147.71,0.5213539460680503,31.0,10.941691373711704,24060.0,84.92164337145277,4.764838709677419,29.59198079909643,95.3307392996109,1.0,False
dynamic_world,2024,LK1112090,10.0,114.72,43.81,0.3818863319386332,14.0,12.203626220362622,9330.0,81.32845188284519,3.1292857142857144,28.294979079497907,94.37941824081585,1.0,False
dynamic_world,2024,LK1112095,10.0,57.870000000000005,13.72,0.23708311733195092,10.0,17.280110592707793,5350.0,92.44859167098669,1.3719999999999999,10.748228788664246,89.69651554889472,1.0,False
dynamic_world,2024,LK1112100,10.0,123.24000000000001,40.02,0.3247322297955209,6.0,4.868549172346641,11990.0,97.28984096072703,6.67,32.1811100292113,92.78913291862384,1.0,False
dynamic_world,2024,LK1112105,10.0,202.24,49.81,0.24629153481012658,39.0,19.28401898734177,18620.0,92.06882911392405,1.2771794871794873,9.948575949367088,90.5091649694501,1.0,False
dynamic_world,2024,LK1112110,10.0,63.690000000000005,4.95,0.07772020725388601,6.0,9.420631182289213,2090.0,32.81519861830743,0.8250000000000001,4.992934526613283,89.1005291005291,1.0,False
dynamic_world,2024,LK1112115,10.0,79.92,26.98,0.3375875875875876,12.0,15.015015015015015,8130.0,101.72672672672672,2.2483333333333335,25.41291291291291,92.76266061980348,1.0,False
dynamic_world,2024,LK1112120,10.0,91.7,15.3,0.16684841875681572,16.0,17.448200654307524,7260.0,79.17121046892039,0.95625,4.40567066521265,89.03052666890305,1.0,False
dynamic_world,2024,LK1112125,10.0,134.55,26.060000000000002,0.1936826458565589,11.0,8.175399479747306,8440.0,62.7276105536975,2.369090909090909,12.50836120401338,92.3076923076923,1.0,False
dynamic_world,2024,LK1112130,10.0,90.51,7.8500000000000005,0.08673074798364822,11.0,12.153353220638603,3940.0,43.531101535741904,0.7136363636363636,4.297867638934924,86.9795109054858,1.0,False
dynamic_world,2024,LK1112135,10.0,93.88,19.1,0.2034512143161483,17.0,18.108223263740946,7580.0,80.74137196420963,1.1235294117647059,13.176395398380912,89.65702036441586,1.0,False
dynamic_world,2024,LK1112140,10.0,60.43,12.57,0.20800926692040378,14.0,23.1673010094324,4810.0,79.59622703954989,0.8978571428571429,10.42528545424458,91.3221449038068,1.0,False
dynamic_world,2024,LK1112145,10.0,84.12,8.06,0.09581550166428911,23.0,27.34189253447456,4540.0,53.970518307180214,0.35043478260869565,2.769852591535901,81.92926045016077,1.0,False
dynamic_world,2024,LK1112150,10.0,97.94,16.92,0.1727588319379212,11.0,11.231366142536247,7420.0,75.7606697978354,1.538181818181818,6.463140698386767,89.70009088155105,1.0,False
dynamic_world,2024,LK1112155,10.0,117.33,18.07,0.154010057103895,23.0,19.602829625841643,7710.0,65.71209409358221,0.7856521739130434,4.866615528850251,88.12358276643991,1.0,False
dynamic_world,2024,LK1112160,10.0,100.17,26.14,0.2609563741639213,24.0,23.95926924228811,11120.0,111.01128082260158,1.0891666666666668,8.20604971548368,88.97560975609755,1.0,False
dynamic_world,2024,LK1112165,10.0,304.97,160.55,0.5264452241204053,31.0,10.164934255828442,33700.0,110.50267239400596,5.179032258064516,21.041413909564874,94.11727774987443,1.0,False
dynamic_world,2024,LK1112170,10.0,222.14000000000001,100.08,0.4505266948771045,23.0,10.353830917439453,25650.0,115.46772305753127,4.351304347826087,21.64850994868101,92.98006560686349,1.0,False
dynamic_world,2024,LK1112175,10.0,116.61,31.7,0.27184632535803105,41.0,35.159934825486665,13920.0,119.37226652945716,0.7731707317073171,6.903353057199212,87.97173598843744,1.0,False
dynamic_world,2024,LK1112180,10.0,158.0,48.47,0.3067721518987342,31.0,19.620253164556964,19600.0,124.0506329113924,1.5635483870967741,8.487341772151899,88.08875863512665,1.0,False
dynamic_world,2024,LK1112185,10.0,151.89000000000001,62.620000000000005,0.4122720389755744,30.0,19.751135690302192,17860.0,117.58509447626571,2.087333333333333,8.664164856145895,92.07440355843106,1.0,False
dynamic_world,2024,LK1112190,10.0,178.39000000000001,32.67,0.1831380682773698,24.0,13.45366892763047,10940.0,61.3263075284489,1.36125,6.328830091372835,91.0889546658358,1.0,False
dynamic_world,2024,LK1112195,10.0,77.86,6.96,0.08939121500128436,6.0,7.706139224248651,3130.0,40.200359619830465,1.16,5.4328281530953,86.6318147871546,1.0,False
dynamic_world,2024,LK1112200,10.0,84.88,21.8,0.2568331762488219,9.0,10.60320452403393,5730.0,67.50706880301603,2.4222222222222225,8.647502356267672,91.84247538677918,1.0,False
dynamic_world,2024,LK1112205,10.0,113.99000000000001,16.52,0.14492499342047546,17.0,14.913588911308008,8260.0,72.46249671023773,0.971764705882353,8.237564698657776,85.84729981378027,1.0,False
dynamic_world,2024,LK1112210,10.0,71.04,14.56,0.20495495495495494,11.0,15.484234234234233,5390.0,75.87274774774774,1.3236363636363637,7.333896396396396,90.93474426807761,1.0,False
dynamic_world,2024,LK1112215,10.0,49.980000000000004,11.61,0.23229291716686673,4.0,8.003201280512204,3120.0,62.42496998799519,2.9025,11.544617847138854,93.78606302707502,1.0,False
dynamic_world,2024,LK1112220,10.0,55.63,13.39,0.24069746539636885,12.0,21.571094733057702,3770.0,67.76918928635628,1.1158333333333332,12.978608664389718,92.54992319508449,1.0,False
dynamic_world,2024,LK1112225,10.0,59.410000000000004,14.16,0.23834371317959938,14.0,23.5650563878135,4090.0,68.84362901868371,1.0114285714285713,11.227066150479716,91.54571843251088,1.0,False
dynamic_world,2024,LK1112230,10.0,186.61,54.31,0.29103477841487596,25.0,13.396924066234392,15430.0,82.68581533679867,2.1724,9.351052998231605,91.92645137203658,1.0,False
dynamic_world,2024,LK1112235,10.0,18.490000000000002,12.36,0.6684694429421307,7.0,37.858301784748505,2630.0,142.23904813412653,1.7657142857142858,64.46727961060031,94.21074552269887,1.0,False
dynamic_world,2024,LK1112240,10.0,72.72,20.42,0.2808030803080308,22.0,30.253025302530254,6060.0,83.33333333333333,0.9281818181818181,20.04950495049505,91.76058101677937,1.0,False
dynamic_world,2024,LK1112245,10.0,194.32,65.94,0.3393371757925072,33.0,16.982297241663236,24500.0,126.0806916426513,1.9981818181818183,15.443598188554962,90.14971209213051,1.0,False
dynamic_world,2024,LK1112250,10.0,154.19,77.89,0.5051559763927622,20.0,12.971009793112394,18510.0,120.0466956352552,3.8945,46.07302678513523,92.90955132783586,1.0,False
dynamic_world,2024,LK1112255,10.0,106.21000000000001,46.92,0.4417663120233499,11.0,10.3568402222013,11560.0,108.84097542604273,4.265454545454546,19.08483193672912,93.74932410511518,1.0,False
dynamic_world,2024,LK1112260,10.0,135.45,41.31,0.30498338870431896,15.0,11.07419712070875,12170.0,89.84865263935032,2.754,9.878183831672205,92.18000737735153,1.0,False
dynamic_world,2024,LK1112265,10.0,119.37,39.43,0.33031750020943285,16.0,13.40370277289101,9690.0,81.17617491832118,2.464375,25.11518807070453,93.47938144329896,1.0,False
dynamic_world,2024,LK1112270,10.0,135.38,49.52,0.36578519722263264,19.0,14.034569360319102,14940.0,110.35603486482493,2.6063157894736846,16.634657999704537,91.437058281266,1.0,False
dynamic_world,2024,LK1112275,10.0,234.39000000000001,87.86,0.3748453432313665,37.0,15.785656384658047,18890.0,80.59217543410554,2.3745945945945945,16.04590639532403,93.97722043258169,1.0,False
dynamic_world,2024,LK1112280,10.0,82.44,27.28,0.33090732654051436,16.0,19.40805434255216,9190.0,111.47501213003397,1.705,14.919941775836973,90.263502149131,0.9294250281848929,False
dynamic_world,2024,LK1112285,10.0,216.98000000000002,133.08,0.6133284173656558,20.0,9.217439395335974,24790.0,114.25016130518941,6.654,42.838049589823946,95.06916808792874,0.9996314383119874,False
dynamic_world,2024,LK1112290,10.0,250.1,117.96000000000001,0.47165133946421434,15.0,5.997600959616154,22210.0,88.80447820871652,7.864,32.658936425429836,94.9944382647386,1.0,False
dynamic_world,2024,LK1112295,10.0,147.25,110.29,0.7489983022071308,5.0,3.395585738539898,12710.0,86.3157894736842,22.058000000000003,74.13921901528013,96.67688927541539,1.0,False
dynamic_world,2024,LK1112300,10.0,185.08,135.77,0.7335746704127944,11.0,5.943375837475686,17130.0,92.55457099632591,12.342727272727274,71.40695915279879,96.67533432392274,1.0,False
dynamic_world,2024,LK1112305,10.0,171.55,94.64,0.5516758962401632,12.0,6.99504517633343,17690.0,103.11862430778199,7.886666666666667,48.45817545904983,94.6351358565099,1.0,False
dynamic_world,2024,LK1112310,10.0,44.19,14.21,0.3215659651504866,7.0,15.840687938447614,3230.0,73.09346005883684,2.0300000000000002,29.64471599909482,94.57700650759219,1.0,False
dynamic_world,2024,LK1112315,10.0,167.33,58.88,0.35187951951234087,14.0,8.366700531883104,16760.0,100.16135779597202,4.2057142857142855,15.621825135958883,92.69488900361384,1.0,False
dynamic_world,2024,LK1112320,10.0,120.25,53.69,0.4464864864864865,12.0,9.97920997920998,12890.0,107.1933471933472,4.474166666666667,41.07276507276507,93.61722216976678,1.0,False
dynamic_world,2024,LK1112325,10.0,85.17,26.37,0.30961606199365976,13.0,15.26359046612657,6610.0,77.60948690853587,2.0284615384615385,17.964071856287426,92.65132469541675,1.0,False
dynamic_world,2024,LK1112330,10.0,110.47,49.75,0.4503485109079388,7.0,6.336561962523763,11840.0,107.17841948040191,7.107142857142857,16.837150357563143,94.11704730831974,1.0,False
dynamic_world,2024,LK1112335,10.0,93.48,48.32,0.5169020111253744,7.0,7.488232777064613,9550.0,102.16089002995292,6.902857142857144,50.41720154043645,95.08609827803444,1.0,False
dynamic_world,2024,LK1112340,10.0,167.62,99.81,0.595454003102255,14.0,8.35222527144732,19940.0,118.95955136618542,7.1292857142857144,48.514497076721156,94.49448436393078,1.0,False
dynamic_world,2024,LK1112345,10.0,232.52,148.93,0.6405040426629968,15.0,6.4510579735076545,23150.0,99.56132805780148,9.928666666666667,60.730259762601065,95.64334315019804,0.9819671438827653,False
dynamic_world,2024,LK1112350,10.0,113.74000000000001,62.09,0.5458941445401794,7.0,6.154387198874626,10810.0,95.04132231404958,8.870000000000001,52.1188675927554,95.89722675367047,1.0,False
dynamic_world,2024,LK1112355,10.0,114.88,45.49,0.39597841225626745,19.0,16.53899721448468,11340.0,98.7116991643454,2.39421052631579,33.96587743732591,93.27234184982707,0.9402520870846293,False
dynamic_world,2024,LK1112360,10.0,207.14000000000001,119.33,0.5760838080525248,12.0,5.793183354253162,20640.0,99.64275369315438,9.944166666666666,52.351066911267736,95.83879561889458,0.8207139744046912,True
dynamic_world,2024,LK1112365,10.0,129.75,56.1,0.4323699421965318,18.0,13.872832369942197,13230.0,101.96531791907515,3.116666666666667,15.329479768786127,93.35140018066848,1.0,False
dynamic_world,2024,LK1112370,10.0,136.56,79.51,0.5822349150556532,6.0,4.393673110720562,12370.0,90.58289396602225,13.251666666666667,56.7589338019918,95.04547478216625,0.8919660352710647,True
dynamic_world,2024,LK1112375,10.0,165.3,50.65,0.30641258318209313,18.0,10.88929219600726,15510.0,93.82940108892922,2.813888888888889,24.277071990320632,91.87944327625914,0.9980076073175149,False
dynamic_world,2024,LK1112380,10.0,107.39,67.49,0.6284570257938356,10.0,9.311853990129435,11090.0,103.26846075053543,6.749,62.4825402737685,95.26738168454212,0.9862246303609147,False
dynamic_world,2024,LK1112385,10.0,72.69,20.900000000000002,0.28752235520704367,14.0,19.25987068372541,6580.0,90.52139221350943,1.4928571428571429,20.965744944283948,92.75929549902153,1.0,False
dynamic_world,2024,LK1112390,10.0,122.83,75.83,0.6173573231295286,6.0,4.884800130261337,8980.0,73.10917528291134,12.638333333333334,38.04445168118538,96.23774264558735,1.0,False
dynamic_world,2024,LK1112395,10.0,111.75,89.86,0.8041163310961968,1.0,0.8948545861297539,5680.0,50.82774049217002,89.86,80.41163310961969,97.40186705657406,0.9763236065000873,False
dynamic_world,2024,LK1112400,10.0,210.91,158.73,0.7525958939832156,6.0,2.844815324071879,15870.0,75.2453653217012,26.455000000000002,74.7190744867479,96.82161681590144,0.8717810937047906,True
dynamic_world,2024,LK1112405,10.0,292.93,184.56,0.6300481343665723,18.0,6.144812753900249,30520.0,104.188714027242,10.253333333333332,60.72781893285085,94.87718340611353,0.8702355842072428,True
dynamic_world,2024,LK1115005,10.0,255.73000000000002,214.74,0.8397137606068901,4.0,1.564149689125249,16550.0,64.71669338755719,53.685,83.93227231846087,97.77746518497679,0.9689678690512277,False
dynamic_world,2024,LK1115010,10.0,179.06,129.86,0.725231765888529,3.0,1.675416061655311,13810.0,77.12498603819948,43.28666666666667,72.49525298782531,96.98182100683654,0.9834678969627066,False
dynamic_world,2024,LK1115015,10.0,691.19,654.39,0.9467584889827687,3.0,0.4340340572056887,14620.0,21.151926387823895,218.13,94.6642746567514,99.28662381295737,0.9842366075242788,False
dynamic_world,2024,LK1115020,10.0,147.72,141.25,0.9562009206607095,1.0,0.676956404007582,3110.0,21.0533441646358,141.25,95.62009206607095,98.7398257889476,0.9985129106394485,False
dynamic_world,2024,LK1115025,10.0,425.17,377.24,0.8872686219629795,3.0,0.705600112896018,16240.0,38.19648611143778,125.74666666666667,88.71510219441635,98.9048615089463,0.9842809519399944,False
dynamic_world,2024,LK1115030,10.0,684.96,617.84,0.9020088764307405,3.0,0.43798177995795373,13450.0,19.636183134781593,205.9466666666667,90.1045316514833,99.44746892012675,0.9945694787280384,False
dynamic_world,2024,LK1115035,10.0,160.29,116.62,0.72755630419864,3.0,1.8716077110237694,8410.0,52.46740283236634,38.873333333333335,71.73872356354109,97.64150943396227,0.9848847926267281,False
dynamic_world,2024,LK1115040,10.0,218.29,110.17,0.5046955884373998,4.0,1.8324247560584543,15140.0,69.3572770168125,27.5425,50.410005039168084,96.15102639296188,0.978177092668937,False
dynamic_world,2024,LK1115045,10.0,68.86,19.02,0.2762126052860877,10.0,14.522218995062445,3480.0,50.53732210281731,1.902,13.142608190531515,94.21420882669537,1.0,False
dynamic_world,2024,LK1115050,10.0,75.64,26.78,0.3540454785827605,5.0,6.610259122157588,4020.0,53.146483342147015,5.356000000000001,23.202009518773135,96.61081492764662,1.0,False
dynamic_world,2024,LK1115055,10.0,48.7,8.17,0.1677618069815195,9.0,18.480492813141684,1940.0,39.83572895277207,0.9077777777777777,14.558521560574947,91.49746192893402,1.0,False
dynamic_world,2024,LK1115060,10.0,39.99,10.700000000000001,0.26756689172293074,1.0,2.5006251562890722,2980.0,74.51862965741435,10.700000000000001,26.756689172293072,93.58727097396336,1.0,False
dynamic_world,2024,LK1115065,10.0,234.84,190.42000000000002,0.810849940384943,5.0,2.129109180718787,14960.0,63.70294668710611,38.084,80.78691875319366,97.75708844688955,1.0,False
dynamic_world,2024,LK1115070,10.0,250.12,165.91,0.6633216056292979,6.0,2.3988485526947065,17860.0,71.40572525187909,27.651666666666667,60.61890292659523,97.34843882881789,1.0,False
dynamic_world,2024,LK1115075,10.0,125.8,78.9,0.6271860095389508,13.0,10.333863275039747,12230.0,97.21780604133545,6.069230769230769,54.054054054054056,95.41725419817972,1.0,False
dynamic_world,2024,LK1115080,10.0,64.39,38.2,0.5932598229538749,3.0,4.659108557229383,5160.0,80.1366671843454,12.733333333333333,58.16120515608014,96.00851516764236,1.0,False
dynamic_world,2024,LK1115085,10.0,144.70000000000002,107.21000000000001,0.7409122322045611,6.0,4.14651002073255,9590.0,66.27505183137525,17.868333333333332,70.52522460262611,96.288970518979,0.990078686281218,False
dynamic_world,2024,LK1115090,10.0,141.69,122.91,0.8674571247088715,2.0,1.4115322182228809,8090.0,57.09647822711553,61.455,86.73865480979603,96.96223316912972,0.9104285806078519,False
dynamic_world,2024,LK1115095,10.0,475.01,430.99,0.9073282667733311,5.0,1.052609418749079,14800.0,31.157238794972738,86.198,90.54967263847077,98.73516588561704,1.0,False
dynamic_world,2024,LK1115100,10.0,179.15,69.35000000000001,0.3871057772816076,32.0,17.862126709461343,15000.0,83.72871895060005,2.1671875000000003,19.609265978230535,93.24965336057798,1.0,False
dynamic_world,2024,LK1115105,10.0,92.54,48.77,0.5270153447157986,9.0,9.725524097687487,9350.0,101.03738923708666,5.4188888888888895,37.4324616382105,95.31932598294155,1.0,False
dynamic_world,2024,LK1115110,10.0,153.25,74.43,0.48567699836867867,8.0,5.220228384991843,14100.0,92.00652528548125,9.30375,23.63458401305057,95.36464351253993,1.0,False
dynamic_world,2024,LK1115115,10.0,88.43,57.36,0.6486486486486486,6.0,6.785027705529797,6860.0,77.57548343322401,9.56,53.85050322288816,96.96113074204948,1.0,False
dynamic_world,2024,LK1115120,10.0,187.21,122.67,0.6552534586827626,7.0,3.7391165001869555,15870.0,84.77111265423855,17.524285714285714,59.270338122963516,96.68887792036854,1.0,False
dynamic_world,2024,LK1115125,10.0,213.48000000000002,184.8,0.865654862282181,2.0,0.9368559115608018,9010.0,42.20535881581412,92.4,86.25632377740303,98.64533362407326,1.0,False
dynamic_world,2024,LK1115130,10.0,199.95000000000002,163.17000000000002,0.8160540135033758,5.0,2.5006251562890722,5110.0,25.556389097274316,32.634,81.13028257064265,98.98387794181234,0.976890756302521,False
dynamic_world,2024,LK1115135,10.0,59.11,32.88,0.5562510573507021,3.0,5.075283369988158,3390.0,57.350702080866185,10.96,54.50854339367282,97.32239591394521,0.8975098694199818,True
dynamic_world,2024,LK1115140,10.0,79.4,30.44,0.3833753148614609,6.0,7.556675062972292,8160.0,102.77078085642317,5.073333333333333,20.289672544080602,93.69248787016897,0.9894080996884735,False
dynamic_world,2024,LK1115145,10.0,101.11,43.61,0.4313124320047473,6.0,5.934131144298289,8740.0,86.4405103352784,7.2683333333333335,41.67738107012165,94.9703108627314,0.879982593559617,True
dynamic_world,2024,LK1115150,10.0,142.97,90.79,0.6350283276211793,18.0,12.590053857452613,10980.0,76.79932853046094,5.0438888888888895,53.76652444568791,96.53253186397284,1.0,False
dynamic_world,2024,LK1115155,10.0,38.82,7.11,0.1831530139103555,4.0,10.303967027305513,2810.0,72.38536836682123,1.7775,9.840288511076764,92.10526315789474,1.0,False
dynamic_world,2024,LK1115160,10.0,104.01,51.52,0.4953369868281896,10.0,9.614460148062685,7910.0,76.05037977117584,5.152,42.27478127103163,95.93503937007874,1.0,False
dynamic_world,2024,LK1115165,10.0,337.68,290.16,0.8592750533049041,2.0,0.5922767116796968,10130.0,29.99881544657664,145.08,85.9215825633736,98.95997642613233,1.0,False
dynamic_world,2024,LK1115170,10.0,488.03000000000003,465.54,0.9539167674118394,2.0,0.4098108722824416,9090.0,18.625904145236973,232.77,95.38962768682252,99.31265915663171,1.0,False
dynamic_world,2024,LK1115175,10.0,296.52,258.76,0.8726561446108189,4.0,1.3489815189531904,13570.0,45.76419803048699,64.69,87.22514501551329,98.30254715146802,1.0,False
dynamic_world,2024,LK1115180,10.0,287.08,254.52,0.8865821373833078,3.0,1.0450048766894247,15100.0,52.59857879336771,84.84,88.64079699038597,98.0547208603511,1.0,False
dynamic_world,2024,LK1115185,10.0,254.28,156.96,0.6172722982538934,14.0,5.50574170206072,23670.0,93.08636149126947,11.211428571428572,47.75837659273242,95.88966314504994,1.0,False
dynamic_world,2024,LK1115190,10.0,86.76,60.36,0.6957123098201936,3.0,3.457814661134163,7820.0,90.13370216689718,20.12,69.53665283540802,96.09768378650554,0.9691689008042895,False
dynamic_world,2024,LK1115195,10.0,68.25,46.9,0.6871794871794872,5.0,7.326007326007326,7150.0,104.76190476190476,9.38,58.32967032967033,94.8609758736341,1.0,False
dynamic_world,2024,LK1115200,10.0,124.2,57.83,0.4656199677938808,15.0,12.077294685990339,10070.0,81.07890499194846,3.8553333333333337,17.14170692431562,94.26093051783054,0.9449178332318929,False
dynamic_world,2024,LK1115205,10.0,143.43,49.22,0.34316391271003277,12.0,8.36645053336122,8760.0,61.075088893536915,4.101666666666667,23.788607683190403,95.15613727713078,0.9710243043802045,False
dynamic_world,2024,LK1115210,10.0,135.89000000000001,98.81,0.7271322393112075,5.0,3.679446611229671,9250.0,68.0697623077489,19.762,71.71241445286628,98.01666411082145,1.0,False
dynamic_world,2024,LK1115215,10.0,216.19,168.58,0.779777047967066,4.0,1.8502243397011888,12860.0,59.48471252139322,42.145,77.95457699246033,97.64167862266858,1.0,False
dynamic_world,2024,LK1115220,10.0,159.15,138.64000000000001,0.8711278667923343,2.0,1.2566760917373547,8520.0,53.53440150801131,69.32000000000001,86.29594721960414,97.59930161501528,1.0,False
dynamic_world,2024,LK1115225,10.0,324.97,298.72,0.9192233129211927,3.0,0.9231621380435117,14400.0,44.31178262608856,99.57333333333334,91.88540480659753,98.51846863530758,1.0,False
dynamic_world,2024,LK1115230,10.0,566.59,550.58,0.9717432358495561,2.0,0.3529889337969254,6750.0,11.913376515646235,275.29,97.17255864028664,99.42451161009066,0.9803273582946916,False
dynamic_world,2024,LK1115235,10.0,509.40000000000003,482.22,0.946643109540636,4.0,0.7852375343541421,14270.0,28.01334903808402,120.555,94.64860620337652,98.95525186450564,0.9893759589799367,False
dynamic_world,2024,LK1115240,10.0,669.08,650.11,0.9716476355592754,1.0,0.14945895856997668,9700.0,14.497518981287737,650.11,97.16476355592754,99.33210822163197,1.0,False
dynamic_world,2024,LK1115245,10.0,167.23,160.56,0.9601148119356575,1.0,0.5979788315493632,5040.0,30.138133110087903,160.56,96.01148119356576,98.68478875007847,1.0,False
dynamic_world,2024,LK1115250,10.0,220.15,190.52,0.8654099477628889,3.0,1.3627072450601863,12650.0,57.46082216670452,63.50666666666667,86.5273677038383,97.73706611679488,1.0,False
dynamic_world,2024,LK1115255,10.0,271.46,232.23000000000002,0.8554851543505491,2.0,0.7367567965814485,14720.0,54.22530022839461,116.11500000000001,85.51167759522582,97.9909408118593,1.0,False
dynamic_world,2024,LK1115260,10.0,241.52,228.0,0.9440211990725406,1.0,0.41404438555813183,6710.0,27.782378270950645,228.0,94.40211990725405,98.84542363901276,1.0,False
dynamic_world,2024,LK1115265,10.0,260.33,226.48000000000002,0.8699727269235202,4.0,1.5365113509776054,14830.0,56.96615833749472,56.620000000000005,62.83563169822918,97.95310590065563,1.0,False
dynamic_world,2024,LK1115270,10.0,85.48,64.86,0.7587739822180627,5.0,5.84932147870847,6550.0,76.62611137108095,12.972000000000001,75.73701450631725,97.1272443403591,1.0,False
dynamic_world,2024,LK1115275,10.0,69.82000000000001,31.26,0.4477227155542824,6.0,8.593526210254941,5970.0,85.50558579203665,5.21,40.96247493554855,94.38110749185668,1.0,False
dynamic_world,2024,LK1115280,10.0,129.4,102.01,0.7883307573415765,6.0,4.63678516228748,8080.0,62.442040185471406,17.00166666666667,76.83925811437403,97.29207920792079,1.0,False
dynamic_world,2024,LK1115285,10.0,116.35000000000001,51.21,0.4401375161151697,8.0,6.8758057584873224,8890.0,76.40739149119037,6.40125,21.375161151697462,95.07823331352743,1.0,False
dynamic_world,2024,LK1115290,10.0,158.65,132.46,0.8349196344153798,5.0,3.1515915537346357,9760.0,61.51906712890009,26.491999999999997,83.32808068074377,97.91325539773808,1.0,False
dynamic_world,2024,LK1115295,10.0,251.34,222.31,0.8844990849049097,1.0,0.39786743057213336,12030.0,47.863451897827645,222.31,88.44990849049097,98.31986051672214,1.0,False
dynamic_world,2024,LK1115300,10.0,134.37,130.27,0.9694872367343902,1.0,0.7442137381856069,2300.0,17.11691597826896,130.27,96.94872367343902,99.10164569215875,1.0,False
dynamic_world,2024,LK1115305,10.0,387.34000000000003,378.94,0.9783136262714927,1.0,0.2581711158155625,5440.0,14.044508700366602,378.94,97.83136262714926,99.31563171436908,1.0,False
dynamic_world,2024,LK1115310,10.0,115.55,115.11,0.9961921246213761,1.0,0.8654262224145391,740.0,6.40415404586759,115.11,99.61921246213761,98.99153768579822,0.9953484365578431,False
dynamic_world,2024,LK1115315,10.0,277.35,273.37,0.9856499008473047,2.0,0.721110510185686,2940.0,10.600324499729583,136.685,98.55777897962864,99.42402885376221,0.956577222873698,False
dynamic_world,2024,LK1115320,10.0,179.56,171.94,0.9575629316106037,1.0,0.5569169079973267,4180.0,23.27912675428826,171.94,95.75629316106037,99.12087912087912,1.0,False
dynamic_world,2024,LK1115325,10.0,93.05,78.07000000000001,0.8390112842557765,6.0,6.448146157979581,5230.0,56.20634067705535,13.011666666666668,73.47662547017732,97.86875688281401,1.0,False
dynamic_world,2024,LK1115330,10.0,194.38,147.19,0.7572281098878485,20.0,10.289124395513943,14260.0,73.3614569400144,7.359500000000001,67.44006585039614,97.48244562425073,1.0,False
dynamic_world,2024,LK1115335,10.0,151.08,76.62,0.5071485305798252,25.0,16.547524490336244,16930.0,112.05983584855704,3.0648000000000004,42.566851998940955,94.09823078954318,1.0,False
dynamic_world,2024,LK1115340,10.0,204.77,166.85,0.8148166235288372,7.0,3.4184695023685108,5540.0,27.0547443473165,23.835714285714285,80.92982370464424,99.18758116637976,1.0,False
dynamic_world,2024,LK1118005,10.0,195.14000000000001,172.4,0.8834682791841755,4.0,2.04981039253869,9410.0,48.22178948447268,43.1,86.84534180588295,98.27571090393664,1.0,False
dynamic_world,2024,LK1118010,10.0,233.1,196.87,0.8445731445731446,4.0,1.716001716001716,14160.0,60.74646074646075,49.2175,84.41870441870442,97.4010692451334,0.9823008849557522,False
dynamic_world,2024,LK1118015,10.0,97.37,89.23,0.9164013556536921,2.0,2.0540207456095305,3410.0,35.0210537126425,44.615,91.56824483927288,98.4821883672198,1.0,False
dynamic_world,2024,LK1118020,10.0,339.36,302.52,0.8914427157001413,2.0,0.5893446487505893,10590.0,31.205799151343705,151.26,89.11775106082037,98.57703304741007,1.0,False
dynamic_world,2024,LK1118025,10.0,195.1,188.58,0.966581240389544,1.0,0.5125576627370579,3720.0,19.067145053818557,188.58,96.65812403895438,98.75270425469405,0.9895516331913167,False
dynamic_world,2024,LK1118030,10.0,373.25,364.43,0.9763697253851307,1.0,0.2679169457468185,5660.0,15.164099129269927,364.43,97.63697253851306,99.33658832616132,1.0,False
dynamic_world,2024,LK1118035,10.0,258.94,226.37,0.8742179655518654,8.0,3.0895188074457405,11420.0,44.10288097628794,28.29625,86.96609253108828,98.1322126609299,1.0,False
dynamic_world,2024,LK1118040,10.0,218.1,189.36,0.8682255845942229,7.0,3.2095369096744615,12940.0,59.330582301696474,27.051428571428573,83.90646492434664,97.07415682519417,1.0,False
dynamic_world,2024,LK1118045,10.0,218.47,210.0,0.9612303748798462,2.0,0.9154574998855678,3650.0,16.707099372911614,105.0,95.21215727559849,99.05777990889474,1.0,False
dynamic_world,2024,LK1118050,10.0,240.41,205.13,0.8532506967264257,2.0,0.8319121500769519,12410.0,51.620148912274864,102.565,84.79264589659333,98.07309948697808,1.0,False
dynamic_world,2024,LK1118055,10.0,315.08,251.84,0.7992890694426813,16.0,5.07807540941983,22880.0,72.61647835470357,15.74,79.62104862257205,97.48251748251748,1.0,False
dynamic_world,2024,LK1118060,10.0,99.09,62.2,0.6277121808456958,5.0,5.045917852457362,9430.0,95.16601069734584,12.44,58.75466747401352,95.473049991858,1.0,False
dynamic_world,2024,LK1118065,10.0,171.05,110.89,0.6482899736919029,13.0,7.600116924875767,15730.0,91.96141479099678,8.53,62.8178895059924,96.55847407474849,1.0,False
dynamic_world,2024,LK1118070,10.0,48.59,14.33,0.2949166495163614,7.0,14.406256431364477,4150.0,85.40852027166083,2.047142857142857,18.069561638197158,92.72401433691756,1.0,False
dynamic_world,2024,LK1118075,10.0,112.72,44.26,0.39265436479772886,10.0,8.87154009936125,10090.0,89.51383960255501,4.426,33.83605393896381,94.48267951364991,1.0,False
dynamic_world,2024,LK1118080,10.0,106.64,39.800000000000004,0.3732183045761441,3.0,2.813203300825206,7690.0,72.11177794448612,13.266666666666667,25.51575393848462,95.2508617387974,1.0,False
dynamic_world,2024,LK1118085,10.0,107.56,57.93,0.5385831164001488,3.0,2.7891409445890667,10540.0,97.99181851989587,19.31,52.92859799181852,95.53922854893729,1.0,False
dynamic_world,2024,LK1118090,10.0,137.95000000000002,45.43,0.32932221819499813,20.0,14.498006524102934,14450.0,104.7480971366437,2.2715,18.368974266038418,91.65456373589544,1.0,False
dynamic_world,2024,LK1118095,10.0,88.34,33.38,0.3778582748471814,20.0,22.639800769753226,9390.0,106.29386461399139,1.669,25.209418157120215,92.6829268292683,1.0,False
dynamic_world,2024,LK1118100,10.0,163.92000000000002,104.35000000000001,0.6365910200097609,18.0,10.980966325036603,16510.0,100.71986334797461,5.797222222222222,59.15690580771107,96.00774255988387,1.0,False
dynamic_world,2024,LK1118105,10.0,95.93,59.53,0.6205566558949234,5.0,5.212133847597206,8840.0,92.1505264255186,11.905999999999999,36.63087668091316,95.43017615522083,1.0,False
dynamic_world,2024,LK1118110,10.0,256.03000000000003,190.69,0.7447955317736202,5.0,1.9528961449830096,19020.0,74.28816935515368,38.138000000000005,74.3545678240831,97.05237579567365,1.0,False
dynamic_world,2024,LK1118115,10.0,219.94,181.82,0.8266800036373556,5.0,2.2733472765299627,12910.0,58.69782668000364,36.364000000000004,82.34518505046832,97.96365046822187,1.0,False
dynamic_world,2024,LK1118120,10.0,277.85,235.57,0.8478315637934136,5.0,1.7995321216483713,17920.0,64.49523123987763,47.114,84.76516105812487,97.91056893199735,1.0,False
dynamic_world,2024,LK1118125,10.0,225.31,156.12,0.692911987927744,24.0,10.651990590741645,24480.0,108.65030402556478,6.505,67.37384048644091,95.78678891973914,1.0,False
dynamic_world,2024,LK1118130,10.0,120.96000000000001,74.67,0.6173115079365079,18.0,14.88095238095238,17920.0,148.14814814814815,4.148333333333333,54.64616402116401,93.3405595826841,0.9432314410480349,False
dynamic_world,2024,LK1118135,10.0,70.26,42.56,0.6057500711642471,4.0,5.693139766581269,3900.0,55.508112724167376,10.64,57.37261599772274,97.05285765421787,1.0,False
dynamic_world,2024,LK1118140,10.0,216.47,163.49,0.7552547697140481,8.0,3.6956622164734143,20350.0,94.00840763154248,20.43625,75.07275834988683,96.64632266814623,1.0,False
dynamic_world,2024,LK1118145,10.0,204.20000000000002,161.68,0.7917727717923604,13.0,6.366307541625856,18940.0,92.75220372184133,12.436923076923076,76.37610186092066,96.85483619587919,0.987618494873283,False
dynamic_world,2024,LK1118150,10.0,145.32,105.88,0.7285989540324801,15.0,10.32204789430223,10470.0,72.04789430222957,7.058666666666667,67.29287090558768,97.1101573676681,1.0,False
dynamic_world,2024,LK1118155,10.0,154.67000000000002,111.85000000000001,0.7231525182646925,7.0,4.525764530936833,11880.0,76.80868946789938,15.97857142857143,71.45535656559125,97.3959743659175,1.0,False
dynamic_world,2024,LK1118160,10.0,150.5,107.53,0.714485049833887,8.0,5.3156146179401995,14650.0,97.3421926910299,13.44125,51.88704318936877,95.99492910132406,1.0,False
dynamic_world,2024,LK1118165,10.0,278.11,204.84,0.736543094459027,9.0,3.2361295890115422,23040.0,82.84491747869548,22.76,72.39941030527488,96.75278385487083,1.0,False
dynamic_world,2024,LK1118170,10.0,199.89000000000001,131.16,0.6561608884886687,12.0,6.003301815998799,15440.0,77.24248336585121,10.93,62.97463604982741,96.68102453657411,0.8758653930418018,True
dynamic_world,2024,LK1118175,10.0,213.86,187.31,0.8758533620125315,5.0,2.337978116524829,12390.0,57.935097727485264,37.461999999999996,87.49181707659216,97.918683446273,0.9775116555443825,False
dynamic_world,2024,LK1118180,10.0,148.15,88.74,0.5989875126560917,11.0,7.424907188660142,16280.0,109.8886263921701,8.067272727272728,59.25075936550793,94.69218064810069,0.8549252697789832,True
dynamic_world,2024,LK1118185,10.0,146.28,120.91,0.8265654908394859,11.0,7.5198249931637955,13590.0,92.90401968826907,10.991818181818182,82.44462674323216,97.02445538769719,0.9970690477813373,False
dynamic_world,2024,LK1118190,10.0,307.59000000000003,281.74,0.9159595565525537,6.0,1.950648590656393,15090.0,49.05881205500828,46.95666666666667,91.44965701095614,98.45390273512818,1.0,False
dynamic_world,2024,LK1118195,10.0,458.34000000000003,433.92,0.9467207749705459,7.0,1.5272505127198148,15800.0,34.472225858532966,61.98857142857143,94.59789675786533,98.90583208864497,0.9763756044564685,False
dynamic_world,2024,LK1118200,10.0,157.02,138.62,0.8828174754808304,4.0,2.5474461851993375,11670.0,74.32174245319067,34.655,88.23079862437905,97.58076251455181,0.988728669479252,False
dynamic_world,2024,LK1118205,10.0,207.34,194.03,0.9358059226391434,3.0,1.4468988135429728,9630.0,46.44545191472943,64.67666666666668,93.56130027973377,98.64251044721884,0.9215930304915992,False
dynamic_world,2024,LK1118210,10.0,216.47,209.25,0.9666466484963274,2.0,0.9239155541183536,5280.0,24.391370628724534,104.625,96.43368596110315,98.93166506256016,0.9572812099234953,False
dynamic_world,2024,LK1118215,10.0,227.12,184.75,0.8134466361394858,5.0,2.2014793941528707,13740.0,60.496653751320885,36.95,81.0496653751321,97.81067669992912,0.989327873851113,False
dynamic_world,2024,LK1118220,10.0,207.58,195.55,0.9420464399267752,5.0,2.4087098949802486,6450.0,31.072357645245205,39.11,94.16610463435784,98.68143188256502,1.0,False
dynamic_world,2024,LK1118225,10.0,804.69,770.28,0.9572381911046489,3.0,0.37281437572232784,5820.0,7.23259888901316,256.76,95.41686860778684,99.59739413680782,0.9883319618270919,False
dynamic_world,2024,LK1118230,10.0,1029.04,973.28,0.9458135738163725,3.0,0.2915338567985695,12930.0,12.565109228018347,324.4266666666667,94.5473450983441,99.47482889420301,0.9806638521723385,False
dynamic_world,2024,LK1121005,10.0,44.2,1.62,0.03665158371040724,3.0,6.787330316742081,760.0,17.194570135746606,0.54,2.1493212669683257,85.90604026845638,1.0,False
dynamic_world,2024,LK1121010,10.0,91.29,19.71,0.21590535655603021,5.0,5.477051155657794,3860.0,42.282834921678166,3.942,9.847737977872713,94.08253309109784,1.0,False
dynamic_world,2024,LK1121015,10.0,139.81,30.19,0.2159359130248194,4.0,2.8610256777054572,5290.0,37.83706458765467,7.5475,19.919891281024245,96.10323886639677,1.0,False
dynamic_world,2024,LK1121020,10.0,129.23,12.44,0.09626247775284377,18.0,13.928654337228199,6690.0,51.76816528669814,0.6911111111111111,3.5440687146947307,85.10550268928424,1.0,False
dynamic_world,2024,LK1121025,10.0,130.15,1.44,0.011064156742220515,5.0,3.8417210910487896,900.0,6.915097963887821,0.28800000000000003,0.46868997310795235,78.4090909090909,1.0,False
dynamic_world,2024,LK1121030,10.0,159.34,7.7,0.04832433789381198,14.0,8.78624325342036,4390.0,27.551148487510982,0.55,2.692355968369524,86.99460916442048,1.0,False
dynamic_world,2024,LK1121035,10.0,173.98,26.76,0.1538107828486033,25.0,14.369467754914359,12380.0,71.1576043223359,1.0704,4.040694332681918,89.3483231707317,1.0,False
dynamic_world,2024,LK1121040,10.0,190.68,57.81,0.303178099433606,21.0,11.013215859030836,17560.0,92.091462135515,2.7528571428571427,14.647577092511012,92.88281181523358,1.0,False
dynamic_world,2024,LK1121045,10.0,37.63,4.32,0.11480201966516078,10.0,26.574541589157587,2600.0,69.09380813180972,0.43200000000000005,7.5737443529099115,87.22627737226277,1.0,False
dynamic_world,2024,LK1121050,10.0,41.53,4.6000000000000005,0.11076330363592585,11.0,26.486876956417046,2120.0,51.047435588731034,0.4181818181818182,5.56224416084758,88.59749144811859,1.0,False
dynamic_world,2024,LK1121055,10.0,89.88,10.3,0.11459724076546508,19.0,21.13929684023142,6800.0,75.65643079661771,0.5421052631578948,3.415665331553182,85.31328320802005,1.0,False
dynamic_world,2024,LK1121060,10.0,58.61,6.0600000000000005,0.10339532502985839,5.0,8.530967411704488,2110.0,36.000682477392935,1.212,8.752772564408804,91.65232358003442,1.0,False
dynamic_world,2024,LK1121065,10.0,180.33,19.75,0.10952143292851993,18.0,9.98170021627017,6970.0,38.651361393001714,1.0972222222222223,4.264404147950978,91.27169127169127,1.0,False
dynamic_world,2024,LK1121070,10.0,79.68,9.73,0.12211345381526104,7.0,8.785140562248996,1910.0,23.970883534136544,1.3900000000000001,10.542168674698795,94.15825809877855,1.0,False
dynamic_world,2024,LK1121075,10.0,106.73,26.990000000000002,0.25288110184577905,22.0,20.6127611730535,9910.0,92.85111964770917,1.2268181818181818,10.812330178956245,90.4420098224405,1.0,False
dynamic_world,2024,LK1121080,10.0,127.53,6.23,0.048851250686113075,8.0,6.273033795969575,3700.0,29.012781306359287,0.77875,1.811338508586215,84.61538461538461,1.0,False
dynamic_world,2024,LK1121085,10.0,35.01,1.53,0.043701799485861184,1.0,2.8563267637817766,490.0,13.996001142530707,1.53,4.370179948586118,91.1032028469751,1.0,False
dynamic_world,2024,LK1121090,10.0,65.49,4.49,0.06856008550923806,2.0,3.053901358986105,1170.0,17.865322950068713,2.245,6.65750496258971,92.74853801169591,1.0,False
dynamic_world,2024,LK1121095,10.0,72.86,2.66,0.03650837222069723,6.0,8.234971177600878,1620.0,22.234422179522372,0.44333333333333336,2.0450178424375514,85.77154308617234,1.0,False
dynamic_world,2024,LK1121100,10.0,92.43,7.87,0.08514551552526235,10.0,10.818998160770311,4010.0,43.384182624688954,0.787,3.397165422481878,88.46407382992749,1.0,False
dynamic_world,2024,LK1121105,10.0,47.160000000000004,3.02,0.06403731976251059,6.0,12.72264631043257,1510.0,32.018659881255296,0.5033333333333334,3.477523324851569,86.11599297012302,1.0,False
dynamic_world,2024,LK1121110,10.0,36.97,0.9500000000000001,0.025696510684338654,1.0,2.704895861509332,320.0,8.655666756829863,0.9500000000000001,2.5696510684338656,98.23529411764706,1.0,False
dynamic_world,2024,LK1121115,10.0,99.22,6.61,0.06661963313848016,16.0,16.12578109252167,4100.0,41.32231404958678,0.413125,1.6024994960693408,85.35433070866142,1.0,False
dynamic_world,2024,LK1121120,10.0,70.23,2.18,0.03104086572689734,11.0,15.662822155773885,1830.0,26.057240495514737,0.19818181818181818,1.0109639755090416,80.54187192118226,1.0,False
dynamic_world,2024,LK1121125,10.0,46.83,1.92,0.04099935938500961,6.0,12.812299807815503,1430.0,30.53598120862695,0.32,3.4379671150971602,87.07865168539325,1.0,False
dynamic_world,2024,LK1121130,10.0,122.55,8.76,0.07148102815177479,6.0,4.8959608323133414,4060.0,33.129334965320275,1.46,3.288453692370461,91.13475177304964,1.0,False
dynamic_world,2024,LK1121135,10.0,57.15,7.34,0.1284339457567804,5.0,8.748906386701663,2260.0,39.54505686789152,1.4680000000000002,7.681539807524059,91.86128803963199,1.0,False
dynamic_world,2024,LK1121140,10.0,106.03,22.42,0.2114495897387532,14.0,13.20381024238423,8460.0,79.78873903612185,1.6014285714285714,5.253230217862869,90.20277967646389,1.0,False
dynamic_world,2024,LK1121145,10.0,106.38,22.55,0.21197593532618914,6.0,5.640157924421884,4780.0,44.933258131227674,3.7583333333333333,19.46794510246287,93.61268403171007,1.0,False
dynamic_world,2024,LK1121150,10.0,80.34,17.25,0.21471247199402538,20.0,24.894199651481205,7530.0,93.72666168782673,0.8625,7.219317898929549,88.32442067736186,1.0,False
dynamic_world,2024,LK1121155,10.0,131.6,6.62,0.05030395136778116,11.0,8.358662613981764,3100.0,23.556231003039514,0.6018181818181818,2.545592705167173,88.44339622641509,1.0,False
dynamic_world,2024,LK1121160,10.0,39.46,0.0,0.0,0.0,0.0,0.0,0.0,,0.0,,1.0,False
dynamic_world,2024,LK1121165,10.0,129.76,11.02,0.08492601726263872,9.0,6.935881627620223,3750.0,28.899506781750926,1.2244444444444444,4.2154747225647355,91.24941506785213,1.0,False
dynamic_world,2024,LK1121170,10.0,98.23,17.64,0.17957854016084698,16.0,16.2883029624351,4480.0,45.607248294818284,1.1025,14.292985849536802,92.39256678281069,1.0,False
dynamic_world,2024,LK1121175,10.0,85.15,2.12,0.024897240164415736,9.0,10.569583088667057,1860.0,21.843805049911918,0.23555555555555557,1.2331180270111568,84.01015228426395,1.0,False
dynamic_world,2024,LK1121180,10.0,63.76,0.0,0.0,0.0,0.0,0.0,0.0,,0.0,,1.0,False
dynamic_world,2024,LK1121185,10.0,131.77,4.2,0.03187371935949002,11.0,8.347878879866434,3350.0,25.42308567959323,0.38181818181818183,1.9427790847689155,81.72715894868585,1.0,False
dynamic_world,2024,LK1121190,10.0,71.91,1.5,0.020859407592824366,3.0,4.171881518564873,630.0,8.760951188986233,0.5,2.058128215825337,96.72727272727273,1.0,False
dynamic_world,2024,LK1121195,10.0,34.11,0.1,0.0029316915860451483,2.0,5.8633831720902965,150.0,4.397537379067722,0.05,0.20521841102316038,76.92307692307692,1.0,False
dynamic_world,2024,LK1121200,10.0,94.34,0.6,0.006359974560101759,1.0,1.0599957600169598,400.0,4.239983040067839,0.6,0.635997456010176,96.15384615384616,1.0,False
dynamic_world,2024,LK1121205,10.0,71.49,0.0,0.0,0.0,0.0,0.0,0.0,,0.0,,1.0,False
dynamic_world,2024,LK1124005,10.0,49.550000000000004,1.21,0.02441977800201816,6.0,12.108980827447022,1170.0,23.612512613521695,0.2016666666666667,1.4530776992936427,80.9090909090909,1.0,False
dynamic_world,2024,LK1124010,10.0,74.34,16.07,0.21616895345708906,3.0,4.035512510088781,2720.0,36.58864675813828,5.3566666666666665,20.40624159268227,97.4146185764443,1.0,False
dynamic_world,2024,LK1124015,10.0,125.59,18.31,0.1457918624094275,13.0,10.351142606895452,8110.0,64.5752050322478,1.4084615384615384,5.103909546938451,90.04474272930649,1.0,False
dynamic_world,2024,LK1124020,10.0,65.87,1.24,0.01882495825110065,2.0,3.0362835888872017,690.0,10.475178381660847,0.62,1.427053286776985,91.11111111111111,1.0,False
dynamic_world,2024,LK1124025,10.0,37.99,3.09,0.08133719399842063,4.0,10.5290866017373,1600.0,42.1163464069492,0.7725,6.054224795998947,90.37800687285224,1.0,False
dynamic_world,2024,LK1124030,10.0,137.05,33.83,0.24684421743889087,7.0,5.107624954396205,6040.0,44.071506749361546,4.832857142857143,15.986866107260123,96.57091291923598,1.0,False
dynamic_world,2024,LK1124035,10.0,99.41,12.27,0.12342822653656574,5.0,5.029675082989639,3160.0,31.78754652449452,2.454,8.288904536766925,94.33487201007134,1.0,False
dynamic_world,2024,LK1124040,10.0,62.79,8.49,0.13521261347348304,2.0,3.1852205765249244,2010.0,32.01146679407549,4.245,12.820512820512823,96.58328248932276,1.0,False
dynamic_world,2024,LK1124045,10.0,84.91,7.15,0.08420680720763161,6.0,7.066305499941114,2610.0,30.738428924743847,1.1916666666666667,4.6519844541279,94.04069767441861,1.0,False
dynamic_world,2024,LK1124050,10.0,125.88000000000001,28.150000000000002,0.22362567524626628,6.0,4.7664442326024785,7220.0,57.35621226564982,4.691666666666667,21.313949793454082,94.38710845554952,1.0,False
dynamic_world,2024,LK1124055,10.0,58.63,0.0,0.0,0.0,0.0,0.0,0.0,,0.0,,1.0,False
dynamic_world,2024,LK1124060,10.0,91.25,16.46,0.18038356164383562,2.0,2.191780821917808,3390.0,37.15068493150685,8.23,17.49041095890411,96.38629283489097,1.0,False
dynamic_world,2024,LK1124065,10.0,105.92,16.65,0.15719410876132928,5.0,4.720543806646526,3780.0,35.68731117824773,3.33,10.838368580060422,96.70566502463055,1.0,False
dynamic_world,2024,LK1124070,10.0,92.82000000000001,3.7800000000000002,0.04072398190045249,2.0,2.154708037060978,1250.0,13.466925231631112,1.8900000000000001,3.339797457444516,94.28172942817294,1.0,False
dynamic_world,2024,LK1124075,10.0,81.08,8.08,0.09965466206216084,2.0,2.46669955599408,1900.0,23.43364578194376,4.04,9.336457819437593,96.40795381654907,1.0,False
dynamic_world,2024,LK1124080,10.0,54.370000000000005,0.0,0.0,0.0,0.0,0.0,0.0,,0.0,,1.0,False
dynamic_world,2024,LK1124085,10.0,68.85000000000001,0.0,0.0,0.0,0.0,0.0,0.0,,0.0,,1.0,False
dynamic_world,2024,LK1124090,10.0,58.56,0.0,0.0,0.0,0.0,0.0,0.0,,0.0,,1.0,False
dynamic_world,2024,LK1124095,10.0,95.51,1.19,0.012459428332111819,6.0,6.282064705266464,990.0,10.365406763689666,0.19833333333333333,0.6386765783687571,82.4074074074074,1.0,False
dynamic_world,2024,LK1124100,10.0,57.620000000000005,0.86,0.014925373134328356,3.0,5.206525511975008,690.0,11.975008677542519,0.2866666666666667,0.7636237417563345,81.69934640522875,1.0,False
dynamic_world,2024,LK1127005,10.0,80.29,0.0,0.0,0.0,0.0,0.0,0.0,,0.0,,0.9572007629947544,False
dynamic_world,2024,LK1127010,10.0,136.67000000000002,0.14,0.0010243652593839175,2.0,1.4633789419770247,150.0,1.0975342064827687,0.07,0.06585205238896612,75.0,0.9546661078513551,False
dynamic_world,2024,LK1127015,10.0,366.24,30.400000000000002,0.08300567933595457,16.0,4.36871996505024,9350.0,25.529707295762343,1.9000000000000001,4.355067715159458,93.93533255151617,1.0,False
dynamic_world,2024,LK1127020,10.0,38.27,0.0,0.0,0.0,0.0,0.0,0.0,,0.0,,1.0,False
dynamic_world,2024,LK1127025,10.0,51.21,0.02,0.0003905487209529389,1.0,1.9527436047646944,60.0,1.1716461628588166,0.02,0.03905487209529389,100.0,1.0,False
dynamic_world,2024,LK1127030,10.0,73.75,0.38,0.005152542372881356,2.0,2.711864406779661,480.0,6.508474576271187,0.19,0.2983050847457627,79.36507936507937,1.0,False
dynamic_world,2024,LK1127035,10.0,64.84,1.9100000000000001,0.02945712523133868,9.0,13.880320789636027,1700.0,26.21838371375694,0.21222222222222223,0.8482418260333129,83.05084745762711,1.0,False
dynamic_world,2024,LK1127040,10.0,102.92,2.88,0.02798289933929265,8.0,7.773027594247959,1800.0,17.489312087057908,0.36,1.1562378546443839,88.19188191881919,1.0,False
dynamic_world,2024,LK1127045,10.0,65.53,0.0,0.0,0.0,0.0,0.0,0.0,,0.0,,1.0,False
dynamic_world,2024,LK1127050,10.0,105.2,28.42,0.27015209125475287,4.0,3.802281368821293,5200.0,49.42965779467681,7.105,23.24144486692015,96.39591178052717,1.0,False
dynamic_world,2024,LK1127055,10.0,85.75,10.47,0.12209912536443149,3.0,3.498542274052478,2260.0,26.355685131195337,3.49,10.274052478134111,95.76145884672252,1.0,False
dynamic_world,2024,LK1127060,10.0,186.6,5.97,0.031993569131832794,7.0,3.7513397642015005,3100.0,16.613076098606644,0.852857142857143,1.3933547695605575,90.74235807860262,1.0,False
dynamic_world,2024,LK1127065,10.0,102.69,0.0,0.0,0.0,0.0,0.0,0.0,,0.0,,0.9589130637781306,False
dynamic_world,2024,LK1127070,10.0,116.55,1.8900000000000001,0.016216216216216217,3.0,2.574002574002574,1040.0,8.923208923208923,0.63,0.8236808236808237,93.14285714285714,0.9718168931876928,False
dynamic_world,2024,LK1127075,10.0,182.51,2.54,0.013917045641334723,3.0,1.6437455481891403,1180.0,6.465399156210619,0.8466666666666667,0.7068105857213304,94.32773109243698,1.0,False
dynamic_world,2024,LK1127080,10.0,136.36,1.29,0.009460252273393956,4.0,2.933411557641537,890.0,6.526840715752419,0.3225,0.5353476092695805,88.51063829787235,1.0,False
dynamic_world,2024,LK1127085,10.0,96.11,0.0,0.0,0.0,0.0,0.0,0.0,,0.0,,0.9868569668343773,False
dynamic_world,2024,LK1127090,10.0,63.160000000000004,0.0,0.0,0.0,0.0,0.0,0.0,,0.0,,0.9299175500588928,False
dynamic_world,2024,LK1127095,10.0,63.75,0.0,0.0,0.0,0.0,0.0,0.0,,0.0,,1.0,False
dynamic_world,2024,LK1127100,10.0,87.45,0.0,0.0,0.0,0.0,0.0,0.0,,0.0,,1.0,False
dynamic_world,2024,LK1130005,10.0,34.78,0.0,0.0,0.0,0.0,0.0,0.0,,0.0,,1.0,False
dynamic_world,2024,LK1130010,10.0,55.230000000000004,0.0,0.0,0.0,0.0,0.0,0.0,,0.0,,1.0,False
dynamic_world,2024,LK1130015,10.0,78.63,0.0,0.0,0.0,0.0,0.0,0.0,,0.0,,1.0,False
dynamic_world,2024,LK1130020,10.0,86.12,1.3900000000000001,0.01614026939154668,1.0,1.161170459823502,680.0,7.895959126799814,1.3900000000000001,1.6140269391546678,96.06299212598425,1.0,False
dynamic_world,2024,LK1130025,10.0,50.36,0.48,0.009531374106433677,1.0,1.9857029388403495,300.0,5.957108816521049,0.48,0.9531374106433678,98.78048780487805,1.0,False
dynamic_world,2024,LK1130030,10.0,41.92,0.0,0.0,0.0,0.0,0.0,0.0,,0.0,,1.0,False
dynamic_world,2024,LK1130035,10.0,45.56,0.0,0.0,0.0,0.0,0.0,0.0,,0.0,,1.0,False
dynamic_world,2024,LK1130040,10.0,44.4,0.0,0.0,0.0,0.0,0.0,0.0,,0.0,,0.891745330387628,True
dynamic_world,2024,LK1130045,10.0,46.94,0.0,0.0,0.0,0.0,0.0,0.0,,0.0,,1.0,False
dynamic_world,2024,LK1130050,10.0,49.67,0.02,0.000402657539762432,1.0,2.01328769881216,60.0,1.2079726192872962,0.02,0.040265753976243206,100.0,1.0,False
dynamic_world,2024,LK1130055,10.0,79.31,0.0,0.0,0.0,0.0,0.0,0.0,,0.0,,1.0,False
dynamic_world,2024,LK1130060,10.0,36.86,0.0,0.0,0.0,0.0,0.0,0.0,,0.0,,1.0,False
dynamic_world,2024,LK1130065,10.0,36.38,0.0,0.0,0.0,0.0,0.0,0.0,,0.0,,1.0,False
dynamic_world,2024,LK1130070,10.0,39.27,0.0,0.0,0.0,0.0,0.0,0.0,,0.0,,1.0,False
dynamic_world,2024,LK1130075,10.0,112.79,6.44,0.05709726039542513,5.0,4.43301711144605,2680.0,23.760971717350827,1.288,3.0853799095664507,92.48181083265966,1.0,False
dynamic_world,2024,LK1131005,10.0,101.29,3.19,0.03149373087175437,3.0,2.9617928719518214,1530.0,15.10514364695429,1.0633333333333332,1.9054200809556716,92.0265780730897,0.8979609929078014,True
dynamic_world,2024,LK1131010,10.0,51.35,0.0,0.0,0.0,0.0,0.0,0.0,,0.0,,1.0,False
dynamic_world,2024,LK1131015,10.0,38.59,0.0,0.0,0.0,0.0,0.0,0.0,,0.0,,1.0,False
dynamic_world,2024,LK1131020,10.0,53.33,0.0,0.0,0.0,0.0,0.0,0.0,,0.0,,1.0,False
dynamic_world,2024,LK1131025,10.0,112.49000000000001,2.93,0.0260467597119744,7.0,6.222775357809582,2260.0,20.090674726642366,0.41857142857142854,1.3690105787181082,85.84392014519057,1.0,False
dynamic_world,2024,LK1131030,10.0,133.01,38.17,0.286970904443275,6.0,4.510939027140817,3450.0,25.937899406059696,6.361666666666666,28.306142395308626,97.37683089214381,1.0,False
dynamic_world,2024,LK1131035,10.0,170.89000000000001,31.96,0.18702089063140032,10.0,5.85171747908011,7750.0,45.35081046287085,3.196,13.213178067762888,93.93118827652118,1.0,False
dynamic_world,2024,LK1131040,10.0,61.97,0.0,0.0,0.0,0.0,0.0,0.0,,0.0,,1.0,False
dynamic_world,2024,LK1131045,10.0,60.36,3.44,0.05699138502319417,3.0,4.970178926441352,1080.0,17.892644135188867,1.1466666666666667,5.566600397614314,94.61538461538461,0.9181624581685427,False
dynamic_world,2024,LK1131050,10.0,66.63,0.16,0.00240132072639952,2.0,3.0016509079994,140.0,2.10115563559958,0.08,0.21011556355995803,75.0,0.9526737203317129,False
dynamic_world,2024,LK1131055,10.0,38.03,1.2,0.03155403628714173,4.0,10.51801209571391,1030.0,27.083881146463316,0.3,2.4717328424927687,84.86238532110092,0.9439066765946885,False
dynamic_world,2024,LK1131060,10.0,103.7,3.0700000000000003,0.0296046287367406,7.0,6.750241080038573,2280.0,21.98649951783992,0.43857142857142856,1.8129218900675024,86.50519031141869,1.0,False
dynamic_world,2024,LK1131065,10.0,270.38,39.78,0.1471262667357053,20.0,7.396996819291368,12690.0,46.93394481840373,1.989,11.35439011761225,92.00408736747988,1.0,False
dynamic_world,2024,LK1133005,10.0,29.3,1.67,0.05699658703071672,2.0,6.8259385665529,890.0,30.375426621160408,0.835,5.665529010238908,92.20779220779221,0.8658392434988179,True
dynamic_world,2024,LK1133010,10.0,41.88,0.0,0.0,0.0,0.0,0.0,0.0,,0.0,,1.0,False
dynamic_world,2024,LK1133015,10.0,10.94,0.01,0.0009140767824497259,1.0,9.140767824497258,20.0,1.8281535648994516,0.01,0.09140767824497258,0.0,1.0,False
dynamic_world,2024,LK1133020,10.0,12.72,0.43,0.03380503144654088,2.0,15.723270440251572,390.0,30.660377358490564,0.215,2.830188679245283,90.27777777777777,1.0,False
dynamic_world,2024,LK1133025,10.0,34.7,0.0,0.0,0.0,0.0,0.0,0.0,,0.0,,1.0,False
dynamic_world,2024,LK1133030,10.0,84.77,10.03,0.11832016043411583,3.0,3.5389878494750504,1510.0,17.81290550902442,3.3433333333333333,10.239471511147812,97.01338825952627,1.0,False
dynamic_world,2024,LK1133035,10.0,101.97,11.9,0.11670099048739827,9.0,8.8261253309797,4740.0,46.484260076493086,1.3222222222222224,10.35598705501618,89.5716140199048,1.0,False
dynamic_world,2024,LK1133040,10.0,43.63,0.01,0.00022920009168003665,1.0,2.2920009168003666,40.0,0.9168003667201466,0.01,0.022920009168003665,0.0,1.0,False
dynamic_world,2024,LK1133045,10.0,62.410000000000004,0.0,0.0,0.0,0.0,0.0,0.0,,0.0,,1.0,False
dynamic_world,2024,LK1133050,10.0,24.11,0.0,0.0,0.0,0.0,0.0,0.0,,0.0,,1.0,False
dynamic_world,2024,LK1133055,10.0,9.450000000000001,3.29,0.3481481481481481,1.0,10.58201058201058,950.0,100.52910052910052,3.29,34.81481481481481,95.81320450885669,0.883177570093458,True
dynamic_world,2024,LK1133060,10.0,64.33,0.71,0.011036841287113321,6.0,9.326908129954921,840.0,13.057671381936888,0.11833333333333335,0.7306078035131354,80.0,0.9428403927890957,False
dynamic_world,2024,LK1133065,10.0,33.25,3.9,0.11729323308270677,4.0,12.030075187969924,1490.0,44.81203007518797,0.975,11.157894736842104,92.97297297297297,0.9440658716638274,False
dynamic_world,2024,LK1133070,10.0,24.63,0.0,0.0,0.0,0.0,0.0,0.0,,0.0,,1.0,False
dynamic_world,2024,LK1133075,10.0,49.29,0.9,0.018259281801582473,2.0,4.057618178129438,550.0,11.158449989855955,0.45,1.4810306350172449,91.92546583850931,1.0,False
dynamic_world,2024,LK1133080,10.0,60.730000000000004,0.0,0.0,0.0,0.0,0.0,0.0,,0.0,,1.0,False
dynamic_world,2024,LK1133085,10.0,31.080000000000002,0.0,0.0,0.0,0.0,0.0,0.0,,0.0,,1.0,False
dynamic_world,2024,LK1133090,10.0,163.75,33.05,0.20183206106870227,6.0,3.66412213740458,7580.0,46.29007633587786,5.508333333333334,8.122137404580153,94.96535796766743,1.0,False
dynamic_world,2024,LK1133095,10.0,62.800000000000004,5.42,0.08630573248407643,5.0,7.961783439490445,2070.0,32.961783439490446,1.084,7.499999999999999,92.47830279652845,1.0,False
dynamic_world,2024,LK1133100,10.0,29.14,0.64,0.02196293754289636,1.0,3.4317089910775564,300.0,10.29512697323267,0.64,2.1962937542896364,95.53571428571429,1.0,False
dynamic_world,2024,LK1133105,10.0,31.220000000000002,0.0,0.0,0.0,0.0,0.0,0.0,,0.0,,1.0,False
dynamic_world,2024,LK1133110,10.0,55.88,0.11,0.001968503937007874,2.0,3.5790980672870436,220.0,3.9370078740157477,0.055,0.16105941302791696,73.33333333333333,1.0,False
dynamic_world,2024,LK1133115,10.0,61.49,0.31,0.005041470157749227,2.0,3.252561392096276,300.0,4.878842088144413,0.155,0.4716214018539599,92.0,0.9885852090032154,False
dynamic_world,2024,LK1133120,10.0,16.09,1.26,0.07830950901180858,2.0,12.430080795525171,600.0,37.290242386575514,0.63,7.395898073337476,90.82969432314411,0.8540339702760085,True
dynamic_world,2024,LK1133125,10.0,47.92,0.59,0.012312186978297161,4.0,8.347245409015025,770.0,16.068447412353922,0.1475,1.0225375626043405,76.47058823529412,0.9634097305991154,False
dynamic_world,2024,LK1133130,10.0,38.13,0.26,0.006818777865198007,1.0,2.6226068712300026,170.0,4.458431681091004,0.26,0.6818777865198007,92.6829268292683,0.8406084656084656,True
dynamic_world,2024,LK1133135,10.0,35.660000000000004,0.0,0.0,0.0,0.0,0.0,0.0,,0.0,,1.0,False
dynamic_world,2024,LK1133140,10.0,31.36,0.59,0.01881377551020408,1.0,3.188775510204082,500.0,15.943877551020408,0.59,1.8813775510204083,91.17647058823529,0.9803063457330415,False
dynamic_world,2024,LK1133145,10.0,46.160000000000004,7.4,0.16031195840554593,4.0,8.665511265164644,2450.0,53.07625649913344,1.85,11.02686308492201,93.6140350877193,1.0,False
dynamic_world,2024,LK1133150,10.0,31.88,0.0,0.0,0.0,0.0,0.0,0.0,,0.0,,1.0,False
dynamic_world,2024,LK1133155,10.0,99.07000000000001,3.1,0.03129100635914,6.0,6.056323811446451,2250.0,22.711214292924193,0.5166666666666666,1.322297365499142,83.9041095890411,0.9634347952932024,False
dynamic_world,2024,LK1133160,10.0,44.61,0.0,0.0,0.0,0.0,0.0,0.0,,0.0,,0.9662118258609487,False
dynamic_world,2024,LK1133165,10.0,7.57,3.69,0.487450462351387,2.0,26.42007926023778,1810.0,239.1017173051519,1.845,48.61294583883751,90.55793991416309,0.8751445086705202,True
dynamic_world,2024,LK1133170,10.0,38.58,4.48,0.11612234318299638,2.0,5.1840331778123385,1530.0,39.657853810264385,2.24,11.48263348885433,94.25556858147714,0.9024561403508772,False
dynamic_world,2024,LK1133175,10.0,38.44,0.33,0.008584807492195631,3.0,7.804370447450573,470.0,12.226847034339231,0.11,0.6503642039542143,75.92592592592592,0.9709522606718869,False
dynamic_world,2024,LK1133180,10.0,27.150000000000002,2.24,0.08250460405156537,2.0,7.366482504604051,1020.0,37.56906077348066,1.12,8.139963167587476,94.97607655502392,1.0,False
dynamic_world,2024,LK1133185,10.0,31.69,0.06,0.0018933417481855474,1.0,3.155569580309246,160.0,5.0489113284947935,0.06,0.18933417481855475,57.142857142857146,0.9384068700029612,False
dynamic_world,2024,LK1133190,10.0,39.22,0.3,0.007649158592554819,2.0,5.099439061703213,270.0,6.884242733299337,0.15,0.7394186639469658,89.79591836734694,0.943468847726726,False
dynamic_world,2024,LK1133195,10.0,45.800000000000004,1.03,0.022489082969432313,5.0,10.917030567685588,990.0,21.615720524017465,0.20600000000000002,1.1572052401746724,83.24324324324324,0.9569577935645633,False
dynamic_world,2024,LK1133200,10.0,49.96,0.18,0.0036028823058446755,5.0,10.0080064051241,440.0,8.807045636509207,0.036000000000000004,0.2401921537229784,51.851851851851855,0.9534351145038168,False
dynamic_world,2024,LK1133205,10.0,36.160000000000004,3.15,0.08711283185840707,4.0,11.061946902654865,1390.0,38.44026548672566,0.7875,7.826327433628318,92.25589225589225,0.9055847733533684,False
dynamic_world,2024,LK1133210,10.0,38.230000000000004,5.75,0.15040544075333506,7.0,18.310227569971225,3300.0,86.31964425843577,0.8214285714285714,12.712529427151452,87.56805807622504,0.8009637544521265,True
dynamic_world,2024,LK1136005,10.0,68.2,0.0,0.0,0.0,0.0,0.0,0.0,,0.0,,1.0,False
dynamic_world,2024,LK1136010,10.0,28.64,0.53,0.018505586592178772,3.0,10.474860335195531,540.0,18.854748603351954,0.1766666666666667,1.536312849162011,86.81318681318682,1.0,False
dynamic_world,2024,LK1136015,10.0,28.29,0.0,0.0,0.0,0.0,0.0,0.0,,0.0,,1.0,False
dynamic_world,2024,LK1136020,10.0,43.87,6.1000000000000005,0.13904718486437204,1.0,2.2794620469569185,800.0,18.235696375655348,6.1000000000000005,13.904718486437202,98.2051282051282,1.0,False
dynamic_world,2024,LK1136025,10.0,53.910000000000004,10.39,0.19272862177703579,4.0,7.419773696902244,1380.0,25.598219254312742,2.5975,18.77202745316268,96.12518628912072,1.0,False
dynamic_world,2024,LK1136030,10.0,70.38,23.73,0.33716965046888325,1.0,1.4208581983518045,1420.0,20.176186416595623,23.73,33.716965046888326,97.87005163511188,1.0,False
dynamic_world,2024,LK1136035,10.0,53.64,13.89,0.25894854586129756,11.0,20.507084265473527,6350.0,118.38180462341536,1.2627272727272727,18.847874720357943,89.53015168331484,1.0,False
dynamic_world,2024,LK1136040,10.0,66.33,3.6,0.054274084124830396,6.0,9.045680687471732,2580.0,38.89642695612845,0.6,3.135835971656867,82.69794721407625,1.0,False
dynamic_world,2024,LK1136045,10.0,32.19,1.08,0.03355079217148183,3.0,9.319664492078285,1030.0,31.99751475613545,0.36,2.5784405094749925,73.84615384615384,1.0,False
dynamic_world,2024,LK1136050,10.0,77.17,2.5300000000000002,0.03278476091745497,11.0,14.254243877154334,1960.0,25.398470908384088,0.23,2.3713878450174937,84.81012658227849,1.0,False
dynamic_world,2024,LK1136055,10.0,73.34,29.82,0.4065994000545405,2.0,2.727024815925825,2640.0,35.99672757022089,14.91,40.64630488137442,97.43764947044755,1.0,False
dynamic_world,2024,LK1136060,10.0,67.0,27.97,0.4174626865671642,2.0,2.985074626865672,2200.0,32.83582089552239,13.985,33.46268656716418,97.52186588921283,1.0,False
dynamic_world,2024,LK1136065,10.0,86.59,12.34,0.14251068252685067,13.0,15.013280979327867,4740.0,54.740732186164685,0.9492307692307692,9.146552719713592,90.86357947434293,1.0,False
dynamic_world,2024,LK1136070,10.0,53.03,3.5500000000000003,0.0669432396756553,4.0,7.542900245144258,1520.0,28.66302093154818,0.8875000000000001,6.222892702244013,89.13690476190476,1.0,False
dynamic_world,2024,LK1136075,10.0,75.85000000000001,4.01,0.052867501647989444,7.0,9.228740936058008,2400.0,31.64139749505603,0.5728571428571428,2.0566908371786417,86.33377135348226,1.0,False
dynamic_world,2024,LK1136080,10.0,23.900000000000002,6.37,0.2665271966527196,5.0,20.920502092050206,1830.0,76.56903765690376,1.274,16.02510460251046,94.60343417825021,1.0,False
dynamic_world,2024,LK1136085,10.0,151.09,34.9,0.2309881527566351,7.0,4.633000198557151,6640.0,43.94731616917069,4.985714285714286,11.244953339069431,95.059029296021,1.0,False
dynamic_world,2024,LK1136090,10.0,44.39,3.88,0.08740707366523992,5.0,11.263798152737102,1580.0,35.59360216264925,0.7759999999999999,6.1275061950889835,91.71195652173913,1.0,False
dynamic_world,2024,LK1136095,10.0,72.61,22.28,0.3068447872193913,4.0,5.508883073956755,3170.0,43.657898361107286,5.57,29.45875223798375,95.9642283879844,1.0,False
dynamic_world,2024,LK1136100,10.0,117.93,19.52,0.16552191978292205,7.0,5.935724582379377,3070.0,26.032392097006696,2.7885714285714283,15.034342406512337,95.85845347313237,1.0,False
dynamic_world,2024,LK1136105,10.0,109.03,20.46,0.1876547739154361,31.0,28.432541502338804,9550.0,87.59057140236632,0.66,9.99724846372558,88.27793051737066,1.0,False
dynamic_world,2024,LK1136110,10.0,69.7,11.71,0.16800573888091822,8.0,11.477761836441893,4750.0,68.14921090387374,1.46375,8.995695839311335,89.96920369555653,1.0,False
dynamic_world,2024,LK1136115,10.0,116.12,8.91,0.07673096796417499,22.0,18.945918015845677,5980.0,51.498449879435064,0.405,2.006544953496383,83.85598141695702,1.0,False
dynamic_world,2024,LK1136120,10.0,68.38,8.22,0.12021058789119628,9.0,13.161743199766015,4680.0,68.44106463878327,0.9133333333333333,3.275811640830653,85.93947036569988,1.0,False
dynamic_world,2024,LK1136125,10.0,34.57,1.16,0.033555105582875326,11.0,31.819496673416257,930.0,26.901938096615563,0.10545454545454545,2.256291582296789,78.0952380952381,1.0,False
dynamic_world,2024,LK1136130,10.0,96.48,13.81,0.14313847429519072,10.0,10.364842454394692,4130.0,42.80679933665008,1.381,11.453150912106135,94.00818756978042,1.0,False
dynamic_world,2024,LK1136135,10.0,120.45,22.7,0.1884599418845994,11.0,9.132420091324201,6190.0,51.39061851390618,2.063636363636364,12.478206724782067,93.11431143114311,1.0,False
dynamic_world,2024,LK1136140,10.0,144.54,30.07,0.20803929708039298,14.0,9.685900096859001,10580.0,73.19773073197732,2.1478571428571427,12.017434620174347,91.22628726287263,1.0,False
dynamic_world,2024,LK1136145,10.0,66.42,4.84,0.07286961758506473,6.0,9.033423667570009,2500.0,37.639265281541704,0.8066666666666668,5.073772959951822,88.85281385281385,1.0,False
dynamic_world,2024,LK1136150,10.0,54.25,8.57,0.15797235023041475,10.0,18.433179723502302,3520.0,64.88479262672811,0.8570000000000001,6.506912442396313,91.3595166163142,1.0,False
dynamic_world,2024,LK1136155,10.0,59.870000000000005,2.84,0.047436111575079334,5.0,8.351428094204108,1700.0,28.39485552029397,0.568,2.304994154000334,87.45318352059925,1.0,False
dynamic_world,2024,LK1136160,10.0,84.53,16.92,0.2001656216727789,3.0,3.549035845262037,3880.0,45.900863598722346,5.64,19.152963444930798,95.9103302029688,1.0,False
dynamic_world,2024,LK1136165,10.0,173.31,68.44,0.3948993133691074,10.0,5.770007501009752,16080.0,92.7817206162368,6.844,38.80907045179159,94.15766898387812,1.0,False
dynamic_world,2024,LK1136170,10.0,107.44,30.04,0.27959791511541326,6.0,5.584512285927029,7920.0,73.71556217423678,5.006666666666667,15.403946388682055,93.70973211258054,1.0,False
dynamic_world,2024,LK1136175,10.0,47.79,5.5200000000000005,0.11550533584431891,5.0,10.462439840970914,1760.0,36.82778824021762,1.104,4.080351537978657,92.14758751182592,1.0,False
dynamic_world,2024,LK1136180,10.0,61.980000000000004,1.08,0.017424975798644726,9.0,14.52081316553727,1180.0,19.03839948370442,0.12,0.8228460793804453,80.51282051282051,1.0,False
dynamic_world,2024,LK1136185,10.0,124.62,16.84,0.13513079762477934,12.0,9.629272989889262,6140.0,49.269780131600065,1.4033333333333335,5.64114909324346,92.51141552511416,1.0,False
dynamic_world,2024,LK1136190,10.0,55.42,1.56,0.028148682785997834,6.0,10.826416456153012,920.0,16.600505232767954,0.26,1.443522194153735,83.62369337979094,1.0,False
dynamic_world,2024,LK1136195,10.0,42.02,6.61,0.1573060447405997,5.0,11.899095668729176,2470.0,58.78153260352213,1.3219999999999998,8.900523560209423,90.55118110236221,1.0,False
dynamic_world,2024,LK1136200,10.0,86.2,15.55,0.18039443155452436,9.0,10.440835266821345,6360.0,73.78190255220417,1.7277777777777779,6.206496519721577,89.11250412405147,1.0,False
dynamic_world,2024,LK1136205,10.0,65.98,8.620000000000001,0.13064565019702942,13.0,19.702940284934826,4780.0,72.44619581691421,0.6630769230769231,9.957562897847833,86.96696696696696,1.0,False
dynamic_world,2024,LK1136210,10.0,37.2,4.72,0.1268817204301075,8.0,21.50537634408602,1980.0,53.2258064516129,0.59,8.629032258064516,89.0,1.0,False
dynamic_world,2024,LK1136215,10.0,10.82,0.0,0.0,0.0,0.0,0.0,0.0,,0.0,,1.0,False
dynamic_world,2024,LK1136220,10.0,63.230000000000004,2.59,0.04096156887553376,3.0,4.744583267436343,1330.0,21.034319152301123,0.8633333333333333,2.293215245927566,91.95876288659794,1.0,False
dynamic_world,2024,LK1136225,10.0,39.11,1.11,0.028381488110457688,1.0,2.5568908207619536,620.0,15.852723088724112,1.11,2.8381488110457687,95.5,1.0,False
dynamic_world,2024,LK1136230,10.0,81.06,12.74,0.15716753022452504,4.0,4.934616333580064,3380.0,41.69750801875154,3.185,14.446089316555637,95.4361873990307,1.0,False
dynamic_world,2024,LK1136235,10.0,50.15,3.59,0.07158524426719841,9.0,17.94616151545364,2910.0,58.0259222333001,0.39888888888888885,2.9511465603190428,83.97058823529412,1.0,False
dynamic_world,2024,LK1136240,10.0,27.38,3.11,0.11358655953250547,5.0,18.261504747991236,1310.0,47.84514243973704,0.622,6.756756756756757,90.61433447098976,1.0,False
dynamic_world,2024,LK1136245,10.0,78.3,7.59,0.09693486590038314,9.0,11.49425287356322,2640.0,33.71647509578544,0.8433333333333333,3.9974457215836527,87.34610123119015,1.0,False
dynamic_world,2024,LK1136250,10.0,120.73,32.18,0.26654518346724093,7.0,5.798061790772799,5500.0,45.55619978464342,4.597142857142857,17.410751263149177,95.61847516608668,1.0,False
dynamic_world,2024,LK1136255,10.0,94.82000000000001,10.120000000000001,0.10672853828306264,11.0,11.600928074245939,4380.0,46.19278633199747,0.92,6.116852984602404,89.54081632653062,1.0,False
dynamic_world,2024,LK1136260,10.0,72.94,7.390000000000001,0.10131615026048808,14.0,19.193857965451055,3000.0,41.129695640252265,0.5278571428571428,4.167809158212229,90.58327477160928,1.0,False
dynamic_world,2024,LK1136265,10.0,80.32000000000001,21.44,0.26693227091633465,16.0,19.920318725099598,7220.0,89.89043824701194,1.34,18.43874501992032,92.22884386174017,1.0,False
dynamic_world,2024,LK1136270,10.0,90.54,24.59,0.271592666224873,8.0,8.835873647006848,7850.0,86.70201016125469,3.07375,10.846034901700905,91.13740141137401,1.0,False
dynamic_world,2024,LK1136275,10.0,119.25,27.78,0.2329559748427673,26.0,21.80293501048218,9060.0,75.9748427672956,1.0684615384615384,9.174004192872117,90.25688073394495,1.0,False
dynamic_world,2024,LK1136280,10.0,112.05,17.2,0.1535029004908523,18.0,16.06425702811245,7290.0,65.06024096385542,0.9555555555555556,4.435519857206605,88.41227286267501,1.0,False
dynamic_world,2024,LK1136285,10.0,159.35,21.27,0.1334797615312206,15.0,9.413241292751804,8360.0,52.46313147160339,1.4180000000000001,6.043300909946659,90.91564527757751,1.0,False
dynamic_world,2024,LK1136290,10.0,117.21000000000001,3.38,0.02883712993771862,4.0,3.4126780991382986,1310.0,11.176520774677927,0.845,2.4656599266274206,92.80125195618153,1.0,False
dynamic_world,2024,LK1136295,10.0,166.78,61.660000000000004,0.3697085981532558,11.0,6.595515049766159,14410.0,86.40124715193669,5.6054545454545455,14.90586401247152,93.58468868079514,1.0,False
dynamic_world,2024,LK1136300,10.0,32.61,3.0500000000000003,0.09352959214964736,4.0,12.266176019625881,1150.0,35.26525605642441,0.7625000000000001,4.7838086476540935,88.17391304347827,1.0,False
dynamic_world,2024,LK1136305,10.0,120.74000000000001,20.95,0.17351333443763456,14.0,11.595163160510186,6920.0,57.313235050521776,1.4964285714285714,7.19728341891668,90.36115178135675,1.0,False
dynamic_world,2024,LK1136310,10.0,275.91,87.66,0.31771229748831137,7.0,2.537059185966438,14730.0,53.38697401326519,12.522857142857143,29.672719365010327,96.4195110701107,0.9668161749246619,False
dynamic_world,2024,LK1136315,10.0,107.58,14.33,0.13320319762037552,14.0,13.013571295779885,5390.0,50.102249488752555,1.0235714285714286,5.5121769845696225,88.38709677419355,1.0,False
dynamic_world,2024,LK1136320,10.0,28.93,3.0700000000000003,0.10611821638437609,3.0,10.369858278603527,1110.0,38.368475630833046,1.0233333333333332,6.221914967162116,90.13840830449827,1.0,False
dynamic_world,2024,LK1136325,10.0,236.57,109.47,0.462738301559792,19.0,8.03144946527455,17520.0,74.05841822716322,5.761578947368421,28.53278099505432,95.13466150156798,1.0,False
dynamic_world,2024,LK1136330,10.0,63.45,20.1,0.31678486997635935,9.0,14.184397163120567,5530.0,87.1552403467297,2.2333333333333334,29.519306540583134,92.82442748091603,1.0,False
dynamic_world,2024,LK1136335,10.0,64.51,40.58,0.629049759727174,5.0,7.750736319950395,3060.0,47.434506278096414,8.116,34.39776778793985,97.33350025037556,1.0,False
dynamic_world,2024,LK1136340,10.0,59.42,21.21,0.356950521709862,12.0,20.19522046449007,5420.0,91.21507909794681,1.7675,26.792325816223492,93.25138587611472,1.0,False
dynamic_world,2024,LK1136345,10.0,38.300000000000004,11.88,0.31018276762402086,5.0,13.054830287206265,1710.0,44.64751958224542,2.376,25.221932114882502,96.22886866059818,1.0,False
dynamic_world,2024,LK1136350,10.0,160.41,57.71,0.3597656006483386,25.0,15.585063275356898,13110.0,81.72807181597157,2.3084000000000002,25.84626893585188,94.12642669007901,0.9735388723675427,False
dynamic_world,2024,LK1136355,10.0,60.120000000000005,20.82,0.3463073852295409,14.0,23.28675981370592,6950.0,115.60212907518296,1.4871428571428573,15.751829673985362,90.52062868369352,1.0,False
dynamic_world,2024,LK1136360,10.0,49.44,25.32,0.5121359223300971,4.0,8.090614886731393,2700.0,54.6116504854369,6.33,51.051779935275086,97.30002014910336,1.0,False
dynamic_world,2024,LK1136365,10.0,204.96,116.44,0.5681108508977362,8.0,3.9032006245121,15770.0,76.94184231069477,14.555,22.428766588602652,96.3505547850208,0.9364462923196418,False
worldcover,2021,LK1103005,10.0,15.15,1.21,0.07986798679867986,12.0,79.20792079207921,1450.0,95.7095709570957,0.10083333333333334,3.3003300330033003,63.63636363636363,0.8559322033898306,True
worldcover,2021,LK1103010,10.0,205.12,40.37,0.19681162246489858,130.0,63.37753510140406,27160.0,132.41029641185648,0.31053846153846154,7.800312012480499,83.02290460609112,0.9516121549524472,False
worldcover,2021,LK1103015,10.0,77.56,11.25,0.14504899432697266,63.0,81.2274368231047,7040.0,90.76843733883445,0.17857142857142858,6.67870036101083,82.53895508707608,0.9855146124523507,False
worldcover,2021,LK1103020,10.0,28.2,5.8500000000000005,0.20744680851063832,22.0,78.01418439716312,4470.0,158.51063829787233,0.26590909090909093,8.333333333333334,83.49687778768956,1.0,False
worldcover,2021,LK1103025,10.0,50.58,9.56,0.18900751285092923,43.0,85.01383946223804,6320.0,124.95057334914986,0.22232558139534886,10.419137999209173,84.54054054054055,1.0,False
worldcover,2021,LK1103030,10.0,63.11,12.700000000000001,0.20123593725241642,50.0,79.22674694977025,10480.0,166.05926160671842,0.254,5.640944382823641,78.6061588330632,0.9630703494582634,False
worldcover,2021,LK1103035,10.0,116.87,14.27,0.1221014802772311,79.0,67.59647471549584,14350.0,122.78600154017283,0.18063291139240506,5.005561735261401,75.62994960403168,0.8540007307270734,True
worldcover,2021,LK1103040,10.0,102.62,16.490000000000002,0.16068992399142468,71.0,69.18729292535568,11270.0,109.82264665757162,0.23225352112676056,8.65328396024167,83.79975124378109,1.0,False
worldcover,2021,LK1103045,10.0,32.43,2.0,0.061671292013567684,19.0,58.5877274128893,2400.0,74.00555041628122,0.10526315789473685,3.1760715386987357,71.15902964959568,1.0,False
worldcover,2021,LK1103050,10.0,31.26,2.7800000000000002,0.08893154190658989,24.0,76.77543186180422,3350.0,107.1657069737684,0.11583333333333334,5.662188099808061,73.5632183908046,1.0,False
worldcover,2021,LK1103055,10.0,21.23,0.58,0.027319830428638718,11.0,51.81347150259067,1050.0,49.45831370701837,0.05272727272727273,0.9891662741403674,63.0,1.0,False
worldcover,2021,LK1103060,10.0,19.66,0.34,0.017293997965412006,11.0,55.95116988809766,770.0,39.16581892166836,0.03090909090909091,0.35605289928789424,48.214285714285715,1.0,False
worldcover,2021,LK1103065,10.0,27.69,1.09,0.03936439147706754,8.0,28.8912964969303,1120.0,40.44781509570242,0.13625,3.2502708559046587,81.7258883248731,1.0,False
worldcover,2021,LK1103070,10.0,47.81,1.56,0.032629157080108766,21.0,43.92386530014641,2410.0,50.407864463501355,0.07428571428571429,0.8784773060029282,63.41463414634146,1.0,False
worldcover,2021,LK1103075,10.0,51.82,3.9,0.07526051717483596,30.0,57.892705519104595,4300.0,82.97954457738325,0.13,3.4735623311462756,72.29729729729729,1.0,False
worldcover,2021,LK1103080,10.0,32.57,1.6300000000000001,0.05004605465151981,27.0,82.8983727356463,2310.0,70.92416334049739,0.06037037037037037,1.7500767577525331,65.0,1.0,False
worldcover,2021,LK1103085,10.0,13.42,0.5700000000000001,0.042473919523099854,8.0,59.61251862891207,760.0,56.63189269746647,0.07125000000000001,2.608047690014903,71.42857142857143,1.0,False
worldcover,2021,LK1103090,10.0,60.15,16.65,0.2768079800498753,38.0,63.17539484621779,10460.0,173.8985868661679,0.43815789473684214,17.024106400665005,85.71428571428571,1.0,False
worldcover,2021,LK1103095,10.0,33.85,5.69,0.16809453471196456,29.0,85.67208271787297,5480.0,161.89069423929098,0.19620689655172413,5.731166912850812,77.33944954128441,1.0,False
worldcover,2021,LK1103100,10.0,30.96,2.1,0.06782945736434108,24.0,77.51937984496124,2700.0,87.20930232558139,0.08750000000000001,1.2596899224806202,70.076726342711,1.0,False
worldcover,2021,LK1103105,10.0,14.540000000000001,0.5,0.0343878954607978,9.0,61.898211829436036,790.0,54.33287482806052,0.05555555555555555,1.2379642365887207,65.88235294117646,1.0,False
worldcover,2021,LK1103110,10.0,23.82,1.8,0.07556675062972293,12.0,50.377833753148614,1720.0,72.20822837951302,0.15,6.00335852225021,81.68168168168168,1.0,False
worldcover,2021,LK1103115,10.0,72.43,2.35,0.032445119425652355,27.0,37.27737125500483,3220.0,44.456716830042794,0.08703703703703704,0.9112246306778958,65.83143507972665,0.7832810641289066,True
worldcover,2021,LK1103120,10.0,131.4,15.18,0.11552511415525113,100.0,76.10350076103501,15850.0,120.62404870624049,0.1518,2.450532724505327,74.17173766058147,0.705124765226724,True
worldcover,2021,LK1103125,10.0,61.120000000000005,9.28,0.15183246073298426,49.0,80.17015706806282,9440.0,154.4502617801047,0.1893877551020408,3.255890052356021,75.54317548746518,0.8985592472802117,True
worldcover,2021,LK1103130,10.0,11.870000000000001,0.88,0.07413647851727043,10.0,84.24599831508003,1120.0,94.35551811288963,0.08800000000000001,2.8643639427127208,71.3375796178344,1.0,False
worldcover,2021,LK1103135,10.0,71.36,10.33,0.14475896860986548,47.0,65.86322869955157,10220.0,143.21748878923768,0.2197872340425532,10.033632286995516,77.16141929035483,1.0,False
worldcover,2021,LK1103140,10.0,92.07000000000001,21.740000000000002,0.23612468773759096,66.0,71.68458781362007,18030.0,195.82926034538937,0.3293939393939394,9.156076898012381,80.15984955336154,1.0,False
worldcover,2021,LK1103145,10.0,30.18,4.67,0.15473823724320743,26.0,86.14976805831677,5050.0,167.32935719019218,0.1796153846153846,7.620941020543407,74.26966292134831,1.0,False
worldcover,2021,LK1103150,10.0,21.03,0.5700000000000001,0.02710413694721826,12.0,57.06134094151212,1190.0,56.585829766999524,0.0475,0.5230622919638611,50.0,1.0,False
worldcover,2021,LK1103155,10.0,30.61,5.0200000000000005,0.1639986932375041,29.0,94.74028095393662,5460.0,178.37308069258413,0.17310344827586208,7.775236850702385,73.61835245046925,1.0,False
worldcover,2021,LK1103160,10.0,20.61,2.29,0.11111111111111112,17.0,82.48423095584668,2970.0,144.1048034934498,0.13470588235294118,2.4745269286754,71.1943793911007,1.0,False
worldcover,2021,LK1103165,10.0,21.09,1.9100000000000001,0.09056424845898531,20.0,94.8316737790422,1900.0,90.09009009009009,0.09550000000000002,6.733048838311996,80.50847457627118,1.0,False
worldcover,2021,LK1103170,10.0,74.41,8.99,0.12081709447654886,56.0,75.25870178739417,7910.0,106.30291627469427,0.16053571428571428,4.649912646149711,79.80437284234753,1.0,False
worldcover,2021,LK1103175,10.0,33.07,5.33,0.16117326882370728,26.0,78.62110674327185,6140.0,185.66676746295735,0.20500000000000002,6.894466283640763,71.05004906771345,1.0,False
worldcover,2021,LK1106005,10.0,49.050000000000004,5.59,0.11396534148827725,35.0,71.35575942915392,6410.0,130.68297655453617,0.15971428571428573,2.854230377166157,66.82242990654206,1.0,False
worldcover,2021,LK1106010,10.0,58.65,6.1000000000000005,0.1040068201193521,39.0,66.49616368286445,6370.0,108.61040068201194,0.1564102564102564,2.813299232736573,71.02564102564102,0.9964322120285423,False
worldcover,2021,LK1106015,10.0,33.61,12.3,0.36596251115739364,22.0,65.45670931270455,7960.0,236.8342755132401,0.5590909090909091,25.111573936328472,84.76349937212223,0.8543467208947636,True
worldcover,2021,LK1106020,10.0,54.57,19.75,0.3619204691222283,36.0,65.97031335898845,13430.0,246.10591900311528,0.5486111111111112,11.12332783580722,82.18078218078217,1.0,False
worldcover,2021,LK1106025,10.0,18.06,7.0200000000000005,0.3887043189368771,11.0,60.908084163898124,5620.0,311.18493909191585,0.6381818181818182,22.591362126245848,77.1280532938564,1.0,False
worldcover,2021,LK1106030,10.0,45.49,1.59,0.03495273686524511,28.0,61.55198944823038,2660.0,58.47438997581886,0.05678571428571429,0.8133655748516158,56.16438356164384,1.0,False
worldcover,2021,LK1106035,10.0,43.51,9.58,0.22017926913353253,34.0,78.14295564238107,7570.0,173.98299241553667,0.2817647058823529,5.768788784187544,77.56202804746493,1.0,False
worldcover,2021,LK1106040,10.0,57.870000000000005,22.37,0.3865560739588733,63.0,108.8646967340591,12180.0,210.4717470191809,0.35507936507936505,23.293589078970104,86.02420643982644,1.0,False
worldcover,2021,LK1106045,10.0,61.54,17.51,0.28453038674033154,60.0,97.49756256093598,13730.0,223.10692232694183,0.29183333333333333,8.547286317842055,80.2223522527794,0.9982157339821573,False
worldcover,2021,LK1106050,10.0,69.01,23.32,0.3379220402840168,56.0,81.14765975945515,16730.0,242.42863353137224,0.4164285714285715,11.476597594551514,82.94285088679658,1.0,False
worldcover,2021,LK1106055,10.0,63.83,25.07,0.3927620241265863,41.0,64.23311922293593,12950.0,202.8826570578098,0.6114634146341463,32.46122512924957,87.56360675758192,0.957258548290342,False
worldcover,2021,LK1106060,10.0,61.54,18.76,0.3048423789405265,58.0,94.24764380890478,15720.0,255.44361390965227,0.323448275862069,6.288592785180371,79.61800818553888,0.9935421375524701,False
worldcover,2021,LK1106065,10.0,140.78,90.78,0.6448359141923569,30.0,21.30984514845859,27310.0,193.99062366813467,3.0260000000000002,46.178434436709765,92.20150292234901,0.968825270112174,False
worldcover,2021,LK1106070,10.0,92.03,50.870000000000005,0.552754536564164,36.0,39.117679017711616,20650.0,224.38335325437356,1.4130555555555555,50.385743779202436,90.27016249626159,0.95111616370401,False
worldcover,2021,LK1106075,10.0,121.72,80.92,0.664804469273743,28.0,23.003614853762734,22910.0,188.2188629641801,2.89,51.78278015116661,92.80179955011248,1.0,False
worldcover,2021,LK1106080,10.0,40.62,15.780000000000001,0.38847858197932056,22.0,54.16051206302315,8320.0,204.8252092565239,0.7172727272727274,24.421467257508617,86.70351105331599,1.0,False
worldcover,2021,LK1106085,10.0,53.550000000000004,23.91,0.4464985994397759,35.0,65.359477124183,11400.0,212.88515406162463,0.6831428571428572,19.27170868347339,87.80956447480786,1.0,False
worldcover,2021,LK1106090,10.0,36.25,13.040000000000001,0.3597241379310345,25.0,68.96551724137932,8780.0,242.20689655172413,0.5216,13.434482758620689,83.35305719921105,1.0,False
worldcover,2021,LK1106095,10.0,49.02,13.67,0.2788657690738474,34.0,69.359445124439,8430.0,171.9706242350061,0.40205882352941175,16.03427172582619,83.94736842105263,1.0,False
worldcover,2021,LK1106100,10.0,17.68,3.19,0.18042986425339366,19.0,107.46606334841628,3320.0,187.78280542986425,0.1678947368421053,7.352941176470589,70.59800664451828,1.0,False
worldcover,2021,LK1106105,10.0,32.79,7.98,0.2433668801463861,25.0,76.24275693809088,4700.0,143.33638304361085,0.31920000000000004,14.852089051540105,84.01559454191033,1.0,False
worldcover,2021,LK1106110,10.0,25.43,4.3500000000000005,0.1710578057412505,21.0,82.57963035784506,4240.0,166.73220605583955,0.20714285714285716,3.7750688163586315,75.96618357487922,1.0,False
worldcover,2021,LK1106115,10.0,40.050000000000004,19.67,0.4911360799001248,11.0,27.465667915106113,7160.0,178.77652933832707,1.788181818181818,46.29213483146067,92.8738621586476,1.0,False
worldcover,2021,LK1106120,10.0,28.84,8.39,0.29091539528432736,26.0,90.15256588072123,5930.0,205.61719833564493,0.32269230769230767,17.614424410540916,83.0246913580247,1.0,False
worldcover,2021,LK1106125,10.0,55.13,10.49,0.19027752584799565,41.0,74.36967168510792,9130.0,165.60856158171595,0.25585365853658537,5.9495737348086335,77.57009345794393,1.0,False
worldcover,2021,LK1106130,10.0,29.22,7.41,0.2535934291581109,36.0,123.20328542094457,7180.0,245.7221081451061,0.2058333333333333,6.46817248459959,75.61317449194114,1.0,False
worldcover,2021,LK1106135,10.0,41.910000000000004,10.36,0.24719637318062512,50.0,119.30326890956812,10900.0,260.0811262228585,0.2072,5.559532331185874,73.39312406576981,1.0,False
worldcover,2021,LK1106140,10.0,30.240000000000002,10.31,0.34093915343915343,42.0,138.88888888888889,8770.0,290.0132275132275,0.2454761904761905,8.73015873015873,76.96544817225839,1.0,False
worldcover,2021,LK1106145,10.0,78.53,39.45,0.5023557875970966,41.0,52.209346746466316,22200.0,282.69451165159813,0.9621951219512195,22.882974659365846,86.41164348274086,1.0,False
worldcover,2021,LK1106150,10.0,99.13,55.870000000000005,0.5636033491374963,37.0,37.32472510844346,26150.0,263.79501664480983,1.51,54.07041258952891,89.11465892597968,1.0,False
worldcover,2021,LK1106155,10.0,86.75,50.11,0.5776368876080692,27.0,31.123919308357348,23170.0,267.0893371757925,1.8559259259259258,54.363112391930834,88.80566801619433,1.0,False
worldcover,2021,LK1106160,10.0,46.63,24.76,0.5309886339266566,13.0,27.879047823289728,11390.0,244.26334977482307,1.9046153846153846,40.27450139395239,88.74690849134377,1.0,False
worldcover,2021,LK1106165,10.0,175.20000000000002,100.16,0.5716894977168949,50.0,28.538812785388124,40090.0,228.82420091324198,2.0032,35.39954337899543,90.04588775150017,1.0,False
worldcover,2021,LK1106170,10.0,37.53,18.080000000000002,0.48174793498534507,29.0,77.27151612043698,11160.0,297.3621103117506,0.623448275862069,20.410338395949907,83.88101983002832,1.0,False
worldcover,2021,LK1106175,10.0,63.04,36.54,0.5796319796954315,23.0,36.484771573604064,17950.0,284.73984771573606,1.588695652173913,53.045685279187815,87.78349798246835,1.0,False
worldcover,2021,LK1106180,10.0,46.52,23.45,0.5040842648323302,48.0,103.18142734307824,13860.0,297.9363714531384,0.48854166666666665,10.3396388650043,84.49814935771826,1.0,False
worldcover,2021,LK1106185,10.0,92.75,49.19,0.5303504043126684,59.0,63.61185983827493,23160.0,249.70350404312669,0.833728813559322,17.250673854447438,87.40847684850985,1.0,False
worldcover,2021,LK1106190,10.0,24.47,6.62,0.2705353494074377,33.0,134.8590110339191,5970.0,243.97221087045364,0.20060606060606062,7.60114425827544,77.35849056603773,1.0,False
worldcover,2021,LK1106195,10.0,23.93,3.1,0.12954450480568325,29.0,121.18679481821981,3460.0,144.58838278311742,0.10689655172413794,3.343083994985374,74.31506849315069,1.0,False
worldcover,2021,LK1106200,10.0,66.49,51.120000000000005,0.7688374191607762,21.0,31.583696796510758,9620.0,144.68341103925403,2.434285714285714,73.65017295833961,95.28816585656185,1.0,False
worldcover,2021,LK1106205,10.0,54.24,28.67,0.5285766961651918,36.0,66.3716814159292,10080.0,185.84070796460176,0.7963888888888889,48.709439528023594,91.07714184145041,1.0,False
worldcover,2021,LK1106210,10.0,27.810000000000002,10.15,0.3649766271125494,19.0,68.32074793239842,3270.0,117.58360302049621,0.5342105263157895,32.21862639338368,93.33672431332656,1.0,False
worldcover,2021,LK1106215,10.0,68.67,18.84,0.2743556138051551,43.0,62.61831949905344,11820.0,172.12756662297946,0.4381395348837209,16.73219746614242,84.40641130127683,1.0,False
worldcover,2021,LK1106220,10.0,69.14,39.35,0.5691350882267863,28.0,40.4975412207116,12490.0,180.64796065953138,1.4053571428571427,38.40034712178189,91.42561983471074,1.0,False
worldcover,2021,LK1106225,10.0,23.0,6.43,0.27956521739130435,25.0,108.69565217391305,5380.0,233.91304347826087,0.2572,7.695652173913044,80.72874493927125,1.0,False
worldcover,2021,LK1106230,10.0,31.43,6.2700000000000005,0.1994909322303532,32.0,101.81355392936685,6940.0,220.80814508431436,0.19593750000000001,6.904231625835189,74.06483790523691,1.0,False
worldcover,2021,LK1109005,10.0,179.94,122.23,0.6792819828831833,37.0,20.562409692119594,35410.0,196.78781816160944,3.3035135135135136,52.31188173835723,92.59824966974901,0.9921155648673982,False
worldcover,2021,LK1109010,10.0,137.18,90.72,0.6613208922583467,33.0,24.05598483743986,30150.0,219.78422510570053,2.7490909090909095,42.651990086018365,91.60585974488943,0.9836512261580381,False
worldcover,2021,LK1109015,10.0,106.23,70.4,0.662712981267062,18.0,16.944365998305564,25010.0,235.43255200979007,3.911111111111111,46.26753271203991,90.6411730879816,1.0,False
worldcover,2021,LK1109020,10.0,176.87,114.19,0.645615423757562,42.0,23.74625431107593,39150.0,221.34901339967206,2.718809523809524,52.18522078362639,91.1509900990099,1.0,False
worldcover,2021,LK1109025,10.0,228.27,181.76,0.7962500547597143,21.0,9.19963201471941,35900.0,157.26989968020325,8.655238095238095,79.1343584351864,94.87278975666537,0.9879679723003679,False
worldcover,2021,LK1109030,10.0,135.35,107.66,0.7954192833394902,10.0,7.388252678241596,21800.0,161.0639083856668,10.766,79.14296268932398,95.1838304258113,0.9855821743246195,False
worldcover,2021,LK1109035,10.0,129.12,107.72,0.8342627013630731,14.0,10.84262701363073,17440.0,135.06815365551424,7.694285714285715,83.0312887236679,96.05361829771279,0.9795918367346939,False
worldcover,2021,LK1109040,10.0,257.19,203.89000000000001,0.7927602161825889,30.0,11.66452816983553,40430.0,157.19895796881684,6.796333333333333,71.18083906839301,94.89528795811518,0.9871799792730204,False
worldcover,2021,LK1109045,10.0,183.48,143.18,0.7803575321560934,25.0,13.625463265751037,36120.0,196.86069326357097,5.727200000000001,52.828646173969915,93.0377517960276,1.0,False
worldcover,2021,LK1109050,10.0,107.54,93.47,0.8691649618746512,15.0,13.948298307606471,14830.0,137.902175934536,6.231333333333334,86.08889715454714,95.68648648648649,1.0,False
worldcover,2021,LK1109055,10.0,183.04,106.94,0.5842438811188811,78.0,42.61363636363637,43920.0,239.94755244755245,1.3710256410256412,23.442963286713287,89.06095085217883,1.0,False
worldcover,2021,LK1109060,10.0,261.35,199.48000000000002,0.7632676487468911,44.0,16.835660991008226,48560.0,185.80447675530897,4.533636363636364,75.10235316625214,93.42892484790346,1.0,False
worldcover,2021,LK1109065,10.0,56.92,27.68,0.4862965565706254,28.0,49.191848208011244,15470.0,271.7849613492621,0.9885714285714287,35.312719606465215,85.6169429097606,1.0,False
worldcover,2021,LK1109070,10.0,210.41,120.05,0.5705527303835369,79.0,37.54574402357302,52890.0,251.36637992490853,1.519620253164557,33.99077990589801,88.3984867591425,1.0,False
worldcover,2021,LK1109075,10.0,286.92,208.79,0.7276941307681583,78.0,27.185278126306983,53150.0,185.24327338630977,2.676794871794872,70.42381151540499,93.71578769683379,1.0,False
worldcover,2021,LK1109080,10.0,509.42,416.7,0.8179890856267912,57.0,11.189195555730045,76970.0,151.09340033763888,7.310526315789474,81.46715872953554,95.10436386875837,1.0,False
worldcover,2021,LK1109085,10.0,188.96,155.18,0.8212320067739204,34.0,17.993226079593565,23880.0,126.37595258255715,4.564117647058824,79.93226079593565,96.20931592282206,1.0,False
worldcover,2021,LK1109090,10.0,175.13,146.87,0.8386341574830126,20.0,11.420087934677097,16230.0,92.67401358990465,7.343500000000001,79.57517272883003,96.85215062991315,1.0,False
worldcover,2021,LK1109095,10.0,223.86,168.69,0.7535513267220584,36.0,16.08147949611364,35390.0,158.0898776020727,4.685833333333333,72.03609398731349,94.63826990859668,0.982229827563512,False
worldcover,2021,LK1109100,10.0,192.59,167.63,0.8703982553611298,17.0,8.82704190248715,15230.0,79.07991069110545,9.860588235294117,85.10826107274521,97.40283163495356,1.0,False
worldcover,2021,LK1109105,10.0,90.37,76.64,0.8480690494633174,4.0,4.426247648555936,5810.0,64.29124709527498,19.16,84.32001770499059,97.57127771911298,1.0,False
worldcover,2021,LK1109110,10.0,125.15,103.61,0.827886536156612,8.0,6.392329204954055,12890.0,102.99640431482221,12.95125,82.61286456252496,96.59323520810995,1.0,False
worldcover,2021,LK1109115,10.0,228.91,141.73,0.6191516316456249,61.0,26.648027609104016,43220.0,188.80782840417632,2.32344262295082,41.84177187540955,91.78140676699755,1.0,False
worldcover,2021,LK1109120,10.0,205.63,166.49,0.8096581238146185,28.0,13.616690171667559,31020.0,150.8534746875456,5.946071428571429,80.59621650537373,95.48109809618936,1.0,False
worldcover,2021,LK1109125,10.0,222.03,140.34,0.6320767463856236,61.0,27.47376480655767,55470.0,249.83110390487772,2.300655737704918,60.84312930685042,89.98957996478747,1.0,False
worldcover,2021,LK1109130,10.0,141.83,82.03,0.5783684692942255,63.0,44.41937530846788,32980.0,232.53190439258265,1.3020634920634921,34.978495381795106,89.42307692307692,1.0,False
worldcover,2021,LK1109135,10.0,91.51,35.87,0.39197901868648233,54.0,59.009944268385965,20960.0,229.0460059009944,0.6642592592592592,20.008742213965682,84.4201871278707,1.0,False
worldcover,2021,LK1109140,10.0,54.38,26.14,0.48069143067304154,25.0,45.97278411180581,15010.0,276.02059580728206,1.0456,20.57741816844428,85.4829268292683,1.0,False
worldcover,2021,LK1109145,10.0,131.06,50.57,0.3858538074164505,102.0,77.82694948878377,35280.0,269.1896841141462,0.4957843137254902,12.322600335724093,82.56945140908635,1.0,False
worldcover,2021,LK1109150,10.0,177.44,81.76,0.460775473399459,124.0,69.88277727682598,50930.0,287.02660054102796,0.6593548387096775,23.31492335437331,83.74868591923814,1.0,False
worldcover,2021,LK1109155,10.0,151.48,77.99,0.5148534459994719,77.0,50.83179297597043,42960.0,283.60179561658305,1.012857142857143,18.523897544230262,86.18118150573893,1.0,False
worldcover,2021,LK1109160,10.0,101.29,48.04,0.47428176522855164,65.0,64.17217889228947,24550.0,242.37338335472404,0.7390769230769231,16.457695725145623,87.18977716759953,1.0,False
worldcover,2021,LK1109165,10.0,59.620000000000005,38.43,0.6445823549144581,15.0,25.159342502515933,13930.0,233.64642737336462,2.562,48.071117074807105,91.0870140174557,1.0,False
worldcover,2021,LK1109170,10.0,86.18,27.67,0.32107217451844977,46.0,53.376653515896955,19040.0,220.93293107449523,0.6015217391304348,11.220700858667904,84.10095799557848,1.0,False
worldcover,2021,LK1109175,10.0,46.38,21.75,0.4689521345407503,30.0,64.68305304010349,12810.0,276.1966364812419,0.725,19.94394135403191,86.16071428571429,1.0,False
worldcover,2021,LK1109180,10.0,58.31,18.98,0.3255016292231178,46.0,78.88869833647745,13720.0,235.2941176470588,0.4126086956521739,19.56782713085234,82.47033441208198,1.0,False
worldcover,2021,LK1109185,10.0,124.60000000000001,56.800000000000004,0.45585874799357945,69.0,55.37720706260032,32670.0,262.199036918138,0.8231884057971014,28.579454253611555,84.98527968596663,1.0,False
worldcover,2021,LK1109190,10.0,200.61,125.8,0.6270873834803847,66.0,32.89965604905039,52180.0,260.10667464234086,1.906060606060606,61.07870993469916,89.31622217766193,1.0,False
worldcover,2021,LK1109195,10.0,170.93,97.05,0.56777628268882,62.0,36.27215819341251,42820.0,250.51190545837477,1.5653225806451614,32.68589481074124,89.26712471372059,1.0,False
worldcover,2021,LK1109200,10.0,193.05,136.13,0.705154105154105,27.0,13.986013986013985,28900.0,149.70214970214968,5.041851851851852,69.34472934472934,94.74288678126852,1.0,False
worldcover,2021,LK1109205,10.0,205.12,149.73,0.7299629485179406,43.0,20.963338533541343,39680.0,193.44773790951638,3.482093023255814,69.63241029641186,93.3301909026632,1.0,False
worldcover,2021,LK1109210,10.0,173.16,151.19,0.8731231231231231,10.0,5.775005775005775,21370.0,123.41187341187342,15.119000000000002,87.08131208131208,96.40570818885035,1.0,False
worldcover,2021,LK1109215,10.0,120.17,93.99,0.7821419655488058,13.0,10.81800782225181,19240.0,160.1065157693268,7.23,77.14071731713406,94.9365727800473,1.0,False
worldcover,2021,LK1109220,10.0,194.79,153.28,0.7868987114328251,17.0,8.727347399763849,40000.0,205.3493505826788,9.016470588235293,78.41778325376046,93.50171007629571,1.0,False
worldcover,2021,LK1109225,10.0,126.56,71.68,0.5663716814159292,44.0,34.7661188369153,33530.0,264.93362831858406,1.6290909090909091,42.78603034134007,88.11238175914161,1.0,False
worldcover,2021,LK1109230,10.0,90.55,64.26,0.7096631695196025,22.0,24.29596907785754,18680.0,206.29486471562674,2.920909090909091,58.409718387631145,92.41194547316996,1.0,False
worldcover,2021,LK1109235,10.0,215.51,102.31,0.47473435107419615,112.0,51.96974618347177,48960.0,227.18203331631943,0.9134821428571429,33.38592176697137,87.49197887358704,1.0,False
worldcover,2021,LK1109240,10.0,11.46,2.18,0.19022687609075042,13.0,113.43804537521814,2160.0,188.48167539267016,0.1676923076923077,8.551483420593367,73.89162561576354,1.0,False
worldcover,2021,LK1109245,10.0,45.79,21.79,0.47586809347019,34.0,74.25202009172308,13530.0,295.4793623061804,0.6408823529411766,20.812404455121204,81.91838649155723,1.0,False
worldcover,2021,LK1109250,10.0,58.08,19.94,0.34331955922865015,47.0,80.92286501377411,13690.0,235.70936639118457,0.4242553191489362,18.199035812672175,82.7860441251924,1.0,False
worldcover,2021,LK1109255,10.0,61.77,20.31,0.32880038853812527,47.0,76.08871620527763,13910.0,225.1902217905132,0.4321276595744681,25.67589444714263,84.08461344749433,1.0,False
worldcover,2021,LK1109260,10.0,79.32000000000001,36.51,0.46028744326777604,27.0,34.0393343419062,15950.0,201.08421583459403,1.3522222222222222,42.839132627332326,90.37738476535301,1.0,False
worldcover,2021,LK1109265,10.0,187.23,77.04,0.4114725204294184,102.0,54.47844896651178,37400.0,199.75431287720986,0.7552941176470589,21.358756609517705,88.2155987394958,1.0,False
worldcover,2021,LK1109270,10.0,59.800000000000004,25.060000000000002,0.4190635451505017,62.0,103.67892976588628,14770.0,246.98996655518394,0.4041935483870968,12.608695652173912,83.95438810832825,1.0,False
worldcover,2021,LK1109275,10.0,113.32000000000001,63.29,0.558506883162725,35.0,30.885986586657253,22290.0,196.69961171902577,1.8082857142857143,54.085774797034944,91.27860457673228,1.0,False
worldcover,2021,LK1109280,10.0,174.04,130.14000000000001,0.7477591358308436,21.0,12.066191680073548,36240.0,208.22799356469778,6.197142857142857,73.11537577568376,92.99197643319509,1.0,False
worldcover,2021,LK1109285,10.0,133.31,98.98,0.742479933988448,20.0,15.002625459455404,28350.0,212.66221588778035,4.949,72.79273872927762,92.58049701484921,1.0,False
worldcover,2021,LK1112005,10.0,414.29,351.64,0.8487774264404161,23.0,5.551666706896135,51620.0,124.59871104781674,15.288695652173914,84.7305027879022,96.11876715462031,1.0,False
worldcover,2021,LK1112010,10.0,113.98,95.92,0.8415511493244429,6.0,5.264081417792595,13420.0,117.73995437796104,15.986666666666668,83.63748025969468,95.73414788287339,0.9816553268452329,False
worldcover,2021,LK1112015,10.0,151.3,138.0,0.9120951751487111,3.0,1.982815598149372,9510.0,62.85525446133509,46.0,91.18968935888962,97.42006212315,1.0,False
worldcover,2021,LK1112020,10.0,280.49,262.45,0.9356839816036222,10.0,3.565189489821384,16870.0,60.14474669328675,26.245,93.40439944383044,98.05041694622831,0.9994655074116305,False
worldcover,2021,LK1112025,10.0,213.84,200.0,0.9352787130564908,4.0,1.8705574261129816,11520.0,53.87205387205387,50.0,93.29872802095024,98.31558274794169,1.0,False
worldcover,2021,LK1112030,10.0,120.9,105.9,0.8759305210918115,6.0,4.962779156327543,11240.0,92.96939619520265,17.650000000000002,87.48552522746071,97.02012014875561,1.0,False
worldcover,2021,LK1112035,10.0,232.21,201.75,0.8688256319710607,18.0,7.751604151414668,17880.0,76.99926790405236,11.208333333333332,86.23659618448818,97.46661674778485,1.0,False
worldcover,2021,LK1112040,10.0,228.27,167.70000000000002,0.7346563280325931,29.0,12.70425373461252,23400.0,102.51018530687344,5.782758620689655,72.44053095019056,96.63471650491272,1.0,False
worldcover,2021,LK1112045,10.0,123.83,89.82000000000001,0.7253492691593314,13.0,10.498263748687718,15610.0,126.05992085924251,6.909230769230769,70.84712912864411,95.46528637335433,1.0,False
worldcover,2021,LK1112050,10.0,66.77,49.1,0.7353601917028606,6.0,8.986071589036992,5640.0,84.46907293694774,8.183333333333334,72.69731915530927,96.93150118813926,1.0,False
worldcover,2021,LK1112055,10.0,160.16,127.14,0.7938311688311689,11.0,6.868131868131869,15290.0,95.46703296703296,11.558181818181819,77.97827172827174,96.98039838108086,1.0,False
worldcover,2021,LK1112060,10.0,80.45,58.63,0.7287756370416407,8.0,9.944064636420137,13020.0,161.83965195773771,7.32875,72.05717837165942,94.1151054268925,1.0,False
worldcover,2021,LK1112065,10.0,107.21000000000001,67.33,0.6280197742747877,21.0,19.58772502565059,12590.0,117.43307527282902,3.206190476190476,59.87314616173864,95.15825877753552,1.0,False
worldcover,2021,LK1112070,10.0,269.36,215.58,0.8003415503415503,13.0,4.826254826254826,45410.0,168.58479358479357,16.583076923076923,74.84778734778735,94.37672224557471,1.0,False
worldcover,2021,LK1112075,10.0,153.14000000000001,138.76,0.9060989943842235,2.0,1.3059945148230376,13680.0,89.33002481389578,69.38,90.57724957555178,96.91088821049571,1.0,False
worldcover,2021,LK1112080,10.0,474.94,440.7,0.9279066829494251,6.0,1.2633174716806332,29130.0,61.33406325009475,73.45,92.71486924664168,97.96055631554948,1.0,False
worldcover,2021,LK1112085,10.0,283.32,254.24,0.8973598757588593,7.0,2.4707045037413526,28870.0,101.89891289001835,36.32,89.63362981787378,96.52080983197767,1.0,False
worldcover,2021,LK1112090,10.0,114.72,98.15,0.8555613668061367,5.0,4.358437935843794,12820.0,111.75034867503487,19.63,69.55195258019526,95.97550306211724,1.0,False
worldcover,2021,LK1112095,10.0,57.870000000000005,43.97,0.7598064627613615,7.0,12.096077414895454,9640.0,166.58026611370312,6.281428571428571,39.55417314670814,93.9267982911904,1.0,False
worldcover,2021,LK1112100,10.0,123.24000000000001,102.14,0.8287893541058098,12.0,9.737098344693282,17920.0,145.407335280753,8.511666666666667,80.08763388510224,95.31273176761434,1.0,False
worldcover,2021,LK1112105,10.0,202.24,133.29,0.6590684335443038,42.0,20.76740506329114,42250.0,208.91020569620252,3.1735714285714285,62.143987341772146,91.27407575585575,1.0,False
worldcover,2021,LK1112110,10.0,63.690000000000005,45.7,0.7175380750510284,12.0,18.841262364578427,15740.0,247.134558015387,3.808333333333333,70.63903281519862,91.52598844957797,1.0,False
worldcover,2021,LK1112115,10.0,79.92,58.26,0.7289789789789789,9.0,11.26126126126126,13720.0,171.67167167167167,6.473333333333334,70.82082082082081,93.68640751369685,1.0,False
worldcover,2021,LK1112120,10.0,91.7,76.35000000000001,0.8326063249727372,7.0,7.633587786259541,16730.0,182.44274809160305,10.907142857142858,82.95528898582334,94.44186816826763,1.0,False
worldcover,2021,LK1112125,10.0,134.55,105.4,0.7833519137866963,18.0,13.37792642140468,26350.0,195.83797844667407,5.855555555555555,77.487922705314,93.44160199290984,1.0,False
worldcover,2021,LK1112130,10.0,90.51,56.980000000000004,0.6295436968290796,27.0,29.830957905203842,23720.0,262.07048944867967,2.1103703703703705,56.25897690862888,89.22187638950645,1.0,False
worldcover,2021,LK1112135,10.0,93.88,61.620000000000005,0.6563698338304219,25.0,26.629740093736686,18340.0,195.35577332765234,2.4648,50.83084789092459,91.67420070682995,1.0,False
worldcover,2021,LK1112140,10.0,60.43,47.910000000000004,0.792818136687076,15.0,24.822108224391858,11430.0,189.14446466986595,3.194,77.04782392851233,93.59313777401249,1.0,False
worldcover,2021,LK1112145,10.0,84.12,64.63,0.768307180218735,8.0,9.51022349025202,16910.0,201.0223490252021,8.07875,76.67617689015691,92.21308264786526,1.0,False
worldcover,2021,LK1112150,10.0,97.94,83.35000000000001,0.8510312436185421,12.0,12.252399428221361,16470.0,168.16418215233816,6.945833333333334,84.6028180518685,95.24473827864378,1.0,False
worldcover,2021,LK1112155,10.0,117.33,98.93,0.843177362993267,13.0,11.079860223301798,17980.0,153.2429898576664,7.61,65.19219296002727,94.88436207688773,1.0,False
worldcover,2021,LK1112160,10.0,100.17,82.14,0.8200059898173105,8.0,7.9864230807627035,16920.0,168.91284815813117,10.2675,77.37845662373965,94.17702819155484,1.0,False
worldcover,2021,LK1112165,10.0,304.97,255.38,0.8373938420172475,10.0,3.279011050267239,30390.0,99.6491458176214,25.538000000000004,77.3485916647539,96.41027661754275,1.0,False
worldcover,2021,LK1112170,10.0,222.14000000000001,194.33,0.8748086792113082,15.0,6.752498424417034,17370.0,78.19393175474926,12.955333333333334,87.06671468443324,97.2218622852256,1.0,False
worldcover,2021,LK1112175,10.0,116.61,110.62,0.94863219277935,3.0,2.572678157962439,8010.0,68.69050681759713,36.873333333333335,94.68313180687763,97.49463788618628,1.0,False
worldcover,2021,LK1112180,10.0,158.0,124.18,0.7859493670886076,12.0,7.594936708860759,24170.0,152.9746835443038,10.348333333333333,77.82911392405063,93.94222565311014,1.0,False
worldcover,2021,LK1112185,10.0,151.89000000000001,123.92,0.8158535782474158,9.0,5.925340707090657,16780.0,110.47468562775691,13.76888888888889,80.92698663506484,96.16465127641382,1.0,False
worldcover,2021,LK1112190,10.0,178.39000000000001,119.12,0.6677504344413924,33.0,18.4987947754919,32090.0,179.88676495319243,3.60969696969697,54.268737036829414,93.03961025206524,1.0,False
worldcover,2021,LK1112195,10.0,77.86,44.68,0.5738505008990495,29.0,37.24633958386848,21950.0,281.9162599537632,1.5406896551724136,47.623940405856665,86.94614860259033,1.0,False
worldcover,2021,LK1112200,10.0,84.88,60.120000000000005,0.7082940622054666,19.0,22.38454288407163,19260.0,226.90857681432612,3.16421052631579,69.9340245051838,91.26221772834514,1.0,False
worldcover,2021,LK1112205,10.0,113.99000000000001,77.05,0.6759364856566364,28.0,24.56355820686025,29480.0,258.61917712080003,2.7517857142857145,64.0319326256689,89.88446895103058,1.0,False
worldcover,2021,LK1112210,10.0,71.04,53.53,0.7535191441441441,13.0,18.29954954954955,14970.0,210.72635135135133,4.117692307692308,53.181306306306304,92.39511317359599,1.0,False
worldcover,2021,LK1112215,10.0,49.980000000000004,35.43,0.7088835534213684,12.0,24.009603841536613,11140.0,222.8891556622649,2.9525,38.41536614645858,90.79816250358886,1.0,False
worldcover,2021,LK1112220,10.0,55.63,37.480000000000004,0.6737371921625023,15.0,26.96386841632213,11880.0,213.55383785727125,2.498666666666667,32.87794355563545,91.21117591211176,1.0,False
worldcover,2021,LK1112225,10.0,59.410000000000004,38.44,0.647029119676822,17.0,28.614711328059247,13120.0,220.83824272008079,2.2611764705882353,35.58323514559838,90.34902168164992,1.0,False
worldcover,2021,LK1112230,10.0,186.61,127.74000000000001,0.6845292320883125,43.0,23.042709393923154,40200.0,215.42253898504902,2.9706976744186044,66.095064573174,91.2878638284428,1.0,False
worldcover,2021,LK1112235,10.0,18.490000000000002,5.33,0.28826392644672794,12.0,64.89994591671173,2850.0,154.13737155219036,0.44416666666666665,10.978907517577069,84.4946025515211,1.0,False
worldcover,2021,LK1112240,10.0,72.72,47.58,0.6542904290429042,22.0,30.253025302530254,15910.0,218.7843784378438,2.162727272727273,30.596809680968097,90.850927703135,1.0,False
worldcover,2021,LK1112245,10.0,194.32,139.69,0.718865788390284,20.0,10.29230135858378,38710.0,199.20749279538904,6.984500000000001,63.899752984767396,92.5237356052128,1.0,False
worldcover,2021,LK1112250,10.0,154.19,124.72,0.8088721706984889,10.0,6.485504896556197,20930.0,135.7416174849212,12.472000000000001,63.96653479473377,94.99190938511327,1.0,False
worldcover,2021,LK1112255,10.0,106.21000000000001,96.08,0.9046229168628188,5.0,4.707654646455135,10050.0,94.62385839374822,19.216,90.32106204688823,97.32372890267627,1.0,False
worldcover,2021,LK1112260,10.0,135.45,107.09,0.7906238464378,23.0,16.98043558508675,20810.0,153.63602805463273,4.656086956521739,74.90586932447398,94.79043892320023,1.0,False
worldcover,2021,LK1112265,10.0,119.37,91.5,0.7665242523247047,11.0,9.21504565636257,18730.0,156.9070955851554,8.318181818181818,76.27544609198291,94.41683233929754,1.0,False
worldcover,2021,LK1112270,10.0,135.38,120.62,0.890973555916679,6.0,4.4319692716797165,11070.0,81.76983306249078,20.10333333333333,88.60245235633033,97.22222222222223,1.0,False
worldcover,2021,LK1112275,10.0,234.39000000000001,186.13,0.7941038440206493,24.0,10.239344681940356,27920.0,119.11770979990614,7.755416666666666,78.63816715730192,95.88125456661164,1.0,False
worldcover,2021,LK1112280,10.0,82.44,76.15,0.923702086365842,4.0,4.85201358563804,6470.0,78.4813197476953,19.0375,86.99660359049005,97.30322152108934,0.9294250281848929,False
worldcover,2021,LK1112285,10.0,216.98000000000002,192.56,0.8874550649829477,7.0,3.2261037883675914,15620.0,71.98820167757397,27.50857142857143,88.64872338464374,97.67745985248732,0.9996314383119874,False
worldcover,2021,LK1112290,10.0,250.1,225.36,0.9010795681727309,10.0,3.9984006397441023,19270.0,77.04918032786885,22.535999999999998,89.7001199520192,97.66366621250363,1.0,False
worldcover,2021,LK1112295,10.0,147.25,131.23,0.8912054329371816,14.0,9.507640067911714,10290.0,69.88115449915111,9.373571428571429,88.80814940577251,97.68988314883148,1.0,False
worldcover,2021,LK1112300,10.0,185.08,158.64000000000001,0.8571428571428572,12.0,6.483682731791657,16420.0,88.71839204668251,13.22,83.26669548303437,97.23916634896429,1.0,False
worldcover,2021,LK1112305,10.0,171.55,132.02,0.7695715534829496,11.0,6.412124744972311,28540.0,166.3654911104634,12.001818181818182,76.81725444476828,94.17742798196684,1.0,False
worldcover,2021,LK1112310,10.0,44.19,24.900000000000002,0.5634758995247794,13.0,29.418420457116998,12250.0,277.21203892283324,1.9153846153846155,52.56845440144829,86.90573770491804,1.0,False
worldcover,2021,LK1112315,10.0,167.33,127.3,0.7607721269347995,10.0,5.976214665630789,31060.0,185.62122751449232,12.73,75.57521066156696,93.66727431243561,1.0,False
worldcover,2021,LK1112320,10.0,120.25,90.15,0.7496881496881498,12.0,9.97920997920998,20970.0,174.3866943866944,7.5125,71.87525987525987,93.97421524663677,1.0,False
worldcover,2021,LK1112325,10.0,85.17,60.56,0.7110484912527886,11.0,12.915345779030174,15230.0,178.8188329223905,5.505454545454545,69.22625337560174,93.38407494145198,1.0,False
worldcover,2021,LK1112330,10.0,110.47,86.91,0.7867294288042002,12.0,10.862677650040736,17610.0,159.4097945143478,7.2425,78.49189825291934,94.37627217214306,1.0,False
worldcover,2021,LK1112335,10.0,93.48,80.60000000000001,0.8622165169020112,9.0,9.62772785622593,11040.0,118.10012836970475,8.955555555555556,85.34445870774496,96.08531994981179,1.0,False
worldcover,2021,LK1112340,10.0,167.62,142.54,0.8503758501372151,11.0,6.562462713280038,19220.0,114.66412122658393,12.958181818181817,73.22515212981745,96.01683823269306,1.0,False
worldcover,2021,LK1112345,10.0,232.52,203.9,0.876913813865474,9.0,3.870634784104593,18660.0,80.25116119043523,22.65555555555556,87.60536728023395,97.14772558897614,0.9819671438827653,False
worldcover,2021,LK1112350,10.0,113.74000000000001,90.0,0.7912783541410233,12.0,10.550378055213644,12040.0,105.85545982064356,7.5,78.59152452962897,96.41212801796743,1.0,False
worldcover,2021,LK1112355,10.0,114.88,105.27,0.9163474930362117,7.0,6.093314763231198,10530.0,91.6608635097493,15.03857142857143,91.56511142061282,96.68553338449732,0.9402520870846293,False
worldcover,2021,LK1112360,10.0,207.14000000000001,193.59,0.9345853046248913,21.0,10.138070869943032,13980.0,67.49058607704933,9.21857142857143,93.26059669788548,98.15551913421265,0.8207139744046912,True
worldcover,2021,LK1112365,10.0,129.75,109.71000000000001,0.845549132947977,11.0,8.477842003853565,19030.0,146.66666666666666,9.973636363636365,84.04624277456648,94.81409902448003,1.0,False
worldcover,2021,LK1112370,10.0,136.56,121.54,0.8900117164616286,6.0,4.393673110720562,11410.0,83.55301698886936,20.256666666666668,88.92062097246631,96.62058371735792,0.8919660352710647,True
worldcover,2021,LK1112375,10.0,165.3,143.66,0.8690865093768905,7.0,4.234724742891712,20400.0,123.4119782214156,20.52285714285714,86.74531155474895,96.34283307595115,0.9980076073175149,False
worldcover,2021,LK1112380,10.0,108.89,97.92,0.8992561300394895,4.0,3.673431903756084,9040.0,83.0195610248875,24.48,89.8705115253926,97.17837614773548,1.0,False
worldcover,2021,LK1112385,10.0,72.69,52.5,0.7222451506397028,21.0,28.889806025588115,12230.0,168.24872747282984,2.5,57.201815930664466,93.76146788990826,1.0,False
worldcover,2021,LK1112390,10.0,122.83,110.68,0.901082797362208,5.0,4.070666775217781,11680.0,95.09077586908735,22.136,90.07571440201905,96.65678449258837,1.0,False
worldcover,2021,LK1112395,10.0,111.75,110.84,0.9918568232662193,1.0,0.8948545861297539,1600.0,14.317673378076062,110.84,99.18568232662193,98.77943252721228,0.9763236065000873,False
worldcover,2021,LK1112400,10.0,210.91,204.44,0.9693234080887583,3.0,1.4224076620359396,7140.0,33.85330235645536,68.14666666666668,96.91337537338201,98.52224028372987,0.8717810937047906,True
worldcover,2021,LK1112405,10.0,336.43,296.94,0.8826204559640936,11.0,3.269625182058675,28480.0,84.65356835002824,26.994545454545456,87.9499450108492,97.22405704317192,0.9994652565283265,False
worldcover,2021,LK1115005,10.0,255.73000000000002,239.94,0.9382551910217807,2.0,0.7820748445626245,7200.0,28.154694404254485,119.97,93.76295311461307,99.00163597466337,0.9689678690512277,False
worldcover,2021,LK1115010,10.0,179.06,167.31,0.934379537585167,2.0,1.1169440411035407,5360.0,29.93410030157489,83.655,93.43236903831118,98.88564286359666,0.9834678969627066,False
worldcover,2021,LK1115015,10.0,691.19,678.79,0.982059925635498,1.0,0.1446780190685629,4350.0,6.293493829482486,678.79,98.20599256354981,99.69386849655417,0.9842366075242788,False
worldcover,2021,LK1115020,10.0,147.72,147.31,0.9972244787435689,1.0,0.676956404007582,150.0,1.0154346060113728,147.31,99.72244787435689,99.24364283514151,0.9985129106394485,False
worldcover,2021,LK1115025,10.0,425.17,412.59000000000003,0.9704118352658937,2.0,0.470400075264012,6150.0,14.46480231436837,206.29500000000002,97.03883152621304,99.58957995883621,0.9842809519399944,False
worldcover,2021,LK1115030,10.0,684.96,672.74,0.982159542163046,11.0,1.6059331931791636,12900.0,18.83321653819201,61.15818181818182,98.18237561317449,99.40908310887941,0.9945694787280384,False
worldcover,2021,LK1115035,10.0,160.29,153.35,0.9567034749516502,3.0,1.8716077110237694,5000.0,31.193461850396158,51.116666666666674,95.63915403331464,98.6983104332391,0.9848847926267281,False
worldcover,2021,LK1115040,10.0,218.29,143.71,0.6583444042329012,29.0,13.285079481423795,15860.0,72.65564157771772,4.955517241379311,65.05565990196527,96.61427268261876,0.978177092668937,False
worldcover,2021,LK1115045,10.0,68.86,49.93,0.7250943944234679,29.0,42.114435085681095,12840.0,186.4652918966018,1.7217241379310346,41.170490851002036,92.54368143031289,1.0,False
worldcover,2021,LK1115050,10.0,75.64,63.550000000000004,0.8401639344262296,10.0,13.220518244315176,8680.0,114.75409836065573,6.355,45.742993125330514,95.98406374501992,1.0,False
worldcover,2021,LK1115055,10.0,48.7,39.11,0.8030800821355235,14.0,28.74743326488706,8660.0,177.82340862422996,2.7935714285714286,72.56673511293636,92.60654885654886,1.0,False
worldcover,2021,LK1115060,10.0,39.99,37.26,0.9317329332333082,4.0,10.002500625156289,3710.0,92.77319329832457,9.315,92.92323080770193,97.17560376586165,1.0,False
worldcover,2021,LK1115065,10.0,234.84,233.74,0.9953159598024187,1.0,0.42582183614375746,2170.0,9.240333844319537,233.74,99.53159598024186,99.46600060290254,1.0,False
worldcover,2021,LK1115070,10.0,250.12,237.83,0.9508635854789701,1.0,0.39980809211578444,10610.0,42.419638573484725,237.83,95.086358547897,98.57375626891255,1.0,False
worldcover,2021,LK1115075,10.0,125.8,113.3,0.9006359300476947,3.0,2.384737678855326,5390.0,42.84578696343402,37.766666666666666,90.03179650238474,97.88835924622444,1.0,False
worldcover,2021,LK1115080,10.0,64.39,62.51,0.9708029197080291,3.0,4.659108557229383,2420.0,37.58347569498369,20.836666666666666,97.03370088523063,98.4687677225958,1.0,False
worldcover,2021,LK1115085,10.0,144.70000000000002,142.84,0.987145818935729,1.0,0.6910850034554249,2870.0,19.834139599170694,142.84,98.7145818935729,98.27026263767297,0.990078686281218,False
worldcover,2021,LK1115090,10.0,141.69,133.13,0.9395864210600606,2.0,1.4115322182228809,3100.0,21.878749382454654,66.565,93.95158444491496,98.0981246448191,0.9104285806078519,False
worldcover,2021,LK1115095,10.0,475.01,464.88,0.9786741331761437,1.0,0.21052188374981579,8540.0,17.97856887223427,464.88,97.86741331761436,99.02100622406638,1.0,False
worldcover,2021,LK1115100,10.0,179.15,151.08,0.8433156572704438,17.0,9.48925481440134,22380.0,124.92324867429528,8.887058823529413,83.04772536980184,95.27193860527194,1.0,False
worldcover,2021,LK1115105,10.0,92.54,83.4,0.9012318997190404,5.0,5.403068943159714,7610.0,82.23470931489085,16.68,90.0475470066998,96.90246711523308,1.0,False
worldcover,2021,LK1115110,10.0,153.25,143.29,0.9350081566068515,3.0,1.9575856443719413,8750.0,57.09624796084829,47.76333333333333,93.46818923327896,97.79013301428672,1.0,False
worldcover,2021,LK1115115,10.0,88.43,85.85000000000001,0.9708243808662219,6.0,6.785027705529797,2520.0,28.497116363225146,14.308333333333334,96.96935429153001,98.88130004710315,1.0,False
worldcover,2021,LK1115120,10.0,187.21,177.19,0.9464772180973238,3.0,1.6024785000801238,10450.0,55.819667752790984,59.06333333333333,94.62635542973132,98.18031901282306,1.0,False
worldcover,2021,LK1115125,10.0,213.48000000000002,211.28,0.9896945849728311,3.0,1.4052838673412027,2580.0,12.085441259134344,70.42666666666668,98.50571482106051,99.30894793280115,1.0,False
worldcover,2021,LK1115130,10.0,199.95000000000002,191.73000000000002,0.9588897224306077,10.0,5.0012503125781445,8120.0,40.61015253813453,19.173,95.78394598649662,98.4317948987365,0.976890756302521,False
worldcover,2021,LK1115135,10.0,59.11,53.6,0.9067839621045509,11.0,18.609372356623243,4540.0,76.80595499915412,4.872727272727273,89.86635087125698,97.50307386739809,0.8975098694199818,True
worldcover,2021,LK1115140,10.0,79.4,71.76,0.9037783375314862,2.0,2.5188916876574305,7240.0,91.18387909319898,35.88,90.20151133501258,97.01734593146242,0.9894080996884735,False
worldcover,2021,LK1115145,10.0,101.11,95.16,0.9411531994857086,4.0,3.9560874295321926,7760.0,76.74809613292454,23.79,93.90762535852042,97.72244637927373,0.879982593559617,True
worldcover,2021,LK1115150,10.0,142.97,136.29,0.9532769112401203,7.0,4.896132055676016,6730.0,47.07281247814227,19.47,95.06889557249774,98.32001184132623,1.0,False
worldcover,2021,LK1115155,10.0,38.82,31.71,0.8168469860896446,8.0,20.607934054611025,5270.0,135.75476558475012,3.96375,75.63111798042246,94.97511639107401,1.0,False
worldcover,2021,LK1115160,10.0,104.01,100.58,0.9670224016921449,3.0,2.8843380444188056,5000.0,48.07230074031343,33.526666666666664,96.66378232862225,97.93622897313583,1.0,False
worldcover,2021,LK1115165,10.0,337.68,335.31,0.9929815209665955,1.0,0.2961383558398484,4210.0,12.467424780857616,335.31,99.29815209665956,99.35827273408802,1.0,False
worldcover,2021,LK1115170,10.0,488.03000000000003,487.83,0.9995901891277175,1.0,0.2049054361412208,480.0,0.9835460934778599,487.83,99.95901891277175,99.75804126683416,1.0,False
worldcover,2021,LK1115175,10.0,296.52,291.16,0.9819236476460274,1.0,0.3372453797382976,3870.0,13.051396195872117,291.16,98.19236476460274,99.15702193815858,1.0,False
worldcover,2021,LK1115180,10.0,287.08,285.22,0.9935209697645258,1.0,0.34833495889647487,2440.0,8.499372997073987,285.22,99.35209697645257,99.34574824533559,1.0,False
worldcover,2021,LK1115185,10.0,254.28,240.19,0.9445886424414032,5.0,1.966336322164543,12500.0,49.15840805411357,48.038000000000004,94.41167217240837,98.35107274555816,1.0,False
worldcover,2021,LK1115190,10.0,86.76,78.15,0.9007607192254495,1.0,1.152604887044721,4130.0,47.602581834946974,78.15,90.07607192254495,98.3368925127807,0.9691689008042895,False
worldcover,2021,LK1115195,10.0,68.25,63.32,0.9277655677655677,5.0,7.326007326007326,4180.0,61.24542124542125,12.664000000000001,92.29304029304029,97.27287268074217,1.0,False
worldcover,2021,LK1115200,10.0,124.2,101.46000000000001,0.8169082125603865,9.0,7.246376811594203,15030.0,121.01449275362319,11.273333333333333,81.13526570048309,95.17172722747635,0.9449178332318929,False
worldcover,2021,LK1115205,10.0,143.43,108.17,0.7541657951614027,15.0,10.458063166701526,21910.0,152.75744265495362,7.211333333333333,37.12612424179042,94.55775962660444,0.9710243043802045,False
worldcover,2021,LK1115210,10.0,135.89000000000001,130.86,0.9629847670910295,3.0,2.2076679667378025,4620.0,33.998086687762154,43.62,96.28375892265802,99.09031337933162,1.0,False
worldcover,2021,LK1115215,10.0,216.19,215.15,0.995189416716777,1.0,0.4625560849252972,980.0,4.533049632267913,215.15,99.5189416716777,99.60454885810557,1.0,False
worldcover,2021,LK1115220,10.0,159.15,158.45000000000002,0.9956016336789193,1.0,0.6283380458686774,1760.0,11.058749607288721,158.45000000000002,99.56016336789193,98.95985749729627,1.0,False
worldcover,2021,LK1115225,10.0,324.97,322.47,0.9923069821829708,1.0,0.3077207126811705,2540.0,7.816106102101732,322.47,99.23069821829708,99.54314404216173,1.0,False
worldcover,2021,LK1115230,10.0,566.59,564.6,0.9964877601087205,1.0,0.1764944668984627,2490.0,4.3947122257717215,564.6,99.64877601087206,99.59268613709935,0.9803273582946916,False
worldcover,2021,LK1115235,10.0,509.40000000000003,508.27000000000004,0.9977817039654495,2.0,0.39261876717707106,1790.0,3.513937966234786,254.13500000000002,99.77620730270907,99.61364781676433,0.9893759589799367,False
worldcover,2021,LK1115240,10.0,669.08,668.21,0.9986997070604412,1.0,0.14945895856997668,1200.0,1.79350750283972,668.21,99.86997070604411,99.65821596244132,1.0,False
worldcover,2021,LK1115245,10.0,167.23,166.03,0.9928242540214077,1.0,0.5979788315493632,1040.0,6.218979848113377,166.03,99.28242540214077,99.28978997207722,1.0,False
worldcover,2021,LK1115250,10.0,220.15,219.61,0.9975471269588917,1.0,0.4542357483533954,1200.0,5.450828980240745,219.61,99.75471269588917,99.30085959885386,1.0,False
worldcover,2021,LK1115255,10.0,271.46,262.39,0.9665880792750313,2.0,0.7367567965814485,8500.0,31.312163854711564,131.195,96.65512414352023,98.80929554780074,1.0,False
worldcover,2021,LK1115260,10.0,241.52,238.41,0.9871232196091421,1.0,0.41404438555813183,2960.0,12.255713812520701,238.41,98.71232196091421,99.26329343718996,1.0,False
worldcover,2021,LK1115265,10.0,260.33,254.81,0.9787961433565091,1.0,0.38412783774440135,5730.0,22.010525102754197,254.81,97.87961433565091,99.05611942656293,1.0,False
worldcover,2021,LK1115270,10.0,85.48,82.17,0.9612774918109499,2.0,2.3397285914833876,3220.0,37.66963032288255,41.085,96.09265325222273,98.51710558700468,1.0,False
worldcover,2021,LK1115275,10.0,69.82000000000001,67.65,0.9689200802062446,3.0,4.296763105127471,3650.0,52.277284445717555,22.55,96.86336293325694,98.34642723531613,1.0,False
worldcover,2021,LK1115280,10.0,129.4,127.9,0.9884080370942813,1.0,0.7727975270479134,2400.0,18.54714064914992,127.9,98.84080370942813,98.82854100106496,1.0,False
worldcover,2021,LK1115285,10.0,116.35000000000001,111.9,0.9617533304684143,2.0,1.7189514396218306,6880.0,59.13192952299097,55.95,96.11516974645465,97.69036448935402,1.0,False
worldcover,2021,LK1115290,10.0,158.65,151.9,0.9574535140245825,2.0,1.2606366214938542,4660.0,29.372833280806805,75.95,95.73904821935078,98.93140410845253,1.0,False
worldcover,2021,LK1115295,10.0,251.34,250.5,0.9966579135831941,1.0,0.39786743057213336,1420.0,5.649717514124294,250.5,99.66579135831941,99.58218669023562,1.0,False
worldcover,2021,LK1115300,10.0,134.37,133.98,0.997097566421076,1.0,0.7442137381856069,360.0,2.6791694574681846,133.98,99.70975664210759,99.50308688450535,1.0,False
worldcover,2021,LK1115305,10.0,387.34000000000003,386.09000000000003,0.9967728610523054,1.0,0.2581711158155625,1780.0,4.595445861517013,386.09000000000003,99.67728610523054,99.57045232671656,1.0,False
worldcover,2021,LK1115310,10.0,115.55,115.52,0.9997403721332756,1.0,0.8654262224145391,100.0,0.8654262224145391,115.52,99.97403721332756,99.13495565555507,0.9953484365578431,False
worldcover,2021,LK1115315,10.0,277.35,276.96,0.9985938345051377,1.0,0.360555255092843,840.0,3.028664142779881,276.96,99.85938345051377,99.62040719954958,0.956577222873698,False
worldcover,2021,LK1115320,10.0,179.56,179.46,0.9994430830920027,1.0,0.5569169079973267,260.0,1.4479839607930496,179.46,99.94430830920027,99.68841230631035,1.0,False
worldcover,2021,LK1115325,10.0,93.05,90.62,0.9738850080601827,1.0,1.07469102632993,1780.0,19.129500268672757,90.62,97.38850080601827,99.00184018290302,1.0,False
worldcover,2021,LK1115330,10.0,194.38,172.03,0.8850190348801317,1.0,0.5144562197756971,9640.0,49.5935795863772,172.03,88.50190348801317,98.25732946724072,1.0,False
worldcover,2021,LK1115335,10.0,151.08,141.20000000000002,0.9346041832141911,2.0,1.3238019592268995,6650.0,44.01641514429441,70.60000000000001,93.45379931162297,98.30369259338619,1.0,False
worldcover,2021,LK1115340,10.0,204.77,199.21,0.972847585095473,3.0,1.4650583581579333,5770.0,28.177955755237583,66.40333333333334,97.25545734238413,98.99137996410425,1.0,False
worldcover,2021,LK1118005,10.0,195.14000000000001,191.65,0.9821154043250999,1.0,0.5124525981346725,2620.0,13.42625807112842,191.65,98.21154043250999,99.26943999159067,1.0,False
worldcover,2021,LK1118010,10.0,237.3,236.48000000000002,0.9965444584913612,2.0,0.8428150021070374,1650.0,6.953223767383059,118.24000000000001,99.65023177412557,99.27002638971652,1.0,False
worldcover,2021,LK1118015,10.0,97.37,96.56,0.9916812159802814,2.0,2.0540207456095305,560.0,5.7512580877066855,48.28,99.15785149430009,99.11587758304996,1.0,False
worldcover,2021,LK1118020,10.0,339.36,335.51,0.988655115511551,1.0,0.29467232437529467,4110.0,12.11103253182461,335.51,98.86551155115511,99.22079868135161,1.0,False
worldcover,2021,LK1118025,10.0,195.1,194.86,0.9987698616094312,1.0,0.5125576627370579,600.0,3.0753459764223474,194.86,99.8769861609431,99.20396981288121,0.9895516331913167,False
worldcover,2021,LK1118030,10.0,373.25,373.11,0.9996249162759545,1.0,0.2679169457468185,360.0,0.9645010046885466,373.11,99.96249162759544,99.70094968680542,1.0,False
worldcover,2021,LK1118035,10.0,258.94,248.87,0.9611106820112768,3.0,1.1585695527921527,6360.0,24.561674519193637,82.95666666666666,96.08017301305321,98.5705042662461,1.0,False
worldcover,2021,LK1118040,10.0,218.1,210.81,0.9665749656121045,3.0,1.375515818431912,6700.0,30.7198532783127,70.27,96.63915635029804,98.00100308089131,1.0,False
worldcover,2021,LK1118045,10.0,218.47,218.26,0.9990387696251202,1.0,0.4577287499427839,500.0,2.2886437497139194,218.26,99.90387696251202,99.41184611126488,1.0,False
worldcover,2021,LK1118050,10.0,240.41,235.92000000000002,0.9813235722307725,1.0,0.4159560750384759,4310.0,17.927706834158315,235.92000000000002,98.13235722307725,99.06135335779503,1.0,False
worldcover,2021,LK1118055,10.0,315.08,303.65000000000003,0.9637234987939572,4.0,1.2695188523549574,5540.0,17.58283610511616,75.91250000000001,96.35648089374129,99.26798164985674,1.0,False
worldcover,2021,LK1118060,10.0,99.09,94.08,0.9494399031183772,3.0,3.027550711474417,5060.0,51.0646886668685,31.36,94.84307195478857,98.16883256363441,1.0,False
worldcover,2021,LK1118065,10.0,171.05,154.6,0.9038292896813797,9.0,5.261619409529377,8900.0,52.03156971645717,17.177777777777777,89.6579947383806,98.45456620260181,1.0,False
worldcover,2021,LK1118070,10.0,48.59,45.79,0.942374974274542,2.0,4.116073266104136,3840.0,79.02860670919942,22.895,94.17575632846264,97.52826424296165,1.0,False
worldcover,2021,LK1118075,10.0,112.72,97.98,0.8692334989354152,9.0,7.984386089425124,13210.0,117.1930447125621,10.886666666666668,86.70156139105748,96.25219094752036,1.0,False
worldcover,2021,LK1118080,10.0,106.64,84.93,0.796417854463616,13.0,12.190547636909228,12760.0,119.6549137284321,6.533076923076923,79.22918229557389,96.2621272543301,1.0,False
worldcover,2021,LK1118085,10.0,107.56,92.74,0.8622164373373,4.0,3.718854592785422,7430.0,69.07772406098921,23.185,86.16586091483823,97.94606374284936,1.0,False
worldcover,2021,LK1118090,10.0,137.95000000000002,111.83,0.8106560347952155,20.0,14.498006524102934,17520.0,127.00253715114171,5.5915,63.09532439289597,95.47260088471607,1.0,False
worldcover,2021,LK1118095,10.0,88.34,83.75,0.9480416572334163,2.0,2.2639800769753227,4390.0,49.69436268960833,41.875,94.79284582295675,98.27960883737776,1.0,False
worldcover,2021,LK1118100,10.0,163.92000000000002,154.81,0.9444241093216202,1.0,0.6100536847242557,9950.0,60.70034163006344,154.81,94.44241093216202,98.07898935304269,1.0,False
worldcover,2021,LK1118105,10.0,95.93,92.68,0.9661211299906182,1.0,1.0424267695194411,2700.0,28.14552277702491,92.68,96.61211299906181,98.71885732977158,1.0,False
worldcover,2021,LK1118110,10.0,256.03000000000003,242.49,0.94711557239386,4.0,1.5623169159864077,12270.0,47.924071397883054,60.6225,94.60610084755692,98.35221848669738,1.0,False
worldcover,2021,LK1118115,10.0,219.94,210.88,0.9588069473492771,4.0,1.8186778212239703,4460.0,20.278257706647267,52.72,95.8579612621624,99.23361585293064,1.0,False
worldcover,2021,LK1118120,10.0,277.85,249.98000000000002,0.8996940795393198,11.0,3.9589706676264167,8490.0,30.556055425589346,22.725454545454546,89.64189310779197,99.03782282252058,1.0,False
worldcover,2021,LK1118125,10.0,225.31,186.49,0.827704052194754,12.0,5.325995295370823,18230.0,80.91074519550841,15.540833333333333,82.39758554879943,97.73930423509076,1.0,False
worldcover,2021,LK1118130,10.0,120.96000000000001,93.3,0.771329365079365,12.0,9.92063492063492,11790.0,97.47023809523809,7.775,74.66931216931216,96.63164735188997,0.9432314410480349,False
worldcover,2021,LK1118135,10.0,70.26,59.0,0.8397381155707372,5.0,7.116424708226586,7940.0,113.0088243666382,11.8,83.26216908625106,96.0844925296239,1.0,False
worldcover,2021,LK1118140,10.0,216.47,184.56,0.8525892733404167,7.0,3.2337044394142374,14280.0,65.96757056405045,26.365714285714287,84.84316533468841,97.8684497816594,1.0,False
worldcover,2021,LK1118145,10.0,204.20000000000002,180.59,0.8843780607247795,6.0,2.938295788442703,8950.0,43.82957884427032,30.098333333333336,88.07051909892262,98.66383999553683,0.987618494873283,False
worldcover,2021,LK1118150,10.0,145.32,136.11,0.9366226259289845,5.0,3.440682631434077,7040.0,48.4448114505918,27.221999999999998,93.49022846132675,98.04357492218764,1.0,False
worldcover,2021,LK1118155,10.0,154.67000000000002,145.24,0.9390314863903795,1.0,0.6465377901338333,8100.0,52.36956100084049,145.24,93.90314863903794,98.26425050336735,1.0,False
worldcover,2021,LK1118160,10.0,150.5,141.49,0.9401328903654486,1.0,0.6644518272425249,8340.0,55.415282392026576,141.49,94.01328903654485,97.86528866714184,1.0,False
worldcover,2021,LK1118165,10.0,278.11,264.13,0.9497321203840207,3.0,1.0787098630038474,13100.0,47.10366401783467,88.04333333333334,94.96602063931537,98.37714285714286,1.0,False
worldcover,2021,LK1118170,10.0,199.89000000000001,191.27,0.9568762819550752,4.0,2.0011006053329328,8750.0,43.77407574165791,47.8175,95.56255940767421,98.41219685599178,0.8758653930418018,True
worldcover,2021,LK1118175,10.0,213.86,207.87,0.9719910221640325,1.0,0.46759562330496585,5310.0,24.829327597493688,207.87,97.19910221640325,98.95361511444834,0.9775116555443825,False
worldcover,2021,LK1118180,10.0,148.15,131.0,0.8842389470131623,1.0,0.6749915626054674,9500.0,64.1241984475194,131.0,88.42389470131623,97.49720842478149,0.8549252697789832,True
worldcover,2021,LK1118185,10.0,146.28,136.37,0.9322532130161335,4.0,2.7344818156959256,5270.0,36.02679792179382,34.0925,92.7536231884058,99.0828402366864,0.9970690477813373,False
worldcover,2021,LK1118190,10.0,307.59000000000003,291.7,0.9483403231574498,4.0,1.3004323937709288,7110.0,23.115185799278258,72.925,94.72349556227445,99.23790475533639,1.0,False
worldcover,2021,LK1118195,10.0,460.87,442.82,0.9608349426085447,4.0,0.8679237095059344,12170.0,26.406578861718053,110.705,96.06613578666435,99.14570640890372,0.9817651194001236,False
worldcover,2021,LK1118200,10.0,157.02,127.5,0.8119984715322889,12.0,7.642338555598013,9910.0,63.112979238313585,10.625,77.93274742071073,97.72097808024057,0.988728669479252,False
worldcover,2021,LK1118205,10.0,208.21,169.31,0.8131693962825993,4.0,1.9211373132894674,9090.0,43.657845444503145,42.3275,40.804956534268285,98.41968989018184,0.9254600408925238,False
worldcover,2021,LK1118210,10.0,216.47,212.68,0.9824918002494573,2.0,0.9239155541183536,2070.0,9.56252598512496,106.34,98.24456044717513,99.32534797841113,0.9572812099234953,False
worldcover,2021,LK1118215,10.0,227.12,222.59,0.980054596688975,2.0,0.8805917576611483,6620.0,29.147587178584008,111.295,98.0010567101092,98.84212668762297,0.989327873851113,False
worldcover,2021,LK1118220,10.0,207.58,203.25,0.9791405723094709,2.0,0.9634839579920994,3200.0,15.41574332787359,101.625,97.90923981115714,99.05361212962045,1.0,False
worldcover,2021,LK1118225,10.0,804.69,770.27,0.9572257639587914,3.0,0.37281437572232784,6610.0,8.214343411748622,256.75666666666666,95.37461631187165,99.56286075388604,0.9883319618270919,False
worldcover,2021,LK1118230,10.0,1029.04,974.98,0.9474655990048978,4.0,0.3887118090647594,11090.0,10.777034906320454,243.745,94.73587032574049,99.52101908206471,0.9806638521723385,False
worldcover,2021,LK1121005,10.0,44.2,14.780000000000001,0.3343891402714932,50.0,113.12217194570135,10750.0,243.2126696832579,0.2956,19.07239819004525,80.47933310177145,1.0,False
worldcover,2021,LK1121010,10.0,91.29,39.25,0.4299485157191368,63.0,69.0108445612882,14940.0,163.65428853105487,0.623015873015873,24.482418665790338,89.5908855515277,1.0,False
worldcover,2021,LK1121015,10.0,139.81,78.61,0.562263071311065,64.0,45.776410843287316,32350.0,231.38545168442886,1.22828125,27.98798369215364,89.52650540401442,1.0,False
worldcover,2021,LK1121020,10.0,129.23,54.04,0.4181691557687844,68.0,52.61936082952875,31330.0,242.43596688075527,0.7947058823529412,17.201888106476826,85.68480300187618,1.0,False
worldcover,2021,LK1121025,10.0,130.15,57.33,0.4404917402996542,101.0,77.60276603918555,39020.0,299.8079139454475,0.5676237623762377,13.284671532846716,82.81774792292735,1.0,False
worldcover,2021,LK1121030,10.0,159.34,103.13,0.6472323333751725,44.0,27.613907367892555,40730.0,255.61691979415087,2.3438636363636363,61.59784109451487,89.86387229458427,1.0,False
worldcover,2021,LK1121035,10.0,173.98,130.32,0.7490516151281756,37.0,21.26681227727325,37600.0,216.11679503391196,3.522162162162162,72.77848028509024,92.63402361137992,1.0,False
worldcover,2021,LK1121040,10.0,190.68,138.92000000000002,0.7285504510174114,25.0,13.110971260750995,39250.0,205.84224879379065,5.5568,42.01804069645479,92.4931029475824,1.0,False
worldcover,2021,LK1121045,10.0,37.63,28.14,0.7478076003188945,8.0,21.259633271326067,8100.0,215.25378687217645,3.5175,73.85065107626893,92.61003441405542,1.0,False
worldcover,2021,LK1121050,10.0,41.53,23.34,0.5620033710570672,18.0,43.342162292318804,9050.0,217.91476041415842,1.2966666666666666,36.166626535034915,89.1271056661562,1.0,False
worldcover,2021,LK1121055,10.0,89.88,63.06,0.7016021361815755,19.0,21.13929684023142,20480.0,227.85936804628395,3.318947368421053,67.9016466399644,91.88950453705934,1.0,False
worldcover,2021,LK1121060,10.0,58.61,30.88,0.5268725473468692,25.0,42.65483705852244,16780.0,286.2992663368026,1.2352,30.09725302849343,85.4221635883905,1.0,False
worldcover,2021,LK1121065,10.0,180.33,105.46000000000001,0.5848167248932513,68.0,37.70864526146509,46440.0,257.5278655797704,1.5508823529411766,42.31686352797649,88.34626065306904,1.0,False
worldcover,2021,LK1121070,10.0,79.68,49.4,0.6199799196787148,48.0,60.24096385542168,19880.0,249.49799196787146,1.0291666666666668,36.395582329317264,89.41369750487729,1.0,False
worldcover,2021,LK1121075,10.0,106.73,58.65,0.5495174739998125,35.0,32.79302913894875,21940.0,205.56544551672442,1.675714285714286,48.84287454323995,90.2643400138217,1.0,False
worldcover,2021,LK1121080,10.0,127.53,43.34,0.3398416058966518,94.0,73.70814710264251,33730.0,264.48678742256726,0.46106382978723404,5.951540813926135,79.66260543580131,1.0,False
worldcover,2021,LK1121085,10.0,35.01,7.88,0.22507854898600402,35.0,99.97143673236219,6700.0,191.37389317337906,0.22514285714285717,8.82604970008569,77.81435154707044,1.0,False
worldcover,2021,LK1121090,10.0,65.49,22.67,0.346159719041075,64.0,97.72484348755536,15680.0,239.42586654451063,0.35421875,17.865322950068713,81.3204146011717,1.0,False
worldcover,2021,LK1121095,10.0,72.86,28.650000000000002,0.393219873730442,58.0,79.60472138347515,20120.0,276.1460334888828,0.4939655172413793,15.989569036508373,81.80362860192102,1.0,False
worldcover,2021,LK1121100,10.0,92.43,35.46,0.38364167478091526,68.0,73.56918749323812,21000.0,227.19896137617656,0.5214705882352941,13.675213675213675,85.39873780837637,1.0,False
worldcover,2021,LK1121105,10.0,47.160000000000004,14.92,0.31636980491942324,45.0,95.41984732824427,10630.0,225.40288379983033,0.3315555555555556,9.414758269720103,81.65863730213351,1.0,False
worldcover,2021,LK1121110,10.0,36.97,10.790000000000001,0.29185826345685695,31.0,83.8517717067893,7580.0,205.03110630240735,0.3480645161290323,12.036786583716527,83.60420650095602,1.0,False
worldcover,2021,LK1121115,10.0,99.22,39.93,0.4024390243902439,61.0,61.479540415238866,24250.0,244.40636968353155,0.6545901639344263,20.852650675267082,83.76383763837639,1.0,False
worldcover,2021,LK1121120,10.0,70.23,40.03,0.5699843371778442,33.0,46.98846646732166,19680.0,280.22212729602734,1.213030303030303,42.18994731596184,87.10496255870034,1.0,False
worldcover,2021,LK1121125,10.0,46.83,27.28,0.5825325645953449,21.0,44.843049327354265,12420.0,265.2146060217809,1.299047619047619,55.13559683963272,88.60026163333956,1.0,False
worldcover,2021,LK1121130,10.0,122.55,74.09,0.6045695634434924,53.0,43.247654018767854,33650.0,274.58180334557323,1.3979245283018866,54.8266013871889,88.73335609423012,1.0,False
worldcover,2021,LK1121135,10.0,57.15,35.63,0.6234470691163605,18.0,31.496062992125985,16680.0,291.8635170603675,1.9794444444444446,37.182852143482066,87.59634598915216,1.0,False
worldcover,2021,LK1121140,10.0,106.03,79.41,0.748938979534094,13.0,12.260680939356785,24400.0,230.12354993869658,6.108461538461539,74.14882580401773,91.76590460421575,1.0,False
worldcover,2021,LK1121145,10.0,106.38,56.120000000000005,0.5275427711975936,48.0,45.121263395375074,22990.0,216.11205113743185,1.1691666666666667,23.923669862756157,88.83872132923966,1.0,False
worldcover,2021,LK1121150,10.0,80.34,52.0,0.6472491909385113,24.0,29.873039581777444,14800.0,184.21707742096092,2.1666666666666665,55.8252427184466,91.60409556313994,1.0,False
worldcover,2021,LK1121155,10.0,131.6,55.78,0.4238601823708207,91.0,69.14893617021276,30450.0,231.38297872340428,0.612967032967033,12.363221884498481,84.66291113937852,1.0,False
worldcover,2021,LK1121160,10.0,39.46,14.73,0.37328940699442476,34.0,86.16320324379117,11350.0,287.63304612265586,0.43323529411764705,20.60314242270654,79.64447542697805,1.0,False
worldcover,2021,LK1121165,10.0,129.76,53.39,0.4114519112207152,92.0,70.90012330456227,30340.0,233.8162762022195,0.5803260869565218,22.657213316892726,84.67382015003324,1.0,False
worldcover,2021,LK1121170,10.0,98.23,50.47,0.5137941565713122,57.0,58.027079303675045,21620.0,220.0956937799043,0.8854385964912281,39.88598187926295,88.53381569691489,1.0,False
worldcover,2021,LK1121175,10.0,85.15,34.68,0.4072812683499706,74.0,86.90546095126247,23960.0,281.3857897827363,0.46864864864864864,18.26189078097475,83.05954825462013,1.0,False
worldcover,2021,LK1121180,10.0,63.76,17.82,0.27948557089084064,70.0,109.78670012547052,15830.0,248.27478042659976,0.25457142857142856,7.826223337515684,77.92469100316183,1.0,False
worldcover,2021,LK1121185,10.0,131.77,38.910000000000004,0.2952872429232754,102.0,77.40760415876147,31470.0,238.82522577217878,0.3814705882352941,8.385823783865826,80.03134386835575,1.0,False
worldcover,2021,LK1121190,10.0,71.91,19.34,0.2689472952301488,58.0,80.65637602558755,13390.0,186.20497844527884,0.333448275862069,8.844388819357532,81.48148148148148,1.0,False
worldcover,2021,LK1121195,10.0,34.11,7.95,0.23306948109058928,43.0,126.06273819994136,6670.0,195.54382878921137,0.18488372093023256,8.29668718850777,78.1474233529028,1.0,False
worldcover,2021,LK1121200,10.0,94.34,30.44,0.3226627093491626,93.0,98.57960568157728,26030.0,275.91689633241464,0.32731182795698927,10.86495654017384,78.83553622218504,1.0,False
worldcover,2021,LK1121205,10.0,71.49,14.35,0.20072737445796615,84.0,117.4989509022241,16230.0,227.02475870751155,0.17083333333333334,2.6717023359910477,72.33357193987115,1.0,False
worldcover,2021,LK1124005,10.0,49.550000000000004,11.17,0.22542885973763874,30.0,60.54490413723511,6560.0,132.39152371342078,0.37233333333333335,12.290615539858727,85.18689432395016,1.0,False
worldcover,2021,LK1124010,10.0,74.34,30.490000000000002,0.4101425881086898,43.0,57.842345977939196,12100.0,162.7656712402475,0.7090697674418606,24.576271186440678,90.01169199933189,1.0,False
worldcover,2021,LK1124015,10.0,125.59,46.99,0.37415399315232106,75.0,59.71813042439685,23860.0,189.98327892348115,0.6265333333333334,22.270881439605063,87.74298056155507,1.0,False
worldcover,2021,LK1124020,10.0,65.87,14.63,0.22210414452709884,45.0,68.31638074996204,11100.0,168.5137391832397,0.32511111111111113,6.543191134051921,80.37908037908038,1.0,False
worldcover,2021,LK1124025,10.0,37.99,11.6,0.30534351145038163,27.0,71.07133456172677,8380.0,220.5843643063964,0.42962962962962964,6.764938141616215,81.07507774322524,1.0,False
worldcover,2021,LK1124030,10.0,137.05,62.47,0.4558190441444728,64.0,46.69828529733673,22290.0,162.6413717621306,0.97609375,33.644655235315575,91.41467369274423,1.0,False
worldcover,2021,LK1124035,10.0,99.41,36.35,0.3656573785333468,61.0,61.362036012473595,18680.0,187.9086611004929,0.5959016393442623,11.055225832411226,86.24982515037068,1.0,False
worldcover,2021,LK1124040,10.0,62.79,28.05,0.44672718585762067,48.0,76.44529383659818,14450.0,230.1321866539258,0.584375,35.7700270743749,87.51816860465117,1.0,False
worldcover,2021,LK1124045,10.0,84.91,29.23,0.34424684960546464,59.0,69.48533741608763,18680.0,219.99764456483337,0.49542372881355934,16.688258155694264,84.46923479170297,1.0,False
worldcover,2021,LK1124050,10.0,125.88000000000001,47.49,0.37726406101048615,61.0,48.45884969812519,17800.0,141.40451223387353,0.7785245901639344,32.29265967588179,90.76923076923077,1.0,False
worldcover,2021,LK1124055,10.0,58.63,19.29,0.32901245096367043,44.0,75.046904315197,13490.0,230.08698618454716,0.43840909090909097,8.186935016203309,82.94429708222812,1.0,False
worldcover,2021,LK1124060,10.0,91.25,38.68,0.4238904109589041,64.0,70.13698630136986,16950.0,185.75342465753425,0.604375,33.227397260273975,89.39692550256208,1.0,False
worldcover,2021,LK1124065,10.0,105.92,39.9,0.37669939577039274,91.0,85.91389728096676,19540.0,184.47885196374622,0.43846153846153846,28.445996978851962,88.24652998853941,1.0,False
worldcover,2021,LK1124070,10.0,92.82000000000001,20.94,0.22559793148028442,98.0,105.58069381598793,16010.0,172.4843783667313,0.2136734693877551,8.241758241758241,79.736328125,1.0,False
worldcover,2021,LK1124075,10.0,81.08,24.240000000000002,0.2989639861864825,83.0,102.36803157375432,15420.0,190.18253576714358,0.29204819277108435,20.769610261470152,84.58622867972204,1.0,False
worldcover,2021,LK1124080,10.0,54.370000000000005,6.83,0.12562074673533197,63.0,115.8727239286371,7980.0,146.77211697627368,0.10841269841269842,1.7472871068604008,67.47905559786749,1.0,False
worldcover,2021,LK1124085,10.0,68.85000000000001,10.98,0.15947712418300652,81.0,117.64705882352939,12410.0,180.24691358024688,0.13555555555555557,3.7763253449527956,71.911695631752,1.0,False
worldcover,2021,LK1124090,10.0,58.56,7.05,0.12038934426229507,64.0,109.2896174863388,8540.0,145.83333333333331,0.11015625,2.6127049180327866,71.16519174041298,1.0,False
worldcover,2021,LK1124095,10.0,95.51,22.38,0.23432101350643908,124.0,129.82933724217358,22000.0,230.342372526437,0.18048387096774193,5.371165323002827,75.46222323670395,1.0,False
worldcover,2021,LK1124100,10.0,57.620000000000005,11.700000000000001,0.20305449496702535,83.0,144.04720583130856,11680.0,202.707393266227,0.14096385542168674,3.644567858382506,72.08278291501541,1.0,False
worldcover,2021,LK1127005,10.0,80.29,6.48,0.08070743554614522,41.0,51.06488977456719,6450.0,80.33379001120936,0.15804878048780488,2.453605679412131,76.30522088353413,0.9572007629947544,False
worldcover,2021,LK1127010,10.0,136.67000000000002,14.85,0.10865588644179408,87.0,63.656983976000575,14390.0,105.29011487524693,0.1706896551724138,2.9194409892441646,75.69156293222683,0.9546661078513551,False
worldcover,2021,LK1127015,10.0,366.24,125.52,0.3427260812581913,233.0,63.61948449104412,72880.0,198.99519440803843,0.5387124463519314,14.13826998689384,85.71485992202258,1.0,False
worldcover,2021,LK1127020,10.0,38.27,4.9,0.1280376273843742,28.0,73.16435850535667,4580.0,119.67598641233342,0.17500000000000002,5.461196759864123,79.35828877005348,1.0,False
worldcover,2021,LK1127025,10.0,51.21,9.24,0.18043350908025776,40.0,78.10974419058778,7850.0,153.29037297402851,0.231,9.041202890060536,80.13430330162284,1.0,False
worldcover,2021,LK1127030,10.0,73.75,6.93,0.09396610169491525,65.0,88.13559322033899,8380.0,113.62711864406779,0.10661538461538461,3.4440677966101694,67.51687921980495,1.0,False
worldcover,2021,LK1127035,10.0,64.84,19.29,0.29750154225786546,41.0,63.23257248611968,9880.0,152.37507711289328,0.47048780487804875,13.633559531153608,87.63925729442971,1.0,False
worldcover,2021,LK1127040,10.0,102.92,27.39,0.2661290322580645,80.0,77.7302759424796,19130.0,185.87252234745432,0.342375,6.539059463661096,82.80290340591849,1.0,False
worldcover,2021,LK1127045,10.0,65.53,5.49,0.08377842209674959,59.0,90.03509842820083,7290.0,111.24675721043796,0.09305084745762711,2.0296047611780863,67.64985727878211,1.0,False
worldcover,2021,LK1127050,10.0,105.2,52.97,0.5035171102661596,43.0,40.874524714828894,13410.0,127.47148288973384,1.231860465116279,44.93346007604563,93.2905819295559,1.0,False
worldcover,2021,LK1127055,10.0,85.75,30.75,0.358600583090379,63.0,73.46938775510205,15190.0,177.14285714285714,0.48809523809523814,15.97667638483965,86.88524590163935,1.0,False
worldcover,2021,LK1127060,10.0,186.6,61.52,0.3296891747052519,132.0,70.7395498392283,40590.0,217.524115755627,0.4660606060606061,14.603429796355842,83.96311846546472,1.0,False
worldcover,2021,LK1127065,10.0,102.69,4.98,0.04849547180835525,66.0,64.2711072158925,7360.0,71.672022592268,0.07545454545454545,1.0517090271691498,63.30178759200841,0.9589130637781306,False
worldcover,2021,LK1127070,10.0,116.55,21.54,0.1848133848133848,108.0,92.66409266409266,16740.0,143.62934362934362,0.19944444444444442,6.563706563706564,80.54567022538552,0.9718168931876928,False
worldcover,2021,LK1127075,10.0,182.51,33.57,0.18393512684236482,154.0,84.37893814037588,29180.0,159.88165032053038,0.217987012987013,3.380636677442332,78.62988784480146,1.0,False
worldcover,2021,LK1127080,10.0,136.36,23.1,0.16940451745379875,155.0,113.66969785860955,24850.0,182.23819301848047,0.14903225806451612,3.402757406864182,73.22573513154985,1.0,False
worldcover,2021,LK1127085,10.0,96.11,8.63,0.08979294558318594,65.0,67.63083966288627,8480.0,88.23223389865778,0.13276923076923078,2.15378212464884,74.9250149970006,0.9868569668343773,False
worldcover,2021,LK1127090,10.0,63.160000000000004,5.62,0.0889803673210893,49.0,77.58074730842304,6470.0,102.43825205826472,0.11469387755102041,1.8207726409119698,69.05204460966543,0.9299175500588928,False
worldcover,2021,LK1127095,10.0,63.75,2.7800000000000002,0.04360784313725491,33.0,51.76470588235294,3660.0,57.411764705882355,0.08424242424242424,2.2745098039215685,68.96551724137932,1.0,False
worldcover,2021,LK1127100,10.0,87.45,11.22,0.12830188679245283,76.0,86.90680388793596,12210.0,139.62264150943395,0.14763157894736842,2.3327615780445967,74.32246210381258,1.0,False
worldcover,2021,LK1130005,10.0,34.78,3.7800000000000002,0.10868315123634273,36.0,103.50776308223116,4130.0,118.74640598044853,0.105,2.127659574468085,68.47977684797769,1.0,False
worldcover,2021,LK1130010,10.0,55.230000000000004,4.55,0.082382762991128,71.0,128.55332246967228,7310.0,132.35560383849355,0.06408450704225352,0.8690928843020097,60.09227220299885,1.0,False
worldcover,2021,LK1130015,10.0,78.63,10.82,0.13760651150960193,66.0,83.93742846241894,10750.0,136.71626605621265,0.16393939393939394,3.0268345415235918,76.69208770257389,1.0,False
worldcover,2021,LK1130020,10.0,86.12,16.44,0.19089642359498374,89.0,103.34417092429167,14150.0,164.30562006502555,0.18471910112359552,6.955411054342777,79.44479101684342,1.0,False
worldcover,2021,LK1130025,10.0,50.36,8.49,0.16858617950754567,40.0,79.42811755361399,7230.0,143.56632247815728,0.21225000000000002,7.644956314535346,80.71995118974985,1.0,False
worldcover,2021,LK1130030,10.0,41.92,1.78,0.042461832061068704,27.0,64.40839694656488,2930.0,69.89503816793894,0.06592592592592593,0.6917938931297709,61.702127659574465,1.0,False
worldcover,2021,LK1130035,10.0,45.56,4.1,0.0899912203687445,45.0,98.77085162423178,5770.0,126.64618086040386,0.09111111111111111,2.1071115013169446,65.72528883183568,1.0,False
worldcover,2021,LK1130040,10.0,44.4,2.81,0.0632882882882883,38.0,85.58558558558559,4130.0,93.01801801801803,0.07394736842105264,1.6666666666666667,60.22727272727273,0.891745330387628,True
worldcover,2021,LK1130045,10.0,46.94,5.84,0.1244141457179378,45.0,95.86706433745208,6110.0,130.16616957818493,0.12977777777777777,2.8973157221985515,76.22877569258266,1.0,False
worldcover,2021,LK1130050,10.0,49.67,15.67,0.3154821824038655,33.0,66.43849406080129,7440.0,149.78860479162472,0.47484848484848485,18.924904368834305,89.1290111329404,1.0,False
worldcover,2021,LK1130055,10.0,79.31,8.42,0.10616567898121296,80.0,100.87000378262513,11240.0,141.72235531458833,0.10525000000000001,1.7021813138317992,65.96923076923076,1.0,False
worldcover,2021,LK1130060,10.0,36.86,4.9,0.13293543136190994,35.0,94.95387954422138,5560.0,150.84102007596312,0.14,2.7943570265870865,73.79679144385027,1.0,False
worldcover,2021,LK1130065,10.0,36.38,1.6500000000000001,0.045354590434304565,30.0,82.46289169873556,2930.0,80.5387575590984,0.055,0.9895547003848267,57.23684210526316,1.0,False
worldcover,2021,LK1130070,10.0,39.27,2.61,0.06646294881588999,23.0,58.568882098293855,3580.0,91.16373822256175,0.11347826086956522,1.1713776419658772,69.93865030674847,1.0,False
worldcover,2021,LK1130075,10.0,112.79,26.6,0.23583651032892988,85.0,75.36129089458285,18860.0,167.21340544374502,0.3129411764705882,13.325649437006826,83.30138036809817,1.0,False
worldcover,2021,LK1131005,10.0,101.29,15.07,0.1487807286010465,112.0,110.573600552868,15450.0,152.53233290551879,0.13455357142857144,5.183137525915687,75.37465940054496,0.8979609929078014,True
worldcover,2021,LK1131010,10.0,51.35,4.97,0.09678675754625121,41.0,79.8442064264849,5650.0,110.02921129503407,0.12121951219512195,1.7916260954235637,73.55110642781875,1.0,False
worldcover,2021,LK1131015,10.0,38.59,3.62,0.09380668566986265,42.0,108.83648613630473,4870.0,126.19849701995335,0.08619047619047619,1.3734128012438453,67.73722627737226,1.0,False
worldcover,2021,LK1131020,10.0,53.33,7.76,0.1455090943183949,59.0,110.63191449465592,8730.0,163.69773110819426,0.13152542372881357,3.9939996249765612,73.1283422459893,1.0,False
worldcover,2021,LK1131025,10.0,112.49000000000001,25.42,0.22597564227931372,102.0,90.6747266423682,22940.0,203.9292381545026,0.24921568627450982,4.453729220375144,78.42665061208108,1.0,False
worldcover,2021,LK1131030,10.0,133.01,60.01,0.4511690850312007,74.0,55.634914668070074,18840.0,141.64348545222165,0.8109459459459459,37.52349447409969,91.98953321515995,1.0,False
worldcover,2021,LK1131035,10.0,170.89000000000001,61.11,0.3575984551465855,118.0,69.0502662531453,26560.0,155.4216162443677,0.5178813559322034,15.711861431330094,89.2167426440116,1.0,False
worldcover,2021,LK1131040,10.0,61.97,8.93,0.14410198483137002,84.0,135.54945941584637,12260.0,197.83766338550913,0.10630952380952381,2.0332418912376955,66.85979142526072,1.0,False
worldcover,2021,LK1131045,10.0,60.36,9.64,0.1597084161696488,73.0,120.94102054340622,10950.0,181.41153081510936,0.13205479452054794,4.953611663353214,72.97587131367293,0.9181624581685427,False
worldcover,2021,LK1131050,10.0,66.63,9.13,0.13702536395017262,69.0,103.5569563259793,11010.0,165.24088248536697,0.13231884057971013,1.395767672219721,71.04815864022663,0.9526737203317129,False
worldcover,2021,LK1131055,10.0,38.03,9.84,0.25874309755456215,43.0,113.06863002892453,8480.0,222.9818564291349,0.2288372093023256,3.8916644754141467,79.89501312335958,0.9439066765946885,False
worldcover,2021,LK1131060,10.0,103.7,44.71,0.4311475409836066,38.0,36.64416586306654,18760.0,180.90646094503376,1.1765789473684212,20.59787849566056,90.51998183469573,1.0,False
worldcover,2021,LK1131065,10.0,270.38,106.27,0.3930394259930468,130.0,48.08047932539389,45540.0,168.42961757526444,0.8174615384615385,14.494415267401434,89.4379246448425,1.0,False
worldcover,2021,LK1133005,10.0,29.3,5.48,0.1870307167235495,44.0,150.17064846416383,6200.0,211.60409556313994,0.12454545454545456,5.597269624573379,72.16396568160152,0.8658392434988179,True
worldcover,2021,LK1133010,10.0,41.88,5.61,0.1339541547277937,58.0,138.4909264565425,7990.0,190.78319006685768,0.09672413793103449,1.9818529130850047,64.71135940409684,1.0,False
worldcover,2021,LK1133015,10.0,10.94,1.97,0.180073126142596,19.0,173.6745886654479,2590.0,236.745886654479,0.1036842105263158,4.296160877513711,64.10958904109589,1.0,False
worldcover,2021,LK1133020,10.0,12.72,3.97,0.3121069182389937,12.0,94.33962264150944,2870.0,225.62893081761004,0.33083333333333337,12.657232704402515,84.35013262599469,1.0,False
worldcover,2021,LK1133025,10.0,34.7,8.53,0.24582132564841494,40.0,115.27377521613832,8830.0,254.46685878962535,0.21325,6.1671469740634,73.22404371584699,1.0,False
worldcover,2021,LK1133030,10.0,84.77,17.72,0.2090362156423263,42.0,49.5458298926507,12590.0,148.51952341630295,0.4219047619047619,13.60150996814911,82.62503613761203,1.0,False
worldcover,2021,LK1133035,10.0,101.97,17.6,0.1725997842502697,64.0,62.763557909188975,16020.0,157.10503089143867,0.275,6.207708149455723,77.27008149010477,1.0,False
worldcover,2021,LK1133040,10.0,43.63,5.8,0.13293605317442125,39.0,89.3880357552143,5680.0,130.18565207426082,0.14871794871794872,6.371762548705019,78.12781278127812,1.0,False
worldcover,2021,LK1133045,10.0,62.410000000000004,8.05,0.12898573946482936,87.0,139.40073706136837,11000.0,176.25380547989104,0.0925287356321839,1.201730491908348,67.80424983902125,1.0,False
worldcover,2021,LK1133050,10.0,24.11,5.13,0.21277478224802987,27.0,111.98672749896309,5520.0,228.95064288676897,0.19,4.852758191621734,74.38775510204081,1.0,False
worldcover,2021,LK1133055,10.0,9.450000000000001,2.06,0.21798941798941798,8.0,84.65608465608464,1940.0,205.29100529100526,0.2575,14.497354497354495,77.2845953002611,0.883177570093458,True
worldcover,2021,LK1133060,10.0,64.33,11.57,0.17985387843929737,65.0,101.0415047411783,10210.0,158.7128866780662,0.17800000000000002,7.539250738380228,79.59910913140311,0.9428403927890957,False
worldcover,2021,LK1133065,10.0,33.25,4.33,0.13022556390977444,42.0,126.3157894736842,5960.0,179.24812030075188,0.1030952380952381,2.1954887218045114,67.23300970873787,0.9440658716638274,False
worldcover,2021,LK1133070,10.0,24.63,6.4,0.25984571660576533,32.0,129.92285830288267,5910.0,239.95127892813642,0.2,4.669102720259846,78.43775427176567,1.0,False
worldcover,2021,LK1133075,10.0,49.29,11.64,0.23615337796713332,50.0,101.44045445323596,10320.0,209.373097991479,0.2328,6.654493812132278,78.97299690128375,1.0,False
worldcover,2021,LK1133080,10.0,60.730000000000004,10.83,0.1783303145068335,85.0,139.9637740820023,13000.0,214.06224271365056,0.12741176470588234,4.083648937921949,70.9047619047619,1.0,False
worldcover,2021,LK1133085,10.0,31.080000000000002,8.9,0.28635778635778636,41.0,131.91763191763192,8740.0,281.20978120978117,0.21707317073170732,7.947232947232948,75.17441860465117,1.0,False
worldcover,2021,LK1133090,10.0,163.75,77.06,0.4705954198473283,76.0,46.412213740458014,34620.0,211.4198473282443,1.0139473684210527,41.89923664122137,88.98004725649777,1.0,False
worldcover,2021,LK1133095,10.0,62.800000000000004,17.54,0.27929936305732483,63.0,100.31847133757961,15570.0,247.92993630573247,0.27841269841269844,6.7515923566878975,78.06658878504673,1.0,False
worldcover,2021,LK1133100,10.0,29.14,6.13,0.21036376115305422,35.0,120.10981468771448,5510.0,189.08716540837338,0.17514285714285716,5.422100205902539,78.74149659863946,1.0,False
worldcover,2021,LK1133105,10.0,31.220000000000002,7.43,0.23798846893017295,31.0,99.29532351057014,6440.0,206.2780269058296,0.23967741935483872,4.356181934657271,77.91754018169112,1.0,False
worldcover,2021,LK1133110,10.0,55.88,12.700000000000001,0.2272727272727273,52.0,93.05654974946313,11880.0,212.59842519685037,0.24423076923076925,4.49176807444524,77.51215559157212,1.0,False
worldcover,2021,LK1133115,10.0,61.49,9.91,0.16116441697837047,58.0,94.324280370792,10690.0,173.84940640754593,0.17086206896551723,4.2283298097251585,74.048983845753,0.9885852090032154,False
worldcover,2021,LK1133120,10.0,16.09,1.27,0.07893101305158484,19.0,118.08576755748912,1990.0,123.67930391547546,0.0668421052631579,4.785581106277191,65.36796536796537,0.8540339702760085,True
worldcover,2021,LK1133125,10.0,47.92,5.16,0.10767946577629382,42.0,87.64607679465776,6070.0,126.669449081803,0.12285714285714287,2.3789649415692824,72.41379310344827,0.9634097305991154,False
worldcover,2021,LK1133130,10.0,38.13,9.17,0.24049305009179123,28.0,73.43299239444006,7030.0,184.36926304746916,0.3275,13.427747180697612,82.23350253807106,0.8406084656084656,True
worldcover,2021,LK1133135,10.0,35.660000000000004,4.45,0.12478968031407739,43.0,120.58328659562534,5600.0,157.03869882220974,0.10348837209302326,3.3090297251822767,70.95631641086186,1.0,False
worldcover,2021,LK1133140,10.0,31.36,4.78,0.1524234693877551,22.0,70.1530612244898,4600.0,146.68367346938777,0.21727272727272728,6.887755102040816,78.7280701754386,0.9803063457330415,False
worldcover,2021,LK1133145,10.0,46.160000000000004,15.71,0.34033795493934144,35.0,75.82322357019063,10260.0,222.27036395147312,0.44885714285714284,24.91334488734835,84.16067929457871,1.0,False
worldcover,2021,LK1133150,10.0,31.88,4.55,0.14272271016311167,31.0,97.2396486825596,5540.0,173.7766624843162,0.1467741935483871,3.7013801756587204,72.08765859284891,1.0,False
worldcover,2021,LK1133155,10.0,99.07000000000001,14.56,0.14696679115776723,19.0,19.178358736247098,8370.0,84.485717169678,0.7663157894736843,13.556071464620974,86.63139329805996,0.9634347952932024,False
worldcover,2021,LK1133160,10.0,44.61,3.99,0.0894418291862811,45.0,100.87424344317418,5180.0,116.11746245236495,0.08866666666666667,3.0710603003810806,69.78891820580475,0.9662118258609487,False
worldcover,2021,LK1133165,10.0,7.57,0.1,0.013210039630118891,5.0,66.05019815059445,310.0,40.95112285336856,0.02,0.6605019815059445,30.76923076923077,0.8751445086705202,True
worldcover,2021,LK1133170,10.0,38.58,2.34,0.060653188180404355,39.0,101.0886469673406,3710.0,96.16381544841887,0.06,0.8812856402280975,63.61556064073226,0.9024561403508772,False
worldcover,2021,LK1133175,10.0,38.44,7.0200000000000005,0.1826222684703434,32.0,83.24661810613944,7250.0,188.60561914672218,0.21937500000000001,4.526534859521332,76.3878608438194,0.9709522606718869,False
worldcover,2021,LK1133180,10.0,27.150000000000002,2.24,0.08250460405156537,30.0,110.49723756906076,3520.0,129.6500920810313,0.07466666666666667,2.283609576427256,62.91866028708134,1.0,False
worldcover,2021,LK1133185,10.0,31.69,3.34,0.10539602398232881,37.0,116.75607447144209,4850.0,153.04512464499842,0.09027027027027026,4.480908804039129,66.08557844690966,0.9384068700029612,False
worldcover,2021,LK1133190,10.0,39.22,6.5,0.16573176950535443,43.0,109.63793982661907,7840.0,199.89801121876593,0.15116279069767444,5.787863335033147,71.81745396317054,0.943468847726726,False
worldcover,2021,LK1133195,10.0,45.800000000000004,9.18,0.20043668122270739,55.0,120.08733624454148,9840.0,214.84716157205239,0.16690909090909092,5.109170305676855,74.92957746478874,0.9569577935645633,False
worldcover,2021,LK1133200,10.0,49.96,8.57,0.17153722978382707,53.0,106.08486789431545,9560.0,191.35308246597276,0.16169811320754718,8.406725380304243,73.65558912386707,0.9534351145038168,False
worldcover,2021,LK1133205,10.0,36.160000000000004,6.3100000000000005,0.17450221238938052,42.0,116.1504424778761,7760.0,214.6017699115044,0.15023809523809525,4.839601769911504,70.93311312964492,0.9055847733533684,False
worldcover,2021,LK1133210,10.0,38.230000000000004,6.38,0.16688464556630916,30.0,78.47240387130525,7310.0,191.2110907664138,0.21266666666666667,4.18519487313628,72.81632653061224,0.8009637544521265,True
worldcover,2021,LK1136005,10.0,68.2,18.52,0.2715542521994135,68.0,99.70674486803519,16180.0,237.24340175953077,0.2723529411764706,4.428152492668621,78.84987558750346,1.0,False
worldcover,2021,LK1136010,10.0,28.64,5.66,0.19762569832402235,22.0,76.81564245810056,5290.0,184.70670391061452,0.25727272727272726,9.35754189944134,77.85977859778598,1.0,False
worldcover,2021,LK1136015,10.0,28.29,6.140000000000001,0.2170378225521386,30.0,106.04453870625663,6380.0,225.5213856486391,0.20466666666666666,5.691056910569106,75.72156196943973,1.0,False
worldcover,2021,LK1136020,10.0,43.87,13.69,0.3120583542284021,38.0,86.6195577843629,11430.0,260.54251196717576,0.36026315789473684,12.103943469341235,79.31681681681681,1.0,False
worldcover,2021,LK1136025,10.0,53.910000000000004,21.990000000000002,0.4079020589872009,50.0,92.74717121127804,10240.0,189.94620664069745,0.43979999999999997,26.488592097941012,87.73234200743494,1.0,False
worldcover,2021,LK1136030,10.0,70.38,30.64,0.4353509519749929,45.0,63.93861892583121,8390.0,119.2100028417164,0.6808888888888889,37.055981813015066,92.87020109689215,1.0,False
worldcover,2021,LK1136035,10.0,53.64,18.41,0.34321401938851603,25.0,46.60700969425802,11080.0,206.56226696495153,0.7364,20.544369873228934,85.59510567296996,1.0,False
worldcover,2021,LK1136040,10.0,66.33,22.330000000000002,0.33665008291873966,55.0,82.91873963515755,16040.0,241.82119704507764,0.406,13.930348258706468,81.90345458705102,1.0,False
worldcover,2021,LK1136045,10.0,32.19,13.77,0.4277726001863933,31.0,96.30319975147562,8560.0,265.92109350730044,0.4441935483870968,24.51071761416589,83.09070548712207,1.0,False
worldcover,2021,LK1136050,10.0,77.17,18.5,0.23973046520668653,68.0,88.11714396786316,17570.0,227.67914992872878,0.2720588235294118,5.973824024880136,76.8613340714088,1.0,False
worldcover,2021,LK1136055,10.0,73.34,37.050000000000004,0.5051813471502591,32.0,43.6323970548132,12250.0,167.03026997545678,1.1578125000000001,42.282519770929916,91.46542261251372,1.0,False
worldcover,2021,LK1136060,10.0,67.0,41.31,0.6165671641791045,19.0,28.35820895522388,12330.0,184.02985074626866,2.1742105263157896,45.6865671641791,91.72507069961884,1.0,False
worldcover,2021,LK1136065,10.0,86.59,41.19,0.47569003349116523,60.0,69.2920660584363,21750.0,251.1837394618316,0.6865000000000001,15.579166185471763,86.34850166481687,1.0,False
worldcover,2021,LK1136070,10.0,53.03,27.310000000000002,0.5149915142372242,37.0,69.77182726758438,13380.0,252.31001320007542,0.7381081081081081,39.80765604374882,86.97031920851222,1.0,False
worldcover,2021,LK1136075,10.0,75.85000000000001,40.300000000000004,0.5313117996044825,42.0,55.37244561634805,17970.0,236.914963744232,0.9595238095238096,43.230059327620296,88.22639606706164,1.0,False
worldcover,2021,LK1136080,10.0,23.900000000000002,10.65,0.4456066945606694,24.0,100.418410041841,8140.0,340.5857740585774,0.44375000000000003,25.439330543933053,82.65503875968992,1.0,False
worldcover,2021,LK1136085,10.0,151.09,94.21000000000001,0.6235356410086703,57.0,37.72585875967966,37410.0,247.6007677543186,1.6528070175438598,55.29816665563571,89.8214189950126,1.0,False
worldcover,2021,LK1136090,10.0,44.39,23.34,0.5257940977697679,28.0,63.077269655327775,9730.0,219.19351205226403,0.8335714285714286,36.494706014868214,89.21461387005031,1.0,False
worldcover,2021,LK1136095,10.0,72.61,44.63,0.614653628976725,29.0,39.93940228618648,16720.0,230.27131249139237,1.5389655172413794,53.587660101914345,89.83166515013649,1.0,False
worldcover,2021,LK1136100,10.0,117.93,57.7,0.4892732977189858,74.0,62.74908844229628,29610.0,251.08114983464765,0.7797297297297296,33.053506317306876,86.39796276782579,1.0,False
worldcover,2021,LK1136105,10.0,109.03,70.67,0.6481702283775108,23.0,21.095111437219114,25140.0,230.57873979638632,3.072608695652174,60.69889021370266,90.5048335123523,1.0,False
worldcover,2021,LK1136110,10.0,69.7,45.32,0.6502152080344332,15.0,21.52080344332855,15660.0,224.67718794835005,3.021333333333333,63.80200860832137,90.86123866054429,1.0,False
worldcover,2021,LK1136115,10.0,116.12,65.08,0.5604547020323802,35.0,30.141233207027213,30720.0,264.553909748536,1.8594285714285714,40.92318291422666,87.72366578496965,1.0,False
worldcover,2021,LK1136120,10.0,68.38,42.11,0.6158233401579409,22.0,32.17315004387248,16930.0,247.58701374670957,1.914090909090909,58.97923369406259,88.78437047756874,1.0,False
worldcover,2021,LK1136125,10.0,34.57,18.01,0.5209719409892971,24.0,69.42435637836275,10380.0,300.26034133641883,0.7504166666666667,19.583453861729822,83.65083878305374,1.0,False
worldcover,2021,LK1136130,10.0,96.48,62.14,0.6440713101160862,40.0,41.45936981757877,22040.0,228.44112769485903,1.5534999999999999,34.91915422885572,90.05704971475143,1.0,False
worldcover,2021,LK1136135,10.0,120.45,70.06,0.5816521378165214,36.0,29.8879202988792,28700.0,238.2731423827314,1.9461111111111111,20.49813200498132,89.46113839930656,1.0,False
worldcover,2021,LK1136140,10.0,144.54,88.4,0.6115954061159541,41.0,28.365850283658503,36220.0,250.58807250588075,2.15609756097561,56.31659056316592,89.27448402035333,1.0,False
worldcover,2021,LK1136145,10.0,66.42,40.64,0.611863896416742,26.0,39.14483589280337,18000.0,271.00271002710025,1.5630769230769233,55.6007226738934,88.025,1.0,False
worldcover,2021,LK1136150,10.0,54.25,34.980000000000004,0.6447926267281107,24.0,44.23963133640553,13460.0,248.110599078341,1.4575,62.4331797235023,89.98109640831758,1.0,False
worldcover,2021,LK1136155,10.0,59.870000000000005,26.28,0.43895106063136796,51.0,85.1845665608819,14130.0,236.0113579422081,0.5152941176470589,14.214130616335392,86.00815059188822,1.0,False
worldcover,2021,LK1136160,10.0,84.53,52.52,0.6213178753105406,29.0,34.30734650419969,18140.0,214.59836744351117,1.8110344827586207,52.84514373595173,91.80422820735592,1.0,False
worldcover,2021,LK1136165,10.0,173.31,119.0,0.6866308926201604,39.0,22.50302925393803,37560.0,216.72148173792627,3.0512820512820515,66.28007616409901,91.82392604215258,1.0,False
worldcover,2021,LK1136170,10.0,107.44,71.07000000000001,0.6614854802680566,25.0,23.26880119136262,22940.0,213.5145197319434,2.8428,55.43559195830231,91.9188323246707,1.0,False
worldcover,2021,LK1136175,10.0,47.79,29.79,0.623352165725047,21.0,43.94224733207784,11370.0,237.9158819836786,1.4185714285714286,27.160493827160494,88.91928864569084,1.0,False
worldcover,2021,LK1136180,10.0,61.980000000000004,35.63,0.5748628589867699,26.0,41.94901581155211,16310.0,263.1494030332365,1.3703846153846155,54.01742497579865,89.19497573508421,1.0,False
worldcover,2021,LK1136185,10.0,124.62,81.15,0.6511795859412615,37.0,29.690258385491894,28150.0,225.88669555448564,2.193243243243243,53.29000160487883,91.60695370428064,1.0,False
worldcover,2021,LK1136190,10.0,55.42,36.03,0.6501263081919885,17.0,30.67484662576687,15210.0,274.4496571634789,2.1194117647058826,59.94225911223385,89.13196894848271,1.0,False
worldcover,2021,LK1136195,10.0,42.02,27.78,0.661113755354593,18.0,42.83674440742503,11110.0,264.39790575916226,1.5433333333333334,58.47215611613517,88.97247706422019,1.0,False
worldcover,2021,LK1136200,10.0,86.2,65.11,0.7553364269141531,12.0,13.921113689095128,18470.0,214.2691415313225,5.425833333333334,75.01160092807424,92.6049766718507,1.0,False
worldcover,2021,LK1136205,10.0,65.98,43.39,0.6576235222794786,20.0,30.312215822976658,16800.0,254.62261291300393,2.1694999999999998,60.04849954531675,90.34636087058273,1.0,False
worldcover,2021,LK1136210,10.0,37.2,18.72,0.5032258064516129,20.0,53.76344086021505,10260.0,275.80645161290323,0.9359999999999999,43.09139784946236,86.51900464861909,1.0,False
worldcover,2021,LK1136215,10.0,10.82,1.36,0.1256931608133087,13.0,120.14787430683919,1380.0,127.54158964879852,0.10461538461538462,5.914972273567468,72.58064516129032,1.0,False
worldcover,2021,LK1136220,10.0,63.230000000000004,30.93,0.48916653487268696,28.0,44.2827771627392,16850.0,266.48742685434127,1.104642857142857,41.515103590068,87.37240698057293,1.0,False
worldcover,2021,LK1136225,10.0,39.11,22.56,0.5768345691638966,13.0,33.23958066990539,9910.0,253.38788033750959,1.7353846153846155,50.24290462797239,89.06497622820919,1.0,False
worldcover,2021,LK1136230,10.0,81.06,47.56,0.5867258820626696,29.0,35.77596841845546,18980.0,234.14754502837403,1.6400000000000001,55.56377991611152,89.80157883507574,1.0,False
worldcover,2021,LK1136235,10.0,50.15,25.95,0.5174476570289133,29.0,57.82652043868395,13880.0,276.76969092721833,0.8948275862068965,45.88235294117647,86.73349056603773,1.0,False
worldcover,2021,LK1136240,10.0,27.38,13.82,0.5047479912344778,22.0,80.35062089116144,7080.0,258.5829072315559,0.6281818181818182,41.70927684441198,87.6534027519524,1.0,False
worldcover,2021,LK1136245,10.0,78.3,56.15,0.7171136653895275,22.0,28.097062579821202,18310.0,233.84418901660283,2.5522727272727272,70.06385696040869,90.90252707581227,1.0,False
worldcover,2021,LK1136250,10.0,120.73,92.04,0.7623622960324692,27.0,22.363952621552222,22980.0,190.3420856456556,3.4088888888888893,73.00588089124493,93.11045234958279,1.0,False
worldcover,2021,LK1136255,10.0,94.82000000000001,57.21,0.6033537228432819,44.0,46.403712296983755,25190.0,265.661252900232,1.3002272727272728,28.591014553891583,88.7245349867139,1.0,False
worldcover,2021,LK1136260,10.0,72.94,44.31,0.607485604606526,35.0,47.98464491362764,17790.0,243.8990951466959,1.266,31.217438990951468,89.6769019248396,1.0,False
worldcover,2021,LK1136265,10.0,80.32000000000001,49.93,0.6216384462151394,19.0,23.655378486055774,16140.0,200.94621513944222,2.627894736842105,45.866533864541836,92.2389272653393,1.0,False
worldcover,2021,LK1136270,10.0,90.54,51.94,0.5736690965319196,31.0,34.239010382151534,21830.0,241.10890214269935,1.6754838709677422,51.25911199469847,89.45621399980475,1.0,False
worldcover,2021,LK1136275,10.0,119.25,71.77,0.6018448637316561,21.0,17.61006289308176,30310.0,254.17190775681343,3.4176190476190476,40.9979035639413,89.2272983643542,1.0,False
worldcover,2021,LK1136280,10.0,112.05,77.31,0.6899598393574298,26.0,23.20392681838465,27700.0,247.21106648817494,2.973461538461539,39.750111557340475,90.52727986392777,1.0,False
worldcover,2021,LK1136285,10.0,159.35,103.37,0.6486978349545027,51.0,32.005020395356134,38740.0,243.11264512080328,2.026862745098039,58.173831189206155,90.08793356130923,1.0,False
worldcover,2021,LK1136290,10.0,117.21000000000001,64.66,0.5516594147257059,59.0,50.337001962289904,32030.0,273.2701987884993,1.0959322033898304,28.214316184625883,86.76689374363794,1.0,False
worldcover,2021,LK1136295,10.0,166.78,134.63,0.8072310828636526,11.0,6.595515049766159,24010.0,143.96210576807772,12.23909090909091,65.84722388775633,94.8900460794965,1.0,False
worldcover,2021,LK1136300,10.0,32.61,22.04,0.675866298681386,7.0,21.465808034345294,8920.0,273.5357252376572,3.1485714285714286,64.48942042318308,89.221140472879,1.0,False
worldcover,2021,LK1136305,10.0,120.74000000000001,42.910000000000004,0.35539175086963726,32.0,26.50323008116614,14480.0,119.92711611727678,1.3409375000000001,31.066755010766936,89.83431952662721,1.0,False
worldcover,2021,LK1136310,10.0,275.91,154.94,0.5615599289623427,9.0,3.2619332390997062,31410.0,113.84147004457975,17.215555555555557,56.007393715341955,95.29587820033183,0.9668161749246619,False
worldcover,2021,LK1136315,10.0,107.58,72.66,0.675404350250976,25.0,23.23852017103551,28000.0,260.2714259155977,2.9064,66.48075850529838,89.83357704895202,1.0,False
worldcover,2021,LK1136320,10.0,28.93,20.42,0.70584168683028,12.0,41.47943311441411,8960.0,309.7131005876253,1.7016666666666667,38.74870376771518,87.45304282494365,1.0,False
worldcover,2021,LK1136325,10.0,236.57,170.79,0.7219427653548632,28.0,11.835820264615124,41920.0,177.19913767595216,6.0996428571428565,68.38990573614575,93.21453858862402,1.0,False
worldcover,2021,LK1136330,10.0,63.45,44.49,0.7011820330969267,18.0,28.368794326241133,12530.0,197.478329393223,2.4716666666666667,60.70921985815603,92.59470561387494,1.0,False
worldcover,2021,LK1136335,10.0,64.51,57.230000000000004,0.8871492791815222,9.0,13.951325375910711,6360.0,98.58936598976902,6.358888888888889,87.78483955975817,96.44944218168939,1.0,False
worldcover,2021,LK1136340,10.0,59.42,47.59,0.8009087849209021,12.0,20.19522046449007,9540.0,160.55200269269605,3.9658333333333333,78.71087176035005,94.54157782515992,1.0,False
worldcover,2021,LK1136345,10.0,38.300000000000004,31.400000000000002,0.8198433420365535,4.0,10.443864229765012,6830.0,178.32898172323758,7.8500000000000005,52.454308093994776,93.78952489054646,1.0,False
worldcover,2021,LK1136350,10.0,160.41,128.41,0.8005111900754317,15.0,9.35103796521414,22040.0,137.39791783554642,8.560666666666668,74.61504893709869,95.36436849341976,0.9735388723675427,False
worldcover,2021,LK1136355,10.0,60.120000000000005,43.980000000000004,0.7315369261477046,12.0,19.96007984031936,12710.0,211.41051230871588,3.665,72.35528942115768,92.08126515064066,1.0,False
worldcover,2021,LK1136360,10.0,49.44,43.03,0.8703478964401296,6.0,12.135922330097088,6340.0,128.23624595469255,7.171666666666667,86.16504854368932,95.42128864762803,1.0,False
worldcover,2021,LK1136365,10.0,204.96,144.89000000000001,0.7069184231069477,10.0,4.8790007806401245,19600.0,95.62841530054645,14.489,55.69379391100702,96.22437971952534,0.9364462923196418,False
