zone_id,name,year,mean,pixel_count
LK1103005,Sammanthranapura,2014,40.548122782184294,33
LK1103005,Sammanthranapura,2015,41.88724272438186,33
LK1103005,Sammanthranapura,2016,40.5386021576457,33
LK1103005,Sammanthranapura,2017,40.733893788424105,33
LK1103010,Mattakkuliya,2014,40.814404480486644,267
LK1103010,Mattakkuliya,2015,41.42474154530584,267
LK1103010,Mattakkuliya,2016,40.135240859656015,267
LK1103010,Mattakkuliya,2017,39.819915680881124,267
LK1103015,Modara,2014,41.91549239117114,113
LK1103015,Modara,2015,43.13300702573158,113
LK1103015,Modara,2016,41.275614007975406,113
LK1103015,Modara,2017,40.49345366896519,113
LK1103020,Madampitiya,2014,41.9279881696178,42
LK1103020,Madampitiya,2015,43.28967646548624,42
LK1103020,Madampitiya,2016,41.41041085403555,42
LK1103020,Madampitiya,2017,39.639891814026235,42
LK1103025,Mahawatta,2014,41.353757900170535,75
LK1103025,Mahawatta,2015,43.24210629890865,75
LK1103025,Mahawatta,2016,42.294270806373646,75
LK1103025,Mahawatta,2017,41.137894844266974,75
LK1103030,Aluthmawatha,2014,41.295063124019464,93
LK1103030,Aluthmawatha,2015,42.439117935935194,93
LK1103030,Aluthmawatha,2016,41.05330575558646,93
LK1103030,Aluthmawatha,2017,40.3535229331119,93
LK1103035,Lunupokuna,2014,41.61242447368632,190
LK1103035,Lunupokuna,2015,42.969754696499045,190
LK1103035,Lunupokuna,2016,41.61910068172722,190
LK1103035,Lunupokuna,2017,39.97740106014994,190
LK1103040,Bloemendhal,2014,42.90100484047889,132
LK1103040,Bloemendhal,2015,44.56401150649188,132
LK1103040,Bloemendhal,2016,43.20801991480788,132
LK1103040,Bloemendhal,2017,41.19428689372924,132
LK1103045,Kotahena East,2014,42.2731225796675,53
LK1103045,Kotahena East,2015,43.77217149379757,53
LK1103045,Kotahena East,2016,43.050506331350164,53
LK1103045,Kotahena East,2017,40.62943363532991,53
LK1103050,Kotahena West,2014,42.57491925376337,44
LK1103050,Kotahena West,2015,44.09876826235727,44
LK1103050,Kotahena West,2016,42.33754182236601,44
LK1103050,Kotahena West,2017,39.55338391526977,44
LK1103055,Kochchikade North,2014,42.966036355787246,34
LK1103055,Kochchikade North,2015,44.333600382662205,34
LK1103055,Kochchikade North,2016,43.50810960785216,34
LK1103055,Kochchikade North,2017,40.15625523198007,34
LK1103060,Jinthupitiya,2014,42.99341112325846,34
LK1103060,Jinthupitiya,2015,43.75080760213355,34
LK1103060,Jinthupitiya,2016,42.70958981700347,34
LK1103060,Jinthupitiya,2017,40.60903590609329,34
LK1103065,Masangasweediya,2014,42.79268218392016,43
LK1103065,Masangasweediya,2015,44.09112494393026,43
LK1103065,Masangasweediya,2016,43.04941308553043,43
LK1103065,Masangasweediya,2017,42.07413430775108,43
LK1103070,New Bazaar,2014,44.75840184946286,72
LK1103070,New Bazaar,2015,45.7551444903158,72
LK1103070,New Bazaar,2016,46.70645398904095,72
LK1103070,New Bazaar,2017,43.09315580095916,72
LK1103075,Grandpass South,2014,43.12942490916217,85
LK1103075,Grandpass South,2015,45.0715043450736,85
LK1103075,Grandpass South,2016,44.67330449407061,85
LK1103075,Grandpass South,2017,41.13271276460089,85
LK1103080,Grandpass North,2014,43.761112363744765,47
LK1103080,Grandpass North,2015,45.8401225445344,47
LK1103080,Grandpass North,2016,45.020121774118884,47
LK1103080,Grandpass North,2017,42.54427551449176,47
LK1103085,Nawagampura,2014,43.31452651707397,26
LK1103085,Nawagampura,2015,45.05107270180329,26
LK1103085,Nawagampura,2016,44.85585815956905,26
LK1103085,Nawagampura,2017,41.7331533589954,26
LK1103090,Maligawatta East,2014,42.267232029802535,81
LK1103090,Maligawatta East,2015,44.2600349362955,81
LK1103090,Maligawatta East,2016,43.96561861814419,81
LK1103090,Maligawatta East,2017,40.12264353109556,81
LK1103095,Khettarama,2014,41.81457694240902,52
LK1103095,Khettarama,2015,43.9145475121938,52
LK1103095,Khettarama,2016,44.533389333176295,52
LK1103095,Khettarama,2017,41.55186227467506,52
LK1103100,Aluthkade East,2014,42.77695951150335,45
LK1103100,Aluthkade East,2015,44.75114251627886,45
LK1103100,Aluthkade East,2016,44.613740189866256,45
LK1103100,Aluthkade East,2017,41.48232558101331,45
LK1103105,Aluthkade West,2014,42.59273470049145,28
LK1103105,Aluthkade West,2015,44.78290013104928,28
LK1103105,Aluthkade West,2016,42.76039258572234,28
LK1103105,Aluthkade West,2017,40.577995378430145,28
LK1103110,Kochchikade South,2014,43.117197589229384,39
LK1103110,Kochchikade South,2015,44.94042929437286,39
LK1103110,Kochchikade South,2016,42.86519828481389,39
LK1103110,Kochchikade South,2017,41.09064346358121,39
LK1103115,Pettah,2014,42.67772266763002,131
LK1103115,Pettah,2015,43.8847075932127,131
LK1103115,Pettah,2016,43.806943276666495,131
LK1103115,Pettah,2017,40.93976718256499,131
LK1103120,Fort,2014,32.482520745514854,887
LK1103120,Fort,2015,34.727496997918394,887
LK1103120,Fort,2016,34.905176640721855,887
LK1103120,Fort,2017,34.811282604938505,887
LK1103125,Galle Face,2014,38.949232729332785,91
LK1103125,Galle Face,2015,41.09343775689001,91
LK1103125,Galle Face,2016,41.89628105569992,91
LK1103125,Galle Face,2017,38.37003617976836,91
LK1103130,Slave Island,2014,42.172698599088505,22
LK1103130,Slave Island,2015,43.67802221981096,22
LK1103130,Slave Island,2016,44.0540607544104,22
LK1103130,Slave Island,2017,39.43570119425258,22
LK1103135,Hunupitiya,2014,40.235834467940236,102
LK1103135,Hunupitiya,2015,42.44134770538679,102
LK1103135,Hunupitiya,2016,42.45228101999251,102
LK1103135,Hunupitiya,2017,38.279219638701015,102
LK1103140,Suduwella,2014,39.95851163846526,119
LK1103140,Suduwella,2015,41.99642653046629,119
LK1103140,Suduwella,2016,42.19992965777006,119
LK1103140,Suduwella,2017,38.176735412920415,119
LK1103145,Keselwatta,2014,41.67377466898067,46
LK1103145,Keselwatta,2015,44.17788159801513,46
LK1103145,Keselwatta,2016,43.03476093357619,46
LK1103145,Keselwatta,2017,40.352989198729084,46
LK1103150,Panchikawatta,2014,41.641456330225154,37
LK1103150,Panchikawatta,2015,44.03966074718078,37
LK1103150,Panchikawatta,2016,44.95318285834246,37
LK1103150,Panchikawatta,2017,40.475718967364934,37
LK1103155,Maligawatta West,2014,40.54358233281291,46
LK1103155,Maligawatta West,2015,43.236094779819645,46
LK1103155,Maligawatta West,2016,44.52463218436791,46
LK1103155,Maligawatta West,2017,40.599652466648735,46
LK1103160,Maligakanda,2014,41.20471929433103,34
LK1103160,Maligakanda,2015,43.113601603907725,34
LK1103160,Maligakanda,2016,44.67856352200765,34
LK1103160,Maligakanda,2017,39.874084733917314,34
LK1103165,Maradana,2014,42.80788010790283,36
LK1103165,Maradana,2015,44.78970686132067,36
LK1103165,Maradana,2016,45.702148274484756,36
LK1103165,Maradana,2017,40.6070171903567,36
LK1103170,Ibbanwala,2014,40.510598520120034,106
LK1103170,Ibbanwala,2015,43.204775185290785,106
LK1103170,Ibbanwala,2016,43.740273954762834,106
LK1103170,Ibbanwala,2017,38.46150935090014,106
LK1103175,Wekanda,2014,38.5654284754179,51
LK1103175,Wekanda,2015,41.584646143678754,51
LK1103175,Wekanda,2016,42.677810768109566,51
LK1103175,Wekanda,2017,38.14836634606891,51
LK1106005,Wadulla,2014,42.690393666928045,72
LK1106005,Wadulla,2015,43.99118404613592,72
LK1106005,Wadulla,2016,43.30680325081421,72
LK1106005,Wadulla,2017,41.33015500288538,72
LK1106010,Sedawatta,2014,41.43216646302895,84
LK1106010,Sedawatta,2015,41.72155452080161,84
LK1106010,Sedawatta,2016,40.79518414089014,84
LK1106010,Sedawatta,2017,39.20286415092576,84
LK1106015,Halmulla,2014,38.297012343309,59
LK1106015,Halmulla,2015,38.392639490292254,59
LK1106015,Halmulla,2016,37.86115803541441,59
LK1106015,Halmulla,2017,35.9934320652659,59
LK1106020,Kotuvila,2014,40.82787656824433,75
LK1106020,Kotuvila,2015,40.91936829976365,75
LK1106020,Kotuvila,2016,40.11710743496318,75
LK1106020,Kotuvila,2017,38.24613767043028,75
LK1106025,Veheragoda,2014,41.377017616347985,30
LK1106025,Veheragoda,2015,42.008475556834135,30
LK1106025,Veheragoda,2016,41.1276995599812,30
LK1106025,Veheragoda,2017,39.199727155471486,30
LK1106030,Orugodawatta,2014,43.12302226454873,62
LK1106030,Orugodawatta,2015,45.768187041017256,62
LK1106030,Orugodawatta,2016,44.78977303496488,62
LK1106030,Orugodawatta,2017,42.83584401237231,62
LK1106035,Meethotamulla,2014,41.74006047156897,69
LK1106035,Meethotamulla,2015,43.67516714109902,69
LK1106035,Meethotamulla,2016,42.94622185385038,69
LK1106035,Meethotamulla,2017,39.76482394832689,69
LK1106040,Welewatta,2014,38.14995696792602,80
LK1106040,Welewatta,2015,40.008498297119125,80
LK1106040,Welewatta,2016,38.92579492111207,80
LK1106040,Welewatta,2017,36.16746029027305,80
LK1106045,Kittampahuwa,2014,37.80633266561761,87
LK1106045,Kittampahuwa,2015,40.180613360766976,87
LK1106045,Kittampahuwa,2016,40.0718702802799,87
LK1106045,Kittampahuwa,2017,37.89905231191949,87
LK1106050,Wennawatta,2014,37.15130398191255,94
LK1106050,Wennawatta,2015,39.18047647882427,94
LK1106050,Wennawatta,2016,38.42125228054759,94
LK1106050,Wennawatta,2017,38.12543851393742,94
LK1106055,Maha Buthgamuwa B,2014,37.468380946349754,88
LK1106055,Maha Buthgamuwa B,2015,38.54500987555677,88
LK1106055,Maha Buthgamuwa B,2016,38.50027730810735,88
LK1106055,Maha Buthgamuwa B,2017,38.45475450555898,88
LK1106060,Kuda Buthgamuwa,2014,38.48691584540256,82
LK1106060,Kuda Buthgamuwa,2015,40.07518230344076,82
LK1106060,Kuda Buthgamuwa,2016,39.52250540568566,82
LK1106060,Kuda Buthgamuwa,2017,39.7132336524501,82
LK1106065,Kelanimulla,2014,36.65646163573854,194
LK1106065,Kelanimulla,2015,37.60871907831957,194
LK1106065,Kelanimulla,2016,36.78245543427746,194
LK1106065,Kelanimulla,2017,36.83114432729769,194
LK1106070,Ambathale,2014,37.14460929577541,133
LK1106070,Ambathale,2015,38.16642053308928,133
LK1106070,Ambathale,2016,37.37742821230824,133
LK1106070,Ambathale,2017,38.707541650980154,133
LK1106075,Mulleriyawa North,2014,37.288635338273835,154
LK1106075,Mulleriyawa North,2015,38.716735122416786,154
LK1106075,Mulleriyawa North,2016,36.47519445514633,154
LK1106075,Mulleriyawa North,2017,38.56789989432097,154
LK1106080,Belagama,2014,39.79900024019812,61
LK1106080,Belagama,2015,40.24904637081298,61
LK1106080,Belagama,2016,40.23493125911194,61
LK1106080,Belagama,2017,39.639504887040935,61
LK1106085,Kotikawatta East,2014,38.00965735614861,73
LK1106085,Kotikawatta East,2015,39.3321014038655,73
LK1106085,Kotikawatta East,2016,39.399428576218085,73
LK1106085,Kotikawatta East,2017,39.41925692341137,73
LK1106090,Maha Buthgamuwa A,2014,39.28994800371427,57
LK1106090,Maha Buthgamuwa A,2015,40.72761772341804,57
LK1106090,Maha Buthgamuwa A,2016,40.53957070899129,57
LK1106090,Maha Buthgamuwa A,2017,40.154700269385295,57
LK1106095,Maha Buthgamuwa C,2014,40.35228990677164,74
LK1106095,Maha Buthgamuwa C,2015,42.01212277162833,74
LK1106095,Maha Buthgamuwa C,2016,42.12150113084381,74
LK1106095,Maha Buthgamuwa C,2017,40.64716243541228,74
LK1106100,Wellampitiya,2014,39.06546566550936,34
LK1106100,Wellampitiya,2015,41.32095723756602,34
LK1106100,Wellampitiya,2016,40.30245851411333,34
LK1106100,Wellampitiya,2017,37.634692032339764,34
LK1106105,Kuruniyawatta,2014,40.78860661167727,57
LK1106105,Kuruniyawatta,2015,43.727389971114725,57
LK1106105,Kuruniyawatta,2016,42.76725719331115,57
LK1106105,Kuruniyawatta,2017,40.22673791973709,57
LK1106110,Kolonnawa,2014,43.15249572572005,43
LK1106110,Kolonnawa,2015,44.09677182267097,43
LK1106110,Kolonnawa,2016,44.26561991198793,43
LK1106110,Kolonnawa,2017,40.023268925128825,43
LK1106115,Dahampura,2014,42.21634744414986,54
LK1106115,Dahampura,2015,43.887569573128864,54
LK1106115,Dahampura,2016,43.181248654506,54
LK1106115,Dahampura,2017,40.13876159911931,54
LK1106120,Singhapura,2014,40.00663957724614,42
LK1106120,Singhapura,2015,41.847376825338,42
LK1106120,Singhapura,2016,40.88776969782155,42
LK1106120,Singhapura,2017,38.32349748556619,42
LK1106125,Megoda Kolonnawa,2014,40.27703314770005,78
LK1106125,Megoda Kolonnawa,2015,42.191508476325495,78
LK1106125,Megoda Kolonnawa,2016,41.410690857138064,78
LK1106125,Megoda Kolonnawa,2017,39.60559442867319,78
LK1106130,Bopetta,2014,40.9167578849898,44
LK1106130,Bopetta,2015,42.01511887283236,44
LK1106130,Bopetta,2016,42.09678243891281,44
LK1106130,Bopetta,2017,40.10386650839254,44
LK1106135,Batalandahena,2014,40.49183503323402,60
LK1106135,Batalandahena,2015,41.62988238718887,60
LK1106135,Batalandahena,2016,42.5179833207837,60
LK1106135,Batalandahena,2017,40.17198812036412,60
LK1106140,Kotikawatta West,2014,37.88748266134123,46
LK1106140,Kotikawatta West,2015,40.3830566804525,46
LK1106140,Kotikawatta West,2016,40.189303367290286,46
LK1106140,Kotikawatta West,2017,39.071688700851546,46
LK1106145,Mulleriyawa South,2014,37.06702808906054,104
LK1106145,Mulleriyawa South,2015,41.60202921676955,104
LK1106145,Mulleriyawa South,2016,39.03281969731538,104
LK1106145,Mulleriyawa South,2017,39.97195645857655,104
LK1106150,Malgama,2014,35.89769384233672,125
LK1106150,Malgama,2015,40.34971408777277,125
LK1106150,Malgama,2016,39.41442777409056,125
LK1106150,Malgama,2017,39.10521742801835,125
LK1106155,Udumulla North,2014,36.28338202118283,112
LK1106155,Udumulla North,2015,39.95947282980776,112
LK1106155,Udumulla North,2016,38.65482120385449,112
LK1106155,Udumulla North,2017,39.62248666342088,112
LK1106160,Maligagodella,2014,35.762657151986666,73
LK1106160,Maligagodella,2015,39.256577444052944,73
LK1106160,Maligagodella,2016,38.210658909641964,73
LK1106160,Maligagodella,2017,39.71959676611872,73
LK1106165,Rajasinghagama,2014,37.106520346804174,224
LK1106165,Rajasinghagama,2015,40.31080812860584,224
LK1106165,Rajasinghagama,2016,38.872192722915635,224
LK1106165,Rajasinghagama,2017,40.33478076985032,224
LK1106170,Udumulla South,2014,37.40671603761599,62
LK1106170,Udumulla South,2015,41.328677665551844,62
LK1106170,Udumulla South,2016,39.5969481675265,62
LK1106170,Udumulla South,2017,40.592520112632144,62
LK1106175,Himbutana East,2014,36.686742112171856,88
LK1106175,Himbutana East,2015,41.223777179503166,88
LK1106175,Himbutana East,2016,39.00280541631079,88
LK1106175,Himbutana East,2017,39.38246973721451,88
LK1106180,Himbutana West,2014,36.13658764537949,65
LK1106180,Himbutana West,2015,41.86154631107885,65
LK1106180,Himbutana West,2016,39.66895878125468,65
LK1106180,Himbutana West,2017,38.55456046597739,65
LK1106185,Malpura,2014,36.78133954268112,128
LK1106185,Malpura,2015,39.661884149670776,128
LK1106185,Malpura,2016,39.267593119555194,128
LK1106185,Malpura,2017,38.201669011581444,128
LK1106190,Gothatuwa New Town,2014,38.94340060914924,39
LK1106190,Gothatuwa New Town,2015,41.47746352240013,39
LK1106190,Gothatuwa New Town,2016,40.771274607334114,39
LK1106190,Gothatuwa New Town,2017,39.078849167267386,39
LK1106195,Kajugahawatta,2014,42.69067937694164,41
LK1106195,Kajugahawatta,2015,44.29126538263731,41
LK1106195,Kajugahawatta,2016,44.31567673435805,41
LK1106195,Kajugahawatta,2017,41.40990729183552,41
LK1106200,Gothatuwa,2014,35.986598216733306,95
LK1106200,Gothatuwa,2015,36.94805084576818,95
LK1106200,Gothatuwa,2016,37.00496292313667,95
LK1106200,Gothatuwa,2017,33.67885632483657,95
LK1106205,Salamulla,2014,38.590471614896934,72
LK1106205,Salamulla,2015,39.36285566693125,72
LK1106205,Salamulla,2016,39.12915018108872,72
LK1106205,Salamulla,2017,36.61455092884584,72
LK1106210,Wijayapura,2014,40.22244647347046,47
LK1106210,Wijayapura,2015,40.23634939035951,47
LK1106210,Wijayapura,2016,40.723919259512456,47
LK1106210,Wijayapura,2017,37.054548395072814,47
LK1106215,Gajabapura,2014,41.600973235914395,91
LK1106215,Gajabapura,2015,42.10738104549043,91
LK1106215,Gajabapura,2016,43.44182314904329,91
LK1106215,Gajabapura,2017,39.48931074758109,91
LK1106220,Madinnagoda,2014,36.05508806933366,94
LK1106220,Madinnagoda,2015,37.64095379022865,94
LK1106220,Madinnagoda,2016,38.6412195848579,94
LK1106220,Madinnagoda,2017,34.85071908482766,94
LK1106225,Elhena,2014,40.20865736767647,35
LK1106225,Elhena,2015,41.84773936039239,35
LK1106225,Elhena,2016,42.92280703633305,35
LK1106225,Elhena,2017,39.23012970458091,35
LK1106230,Dodamgahahena,2014,41.56005327190776,53
LK1106230,Dodamgahahena,2015,42.93053538238731,53
LK1106230,Dodamgahahena,2016,44.09040781797405,53
LK1106230,Dodamgahahena,2017,41.718521582297285,53
LK1109005,Welivita,2014,35.01314753268574,223
LK1109005,Welivita,2015,38.57949049806667,223
LK1109005,Welivita,2016,36.75233076112009,223
LK1109005,Welivita,2017,38.62793808147684,223
LK1109010,Raggahawatta,2014,34.88554379822953,175
LK1109010,Raggahawatta,2015,38.8142557532284,175
LK1109010,Raggahawatta,2016,37.37460986575508,175
LK1109010,Raggahawatta,2017,38.49458684083552,175
LK1109015,Hewagama,2014,35.879279576247114,138
LK1109015,Hewagama,2015,40.32704756218405,138
LK1109015,Hewagama,2016,39.08920764468979,138
LK1109015,Hewagama,2017,38.58098136255974,138
LK1109020,Kaduwela,2014,35.069565442228594,222
LK1109020,Kaduwela,2015,40.26552927458407,222
LK1109020,Kaduwela,2016,38.571637570115236,222
LK1109020,Kaduwela,2017,38.97488356607524,222
LK1109025,Pahala Bomiriya A,2014,33.76223499365072,280
LK1109025,Pahala Bomiriya A,2015,37.89430730660809,280
LK1109025,Pahala Bomiriya A,2016,36.81897458292657,280
LK1109025,Pahala Bomiriya A,2017,37.638116680768164,280
LK1109030,Ihala Bomiriya,2014,33.502757044483005,169
LK1109030,Ihala Bomiriya,2015,38.237055869847424,169
LK1109030,Ihala Bomiriya,2016,36.71716073027997,169
LK1109030,Ihala Bomiriya,2017,36.46755910009476,169
LK1109035,Wekewatta,2014,34.165672502063586,171
LK1109035,Wekewatta,2015,37.859524122636394,171
LK1109035,Wekewatta,2016,36.17668845850906,171
LK1109035,Wekewatta,2017,36.204635529123394,171
LK1109040,Nawagamuwa,2014,35.36790657020808,306
LK1109040,Nawagamuwa,2015,37.38528308631438,306
LK1109040,Nawagamuwa,2016,36.68254057951841,306
LK1109040,Nawagamuwa,2017,36.7199348498177,306
LK1109045,Pahala Bomiriya B,2014,34.86994244134855,233
LK1109045,Pahala Bomiriya B,2015,38.48879828793869,233
LK1109045,Pahala Bomiriya B,2016,37.42222750040851,233
LK1109045,Pahala Bomiriya B,2017,38.163602623952684,233
LK1109050,Welihinda,2014,33.92332636333394,142
LK1109050,Welihinda,2015,37.69333290941792,142
LK1109050,Welihinda,2016,36.24903047467344,142
LK1109050,Welihinda,2017,37.012565686649666,142
LK1109055,Kothalawala,2014,35.19807780244063,236
LK1109055,Kothalawala,2015,39.89538490288967,236
LK1109055,Kothalawala,2016,38.46732604978861,236
LK1109055,Kothalawala,2017,39.44894462421135,236
LK1109060,Mahadeniya,2014,35.037099661205396,318
LK1109060,Mahadeniya,2015,39.101960993720425,318
LK1109060,Mahadeniya,2016,37.282776886989524,318
LK1109060,Mahadeniya,2017,38.64641415655388,318
LK1109065,Thalahena North,2014,36.312852136875556,77
LK1109065,Thalahena North,2015,40.94454873893966,77
LK1109065,Thalahena North,2016,39.915294214832734,77
LK1109065,Thalahena North,2017,40.82411706996803,77
LK1109070,Malabe North,2014,36.27191234169048,260
LK1109070,Malabe North,2015,40.27003379699896,260
LK1109070,Malabe North,2016,39.06665439171427,260
LK1109070,Malabe North,2017,40.41355024065291,260
LK1109075,Thunadahena,2014,34.53354837123979,346
LK1109075,Thunadahena,2015,38.419217442828014,346
LK1109075,Thunadahena,2016,36.714179122035084,346
LK1109075,Thunadahena,2017,37.742510735931695,346
LK1109080,Korathota,2014,34.57761764141518,604
LK1109080,Korathota,2015,37.7241184552742,604
LK1109080,Korathota,2016,36.67501500688919,604
LK1109080,Korathota,2017,37.3959403384968,604
LK1109085,Nawagamuwa South,2014,35.278364336200106,226
LK1109085,Nawagamuwa South,2015,37.71080382896109,226
LK1109085,Nawagamuwa South,2016,36.74022632499661,226
LK1109085,Nawagamuwa South,2017,37.66367476098292,226
LK1109090,Batewela,2014,34.995998155813865,223
LK1109090,Batewela,2015,37.483319822112534,223
LK1109090,Batewela,2016,36.0308345489176,223
LK1109090,Batewela,2017,35.85095679535142,223
LK1109095,Ranala,2014,36.69577128227797,272
LK1109095,Ranala,2015,38.6110163606228,272
LK1109095,Ranala,2016,38.39702756386668,272
LK1109095,Ranala,2017,36.19267932043447,272
LK1109100,Dedigamuwa,2014,34.79751244497547,242
LK1109100,Dedigamuwa,2015,36.78137989206211,242
LK1109100,Dedigamuwa,2016,35.400295432763926,242
LK1109100,Dedigamuwa,2017,36.65287672564874,242
LK1109105,Embilladeniya,2014,35.23680802434714,124
LK1109105,Embilladeniya,2015,37.161836872129356,124
LK1109105,Embilladeniya,2016,35.46845865003116,124
LK1109105,Embilladeniya,2017,36.52270536547005,124
LK1109110,Welipillewa,2014,35.03554076222837,155
LK1109110,Welipillewa,2015,38.16608374429201,155
LK1109110,Welipillewa,2016,36.08568391718879,155
LK1109110,Welipillewa,2017,37.17958424828121,155
LK1109115,Shanthalokagama,2014,36.292637913197844,290
LK1109115,Shanthalokagama,2015,39.33549460216434,290
LK1109115,Shanthalokagama,2016,38.567320397755715,290
LK1109115,Shanthalokagama,2017,38.94307035919605,290
LK1109120,Pore,2014,35.09754524258187,249
LK1109120,Pore,2015,38.55442019658882,249
LK1109120,Pore,2016,36.83697215413428,249
LK1109120,Pore,2017,37.39148304948067,249
LK1109125,Malabe East,2014,34.95132406044605,260
LK1109125,Malabe East,2015,39.62043882578083,260
LK1109125,Malabe East,2016,38.149802424808804,260
LK1109125,Malabe East,2017,39.106364752316416,260
LK1109130,Malabe West,2014,36.970894699622605,181
LK1109130,Malabe West,2015,40.78014977258543,181
LK1109130,Malabe West,2016,38.990976946846686,181
LK1109130,Malabe West,2017,39.71477901925832,181
LK1109135,Thalangama North B,2014,38.53826404058293,120
LK1109135,Thalangama North B,2015,42.01013504761977,120
LK1109135,Thalangama North B,2016,39.73475606782383,120
LK1109135,Thalangama North B,2017,40.707261130478955,120
LK1109140,Thalahena South,2014,37.05124361235558,75
LK1109140,Thalahena South,2015,40.573404281970056,75
LK1109140,Thalahena South,2016,39.645471183723295,75
LK1109140,Thalahena South,2017,39.66004620595279,75
LK1109145,Muttettugoda,2014,37.18479487806538,166
LK1109145,Muttettugoda,2015,41.30764783625536,166
LK1109145,Muttettugoda,2016,40.90218035481123,166
LK1109145,Muttettugoda,2017,40.50901048587613,166
LK1109150,Thalangama North A,2014,37.87102296121282,220
LK1109150,Thalangama North A,2015,42.14790416520342,220
LK1109150,Thalangama North A,2016,41.86169303768682,220
LK1109150,Thalangama North A,2017,40.52781222205781,220
LK1109155,Walpola,2014,36.9209008095453,186
LK1109155,Walpola,2015,41.10086324491199,186
LK1109155,Walpola,2016,41.36256558824918,186
LK1109155,Walpola,2017,39.95763056182979,186
LK1109160,Kalapaluwawa,2014,39.02328700269836,134
LK1109160,Kalapaluwawa,2015,40.056557379598296,134
LK1109160,Kalapaluwawa,2016,41.30458903536173,134
LK1109160,Kalapaluwawa,2017,40.695712896314156,134
LK1109165,Kotuwegoda,2014,37.63468516617676,82
LK1109165,Kotuwegoda,2015,37.58388093686715,82
LK1109165,Kotuwegoda,2016,39.59161620671952,82
LK1109165,Kotuwegoda,2017,36.98463226042265,82
LK1109170,Subhoothipura,2014,38.21144737155625,113
LK1109170,Subhoothipura,2015,40.4908185356953,113
LK1109170,Subhoothipura,2016,41.24452367681991,113
LK1109170,Subhoothipura,2017,40.25876053842747,113
LK1109175,Udumulla,2014,39.917994604500805,66
LK1109175,Udumulla,2015,43.85616621449416,66
LK1109175,Udumulla,2016,44.072458147328675,66
LK1109175,Udumulla,2017,42.154407753990384,66
LK1109180,Battaramulla North,2014,39.73117599240172,79
LK1109180,Battaramulla North,2015,43.508791958008295,79
LK1109180,Battaramulla North,2016,42.34602224950536,79
LK1109180,Battaramulla North,2017,40.44640282631991,79
LK1109185,Batapotha,2014,37.43562688098645,163
LK1109185,Batapotha,2015,40.36629553560608,163
LK1109185,Batapotha,2016,39.48393886995689,163
LK1109185,Batapotha,2017,39.73637137241146,163
LK1109190,Pothuarawa,2014,36.607127115889746,243
LK1109190,Pothuarawa,2015,40.31879743864317,243
LK1109190,Pothuarawa,2016,38.85621549914861,243
LK1109190,Pothuarawa,2017,38.726953899453996,243
LK1109195,Hokandara North,2014,35.10776505075251,206
LK1109195,Hokandara North,2015,39.8321589061069,206
LK1109195,Hokandara North,2016,38.58651332285352,206
LK1109195,Hokandara North,2017,37.79164272194376,206
LK1109200,Oruwala,2014,35.50233617372603,229
LK1109200,Oruwala,2015,38.647914820064344,229
LK1109200,Oruwala,2016,37.928608348982465,229
LK1109200,Oruwala,2017,37.617396138307576,229
LK1109205,Athurugiriya,2014,34.87676187087606,250
LK1109205,Athurugiriya,2015,38.76054763081791,250
LK1109205,Athurugiriya,2016,37.51791852720499,250
LK1109205,Athurugiriya,2017,37.134916062978164,250
LK1109210,Thaldiyawala,2014,34.46501863555761,214
LK1109210,Thaldiyawala,2015,38.67737330911213,214
LK1109210,Thaldiyawala,2016,36.88525091620963,214
LK1109210,Thaldiyawala,2017,35.218968402196445,214
LK1109215,Boralugoda,2014,35.08540018527404,160
LK1109215,Boralugoda,2015,38.825835157714344,160
LK1109215,Boralugoda,2016,36.84811869094648,160
LK1109215,Boralugoda,2017,37.62283021239487,160
LK1109220,Hokandara East,2014,34.71944520830823,236
LK1109220,Hokandara East,2015,38.80510964849704,236
LK1109220,Hokandara East,2016,37.495595620745604,236
LK1109220,Hokandara East,2017,37.624797132938134,236
LK1109225,Arangala,2014,35.52791217797085,158
LK1109225,Arangala,2015,39.83597323651344,158
LK1109225,Arangala,2016,38.97057192417077,158
LK1109225,Arangala,2017,36.16387412133149,158
LK1109230,Evarihena,2014,34.42816596143957,119
LK1109230,Evarihena,2015,38.895453145540024,119
LK1109230,Evarihena,2016,37.75536974315242,119
LK1109230,Evarihena,2017,37.07091085690761,119
LK1109235,Kumaragewatta,2014,36.52402031122404,272
LK1109235,Kumaragewatta,2015,40.2475085851871,272
LK1109235,Kumaragewatta,2016,39.72379469342214,272
LK1109235,Kumaragewatta,2017,38.88362546004611,272
LK1109240,Jayawadanagama,2014,40.396461205194456,21
LK1109240,Jayawadanagama,2015,43.32955157900817,21
LK1109240,Jayawadanagama,2016,44.454792368332015,21
LK1109240,Jayawadanagama,2017,39.61546434748092,21
LK1109245,Aruppitiya,2014,36.83100744810241,73
LK1109245,Aruppitiya,2015,39.70048090254111,73
LK1109245,Aruppitiya,2016,39.17606096377172,73
LK1109245,Aruppitiya,2017,39.11261940614185,73
LK1109250,Asiri Uyana,2014,39.2298389862619,80
LK1109250,Asiri Uyana,2015,41.734617254476184,80
LK1109250,Asiri Uyana,2016,41.45260137167627,80
LK1109250,Asiri Uyana,2017,41.66794688423144,80
LK1109255,Battaramulla South,2014,39.20561702632605,85
LK1109255,Battaramulla South,2015,42.59411076656329,85
LK1109255,Battaramulla South,2016,41.676154891824275,85
LK1109255,Battaramulla South,2017,40.751937596670906,85
LK1109260,Rajamalwatta,2014,37.473502667226505,105
LK1109260,Rajamalwatta,2015,40.01573390095452,105
LK1109260,Rajamalwatta,2016,39.33101919697529,105
LK1109260,Rajamalwatta,2017,38.296661096983904,105
LK1109265,Pahalawela,2014,37.01781265997898,233
LK1109265,Pahalawela,2015,40.28432547023151,233
LK1109265,Pahalawela,2016,40.56629537943014,233
LK1109265,Pahalawela,2017,39.71607582673904,233
LK1109270,Wickramasinghapura,2014,36.977817737681846,89
LK1109270,Wickramasinghapura,2015,41.53596879459577,89
LK1109270,Wickramasinghapura,2016,42.05018124813475,89
LK1109270,Wickramasinghapura,2017,38.71281427276602,89
LK1109275,Wellangiriya,2014,34.96488359488236,138
LK1109275,Wellangiriya,2015,40.234604783215445,138
LK1109275,Wellangiriya,2016,39.055395459068926,138
LK1109275,Wellangiriya,2017,37.95021515440521,138
LK1109280,Hokandara South,2014,34.085591080267704,217
LK1109280,Hokandara South,2015,38.2194858538847,217
LK1109280,Hokandara South,2016,37.404622002546105,217
LK1109280,Hokandara South,2017,36.35652400439515,217
LK1109285,Athurugiriya South,2014,35.38067213428694,171
LK1109285,Athurugiriya South,2015,38.24106912448891,171
LK1109285,Athurugiriya South,2016,37.095252604456284,171
LK1109285,Athurugiriya South,2017,36.8390285380022,171
LK1112005,Jalthara,2014,36.12970886678649,468
LK1112005,Jalthara,2015,37.48488567287035,468
LK1112005,Jalthara,2016,36.90255307870226,468
LK1112005,Jalthara,2017,36.891185963634264,468
LK1112010,Henpita,2014,36.20800670739254,153
LK1112010,Henpita,2015,37.365254781503225,153
LK1112010,Henpita,2016,37.023461345909645,153
LK1112010,Henpita,2017,36.410092577678505,153
LK1112015,Atigala West,2014,35.26636193786847,208
LK1112015,Atigala West,2015,36.21333296180916,208
LK1112015,Atigala West,2016,35.75661104651261,208
LK1112015,Atigala West,2017,36.226765925833696,208
LK1112020,Atigala East,2014,35.948807238495824,338
LK1112020,Atigala East,2015,36.86213394927577,338
LK1112020,Atigala East,2016,36.5627049514051,338
LK1112020,Atigala East,2017,36.66310846362378,338
LK1112025,Batawala,2014,35.06725127722129,256
LK1112025,Batawala,2015,36.96189938516964,256
LK1112025,Batawala,2016,36.53506385663741,256
LK1112025,Batawala,2017,36.8636726201832,256
LK1112030,Walpita,2014,35.59070376198499,155
LK1112030,Walpita,2015,36.668712313203386,155
LK1112030,Walpita,2016,36.34111757646999,155
LK1112030,Walpita,2017,36.85766733218899,155
LK1112035,Nawalamulla,2014,36.46972488038329,278
LK1112035,Nawalamulla,2015,37.72665141918016,278
LK1112035,Nawalamulla,2016,36.79091783322377,278
LK1112035,Nawalamulla,2017,37.11576858256029,278
LK1112040,Meegasmulla,2014,34.261473890444094,278
LK1112040,Meegasmulla,2015,38.20212343080038,278
LK1112040,Meegasmulla,2016,36.6381482626654,278
LK1112040,Meegasmulla,2017,37.41098716689494,278
LK1112045,Habarakada North,2014,35.550137840327665,162
LK1112045,Habarakada North,2015,36.99738211565689,162
LK1112045,Habarakada North,2016,36.278982490766275,162
LK1112045,Habarakada North,2017,36.905260290869144,162
LK1112050,Mullegama North,2014,35.53501227365353,93
LK1112050,Mullegama North,2015,36.805263526998026,93
LK1112050,Mullegama North,2016,36.68903567462584,93
LK1112050,Mullegama North,2017,36.94536711130741,93
LK1112055,Mullegama South,2014,34.56304240195098,192
LK1112055,Mullegama South,2015,38.39914718945721,192
LK1112055,Mullegama South,2016,36.22030325281369,192
LK1112055,Mullegama South,2017,36.96147375969646,192
LK1112060,Habarakada South,2014,35.18583326495522,112
LK1112060,Habarakada South,2015,38.39586330854813,112
LK1112060,Habarakada South,2016,37.13009268134234,112
LK1112060,Habarakada South,2017,37.8684323929075,112
LK1112065,Panagoda Town,2014,33.65166061841554,149
LK1112065,Panagoda Town,2015,37.283207767374485,149
LK1112065,Panagoda Town,2016,35.907092975097676,149
LK1112065,Panagoda Town,2017,37.01982716490766,149
LK1112070,Henawatta,2014,36.7163143326222,324
LK1112070,Henawatta,2015,38.45458711651547,324
LK1112070,Henawatta,2016,36.837130200013306,324
LK1112070,Henawatta,2017,38.032399178428186,324
LK1112075,Meegoda North,2014,34.91598040060488,192
LK1112075,Meegoda North,2015,37.230223355637186,192
LK1112075,Meegoda North,2016,35.92513834683602,192
LK1112075,Meegoda North,2017,36.792639862095236,192
LK1112080,Panaluwa,2014,35.71811549474355,557
LK1112080,Panaluwa,2015,37.113276522428805,557
LK1112080,Panaluwa,2016,36.14398558276242,557
LK1112080,Panaluwa,2017,36.78691066072755,557
LK1112085,Watareka North,2014,35.864799179040965,350
LK1112085,Watareka North,2015,37.53168256225163,350
LK1112085,Watareka North,2016,36.51440450167873,350
LK1112085,Watareka North,2017,36.763950341918076,350
LK1112090,Meegoda South,2014,36.21073414543183,145
LK1112090,Meegoda South,2015,38.383665749561885,145
LK1112090,Meegoda South,2016,36.46537859363159,145
LK1112090,Meegoda South,2017,37.227703419769675,145
LK1112095,Godagama North,2014,34.599460408174934,89
LK1112095,Godagama North,2015,38.042731010910686,89
LK1112095,Godagama North,2016,36.589552770574485,89
LK1112095,Godagama North,2017,37.917814692083844,89
LK1112100,Panagoda West,2014,34.202289334697525,165
LK1112100,Panagoda West,2015,38.99049263735805,165
LK1112100,Panagoda West,2016,36.88220832680033,165
LK1112100,Panagoda West,2017,38.07477188253828,165
LK1112105,Panagoda East,2014,36.66544862234291,248
LK1112105,Panagoda East,2015,40.67235372611475,248
LK1112105,Panagoda East,2016,38.453540733022585,248
LK1112105,Panagoda East,2017,39.756770988511406,248
LK1112110,Habarakada Watta,2014,35.71184827130043,81
LK1112110,Habarakada Watta,2015,39.704582741750045,81
LK1112110,Habarakada Watta,2016,38.18875852828973,81
LK1112110,Habarakada Watta,2017,38.50523448049744,81
LK1112115,Homagama North,2014,34.06033004652344,107
LK1112115,Homagama North,2015,37.953959480005054,107
LK1112115,Homagama North,2016,36.39665624284583,107
LK1112115,Homagama North,2017,37.09156717503102,107
LK1112120,Homagama West,2014,35.810724111383024,120
LK1112120,Homagama West,2015,39.071093288355875,120
LK1112120,Homagama West,2016,37.271833698004905,120
LK1112120,Homagama West,2017,38.32335422815721,120
LK1112125,Homagama South,2014,35.71583627263859,164
LK1112125,Homagama South,2015,38.643180128509286,164
LK1112125,Homagama South,2016,37.293672431333846,164
LK1112125,Homagama South,2017,37.80643001374651,164
LK1112130,Galavilawatta North,2014,37.601421238377085,115
LK1112130,Galavilawatta North,2015,40.532245721706204,115
LK1112130,Galavilawatta North,2016,38.24079880662268,115
LK1112130,Galavilawatta North,2017,39.70863568823548,115
LK1112135,Homagama Town,2014,36.79693603108473,131
LK1112135,Homagama Town,2015,40.37577205354162,131
LK1112135,Homagama Town,2016,38.6138395954627,131
LK1112135,Homagama Town,2017,40.32890450817415,131
LK1112140,Homagama East,2014,35.50360600608085,82
LK1112140,Homagama East,2015,38.4839704594011,82
LK1112140,Homagama East,2016,37.53887558668177,82
LK1112140,Homagama East,2017,39.24389995741744,82
LK1112145,Pitipana Town,2014,35.66786720482908,118
LK1112145,Pitipana Town,2015,39.293567455328215,118
LK1112145,Pitipana Town,2016,37.800913983415136,118
LK1112145,Pitipana Town,2017,38.99875622767089,118
LK1112150,Godagama South,2014,34.51155413812327,125
LK1112150,Godagama South,2015,38.844489284259055,125
LK1112150,Godagama South,2016,36.88089737360656,125
LK1112150,Godagama South,2017,38.423263603029504,125
LK1112155,Kurunduwatta,2014,36.375655730377204,152
LK1112155,Kurunduwatta,2015,39.103631879931456,152
LK1112155,Kurunduwatta,2016,36.79432341952725,152
LK1112155,Kurunduwatta,2017,38.228718618504836,152
LK1112160,Gehenuwala,2014,37.46579318427577,131
LK1112160,Gehenuwala,2015,37.559575358043865,131
LK1112160,Gehenuwala,2016,36.214168373295436,131
LK1112160,Gehenuwala,2017,36.62278673616548,131
LK1112165,Watareka South,2014,34.6261108023962,370
LK1112165,Watareka South,2015,36.928085827722846,370
LK1112165,Watareka South,2016,35.57014227480583,370
LK1112165,Watareka South,2017,36.312246229327364,370
LK1112170,Ovitigama,2014,35.65383016386143,274
LK1112170,Ovitigama,2015,37.16915891611761,274
LK1112170,Ovitigama,2016,35.411697815801865,274
LK1112170,Ovitigama,2017,36.96495569654744,274
LK1112175,Kandanawatta,2014,35.811037786242615,152
LK1112175,Kandanawatta,2015,37.215255115462476,152
LK1112175,Kandanawatta,2016,35.46102717194242,152
LK1112175,Kandanawatta,2017,37.34707172185762,152
LK1112180,Kiriberiyakele,2014,34.755111277282914,213
LK1112180,Kiriberiyakele,2015,37.697861868206545,213
LK1112180,Kiriberiyakele,2016,36.060856214026664,213
LK1112180,Kiriberiyakele,2017,37.60114734765,213
LK1112185,Mawathgama,2014,34.388159705289134,192
LK1112185,Mawathgama,2015,37.64796233259061,192
LK1112185,Mawathgama,2016,35.48192807621365,192
LK1112185,Mawathgama,2017,36.92070405533159,192
LK1112190,Katuwana,2014,36.069257411861855,214
LK1112190,Katuwana,2015,39.43175825793052,214
LK1112190,Katuwana,2016,37.33113281177354,214
LK1112190,Katuwana,2017,39.20256295871799,214
LK1112195,Galavilawatta South,2014,37.52129983788445,106
LK1112195,Galavilawatta South,2015,40.71031609433037,106
LK1112195,Galavilawatta South,2016,38.261114721071145,106
LK1112195,Galavilawatta South,2017,39.99130373890437,106
LK1112200,Niyandagala,2014,34.83787117532531,116
LK1112200,Niyandagala,2015,38.418728363930626,116
LK1112200,Niyandagala,2016,36.35794402186133,116
LK1112200,Niyandagala,2017,38.696286246758184,116
LK1112205,Hiripitiya,2014,36.890216639212056,148
LK1112205,Hiripitiya,2015,39.14008163540096,148
LK1112205,Hiripitiya,2016,37.41207763573584,148
LK1112205,Hiripitiya,2017,38.37032378876203,148
LK1112210,Mambulgoda,2014,37.46741783183875,100
LK1112210,Mambulgoda,2015,38.302166019239245,100
LK1112210,Mambulgoda,2016,37.4247262550405,100
LK1112210,Mambulgoda,2017,38.74611737170762,100
LK1112215,Kithulhena,2014,36.12546472569397,74
LK1112215,Kithulhena,2015,38.620596228731785,74
LK1112215,Kithulhena,2016,37.315978563032374,74
LK1112215,Kithulhena,2017,37.17738472211361,74
LK1112220,Siddamulla North,2014,36.06597942139853,78
LK1112220,Siddamulla North,2015,39.600784665678084,78
LK1112220,Siddamulla North,2016,38.17870921791731,78
LK1112220,Siddamulla North,2017,37.497867379968696,78
LK1112225,Siddamulla South,2014,35.192506030091735,86
LK1112225,Siddamulla South,2015,39.640929891497464,86
LK1112225,Siddamulla South,2016,37.7694695077219,86
LK1112225,Siddamulla South,2017,35.79942487201302,86
LK1112230,Mattegoda West,2014,35.52218910696904,233
LK1112230,Mattegoda West,2015,39.04517729142364,233
LK1112230,Mattegoda West,2016,37.34974909099092,233
LK1112230,Mattegoda West,2017,39.13975851787308,233
LK1112235,Mattegoda Central 'A',2014,39.88148837743163,32
LK1112235,Mattegoda Central 'A',2015,43.60950124873116,32
LK1112235,Mattegoda Central 'A',2016,41.36098869732819,32
LK1112235,Mattegoda Central 'A',2017,43.16838572195918,32
LK1112240,Mattegoda East,2014,37.310451922116876,102
LK1112240,Mattegoda East,2015,40.1471460096494,102
LK1112240,Mattegoda East,2016,37.84686822230874,102
LK1112240,Mattegoda East,2017,39.67022102063452,102
LK1112245,Brahmanagama,2014,35.649188547907094,239
LK1112245,Brahmanagama,2015,37.683012636513354,239
LK1112245,Brahmanagama,2016,36.07348134455684,239
LK1112245,Brahmanagama,2017,37.88416163622034,239
LK1112250,Deepangoda,2014,33.65942436810125,208
LK1112250,Deepangoda,2015,37.27821778271908,208
LK1112250,Deepangoda,2016,35.48948924094263,208
LK1112250,Deepangoda,2017,36.606684175408155,208
LK1112255,Magammana West,2014,35.21341999784895,135
LK1112255,Magammana West,2015,36.796356609899334,135
LK1112255,Magammana West,2016,35.1362320127083,135
LK1112255,Magammana West,2017,37.4583644796234,135
LK1112260,Magammana East,2014,35.737251999234324,169
LK1112260,Magammana East,2015,37.966141918946015,169
LK1112260,Magammana East,2016,36.184567597444,169
LK1112260,Magammana East,2017,37.599916774686676,169
LK1112265,Uduwana,2014,34.901240091060274,151
LK1112265,Uduwana,2015,37.71656159147686,151
LK1112265,Uduwana,2016,35.75324059439068,151
LK1112265,Uduwana,2017,36.92766233141788,151
LK1112270,Prasannapura,2014,32.59089196933883,174
LK1112270,Prasannapura,2015,37.012847934827974,174
LK1112270,Prasannapura,2016,34.92307414677251,174
LK1112270,Prasannapura,2017,36.431198056909444,174
LK1112275,Pitipana North,2014,35.622080803626034,282
LK1112275,Pitipana North,2015,37.44614075851521,282
LK1112275,Pitipana North,2016,35.56791458428413,282
LK1112275,Pitipana North,2017,37.55588034548718,282
LK1112280,Suwapubudugama,2014,33.76131560851074,121
LK1112280,Suwapubudugama,2015,37.27674899406627,121
LK1112280,Suwapubudugama,2016,35.50435055268806,121
LK1112280,Suwapubudugama,2017,36.46653420222043,121
LK1112285,Pitipana South,2014,35.5654090237647,260
LK1112285,Pitipana South,2015,36.61376733642479,260
LK1112285,Pitipana South,2016,34.9531740052529,260
LK1112285,Pitipana South,2017,36.282387192676424,260
LK1112290,Dolahena,2014,34.801110609028974,299
LK1112290,Dolahena,2015,36.83027894405668,299
LK1112290,Dolahena,2016,35.40526193850987,299
LK1112290,Dolahena,2017,36.6831100162899,299
LK1112295,Diyagama East,2014,34.39935918936964,192
LK1112295,Diyagama East,2015,36.720328047991806,192
LK1112295,Diyagama East,2016,34.838685629104596,192
LK1112295,Diyagama East,2017,35.975736515227915,192
LK1112300,Diyagama West,2014,35.23024391986162,224
LK1112300,Diyagama West,2015,36.79730167017471,224
LK1112300,Diyagama West,2016,35.45297041912535,224
LK1112300,Diyagama West,2017,37.037347865996935,224
LK1112305,Kirigampamunuwa,2014,35.5498791211965,215
LK1112305,Kirigampamunuwa,2015,37.590813253894915,215
LK1112305,Kirigampamunuwa,2016,36.327923450934954,215
LK1112305,Kirigampamunuwa,2017,37.372352839855054,215
LK1112310,Mattegoda Central 'B',2014,37.54756673897296,64
LK1112310,Mattegoda Central 'B',2015,40.98508330411968,64
LK1112310,Mattegoda Central 'B',2016,39.12291673518673,64
LK1112310,Mattegoda Central 'B',2017,39.91705946425353,64
LK1112315,Siyambalagoda North,2014,35.06463724349728,202
LK1112315,Siyambalagoda North,2015,37.214158247369056,202
LK1112315,Siyambalagoda North,2016,35.997965784723206,202
LK1112315,Siyambalagoda North,2017,37.95669074868487,202
LK1112320,Kudamaduwa,2014,34.45347795269977,152
LK1112320,Kudamaduwa,2015,37.08037802117262,152
LK1112320,Kudamaduwa,2016,36.04269489473633,152
LK1112320,Kudamaduwa,2017,37.53338402324253,152
LK1112325,Sangharama,2014,33.70424505574986,112
LK1112325,Sangharama,2015,37.927651845047386,112
LK1112325,Sangharama,2016,36.33859950075128,112
LK1112325,Sangharama,2017,36.540964871678916,112
LK1112330,Siyambalagoda South,2014,35.688809755385655,144
LK1112330,Siyambalagoda South,2015,36.65283392954329,144
LK1112330,Siyambalagoda South,2016,35.08820787262153,144
LK1112330,Siyambalagoda South,2017,37.28696406281281,144
LK1112335,Rilawala,2014,35.543659279563194,125
LK1112335,Rilawala,2015,37.50600569585411,125
LK1112335,Rilawala,2016,35.78496310782497,125
LK1112335,Rilawala,2017,37.61422717089878,125
LK1112340,Kahathuduwa West,2014,34.73923443167918,211
LK1112340,Kahathuduwa West,2015,37.70654428690293,211
LK1112340,Kahathuduwa West,2016,35.42429404274331,211
LK1112340,Kahathuduwa West,2017,37.63509900165906,211
LK1112345,Kiriwattuduwa South,2014,34.440183482976416,295
LK1112345,Kiriwattuduwa South,2015,36.94588833119095,295
LK1112345,Kiriwattuduwa South,2016,34.838109949175916,295
LK1112345,Kiriwattuduwa South,2017,36.169209158716406,295
LK1112350,Kiriwattuduwa North,2014,35.53694336757015,145
LK1112350,Kiriwattuduwa North,2015,36.919019585749744,145
LK1112350,Kiriwattuduwa North,2016,35.36462840946546,145
LK1112350,Kiriwattuduwa North,2017,36.84209782503144,145
LK1112355,Moonamale - Yakahaluwa,2014,34.618257589567826,175
LK1112355,Moonamale - Yakahaluwa,2015,36.76837709046132,175
LK1112355,Moonamale - Yakahaluwa,2016,35.38516423511941,175
LK1112355,Moonamale - Yakahaluwa,2017,36.806595982008496,175
LK1112360,Kithulavila,2014,34.97135241126862,294
LK1112360,Kithulavila,2015,36.74941421242092,294
LK1112360,Kithulavila,2016,35.07954452703276,294
LK1112360,Kithulavila,2017,36.71715706601901,294
LK1112365,Kahathuduwa North,2014,35.684375325550185,173
LK1112365,Kahathuduwa North,2015,37.25583441055129,173
LK1112365,Kahathuduwa North,2016,35.63692790811196,173
LK1112365,Kahathuduwa North,2017,37.35207830192276,173
LK1112370,Kahathuduwa East,2014,35.30184535658417,208
LK1112370,Kahathuduwa East,2015,37.148241801774894,208
LK1112370,Kahathuduwa East,2016,35.21274934784646,208
LK1112370,Kahathuduwa East,2017,36.84885876651501,208
LK1112375,Kahathuduwa South,2014,34.739709800335234,213
LK1112375,Kahathuduwa South,2015,37.06159298439681,213
LK1112375,Kahathuduwa South,2016,35.57039176470584,213
LK1112375,Kahathuduwa South,2017,37.726321211973705,213
LK1112380,Undurugoda,2014,34.56322637601518,141
LK1112380,Undurugoda,2015,36.44653945168212,141
LK1112380,Undurugoda,2016,34.56536216277412,141
LK1112380,Undurugoda,2017,37.4944801634375,141
LK1112385,Wethara,2014,35.83890802954464,95
LK1112385,Wethara,2015,38.17338238505969,95
LK1112385,Wethara,2016,35.77304991138167,95
LK1112385,Wethara,2017,37.50078107985094,95
LK1112390,Ambalangoda,2014,34.854361694319124,160
LK1112390,Ambalangoda,2015,36.81048836441867,160
LK1112390,Ambalangoda,2016,34.51479675513729,160
LK1112390,Ambalangoda,2017,35.79125366960798,160
LK1112395,Heraliyawala,2014,34.67032890947545,153
LK1112395,Heraliyawala,2015,35.94277509152165,153
LK1112395,Heraliyawala,2016,34.276999388803574,153
LK1112395,Heraliyawala,2017,34.95563262885944,153
LK1112400,Palagama,2014,33.15999155982543,301
LK1112400,Palagama,2015,36.32738232852327,301
LK1112400,Palagama,2016,34.13293035950481,301
LK1112400,Palagama,2017,35.661122753514235,301
LK1112405,Weniwelkola,2014,34.370808442395344,399
LK1112405,Weniwelkola,2015,35.64361453960614,399
LK1112405,Weniwelkola,2016,34.80913805978322,399
LK1112405,Weniwelkola,2017,37.44928806885206,399
LK1115005,Bollathawa,2014,32.919029122685885,322
LK1115005,Bollathawa,2015,35.116452982205075,322
LK1115005,Bollathawa,2016,34.59812355963955,322
LK1115005,Bollathawa,2017,33.2361480645971,322
LK1115010,Kanampella West,2014,33.421458467223026,225
LK1115010,Kanampella West,2015,35.54667209039118,225
LK1115010,Kanampella West,2016,35.134378298400435,225
LK1115010,Kanampella West,2017,34.3973173087589,225
LK1115015,Kanampella East,2014,32.79224477822842,777
LK1115015,Kanampella East,2015,34.27129430919464,777
LK1115015,Kanampella East,2016,34.188546856212746,777
LK1115015,Kanampella East,2017,32.258495527787574,777
LK1115020,Manakada,2014,32.71129231747482,191
LK1115020,Manakada,2015,34.34453202320619,191
LK1115020,Manakada,2016,34.53797799713861,191
LK1115020,Manakada,2017,33.1654862304634,192
LK1115025,Eswatta North,2014,33.464823723802795,489
LK1115025,Eswatta North,2015,34.65021988228115,489
LK1115025,Eswatta North,2016,34.98604442254885,489
LK1115025,Eswatta North,2017,32.72496612046316,490
LK1115030,Kiriwandala North,2014,34.19811013660148,749
LK1115030,Kiriwandala North,2015,35.00869004039962,749
LK1115030,Kiriwandala North,2016,35.800636377479485,749
LK1115030,Kiriwandala North,2017,32.20499771926253,749
LK1115035,Kudagama,2014,35.08833253497146,198
LK1115035,Kudagama,2015,35.323873881752796,198
LK1115035,Kudagama,2016,36.687500419677576,198
LK1115035,Kudagama,2017,34.019338267333865,198
LK1115040,Weralupitiya,2014,37.95174685306935,275
LK1115040,Weralupitiya,2015,38.52193923032235,275
LK1115040,Weralupitiya,2016,39.631452450595475,275
LK1115040,Weralupitiya,2017,35.5959202647632,275
LK1115045,Seethagama,2014,37.61526895400997,97
LK1115045,Seethagama,2015,38.84662491522494,97
LK1115045,Seethagama,2016,40.071591349592175,97
LK1115045,Seethagama,2017,36.06017971167997,97
LK1115050,Avissawella,2014,37.18647143603469,70
LK1115050,Avissawella,2015,37.78585692153404,70
LK1115050,Avissawella,2016,39.282555872777905,70
LK1115050,Avissawella,2017,34.780732855993534,70
LK1115055,Ukwatta,2014,37.63838392804353,77
LK1115055,Ukwatta,2015,37.201917070839094,77
LK1115055,Ukwatta,2016,39.265735185447504,77
LK1115055,Ukwatta,2017,35.001579644476664,77
LK1115060,Agra Pedesa,2014,35.18845762872861,58
LK1115060,Agra Pedesa,2015,36.55086682632617,58
LK1115060,Agra Pedesa,2016,38.04068664201309,58
LK1115060,Agra Pedesa,2017,34.338017323600496,58
LK1115065,Eswatta South,2014,33.89567111243123,279
LK1115065,Eswatta South,2015,35.398172536745925,279
LK1115065,Eswatta South,2016,35.33073098534933,279
LK1115065,Eswatta South,2017,33.19737033326052,279
LK1115070,Ihala Kosgama North,2014,34.02245144938757,259
LK1115070,Ihala Kosgama North,2015,36.39049598740261,259
LK1115070,Ihala Kosgama North,2016,36.56595932227977,259
LK1115070,Ihala Kosgama North,2017,34.652715121972406,259
LK1115075,Thawalgoda,2014,33.472499448525745,141
LK1115075,Thawalgoda,2015,35.06883802702467,141
LK1115075,Thawalgoda,2016,35.46081141810627,141
LK1115075,Thawalgoda,2017,34.67879634385023,141
LK1115080,Muruthagama,2014,33.57730643834999,91
LK1115080,Muruthagama,2015,35.122300789739306,91
LK1115080,Muruthagama,2016,35.70673190032266,91
LK1115080,Muruthagama,2017,34.20848550636422,91
LK1115085,Akaravita,2014,33.666708200086696,201
LK1115085,Akaravita,2015,35.35567061536311,201
LK1115085,Akaravita,2016,35.000417012737046,201
LK1115085,Akaravita,2017,34.095866205524985,201
LK1115090,Kahatapitiya,2014,33.364307610040505,225
LK1115090,Kahatapitiya,2015,35.599847758283225,225
LK1115090,Kahatapitiya,2016,34.45331513947035,225
LK1115090,Kahatapitiya,2017,34.077042141598945,225
LK1115095,Kalu Aggala,2014,33.88400832921303,569
LK1115095,Kalu Aggala,2015,36.27950970382995,569
LK1115095,Kalu Aggala,2016,35.54340191952361,569
LK1115095,Kalu Aggala,2017,34.679754902164206,569
LK1115100,Salawa,2014,34.8110040306223,237
LK1115100,Salawa,2015,38.00988048413706,237
LK1115100,Salawa,2016,37.23121280719495,237
LK1115100,Salawa,2017,35.68307606705304,237
LK1115105,Pahala Kosgama West,2014,33.01354829340177,115
LK1115105,Pahala Kosgama West,2015,34.55024688419662,115
LK1115105,Pahala Kosgama West,2016,35.56106543984309,115
LK1115105,Pahala Kosgama West,2017,34.215630251181885,115
LK1115110,Pahala Kosgama East,2014,35.62470804623415,152
LK1115110,Pahala Kosgama East,2015,36.825126424610616,152
LK1115110,Pahala Kosgama East,2016,37.90679837640447,152
LK1115110,Pahala Kosgama East,2017,36.23135885770081,152
LK1115115,Ihala Kosgama South,2014,34.77560492942894,81
LK1115115,Ihala Kosgama South,2015,35.90393503090072,81
LK1115115,Ihala Kosgama South,2016,37.93385996896713,81
LK1115115,Ihala Kosgama South,2017,36.46349120530924,81
LK1115120,Miriswatta,2014,35.1494589559647,210
LK1115120,Miriswatta,2015,36.50893527272364,210
LK1115120,Miriswatta,2016,36.699503833564634,210
LK1115120,Miriswatta,2017,35.11737733097358,210
LK1115125,Aluth Ambalama,2014,33.493574607765986,254
LK1115125,Aluth Ambalama,2015,34.39080166175284,254
LK1115125,Aluth Ambalama,2016,35.435858579891914,254
LK1115125,Aluth Ambalama,2017,34.200041447310795,254
LK1115130,Kiriwandala South,2014,35.12048664274546,262
LK1115130,Kiriwandala South,2015,35.58602043666197,262
LK1115130,Kiriwandala South,2016,36.101348925673506,262
LK1115130,Kiriwandala South,2017,31.87711990167193,262
LK1115135,Kotahera,2014,37.18257973425489,89
LK1115135,Kotahera,2015,37.52165617447905,89
LK1115135,Kotahera,2016,38.13742901717213,89
LK1115135,Kotahera,2017,33.71540755081244,89
LK1115140,Seethawaka,2014,35.85468798646536,97
LK1115140,Seethawaka,2015,36.6315737755087,97
LK1115140,Seethawaka,2016,37.499583223572444,97
LK1115140,Seethawaka,2017,34.140523669374744,97
LK1115145,Aradhana Kanda,2014,35.86801552380371,145
LK1115145,Aradhana Kanda,2015,36.26773778684393,145
LK1115145,Aradhana Kanda,2016,37.227929499522055,145
LK1115145,Aradhana Kanda,2017,34.23826723410888,145
LK1115150,Puwakpitiya South,2014,34.968237043074765,178
LK1115150,Puwakpitiya South,2015,35.25196587987715,178
LK1115150,Puwakpitiya South,2016,36.21883822939843,178
LK1115150,Puwakpitiya South,2017,34.37513454224339,178
LK1115155,Puwakpitiya,2014,37.10659447881679,59
LK1115155,Puwakpitiya,2015,37.04016055655938,59
LK1115155,Puwakpitiya,2016,39.363967274229,59
LK1115155,Puwakpitiya,2017,36.08374524584745,59
LK1115160,Egodagama,2014,35.31988510356621,138
LK1115160,Egodagama,2015,35.712408507256804,138
LK1115160,Egodagama,2016,36.652581059133404,138
LK1115160,Egodagama,2017,34.33800350451074,138
LK1115165,Weragolla North,2014,34.601036639903164,342
LK1115165,Weragolla North,2015,35.60529457251362,342
LK1115165,Weragolla North,2016,35.640879698432364,342
LK1115165,Weragolla North,2017,33.20486893874411,342
LK1115170,Hingurala,2014,33.000234848037664,403
LK1115170,Hingurala,2015,34.75821298192803,403
LK1115170,Hingurala,2016,34.62055602093119,403
LK1115170,Hingurala,2017,32.794167456565894,403
LK1115175,Kadugoda North,2014,33.14828625489771,263
LK1115175,Kadugoda North,2015,35.81478892612465,263
LK1115175,Kadugoda North,2016,35.396680384979966,263
LK1115175,Kadugoda North,2017,33.94137129893672,263
LK1115180,Mawalgama,2014,33.947525450137015,315
LK1115180,Mawalgama,2015,35.96408732924044,315
LK1115180,Mawalgama,2016,35.37633474246934,315
LK1115180,Mawalgama,2017,34.65393641221882,315
LK1115185,Suduwella,2014,34.63243615385364,310
LK1115185,Suduwella,2015,37.156051910985404,310
LK1115185,Suduwella,2016,36.10349087327491,310
LK1115185,Suduwella,2017,34.6709530289226,310
LK1115190,Gira Imbula,2014,34.42116670939618,119
LK1115190,Gira Imbula,2015,36.23349146735956,119
LK1115190,Gira Imbula,2016,34.724783260146374,119
LK1115190,Gira Imbula,2017,34.51181067135594,119
LK1115195,Walawwatta,2014,36.976823416875334,90
LK1115195,Walawwatta,2015,37.13679517135349,90
LK1115195,Walawwatta,2016,37.04857911404256,90
LK1115195,Walawwatta,2017,35.40291456865407,90
LK1115200,Pahala Hanwella,2014,35.67669644982912,183
LK1115200,Pahala Hanwella,2015,36.84801590362863,183
LK1115200,Pahala Hanwella,2016,36.253803115496915,183
LK1115200,Pahala Hanwella,2017,34.68371130958192,183
LK1115205,Hanwella Town,2014,36.07774044112697,197
LK1115205,Hanwella Town,2015,37.63493029215077,197
LK1115205,Hanwella Town,2016,37.236013986110144,197
LK1115205,Hanwella Town,2017,35.993234885267995,197
LK1115210,Ihala Hanwella North,2014,35.44467239544895,168
LK1115210,Ihala Hanwella North,2015,36.46712908759332,168
LK1115210,Ihala Hanwella North,2016,35.99630073524131,168
LK1115210,Ihala Hanwella North,2017,34.638964783803054,168
LK1115215,Niripola,2014,34.776608760748,239
LK1115215,Niripola,2015,36.34030621937348,239
LK1115215,Niripola,2016,35.373420830766364,239
LK1115215,Niripola,2017,34.17720292116385,239
LK1115220,Brandigampala,2014,34.99900832207772,168
LK1115220,Brandigampala,2015,37.47521288526999,168
LK1115220,Brandigampala,2016,36.30930701156012,168
LK1115220,Brandigampala,2017,35.048727960180095,168
LK1115225,Kadugoda South,2014,34.30288366873944,286
LK1115225,Kadugoda South,2015,35.72578119303562,286
LK1115225,Kadugoda South,2016,35.83671991038819,286
LK1115225,Kadugoda South,2017,33.84761677321372,286
LK1115230,Weragolla South,2014,35.185177579003735,596
LK1115230,Weragolla South,2015,35.69784241442673,596
LK1115230,Weragolla South,2016,35.48287158681189,596
LK1115230,Weragolla South,2017,33.40311192506856,596
LK1115235,Digana,2014,33.88418113428421,527
LK1115235,Digana,2015,34.66648425211154,527
LK1115235,Digana,2016,34.33994709992759,527
LK1115235,Digana,2017,31.685177110747286,527
LK1115240,Lahirugama,2014,33.06704643202004,616
LK1115240,Lahirugama,2015,35.25830327086762,616
LK1115240,Lahirugama,2016,34.50814358284879,616
LK1115240,Lahirugama,2017,32.468475342326215,616
LK1115245,Mambula,2014,34.59143675252574,127
LK1115245,Mambula,2015,35.555636859279936,127
LK1115245,Mambula,2016,35.467446105678114,127
LK1115245,Mambula,2017,34.129255527572006,127
LK1115250,Welikanna,2014,34.365073602094796,243
LK1115250,Welikanna,2015,35.87905166564909,243
LK1115250,Welikanna,2016,35.32858015263371,243
LK1115250,Welikanna,2017,33.497235532467926,243
LK1115255,Kahahena,2014,34.754737536793456,243
LK1115255,Kahahena,2015,35.83821236337347,243
LK1115255,Kahahena,2016,35.49414920609696,243
LK1115255,Kahahena,2017,33.968952513290915,243
LK1115260,Neluwattuduwa,2014,34.85395264707665,211
LK1115260,Neluwattuduwa,2015,36.27324274169744,211
LK1115260,Neluwattuduwa,2016,35.915325521718515,211
LK1115260,Neluwattuduwa,2017,34.590774118213695,211
LK1115265,Diddeniya North,2014,34.74535894149564,312
LK1115265,Diddeniya North,2015,36.72144236480422,312
LK1115265,Diddeniya North,2016,35.85832400684815,312
LK1115265,Diddeniya North,2017,33.868276205748906,312
LK1115270,Ihala Hanwella South,2014,35.52428537717935,110
LK1115270,Ihala Hanwella South,2015,36.50931939068664,110
LK1115270,Ihala Hanwella South,2016,36.05630962275047,110
LK1115270,Ihala Hanwella South,2017,35.60328093081457,110
LK1115275,Pahathgama,2014,36.35649123605173,87
LK1115275,Pahathgama,2015,36.44170971346862,87
LK1115275,Pahathgama,2016,36.65468248019369,87
LK1115275,Pahathgama,2017,36.73486663503309,87
LK1115280,Jayaweeragoda,2014,36.37038174496423,167
LK1115280,Jayaweeragoda,2015,36.94751943095666,167
LK1115280,Jayaweeragoda,2016,36.54276200263962,167
LK1115280,Jayaweeragoda,2017,36.44749244987677,167
LK1115285,Koodaluvila,2014,37.13070255206376,154
LK1115285,Koodaluvila,2015,37.721056906772425,154
LK1115285,Koodaluvila,2016,37.27840155828729,154
LK1115285,Koodaluvila,2017,37.26749234732787,154
LK1115290,Thunnana East,2014,34.39061992646887,191
LK1115290,Thunnana East,2015,36.10462290302092,191
LK1115290,Thunnana East,2016,34.9476960840182,191
LK1115290,Thunnana East,2017,35.19316226948057,191
LK1115295,Diddeniya South,2014,34.57811896747869,300
LK1115295,Diddeniya South,2015,36.15636500625602,300
LK1115295,Diddeniya South,2016,34.887435156974895,300
LK1115295,Diddeniya South,2017,33.007826425929956,300
LK1115300,Elamalawala,2014,34.25686498269736,130
LK1115300,Elamalawala,2015,35.45209392588782,130
LK1115300,Elamalawala,2016,34.60735790579295,130
LK1115300,Elamalawala,2017,32.95413261492029,130
LK1115305,Ilukovita,2014,32.81615012499315,403
LK1115305,Ilukovita,2015,34.80903601330779,403
LK1115305,Ilukovita,2016,33.60367460446725,403
LK1115305,Ilukovita,2017,32.28356775491186,403
LK1115310,Koswatta,2014,33.11181871732567,137
LK1115310,Koswatta,2015,33.85533209234364,137
LK1115310,Koswatta,2016,33.13356484738732,137
LK1115310,Koswatta,2017,30.82562206077843,137
LK1115315,Pagngnagula,2014,33.385108062153634,336
LK1115315,Pagngnagula,2015,34.997385272111735,336
LK1115315,Pagngnagula,2016,33.785001428423854,336
LK1115315,Pagngnagula,2017,32.29357435092385,336
LK1115320,Pelpola,2014,31.7949994464607,177
LK1115320,Pelpola,2015,34.70733127360664,177
LK1115320,Pelpola,2016,33.27159175448052,177
LK1115320,Pelpola,2017,32.301565943326395,177
LK1115325,Kudakanda,2014,34.31563386810236,115
LK1115325,Kudakanda,2015,36.46375142985376,115
LK1115325,Kudakanda,2016,35.46005968718692,115
LK1115325,Kudakanda,2017,34.950583752434824,115
LK1115330,Thunnana West,2014,36.46558037610987,234
LK1115330,Thunnana West,2015,37.39428330314594,234
LK1115330,Thunnana West,2016,36.450400965884306,234
LK1115330,Thunnana West,2017,36.60729795053461,234
LK1115335,Mawathagama West,2014,35.200299949711386,189
LK1115335,Mawathagama West,2015,37.9303443262318,189
LK1115335,Mawathagama West,2016,36.28575824653507,189
LK1115335,Mawathagama West,2017,36.25758247651725,189
LK1115340,Mawathagama East,2014,34.00709636900652,236
LK1115340,Mawathagama East,2015,37.17841842419038,236
LK1115340,Mawathagama East,2016,35.364771956417755,236
LK1115340,Mawathagama East,2017,34.16864386940036,236
LK1118005,Pinnawala North,2014,34.03809188173872,146
LK1118005,Pinnawala North,2015,36.42713817126247,146
LK1118005,Pinnawala North,2016,35.47616877542854,146
LK1118005,Pinnawala North,2017,32.166272728319726,146
LK1118010,Pinnawala South,2014,33.47295421659089,112
LK1118010,Pinnawala South,2015,36.13523463261902,112
LK1118010,Pinnawala South,2016,35.23475220412297,112
LK1118010,Pinnawala South,2017,34.52390687670832,112
LK1118015,Waga North,2014,33.78583058333221,133
LK1118015,Waga North,2015,35.37584348743264,133
LK1118015,Waga North,2016,34.90965841075103,133
LK1118015,Waga North,2017,33.920095744710714,133
LK1118020,Waga East,2014,33.68270360034382,306
LK1118020,Waga East,2015,35.48330424985472,306
LK1118020,Waga East,2016,34.33468778800011,306
LK1118020,Waga East,2017,33.172010909500756,306
LK1118025,Thummodara,2014,33.67021729856009,250
LK1118025,Thummodara,2015,35.082839384195125,250
LK1118025,Thummodara,2016,33.671910843403154,250
LK1118025,Thummodara,2017,33.416726802707274,250
LK1118030,Waga South,2014,34.263789716382526,196
LK1118030,Waga South,2015,35.90367013176565,196
LK1118030,Waga South,2016,34.41810741097196,196
LK1118030,Waga South,2017,33.65531313827715,196
LK1118035,Siyambalawa,2014,34.45013257150869,245
LK1118035,Siyambalawa,2015,36.62487113634914,245
LK1118035,Siyambalawa,2016,34.961807872711574,245
LK1118035,Siyambalawa,2017,34.7337154282442,245
LK1118040,Pahala Bope,2014,34.09768521921981,290
LK1118040,Pahala Bope,2015,36.85576328288976,290
LK1118040,Pahala Bope,2016,35.10756947213373,290
LK1118040,Pahala Bope,2017,34.865619690184815,290
LK1118045,Halpe,2014,33.76520620132809,274
LK1118045,Halpe,2015,36.15483667677101,274
LK1118045,Halpe,2016,34.28146425649313,274
LK1118045,Halpe,2017,33.49400037653884,274
LK1118050,Waga West,2014,33.75099679174809,249
LK1118050,Waga West,2015,36.096476291346015,249
LK1118050,Waga West,2016,35.05162200746433,249
LK1118050,Waga West,2017,34.28064935929387,249
LK1118055,Uggalla,2014,34.94846666037038,325
LK1118055,Uggalla,2015,36.486835931989376,325
LK1118055,Uggalla,2016,34.947877115587715,325
LK1118055,Uggalla,2017,33.780985025648945,325
LK1118060,Wewelpanawa,2014,35.57146354194085,111
LK1118060,Wewelpanawa,2015,37.43575549526746,111
LK1118060,Wewelpanawa,2016,36.21477456042162,111
LK1118060,Wewelpanawa,2017,34.30320327265436,111
LK1118065,Pitumpe North,2014,35.89780922329118,175
LK1118065,Pitumpe North,2015,38.01422955875501,175
LK1118065,Pitumpe North,2016,36.58762368661031,175
LK1118065,Pitumpe North,2017,34.93497468366292,175
LK1118070,Pitumpe South,2014,35.01046692398347,66
LK1118070,Pitumpe South,2015,37.778667719590764,66
LK1118070,Pitumpe South,2016,36.321661360505715,66
LK1118070,Pitumpe South,2017,36.444021154661385,66
LK1118075,Galagedara East,2014,36.297108457670994,148
LK1118075,Galagedara East,2015,37.96864843236343,148
LK1118075,Galagedara East,2016,36.26045923655051,148
LK1118075,Galagedara East,2017,35.69003765897757,148
LK1118080,Galagedara North,2014,37.351176485690246,136
LK1118080,Galagedara North,2015,39.30343143278246,136
LK1118080,Galagedara North,2016,37.122304634763616,136
LK1118080,Galagedara North,2017,36.97048913189738,136
LK1118085,Galagedara South,2014,36.62079059761553,139
LK1118085,Galagedara South,2015,37.51453852637203,139
LK1118085,Galagedara South,2016,36.0819971668404,139
LK1118085,Galagedara South,2017,35.24732636346824,139
LK1118090,Padukka,2014,36.97274737134525,176
LK1118090,Padukka,2015,38.61824618778002,176
LK1118090,Padukka,2016,37.2225087270877,176
LK1118090,Padukka,2017,35.91682567065207,176
LK1118095,Arukwatta North,2014,34.68681872460471,112
LK1118095,Arukwatta North,2015,36.332035646079824,112
LK1118095,Arukwatta North,2016,35.873241405537115,112
LK1118095,Arukwatta North,2017,35.75203441943604,112
LK1118100,Arukwatta South,2014,34.26327542521447,185
LK1118100,Arukwatta South,2015,36.8633896130055,185
LK1118100,Arukwatta South,2016,35.38010435232771,185
LK1118100,Arukwatta South,2017,34.83743044662919,185
LK1118105,Ganegoda,2014,33.49505246691917,124
LK1118105,Ganegoda,2015,36.72509118185548,124
LK1118105,Ganegoda,2016,35.26137805912127,124
LK1118105,Ganegoda,2017,35.35049154983546,124
LK1118110,Angampitiya,2014,33.94298611380095,289
LK1118110,Angampitiya,2015,36.663143559769054,289
LK1118110,Angampitiya,2016,35.428945994377905,289
LK1118110,Angampitiya,2017,35.497568414514504,289
LK1118115,Weragala,2014,34.15601305239807,263
LK1118115,Weragala,2015,36.838660939525504,263
LK1118115,Weragala,2016,35.416462361473975,263
LK1118115,Weragala,2017,35.72129420931335,263
LK1118120,Angamuwa,2014,33.980022421375246,318
LK1118120,Angamuwa,2015,36.32318154617268,318
LK1118120,Angamuwa,2016,34.811160366219006,318
LK1118120,Angamuwa,2017,34.51196966245856,318
LK1118125,Udumulla,2014,34.68339017502527,266
LK1118125,Udumulla,2015,36.42122938733499,266
LK1118125,Udumulla,2016,35.214681546966794,266
LK1118125,Udumulla,2017,34.494830882340864,266
LK1118130,Poregedara,2014,34.48589429178373,165
LK1118130,Poregedara,2015,36.32476416741768,165
LK1118130,Poregedara,2016,35.63346409468941,165
LK1118130,Poregedara,2017,35.10699361419538,165
LK1118135,Pahala Padukka,2014,35.69777022568753,96
LK1118135,Pahala Padukka,2015,37.40671795626537,96
LK1118135,Pahala Padukka,2016,36.096542081634816,96
LK1118135,Pahala Padukka,2017,34.06597415155445,96
LK1118140,Liyanwala,2014,34.9479934900002,260
LK1118140,Liyanwala,2015,36.56367216566693,260
LK1118140,Liyanwala,2016,35.19092912855584,260
LK1118140,Liyanwala,2017,34.83827288272047,260
LK1118145,Kurugala,2014,35.177574348771074,247
LK1118145,Kurugala,2015,35.88822979864583,247
LK1118145,Kurugala,2016,35.417162445179784,247
LK1118145,Kurugala,2017,35.72211927126875,247
LK1118150,Madulawa South,2014,34.66828149654128,189
LK1118150,Madulawa South,2015,35.76003443621597,189
LK1118150,Madulawa South,2016,34.51804519763478,189
LK1118150,Madulawa South,2017,35.57593891903202,189
LK1118155,Madulawa North,2014,34.676278086898286,196
LK1118155,Madulawa North,2015,35.835848082976234,196
LK1118155,Madulawa North,2016,34.972036054069754,196
LK1118155,Madulawa North,2017,36.81495323261131,196
LK1118160,Horakandawala,2014,33.750866765554925,188
LK1118160,Horakandawala,2015,36.39570600531184,188
LK1118160,Horakandawala,2016,34.66380136752274,188
LK1118160,Horakandawala,2017,35.93667754108656,188
LK1118165,Dampe,2014,32.982456673926755,333
LK1118165,Dampe,2015,36.15782131692204,333
LK1118165,Dampe,2016,34.485250634007116,333
LK1118165,Dampe,2017,36.087286627625815,333
LK1118170,Beruketiya,2014,34.951454306327676,281
LK1118170,Beruketiya,2015,36.3472426981522,281
LK1118170,Beruketiya,2016,34.87535030688269,281
LK1118170,Beruketiya,2017,36.28567270802643,281
LK1118175,Horagala West,2014,33.85089254977869,264
LK1118175,Horagala West,2015,35.48851635279121,264
LK1118175,Horagala West,2016,34.473793520061236,264
LK1118175,Horagala West,2017,36.01334263380601,264
LK1118180,Horagala East,2014,35.608462488542465,218
LK1118180,Horagala East,2015,36.30458343298495,218
LK1118180,Horagala East,2016,35.25823080492619,218
LK1118180,Horagala East,2017,36.16025073451731,218
LK1118185,Beliattavila,2014,32.83243997475983,181
LK1118185,Beliattavila,2015,35.94937427582644,181
LK1118185,Beliattavila,2016,34.7869945749037,181
LK1118185,Beliattavila,2017,34.01166861186539,181
LK1118190,Miriyagalla,2014,33.05107636249163,329
LK1118190,Miriyagalla,2015,35.347324979879104,329
LK1118190,Miriyagalla,2016,33.711491931097704,329
LK1118190,Miriyagalla,2017,33.75878708985227,329
LK1118195,Malagala,2014,34.420418690322485,472
LK1118195,Malagala,2015,36.037178048114626,472
LK1118195,Malagala,2016,34.67830706920257,472
LK1118195,Malagala,2017,35.44351749430346,472
LK1118200,Kahawala,2014,35.00229173932345,143
LK1118200,Kahawala,2015,35.63926806000707,143
LK1118200,Kahawala,2016,34.99251063189056,143
LK1118200,Kahawala,2017,35.5147258544766,143
LK1118205,Yatawathura,2014,32.59166324291613,222
LK1118205,Yatawathura,2015,36.09054252307289,222
LK1118205,Yatawathura,2016,35.50242679236952,222
LK1118205,Yatawathura,2017,36.46749265171078,222
LK1118210,Mahingala,2014,32.67259714590317,271
LK1118210,Mahingala,2015,35.43214896758657,271
LK1118210,Mahingala,2016,34.33128611089691,271
LK1118210,Mahingala,2017,33.665539909708144,271
LK1118215,Ihala Bope,2014,34.44371491837966,280
LK1118215,Ihala Bope,2015,36.29713534072976,280
LK1118215,Ihala Bope,2016,34.93307763737171,280
LK1118215,Ihala Bope,2017,34.92188977664157,280
LK1118220,Gurulana,2014,34.37032067688354,185
LK1118220,Gurulana,2015,36.017559747163766,185
LK1118220,Gurulana,2016,34.48256904667768,185
LK1118220,Gurulana,2017,34.27797541562989,185
LK1118225,Udagama,2014,32.05694557790748,781
LK1118225,Udagama,2015,33.789594467830355,781
LK1118225,Udagama,2016,31.843333877952134,781
LK1118225,Udagama,2017,31.220118631233557,780
LK1118230,Dambora,2014,32.527575871126565,1086
LK1118230,Dambora,2015,34.04013916632442,1086
LK1118230,Dambora,2016,32.26966097063559,1086
LK1118230,Dambora,2017,30.989404957833123,1086
LK1121005,Mirihana South,2014,40.66980589582248,68
LK1121005,Mirihana South,2015,41.99112776897898,68
LK1121005,Mirihana South,2016,43.03988341040436,68
LK1121005,Mirihana South,2017,41.80488297677625,68
LK1121010,Mirihana North,2014,38.4239593322254,130
LK1121010,Mirihana North,2015,40.4559381138848,130
LK1121010,Mirihana North,2016,40.681339122618965,130
LK1121010,Mirihana North,2017,38.52090113519165,130
LK1121015,Madiwela,2014,37.50988921038042,180
LK1121015,Madiwela,2015,39.91490695531668,180
LK1121015,Madiwela,2016,40.359783896324075,180
LK1121015,Madiwela,2017,37.88496619409349,180
LK1121020,Thalawathugoda West,2014,35.73419329775665,166
LK1121020,Thalawathugoda West,2015,39.94198419746301,166
LK1121020,Thalawathugoda West,2016,39.64490978705995,166
LK1121020,Thalawathugoda West,2017,37.995813811562954,166
LK1121025,Thalawathugoda East,2014,36.10730800744669,160
LK1121025,Thalawathugoda East,2015,42.15868037854364,160
LK1121025,Thalawathugoda East,2016,40.69205951834975,160
LK1121025,Thalawathugoda East,2017,38.89405933850385,160
LK1121030,Kalalgoda,2014,34.69874902020952,200
LK1121030,Kalalgoda,2015,40.536655582364695,200
LK1121030,Kalalgoda,2016,38.401860520446014,200
LK1121030,Kalalgoda,2017,36.9219791841522,200
LK1121035,Kottawa East,2014,34.20766000758482,221
LK1121035,Kottawa East,2015,38.78473820312669,221
LK1121035,Kottawa East,2016,37.70383414487741,221
LK1121035,Kottawa East,2017,36.0166866711719,221
LK1121040,Rukmale West,2014,36.56245643041036,231
LK1121040,Rukmale West,2015,38.99301158048096,231
LK1121040,Rukmale West,2016,37.86659724195128,231
LK1121040,Rukmale West,2017,36.91952476130027,231
LK1121045,Rukmale East A,2014,36.65092250077493,54
LK1121045,Rukmale East A,2015,39.50791073658554,54
LK1121045,Rukmale East A,2016,37.94740601957426,54
LK1121045,Rukmale East A,2017,38.02035118812281,54
LK1121050,Rukmale East B,2014,36.002763519216174,62
LK1121050,Rukmale East B,2015,40.90491444345188,62
LK1121050,Rukmale East B,2016,38.95879913996896,62
LK1121050,Rukmale East B,2017,39.845639316872735,62
LK1121055,Liyanagoda,2014,34.442765307885566,121
LK1121055,Liyanagoda,2015,38.811270541961115,121
LK1121055,Liyanagoda,2016,37.97608582911169,121
LK1121055,Liyanagoda,2017,37.05245192539576,121
LK1121060,Kottawa North,2014,34.703573578536854,91
LK1121060,Kottawa North,2015,39.17790422911107,91
LK1121060,Kottawa North,2016,38.58041560226841,91
LK1121060,Kottawa North,2017,37.47650471470763,91
LK1121065,Depanama,2014,36.25120579963118,227
LK1121065,Depanama,2015,40.17240308321817,227
LK1121065,Depanama,2016,38.949778279194454,227
LK1121065,Depanama,2017,37.5149403136998,227
LK1121070,Polwatta,2014,35.18066534794142,103
LK1121070,Polwatta,2015,40.121495060259555,103
LK1121070,Polwatta,2016,38.86409830805391,103
LK1121070,Polwatta,2017,37.71543911418141,103
LK1121075,Pamunuwa,2014,35.256696941141904,141
LK1121075,Pamunuwa,2015,39.437666904530325,141
LK1121075,Pamunuwa,2016,39.31127479978886,141
LK1121075,Pamunuwa,2017,37.605543184076794,141
LK1121080,Thalapathpitiya,2014,38.48441239735157,172
LK1121080,Thalapathpitiya,2015,40.82248895046047,172
LK1121080,Thalapathpitiya,2016,41.185377735790446,172
LK1121080,Thalapathpitiya,2017,39.28585606439863,172
LK1121085,Pragathipura,2014,39.65495665083897,51
LK1121085,Pragathipura,2015,43.028996771337695,51
LK1121085,Pragathipura,2016,43.02338771105863,51
LK1121085,Pragathipura,2017,40.293081597399606,51
LK1121090,Udahamulla East,2014,38.901236059222505,96
LK1121090,Udahamulla East,2015,41.63298484303103,96
LK1121090,Udahamulla East,2016,42.3209085548306,96
LK1121090,Udahamulla East,2017,39.15782669307727,96
LK1121095,Udahamulla West,2014,38.38241545922066,102
LK1121095,Udahamulla West,2015,42.370613128987884,102
LK1121095,Udahamulla West,2016,41.051720303762906,102
LK1121095,Udahamulla West,2017,39.351797054189774,102
LK1121100,Pathiragoda,2014,38.430872120328495,120
LK1121100,Pathiragoda,2015,42.536839157045655,120
LK1121100,Pathiragoda,2016,41.8230447055368,120
LK1121100,Pathiragoda,2017,39.49901379460651,120
LK1121105,Maharagama East,2014,37.96201220380297,66
LK1121105,Maharagama East,2015,41.970430636458595,66
LK1121105,Maharagama East,2016,40.980084604710996,66
LK1121105,Maharagama East,2017,39.37738563795385,66
LK1121110,Maharagama West,2014,38.01940770521231,57
LK1121110,Maharagama West,2015,42.58522228126381,57
LK1121110,Maharagama West,2016,41.75036190726828,57
LK1121110,Maharagama West,2017,40.15722906345816,57
LK1121115,Dambahena,2014,37.51229570493678,126
LK1121115,Dambahena,2015,41.351715311900634,126
LK1121115,Dambahena,2016,40.93503729218021,126
LK1121115,Dambahena,2017,38.921733187879994,126
LK1121120,Pannipitiya North,2014,37.64369067926637,98
LK1121120,Pannipitiya North,2015,40.335068014058216,98
LK1121120,Pannipitiya North,2016,39.81187671352521,98
LK1121120,Pannipitiya North,2017,37.4895129648579,98
LK1121125,Kottawa West,2014,35.333917195634655,70
LK1121125,Kottawa West,2015,39.62486273181301,70
LK1121125,Kottawa West,2016,39.11495191439236,70
LK1121125,Kottawa West,2017,38.24871084866517,70
LK1121130,Kottawa South,2014,36.12086301925386,149
LK1121130,Kottawa South,2015,39.81494639187573,149
LK1121130,Kottawa South,2016,38.68621216060307,149
LK1121130,Kottawa South,2017,36.97912128192893,149
LK1121135,Malapalla West,2014,37.70273919594221,76
LK1121135,Malapalla West,2015,40.198824541877045,76
LK1121135,Malapalla West,2016,39.2024017612535,76
LK1121135,Malapalla West,2017,37.5653407970176,76
LK1121140,Malapalla East,2014,36.63071712695402,136
LK1121140,Malapalla East,2015,38.87984788238647,136
LK1121140,Malapalla East,2016,37.58744593472372,136
LK1121140,Malapalla East,2017,36.998806519037295,136
LK1121145,Makumbura North,2014,37.30603715654438,152
LK1121145,Makumbura North,2015,40.43588928577822,152
LK1121145,Makumbura North,2016,39.209619733561375,152
LK1121145,Makumbura North,2017,40.312706357391534,152
LK1121150,Makumbura South,2014,36.45479497334733,122
LK1121150,Makumbura South,2015,39.10873803811428,122
LK1121150,Makumbura South,2016,37.40411451421629,122
LK1121150,Makumbura South,2017,37.66460277881327,122
LK1121155,Kottawa Town,2014,37.17309679741553,181
LK1121155,Kottawa Town,2015,42.42176122330498,181
LK1121155,Kottawa Town,2016,40.146093250558025,181
LK1121155,Kottawa Town,2017,38.59726944267171,181
LK1121160,Pannipitiya South,2014,38.94241886011662,55
LK1121160,Pannipitiya South,2015,40.58974812169279,55
LK1121160,Pannipitiya South,2016,41.11959247873568,55
LK1121160,Pannipitiya South,2017,39.35839560417404,55
LK1121165,Maharagama Town,2014,37.51603514288125,166
LK1121165,Maharagama Town,2015,42.28057163858125,166
LK1121165,Maharagama Town,2016,41.0434244805297,166
LK1121165,Maharagama Town,2017,39.538738370562896,166
LK1121170,Godigamuwa South A,2014,35.077683229063986,138
LK1121170,Godigamuwa South A,2015,41.04331881530542,138
LK1121170,Godigamuwa South A,2016,39.55484200661479,138
LK1121170,Godigamuwa South A,2017,38.34466481742029,138
LK1121175,Godigamuwa South B,2014,36.84269073364379,114
LK1121175,Godigamuwa South B,2015,43.42418399804209,114
LK1121175,Godigamuwa South B,2016,41.50651241472593,114
LK1121175,Godigamuwa South B,2017,40.20345487361621,114
LK1121180,Godigamuwa North,2014,38.10193344395781,95
LK1121180,Godigamuwa North,2015,44.667149488044885,95
LK1121180,Godigamuwa North,2016,42.13250125074302,95
LK1121180,Godigamuwa North,2017,40.653538072166356,95
LK1121185,Wattegedara,2014,37.31139396621296,164
LK1121185,Wattegedara,2015,42.90265569973043,164
LK1121185,Wattegedara,2016,41.94312049880003,164
LK1121185,Wattegedara,2017,40.42631686433141,164
LK1121190,Navinna,2014,38.718054125887534,102
LK1121190,Navinna,2015,44.145262826437914,102
LK1121190,Navinna,2016,42.743177428876756,102
LK1121190,Navinna,2017,41.315523652144435,102
LK1121195,Wijerama,2014,38.00342446802421,48
LK1121195,Wijerama,2015,43.17938897244369,48
LK1121195,Wijerama,2016,41.70524973528338,48
LK1121195,Wijerama,2017,40.609913131246216,48
LK1121200,Gangodavila South B,2014,37.433592550605596,122
LK1121200,Gangodavila South B,2015,41.030551435315594,122
LK1121200,Gangodavila South B,2016,40.31627054895952,122
LK1121200,Gangodavila South B,2017,39.72228194003496,122
LK1121205,Jambugasmulla,2014,38.359243351985846,98
LK1121205,Jambugasmulla,2015,41.80008878097626,98
LK1121205,Jambugasmulla,2016,41.18950152497493,98
LK1121205,Jambugasmulla,2017,39.682282034010626,98
LK1124005,Obeysekarapura,2014,42.67727569884142,75
LK1124005,Obeysekarapura,2015,43.65741109570727,75
LK1124005,Obeysekarapura,2016,43.17881761385119,75
LK1124005,Obeysekarapura,2017,40.64032535681643,75
LK1124010,Welikada West,2014,39.51164364105502,107
LK1124010,Welikada West,2015,40.88527487220549,107
LK1124010,Welikada West,2016,40.766170450523624,107
LK1124010,Welikada West,2017,38.28919564023543,107
LK1124015,Welikada East,2014,38.44300775866298,168
LK1124015,Welikada East,2015,39.98831262972623,168
LK1124015,Welikada East,2016,40.18534151601542,168
LK1124015,Welikada East,2017,38.15340948455528,168
LK1124020,Rajagiriya,2014,41.73582972030299,89
LK1124020,Rajagiriya,2015,42.378036167291114,89
LK1124020,Rajagiriya,2016,42.5011376663499,89
LK1124020,Rajagiriya,2017,39.87637543672673,89
LK1124025,Welikada North,2014,40.21377598792829,57
LK1124025,Welikada North,2015,40.539586278633884,57
LK1124025,Welikada North,2016,41.427014968201654,57
LK1124025,Welikada North,2017,39.161132528270684,57
LK1124030,Nawala West,2014,37.58056980678841,176
LK1124030,Nawala West,2015,39.99614829489949,176
LK1124030,Nawala West,2016,39.9057981544446,176
LK1124030,Nawala West,2017,37.78006345188333,176
LK1124035,Koswatta,2014,39.209990430909365,128
LK1124035,Koswatta,2015,39.97818914893734,128
LK1124035,Koswatta,2016,41.16255526642998,128
LK1124035,Koswatta,2017,38.536905633985775,128
LK1124040,Ethulkotte West,2014,39.49306266346378,84
LK1124040,Ethulkotte West,2015,40.318027026743245,84
LK1124040,Ethulkotte West,2016,42.473611210211416,84
LK1124040,Ethulkotte West,2017,38.52719452578548,84
LK1124045,Ethulkotte,2014,39.196804676933596,116
LK1124045,Ethulkotte,2015,41.49835060419904,116
LK1124045,Ethulkotte,2016,41.29517739917431,116
LK1124045,Ethulkotte,2017,39.80332750031725,116
LK1124050,Pitakotte East,2014,37.76596039404119,155
LK1124050,Pitakotte East,2015,39.830220928334946,155
LK1124050,Pitakotte East,2016,39.18605752925982,155
LK1124050,Pitakotte East,2017,37.92090670632574,155
LK1124055,Pitakotte,2014,41.488363967189,83
LK1124055,Pitakotte,2015,41.32390258752831,83
LK1124055,Pitakotte,2016,43.065465853658026,83
LK1124055,Pitakotte,2017,41.329597941616115,83
LK1124060,Pitakotte West,2014,39.798557075368336,118
LK1124060,Pitakotte West,2015,40.145909627923295,118
LK1124060,Pitakotte West,2016,41.43534366380429,118
LK1124060,Pitakotte West,2017,39.079926135502745,118
LK1124065,Nawala East,2014,38.38815963338904,136
LK1124065,Nawala East,2015,40.823439898491266,136
LK1124065,Nawala East,2016,41.08789943496148,136
LK1124065,Nawala East,2017,40.39015801205927,136
LK1124070,Nugegoda West,2014,39.89917503591879,118
LK1124070,Nugegoda West,2015,41.858207832650734,118
LK1124070,Nugegoda West,2016,41.853775634797366,118
LK1124070,Nugegoda West,2017,40.55136341820446,118
LK1124075,Pagoda,2014,39.26207231261558,108
LK1124075,Pagoda,2015,40.76428250759191,108
LK1124075,Pagoda,2016,42.13001406377279,108
LK1124075,Pagoda,2017,40.4596350333016,108
LK1124080,Nugegoda,2014,40.386624496265185,88
LK1124080,Nugegoda,2015,43.281716848706765,88
LK1124080,Nugegoda,2016,43.201995536773154,88
LK1124080,Nugegoda,2017,42.364381437472304,88
LK1124085,Pagoda East,2014,41.53437033742148,108
LK1124085,Pagoda East,2015,44.00670981217751,108
LK1124085,Pagoda East,2016,43.76599761699954,108
LK1124085,Pagoda East,2017,42.377383096487286,108
LK1124090,Gangodavila North,2014,40.563637189383286,79
LK1124090,Gangodavila North,2015,44.191959933356536,79
LK1124090,Gangodavila North,2016,43.05600087772555,79
LK1124090,Gangodavila North,2017,40.90779995965447,79
LK1124095,Gangodavila South,2014,40.13572023338304,131
LK1124095,Gangodavila South,2015,42.57055097246162,131
LK1124095,Gangodavila South,2016,42.81237212210888,131
LK1124095,Gangodavila South,2017,41.436031600929915,131
LK1124100,Gangodavila East,2014,40.29575481238309,96
LK1124100,Gangodavila East,2015,43.207216614002796,96
LK1124100,Gangodavila East,2016,43.159177135842505,96
LK1124100,Gangodavila East,2017,41.25752696655897,96
LK1127005,Kollupitiya,2014,39.2045917074135,112
LK1127005,Kollupitiya,2015,42.20299118631739,112
LK1127005,Kollupitiya,2016,41.19869351096376,112
LK1127005,Kollupitiya,2017,38.891101665059956,112
LK1127010,Bambalapitiya,2014,38.044384334140794,182
LK1127010,Bambalapitiya,2015,41.44798118195725,182
LK1127010,Bambalapitiya,2016,40.33957663517271,182
LK1127010,Bambalapitiya,2017,38.516387779674666,182
LK1127015,Kurunduwatta,2014,39.73721461344683,421
LK1127015,Kurunduwatta,2015,41.88141335929252,421
LK1127015,Kurunduwatta,2016,42.2418800855283,421
LK1127015,Kurunduwatta,2017,38.21738955190045,421
LK1127020,Kuppiyawatta West,2014,41.90844233522556,58
LK1127020,Kuppiyawatta West,2015,43.05623033481975,58
LK1127020,Kuppiyawatta West,2016,43.251041859630895,58
LK1127020,Kuppiyawatta West,2017,39.0556981824432,58
LK1127025,Kuppiyawatta East,2014,40.5467976395523,76
LK1127025,Kuppiyawatta East,2015,42.69207554979566,76
LK1127025,Kuppiyawatta East,2016,42.76265562812802,76
LK1127025,Kuppiyawatta East,2017,39.56079807101487,76
LK1127030,Dematagoda,2014,42.02006249438074,101
LK1127030,Dematagoda,2015,44.00914577089203,101
LK1127030,Dematagoda,2016,43.12887672224946,101
LK1127030,Dematagoda,2017,40.02248159390818,101
LK1127035,Wanathamulla,2014,40.72964316134921,91
LK1127035,Wanathamulla,2015,42.336140568528776,91
LK1127035,Wanathamulla,2016,42.28655259044441,91
LK1127035,Wanathamulla,2017,39.063519448263705,91
LK1127040,Borella North,2014,41.62852937060044,133
LK1127040,Borella North,2015,42.26695699099246,133
LK1127040,Borella North,2016,42.74364995455771,133
LK1127040,Borella North,2017,39.60993968558942,133
LK1127045,Borella South,2014,42.19302655023375,91
LK1127045,Borella South,2015,42.81836070398695,91
LK1127045,Borella South,2016,43.210119716787624,91
LK1127045,Borella South,2017,39.893433244783374,91
LK1127050,Gothamipura,2014,38.89248464911838,146
LK1127050,Gothamipura,2015,40.16918990672065,146
LK1127050,Gothamipura,2016,40.6114137110558,146
LK1127050,Gothamipura,2017,38.160685218920015,146
LK1127055,Narahenpita,2014,38.86059775100787,124
LK1127055,Narahenpita,2015,41.07442182009338,124
LK1127055,Narahenpita,2016,41.494590687807595,124
LK1127055,Narahenpita,2017,37.654662930112835,124
LK1127060,Thimbirigasyaya,2014,39.16426063954871,233
LK1127060,Thimbirigasyaya,2015,41.21385280217702,233
LK1127060,Thimbirigasyaya,2016,41.50446677404924,233
LK1127060,Thimbirigasyaya,2017,38.59266781814825,233
LK1127065,Milagiriya,2014,39.07814844984749,134
LK1127065,Milagiriya,2015,42.338958479516165,134
LK1127065,Milagiriya,2016,41.21231136885344,134
LK1127065,Milagiriya,2017,39.75954362067823,134
LK1127070,Havelock Town,2014,39.83952579158293,161
LK1127070,Havelock Town,2015,41.26071931463156,161
LK1127070,Havelock Town,2016,41.576778988204914,161
LK1127070,Havelock Town,2017,40.9898215105661,161
LK1127075,Kirula,2014,41.04118240882176,223
LK1127075,Kirula,2015,41.70265800533143,223
LK1127075,Kirula,2016,41.98283386820541,223
LK1127075,Kirula,2017,38.44796044026324,223
LK1127080,Kirulapone,2014,40.96731426006863,172
LK1127080,Kirulapone,2015,41.48826749305345,172
LK1127080,Kirulapone,2016,42.16452348621349,172
LK1127080,Kirulapone,2017,38.505817217277816,172
LK1127085,Wellawatta North,2014,39.358008938476615,133
LK1127085,Wellawatta North,2015,41.20339234873044,133
LK1127085,Wellawatta North,2016,41.522063057250605,133
LK1127085,Wellawatta North,2017,41.50681130820911,133
LK1127090,Wellawatta South,2014,38.807616892153916,90
LK1127090,Wellawatta South,2015,41.051563258390686,90
LK1127090,Wellawatta South,2016,41.33963570982788,90
LK1127090,Wellawatta South,2017,41.29755444629833,90
LK1127095,Pamankada West,2014,39.706323797115736,89
LK1127095,Pamankada West,2015,41.850864125821786,89
LK1127095,Pamankada West,2016,41.77406520320929,89
LK1127095,Pamankada West,2017,41.64949310443633,89
LK1127100,Pamankada East,2014,40.66314035606686,115
LK1127100,Pamankada East,2015,41.52670052977675,115
LK1127100,Pamankada East,2016,42.655984749159714,115
LK1127100,Pamankada East,2017,39.083730546856614,115
LK1130005,Sri Saranankara,2014,39.81098472927371,58
LK1130005,Sri Saranankara,2015,41.729844520941796,58
LK1130005,Sri Saranankara,2016,42.083279175902256,58
LK1130005,Sri Saranankara,2017,41.771515415023025,58
LK1130010,Vilawala,2014,40.23690614303287,79
LK1130010,Vilawala,2015,40.07188205047505,79
LK1130010,Vilawala,2016,42.31467389514174,79
LK1130010,Vilawala,2017,39.74636580751541,79
LK1130015,Dutugemunu,2014,40.6706176047962,104
LK1130015,Dutugemunu,2015,43.42017622627681,104
LK1130015,Dutugemunu,2016,42.6196431725214,104
LK1130015,Dutugemunu,2017,39.66840893832187,104
LK1130020,Kohuwala,2014,39.31129589902419,117
LK1130020,Kohuwala,2015,42.98052859052527,117
LK1130020,Kohuwala,2016,42.10885892507443,117
LK1130020,Kohuwala,2017,39.920401432291115,117
LK1130025,Kalubovila,2014,39.93297270802889,67
LK1130025,Kalubovila,2015,43.18491409806753,67
LK1130025,Kalubovila,2016,42.29351050936297,67
LK1130025,Kalubovila,2017,40.937933452482895,67
LK1130030,Hathbodhiya,2014,40.63979601560574,65
LK1130030,Hathbodhiya,2015,42.474072513805886,65
LK1130030,Hathbodhiya,2016,42.58312683301327,65
LK1130030,Hathbodhiya,2017,40.9081827231722,65
LK1130035,Galwala,2014,39.30187949167714,64
LK1130035,Galwala,2015,42.492838691698516,64
LK1130035,Galwala,2016,42.38226185038283,64
LK1130035,Galwala,2017,41.68794112012192,64
LK1130040,Dehiwala West,2014,38.08059801517895,69
LK1130040,Dehiwala West,2015,41.56533579611443,69
LK1130040,Dehiwala West,2016,41.10170504793648,69
LK1130040,Dehiwala West,2017,42.176088705840385,69
LK1130045,Dehiwala East,2014,39.68176782856954,69
LK1130045,Dehiwala East,2015,42.63013646846911,69
LK1130045,Dehiwala East,2016,42.59795550642342,69
LK1130045,Dehiwala East,2017,43.072487149335345,69
LK1130050,Udyanaya,2014,39.90296939708262,69
LK1130050,Udyanaya,2015,41.141102186399394,69
LK1130050,Udyanaya,2016,41.837916178554465,69
LK1130050,Udyanaya,2017,39.69057999362226,69
LK1130055,Nedimala,2014,39.419009842209064,108
LK1130055,Nedimala,2015,42.411167597676275,108
LK1130055,Nedimala,2016,42.477219950087076,108
LK1130055,Nedimala,2017,40.17170189452359,108
LK1130060,Malwatta,2014,39.491640004670366,54
LK1130060,Malwatta,2015,42.389233110492206,54
LK1130060,Malwatta,2016,42.35371792110967,54
LK1130060,Malwatta,2017,42.54243885376206,54
LK1130065,Jayathilaka,2014,39.575095670445954,52
LK1130065,Jayathilaka,2015,42.13128887399573,52
LK1130065,Jayathilaka,2016,41.45620931133143,52
LK1130065,Jayathilaka,2017,42.838042160994675,52
LK1130070,Karagampitiya,2014,40.859439185324135,58
LK1130070,Karagampitiya,2015,42.82039509652108,58
LK1130070,Karagampitiya,2016,43.06428882160584,58
LK1130070,Karagampitiya,2017,43.311174020862396,58
LK1130075,Kawdana East,2014,38.4323827181111,147
LK1130075,Kawdana East,2015,40.269966882899354,147
LK1130075,Kawdana East,2016,40.78610427287442,147
LK1130075,Kawdana East,2017,40.39663423574127,147
LK1131005,Mount Lavinia,2014,39.08022464298784,147
LK1131005,Mount Lavinia,2015,40.88564876083329,147
LK1131005,Mount Lavinia,2016,40.64310664403321,147
LK1131005,Mount Lavinia,2017,40.70599504337816,147
LK1131010,Kawdana West,2014,40.48676796154892,71
LK1131010,Kawdana West,2015,42.661527260358895,71
LK1131010,Kawdana West,2016,42.55743875111265,71
LK1131010,Kawdana West,2017,43.042526702340595,71
LK1131015,Watarappala,2014,39.88735937220624,52
LK1131015,Watarappala,2015,43.1334925580466,52
LK1131015,Watarappala,2016,43.019725581250704,52
LK1131015,Watarappala,2017,42.095872492978664,52
LK1131020,Wathumulla,2014,39.32523244020749,73
LK1131020,Wathumulla,2015,42.180568693970585,73
LK1131020,Wathumulla,2016,42.61954033721264,73
LK1131020,Wathumulla,2017,41.844921717197764,73
LK1131025,Katukurunduwatta,2014,40.74356337608469,145
LK1131025,Katukurunduwatta,2015,41.381093496709454,145
LK1131025,Katukurunduwatta,2016,42.01149090736603,145
LK1131025,Katukurunduwatta,2017,41.889274707746516,145
LK1131030,Attidiya North,2014,36.49272238195671,168
LK1131030,Attidiya North,2015,38.913235854005116,168
LK1131030,Attidiya North,2016,38.470770279102254,168
LK1131030,Attidiya North,2017,38.45019131922263,168
LK1131035,Attidiya South,2014,40.52099600543444,215
LK1131035,Attidiya South,2015,41.00742202673743,215
LK1131035,Attidiya South,2016,41.37491389209886,215
LK1131035,Attidiya South,2017,41.75819015253304,215
LK1131040,Piriwena,2014,40.24991747413765,85
LK1131040,Piriwena,2015,41.492964271744746,85
LK1131040,Piriwena,2016,41.87454408313923,85
LK1131040,Piriwena,2017,42.6297615678291,85
LK1131045,Wedikanda,2014,38.86119954883051,91
LK1131045,Wedikanda,2015,40.80206128099,91
LK1131045,Wedikanda,2016,40.64812046134467,91
LK1131045,Wedikanda,2017,41.16849447582895,91
LK1131050,Vihara,2014,39.53734444730545,99
LK1131050,Vihara,2015,40.873791579375656,99
LK1131050,Vihara,2016,41.032084907789184,99
LK1131050,Vihara,2017,41.83962711511754,99
LK1131055,Rathmalana West,2014,40.31121711096337,58
LK1131055,Rathmalana West,2015,40.81697786710665,58
LK1131055,Rathmalana West,2016,40.70848480776325,58
LK1131055,Rathmalana West,2017,41.958074910306664,58
LK1131060,Rathmalana East,2014,41.50933507874029,130
LK1131060,Rathmalana East,2015,41.70549388193248,130
LK1131060,Rathmalana East,2016,41.65155750763882,130
LK1131060,Rathmalana East,2017,42.77371404756663,130
LK1131065,Kandawala,2014,40.942336440567296,318
LK1131065,Kandawala,2015,41.60498712059633,318
LK1131065,Kandawala,2016,41.913174632076306,318
LK1131065,Kandawala,2017,41.716596244329864,318
LK1133005,Angulana North,2014,41.16267611373554,52
LK1133005,Angulana North,2015,40.54012735540217,52
LK1133005,Angulana North,2016,40.62492374420165,52
LK1133005,Angulana North,2017,42.79807247898796,52
LK1133010,Kaldemulla,2014,41.39329598464908,63
LK1133010,Kaldemulla,2015,41.853621129100844,63
LK1133010,Kaldemulla,2016,41.621507725066685,63
LK1133010,Kaldemulla,2017,43.09560791663164,63
LK1133015,Soysapura North,2014,41.55820727598944,24
LK1133015,Soysapura North,2015,41.4452742273856,24
LK1133015,Soysapura North,2016,41.89076237187324,24
LK1133015,Soysapura North,2017,43.01767958872956,24
LK1133020,Soysapura South,2014,41.78509784781415,26
LK1133020,Soysapura South,2015,42.21300121551551,26
LK1133020,Soysapura South,2016,41.838585485006874,26
LK1133020,Soysapura South,2017,42.92268454510234,26
LK1133025,Dahampura,2014,41.74885777648637,63
LK1133025,Dahampura,2015,41.73421795102466,63
LK1133025,Dahampura,2016,41.78249401352515,63
LK1133025,Dahampura,2017,42.75080177157962,63
LK1133030,Thelawala North,2014,41.57282069039945,115
LK1133030,Thelawala North,2015,42.39513408517285,115
LK1133030,Thelawala North,2016,42.8466540910239,115
LK1133030,Thelawala North,2017,41.9456171074536,115
LK1133035,Borupana,2014,40.533313381403545,142
LK1133035,Borupana,2015,41.67750933879988,142
LK1133035,Borupana,2016,42.19719688772913,142
LK1133035,Borupana,2017,41.27399389512306,142
LK1133040,Thelawala South,2014,42.10670082437605,64
LK1133040,Thelawala South,2015,42.88789619482221,64
LK1133040,Thelawala South,2016,44.201391586657124,64
LK1133040,Thelawala South,2017,42.36652560584783,64
LK1133045,Lakshapathiya North,2014,42.45593447315216,81
LK1133045,Lakshapathiya North,2015,43.53909493473105,81
LK1133045,Lakshapathiya North,2016,42.70429481576748,81
LK1133045,Lakshapathiya North,2017,43.630574139262905,81
LK1133050,Lakshapathiya Central,2014,39.66135351363885,39
LK1133050,Lakshapathiya Central,2015,39.897298015424724,39
LK1133050,Lakshapathiya Central,2016,39.426544310544976,39
LK1133050,Lakshapathiya Central,2017,41.34809959644068,39
LK1133055,Angulana South,2014,40.26487653350551,19
LK1133055,Angulana South,2015,40.20682794254776,19
LK1133055,Angulana South,2016,39.48067324457263,19
LK1133055,Angulana South,2017,41.80469532620109,19
LK1133060,Uyana South,2014,39.57530277435884,90
LK1133060,Uyana South,2015,43.156168066365225,90
LK1133060,Uyana South,2016,40.60173555820207,90
LK1133060,Uyana South,2017,41.31226836892592,90
LK1133065,Uyana North,2014,40.085011603451676,51
LK1133065,Uyana North,2015,40.817721135037736,51
LK1133065,Uyana North,2016,39.975621118370576,51
LK1133065,Uyana North,2017,42.248960214434874,51
LK1133070,Rawathawatta South,2014,41.7259386195555,38
LK1133070,Rawathawatta South,2015,43.42336437104278,38
LK1133070,Rawathawatta South,2016,42.386703141668825,38
LK1133070,Rawathawatta South,2017,41.69805025683477,38
LK1133075,Rawathawatta East,2014,41.03653949588176,70
LK1133075,Rawathawatta East,2015,42.29246824120255,70
LK1133075,Rawathawatta East,2016,42.301275519646836,70
LK1133075,Rawathawatta East,2017,42.6000989955033,70
LK1133080,Lakshapathiya South,2014,41.28056169895236,85
LK1133080,Lakshapathiya South,2015,42.6314244009791,85
LK1133080,Lakshapathiya South,2016,41.61869620767906,85
LK1133080,Lakshapathiya South,2017,42.65657727509319,85
LK1133085,Kuduwamulla,2014,39.839762066504136,46
LK1133085,Kuduwamulla,2015,42.27217739049334,46
LK1133085,Kuduwamulla,2016,41.020388281845655,46
LK1133085,Kuduwamulla,2017,40.815264585090986,46
LK1133090,Katubedda,2014,38.858860398762324,195
LK1133090,Katubedda,2015,41.233459055527916,195
LK1133090,Katubedda,2016,40.59553200570972,195
LK1133090,Katubedda,2017,39.85251316711837,195
LK1133095,Molpe,2014,40.48497228974778,84
LK1133095,Molpe,2015,43.62531622548408,84
LK1133095,Molpe,2016,41.36854593906495,84
LK1133095,Molpe,2017,40.56662377841366,84
LK1133100,Moratumulla North,2014,41.467890189312364,44
LK1133100,Moratumulla North,2015,43.47040649861659,44
LK1133100,Moratumulla North,2016,42.31962292283607,44
LK1133100,Moratumulla North,2017,41.882829287908486,44
LK1133105,Kadalana,2014,41.733498862937644,51
LK1133105,Kadalana,2015,44.39204327288971,51
LK1133105,Kadalana,2016,41.97437065783844,51
LK1133105,Kadalana,2017,42.24474798885393,51
LK1133110,Rawathawatta West,2014,40.34991916000834,80
LK1133110,Rawathawatta West,2015,42.51957157649678,80
LK1133110,Rawathawatta West,2016,41.06870487515787,80
LK1133110,Rawathawatta West,2017,41.57615630163225,80
LK1133115,Idama,2014,38.15687903593451,81
LK1133115,Idama,2015,41.74483984680597,81
LK1133115,Idama,2016,38.83821650954482,81
LK1133115,Idama,2017,39.19986712080881,81
LK1133120,Uswatta,2014,38.96258353719334,34
LK1133120,Uswatta,2015,43.030017193356585,34
LK1133120,Uswatta,2016,39.831088082080086,34
LK1133120,Uswatta,2017,39.740909000392065,34
LK1133125,Moratuwella South,2014,37.07114748803818,69
LK1133125,Moratuwella South,2015,42.13255662965448,69
LK1133125,Moratuwella South,2016,38.93673455855774,69
LK1133125,Moratuwella South,2017,39.52659476817134,69
LK1133130,Indibedda West,2014,37.84065455651779,67
LK1133130,Indibedda West,2015,40.748911322362986,67
LK1133130,Indibedda West,2016,38.54462290835112,67
LK1133130,Indibedda West,2017,38.045234880932185,67
LK1133135,Moratumulla East,2014,42.58518020890773,54
LK1133135,Moratumulla East,2015,45.17104827489523,54
LK1133135,Moratumulla East,2016,43.29659929740946,54
LK1133135,Moratumulla East,2017,42.613900168841695,54
LK1133140,Moratumulla West,2014,39.78950465670868,49
LK1133140,Moratumulla West,2015,42.77314114340038,49
LK1133140,Moratumulla West,2016,40.25855245534871,49
LK1133140,Moratumulla West,2017,40.34877327194067,49
LK1133145,Villorawatta East,2014,39.43837874408237,70
LK1133145,Villorawatta East,2015,41.41490132829785,70
LK1133145,Villorawatta East,2016,39.564775838898115,70
LK1133145,Villorawatta East,2017,39.71542527381438,70
LK1133150,Villorawatta West,2014,41.835313133893585,47
LK1133150,Villorawatta West,2015,44.33728538192745,47
LK1133150,Villorawatta West,2016,42.374016745804184,47
LK1133150,Villorawatta West,2017,42.72503431597565,47
LK1133155,Indibedda East,2014,34.085113978323214,128
LK1133155,Indibedda East,2015,36.86641732007658,128
LK1133155,Indibedda East,2016,34.845387628964595,128
LK1133155,Indibedda East,2017,35.27854148423211,128
LK1133160,Moratuwella North,2014,37.90024618077144,67
LK1133160,Moratuwella North,2015,43.70572868796334,67
LK1133160,Moratuwella North,2016,40.233805265493814,67
LK1133160,Moratuwella North,2017,40.190961565838606,67
LK1133165,Moratuwella West,2014,38.6362814833393,20
LK1133165,Moratuwella West,2015,42.64400823649033,20
LK1133165,Moratuwella West,2016,39.01557826995851,20
LK1133165,Moratuwella West,2017,39.44816400891258,20
LK1133170,Koralawella North,2014,39.485703537194446,58
LK1133170,Koralawella North,2015,43.15669217450586,58
LK1133170,Koralawella North,2016,40.76840357370506,58
LK1133170,Koralawella North,2017,40.45065204775712,58
LK1133175,Koralawella East,2014,36.85236257571152,57
LK1133175,Koralawella East,2015,40.16632922482682,57
LK1133175,Koralawella East,2016,37.932545667416235,57
LK1133175,Koralawella East,2017,38.16495483321019,57
LK1133180,Koralawella West,2014,38.837331067835606,43
LK1133180,Koralawella West,2015,42.19591072965037,43
LK1133180,Koralawella West,2016,39.925806866207935,43
LK1133180,Koralawella West,2017,39.91486477625704,43
LK1133185,Koralawella South,2014,38.89240499160694,50
LK1133185,Koralawella South,2015,41.97540417070619,50
LK1133185,Koralawella South,2016,39.44932382852711,50
LK1133185,Koralawella South,2017,40.091181603850885,50
LK1133190,Katukurunda North,2014,38.72592503950001,59
LK1133190,Katukurunda North,2015,41.24652705270619,59
LK1133190,Katukurunda North,2016,38.91149514399113,59
LK1133190,Katukurunda North,2017,39.94833695533729,59
LK1133195,Katukurunda South,2014,38.936976859705055,66
LK1133195,Katukurunda South,2015,40.83505044804135,66
LK1133195,Katukurunda South,2016,38.796819784217476,66
LK1133195,Katukurunda South,2017,39.36140225097952,66
LK1133200,Egoda Uyana North,2014,37.854126481357994,70
LK1133200,Egoda Uyana North,2015,40.31417217631163,70
LK1133200,Egoda Uyana North,2016,38.23018630898274,70
LK1133200,Egoda Uyana North,2017,38.53684714209984,70
LK1133205,Egoda Uyana Central,2014,37.03482162966195,58
LK1133205,Egoda Uyana Central,2015,39.610705844980515,58
LK1133205,Egoda Uyana Central,2016,37.48964549010656,58
LK1133205,Egoda Uyana Central,2017,38.057857507184984,58
LK1133210,Egoda Uyana South,2014,38.21146658937833,67
LK1133210,Egoda Uyana South,2015,39.64003861774921,67
LK1133210,Egoda Uyana South,2016,37.74946221285974,67
LK1133210,Egoda Uyana South,2017,38.176063054533856,67
LK1136005,Pepiliyana West,2014,39.610644596770335,89
LK1136005,Pepiliyana West,2015,41.48635900744161,89
LK1136005,Pepiliyana West,2016,41.50038922662946,89
LK1136005,Pepiliyana West,2017,39.44854094306238,89
LK1136010,Pepiliyana East,2014,38.738639893503404,45
LK1136010,Pepiliyana East,2015,41.268978991505904,45
LK1136010,Pepiliyana East,2016,40.8816491391895,45
LK1136010,Pepiliyana East,2017,39.09920480126101,45
LK1136015,Divulpitiya East,2014,36.24370266563344,44
LK1136015,Divulpitiya East,2015,42.352213433203424,44
LK1136015,Divulpitiya East,2016,40.774849984780545,44
LK1136015,Divulpitiya East,2017,40.35519072228711,44
LK1136020,Divulpitiya West,2014,37.406934218125386,62
LK1136020,Divulpitiya West,2015,40.57583151640517,62
LK1136020,Divulpitiya West,2016,39.53237089581703,62
LK1136020,Divulpitiya West,2017,39.01173539811306,62
LK1136025,Bellanvila,2014,37.402400600513275,74
LK1136025,Bellanvila,2015,38.64506845687751,74
LK1136025,Bellanvila,2016,39.08413437176517,74
LK1136025,Bellanvila,2017,38.933120617773426,74
LK1136030,Boralesgamuwa West A,2014,35.91686469513625,99
LK1136030,Boralesgamuwa West A,2015,39.54911106444044,99
LK1136030,Boralesgamuwa West A,2016,38.521171290613,99
LK1136030,Boralesgamuwa West A,2017,38.82695897882102,99
LK1136035,Boralesgamuwa West C,2014,34.2023051471673,74
LK1136035,Boralesgamuwa West C,2015,37.98070926245207,74
LK1136035,Boralesgamuwa West C,2016,36.4256254399012,74
LK1136035,Boralesgamuwa West C,2017,36.55393979053438,74
LK1136040,Rattanapitiya,2014,36.442785722694374,92
LK1136040,Rattanapitiya,2015,41.00392530062125,92
LK1136040,Rattanapitiya,2016,39.97479206911902,92
LK1136040,Rattanapitiya,2017,38.910915613396426,92
LK1136045,Egodawatta,2014,37.065251821192504,48
LK1136045,Egodawatta,2015,42.64130443875142,48
LK1136045,Egodawatta,2016,40.25909065818009,48
LK1136045,Egodawatta,2017,39.66151200837853,48
LK1136050,Boralesgamuwa East A,2014,35.755519055857626,96
LK1136050,Boralesgamuwa East A,2015,41.755558955286716,96
LK1136050,Boralesgamuwa East A,2016,39.67525100669859,96
LK1136050,Boralesgamuwa East A,2017,39.397785435129215,96
LK1136055,Boralesgamuwa West B,2014,34.588239047010546,95
LK1136055,Boralesgamuwa West B,2015,38.42434016688109,95
LK1136055,Boralesgamuwa West B,2016,37.31342472581761,95
LK1136055,Boralesgamuwa West B,2017,37.67854084158558,95
LK1136060,Werahera North,2014,34.59425763639286,94
LK1136060,Werahera North,2015,39.72226086606813,94
LK1136060,Werahera North,2016,37.88649190082737,94
LK1136060,Werahera North,2017,37.97402665537925,94
LK1136065,Boralesgamuwa East B,2014,36.08912368046587,114
LK1136065,Boralesgamuwa East B,2015,42.072297733058036,114
LK1136065,Boralesgamuwa East B,2016,39.588836383223004,114
LK1136065,Boralesgamuwa East B,2017,39.3272785611191,114
LK1136070,Neelammahara,2014,35.428958838976854,78
LK1136070,Neelammahara,2015,41.31303873189808,78
LK1136070,Neelammahara,2016,39.41527037681606,78
LK1136070,Neelammahara,2017,38.65675634777172,78
LK1136075,Katuwawala North,2014,35.198943770227665,103
LK1136075,Katuwawala North,2015,42.109060952291706,103
LK1136075,Katuwawala North,2016,39.693880687472735,103
LK1136075,Katuwawala North,2017,39.120338280712154,103
LK1136080,Vishwakalawa,2014,37.3225489285937,37
LK1136080,Vishwakalawa,2015,41.8262959852088,37
LK1136080,Vishwakalawa,2016,39.629249380012595,37
LK1136080,Vishwakalawa,2017,40.152416047451034,37
LK1136085,Werahera South,2014,35.19086397310977,183
LK1136085,Werahera South,2015,38.74290965514986,183
LK1136085,Werahera South,2016,37.73214398066057,183
LK1136085,Werahera South,2017,37.673944060907765,183
LK1136090,Katuwawala South,2014,35.283309731272006,62
LK1136090,Katuwawala South,2015,41.118306587773425,62
LK1136090,Katuwawala South,2016,38.62783289621928,62
LK1136090,Katuwawala South,2017,38.79353025304478,62
LK1136095,Niwanthidiya,2014,34.75092307679561,100
LK1136095,Niwanthidiya,2015,39.62433025743873,100
LK1136095,Niwanthidiya,2016,37.53940498411779,100
LK1136095,Niwanthidiya,2017,35.90536604970318,100
LK1136100,Erewwala West,2014,35.8073704000735,158
LK1136100,Erewwala West,2015,40.588364893249725,158
LK1136100,Erewwala West,2016,38.99201007353921,158
LK1136100,Erewwala West,2017,37.925620765117614,158
LK1136105,Erewwala North,2014,35.733586619159304,149
LK1136105,Erewwala North,2015,39.49631904900846,149
LK1136105,Erewwala North,2016,37.95696794387194,149
LK1136105,Erewwala North,2017,36.58420493237289,149
LK1136110,Erewwala East,2014,35.759652675564915,89
LK1136110,Erewwala East,2015,39.49957186477743,89
LK1136110,Erewwala East,2016,38.08464505743805,89
LK1136110,Erewwala East,2017,36.92859383406693,89
LK1136115,Rathmaldeniya,2014,36.991872132040676,150
LK1136115,Rathmaldeniya,2015,40.58597067866421,150
LK1136115,Rathmaldeniya,2016,39.48355799275018,150
LK1136115,Rathmaldeniya,2017,37.03696078635396,150
LK1136120,Mahalwarawa,2014,35.569503714931045,98
LK1136120,Mahalwarawa,2015,41.002522995351256,98
LK1136120,Mahalwarawa,2016,38.87655821157316,98
LK1136120,Mahalwarawa,2017,36.84577160266546,98
LK1136125,Bangalawatta,2014,35.71493142919857,49
LK1136125,Bangalawatta,2015,41.688622448768655,49
LK1136125,Bangalawatta,2016,39.85721200781186,49
LK1136125,Bangalawatta,2017,37.94450037367744,49
LK1136130,Pelenwatta East,2014,35.66507050442384,145
LK1136130,Pelenwatta East,2015,39.99227176263735,145
LK1136130,Pelenwatta East,2016,37.744534678443564,145
LK1136130,Pelenwatta East,2017,36.261187880590946,145
LK1136135,Pelenwatta North,2014,36.01114834192488,156
LK1136135,Pelenwatta North,2015,39.93960715839043,156
LK1136135,Pelenwatta North,2016,37.52249484581117,156
LK1136135,Pelenwatta North,2017,36.22873265054988,156
LK1136140,Pelenwatta West,2014,36.4222372433705,178
LK1136140,Pelenwatta West,2015,39.336279931677566,178
LK1136140,Pelenwatta West,2016,38.17481302038125,178
LK1136140,Pelenwatta West,2017,36.791201456594614,178
LK1136145,Paligedara,2014,36.061136375138574,92
LK1136145,Paligedara,2015,40.54049428768191,92
LK1136145,Paligedara,2016,38.910464325207556,92
LK1136145,Paligedara,2017,38.05948798740316,92
LK1136150,Kaliyammahara,2014,35.87510427102157,76
LK1136150,Kaliyammahara,2015,39.559321528025826,76
LK1136150,Kaliyammahara,2016,38.10968024487724,76
LK1136150,Kaliyammahara,2017,36.28862564249045,76
LK1136155,Bokundara,2014,36.78562010997237,85
LK1136155,Bokundara,2015,40.97403530208216,85
LK1136155,Bokundara,2016,39.3246132391234,85
LK1136155,Bokundara,2017,37.265895736751254,85
LK1136160,Thumbovila South,2014,36.48584042173443,113
LK1136160,Thumbovila South,2015,39.48485789426124,113
LK1136160,Thumbovila South,2016,39.23084852471116,113
LK1136160,Thumbovila South,2017,37.339941131598735,113
LK1136165,Thumbovila North,2014,34.54415318072632,219
LK1136165,Thumbovila North,2015,38.3669593506839,219
LK1136165,Thumbovila North,2016,37.44063556416681,219
LK1136165,Thumbovila North,2017,36.98138768973326,219
LK1136170,Wewala West,2014,35.60159202716867,136
LK1136170,Wewala West,2015,39.0177371468854,136
LK1136170,Wewala West,2016,37.83171322377431,136
LK1136170,Wewala West,2017,37.46139788420304,136
LK1136175,Wewala East,2014,35.96903409773383,78
LK1136175,Wewala East,2015,39.577456176154996,78
LK1136175,Wewala East,2016,38.6491299698826,78
LK1136175,Wewala East,2017,38.07895854608234,78
LK1136180,Thumbovila West,2014,37.39679078546478,83
LK1136180,Thumbovila West,2015,41.82342682041475,83
LK1136180,Thumbovila West,2016,41.00671470107376,83
LK1136180,Thumbovila West,2017,38.623607464541855,83
LK1136185,Mampe North,2014,35.94643889825842,156
LK1136185,Mampe North,2015,40.528037547902386,156
LK1136185,Mampe North,2016,38.57058089149645,156
LK1136185,Mampe North,2017,36.97522370179883,156
LK1136190,Makuludoowa,2014,34.931126845426284,77
LK1136190,Makuludoowa,2015,40.59142112798495,77
LK1136190,Makuludoowa,2016,38.663211522435496,77
LK1136190,Makuludoowa,2017,37.314380947956266,77
LK1136195,Gorakapitiya,2014,36.05270121208909,61
LK1136195,Gorakapitiya,2015,39.562685949603996,61
LK1136195,Gorakapitiya,2016,37.27848030228234,61
LK1136195,Gorakapitiya,2017,35.95816596878463,61
LK1136200,Nampamunuwa,2014,35.52387698224769,111
LK1136200,Nampamunuwa,2015,39.787562280553786,111
LK1136200,Nampamunuwa,2016,37.40835464637013,111
LK1136200,Nampamunuwa,2017,36.099665723831286,111
LK1136205,Mavittara North,2014,36.26870287595143,86
LK1136205,Mavittara North,2015,41.26565122523575,86
LK1136205,Mavittara North,2016,39.24953789985428,86
LK1136205,Mavittara North,2017,37.48246073721446,86
LK1136210,Mampe East,2014,37.37660209014863,55
LK1136210,Mampe East,2015,40.752277168207755,55
LK1136210,Mampe East,2016,38.676215170120045,55
LK1136210,Mampe East,2017,37.53539628258146,55
LK1136215,Bodhirajapura,2014,38.88889606645492,18
LK1136215,Bodhirajapura,2015,43.97988068732503,18
LK1136215,Bodhirajapura,2016,42.08499213920602,18
LK1136215,Bodhirajapura,2017,41.43667238583009,18
LK1136220,Mampe West,2014,37.13865042880461,85
LK1136220,Mampe West,2015,41.476777957224186,85
LK1136220,Mampe West,2016,39.464209764092594,85
LK1136220,Mampe West,2017,37.75098933416239,85
LK1136225,Mampe South,2014,37.87085795433224,62
LK1136225,Mampe South,2015,41.00364417761545,62
LK1136225,Mampe South,2016,39.30379892639965,62
LK1136225,Mampe South,2017,39.48912990434435,62
LK1136230,Kolamunna,2014,36.462080854867295,111
LK1136230,Kolamunna,2015,40.01323837033613,111
LK1136230,Kolamunna,2016,38.75628626274395,111
LK1136230,Kolamunna,2017,38.74158474399798,111
LK1136235,Suwarapola East,2014,38.28834487148448,70
LK1136235,Suwarapola East,2015,42.3082162250908,70
LK1136235,Suwarapola East,2016,41.690633255384064,70
LK1136235,Suwarapola East,2017,39.82263222688657,70
LK1136240,Suwarapola West,2014,38.04729976264249,45
LK1136240,Suwarapola West,2015,41.18367158917996,45
LK1136240,Suwarapola West,2016,39.08864846958753,45
LK1136240,Suwarapola West,2017,39.001741729478255,45
LK1136245,Hedigama,2014,37.045796026231926,108
LK1136245,Hedigama,2015,39.89329368001419,108
LK1136245,Hedigama,2016,37.899072690036924,108
LK1136245,Hedigama,2017,37.62691738862824,108
LK1136250,Batakettara North,2014,35.136318205564116,163
LK1136250,Batakettara North,2015,39.43644210637365,163
LK1136250,Batakettara North,2016,36.879222396704826,163
LK1136250,Batakettara North,2017,37.435099316792886,163
LK1136255,Kesbewa North,2014,37.34226026246322,124
LK1136255,Kesbewa North,2015,40.58557550686722,124
LK1136255,Kesbewa North,2016,38.0579646268549,124
LK1136255,Kesbewa North,2017,37.41968973182763,124
LK1136260,Kesbewa East,2014,36.21244390363907,100
LK1136260,Kesbewa East,2015,40.17945649478251,100
LK1136260,Kesbewa East,2016,37.681451144541,100
LK1136260,Kesbewa East,2017,37.65054278849699,100
LK1136265,Mavittara South,2014,35.67055077956273,109
LK1136265,Mavittara South,2015,39.60273826800857,109
LK1136265,Mavittara South,2016,37.30888663750427,109
LK1136265,Mavittara South,2017,37.61593022419855,109
LK1136270,Honnanthara North,2014,34.83480136195181,118
LK1136270,Honnanthara North,2015,38.82093839533236,118
LK1136270,Honnanthara North,2016,36.711452980359596,118
LK1136270,Honnanthara North,2017,36.94959610814031,118
LK1136275,Honnanthara South,2014,36.01391912611415,149
LK1136275,Honnanthara South,2015,38.82049943325035,149
LK1136275,Honnanthara South,2016,37.096680612166615,149
LK1136275,Honnanthara South,2017,38.41544243303754,149
LK1136280,Makandana East,2014,37.30268767485321,143
LK1136280,Makandana East,2015,39.595322379711135,143
LK1136280,Makandana East,2016,37.564594940542975,143
LK1136280,Makandana East,2017,38.35904696941212,143
LK1136285,Kesbewa South,2014,37.304432177692014,205
LK1136285,Kesbewa South,2015,40.37325691328644,205
LK1136285,Kesbewa South,2016,38.53781497694714,205
LK1136285,Kesbewa South,2017,38.219870775572126,205
LK1136290,Batakettara South,2014,36.81509225105916,157
LK1136290,Batakettara South,2015,41.3928785655336,157
LK1136290,Batakettara South,2016,39.70435798824452,157
LK1136290,Batakettara South,2017,39.53176796824405,157
LK1136295,Madapatha,2014,34.886023203502475,221
LK1136295,Madapatha,2015,38.72945153159223,221
LK1136295,Madapatha,2016,36.86384726241658,221
LK1136295,Madapatha,2017,36.91248625725467,221
LK1136300,Delthara West,2014,37.252887017046866,51
LK1136300,Delthara West,2015,39.30761388253489,51
LK1136300,Delthara West,2016,37.99816966889005,51
LK1136300,Delthara West,2017,38.05109804337027,51
LK1136305,Delthara East,2014,34.070428528826675,167
LK1136305,Delthara East,2015,36.23559429247921,167
LK1136305,Delthara East,2016,34.53861163698884,167
LK1136305,Delthara East,2017,34.91194565781201,167
LK1136310,Dampe,2014,33.18682947155065,332
LK1136310,Dampe,2015,36.78177763922534,332
LK1136310,Dampe,2016,34.72875285001668,332
LK1136310,Dampe,2017,34.944018148480964,332
LK1136315,Makandana West,2014,35.94404270025005,137
LK1136315,Makandana West,2015,39.514493044318634,137
LK1136315,Makandana West,2016,37.187039154736986,137
LK1136315,Makandana West,2017,37.92592075488171,137
LK1136320,Nivungama,2014,35.97268235479027,50
LK1136320,Nivungama,2015,39.066917254635435,50
LK1136320,Nivungama,2016,38.01891930978316,50
LK1136320,Nivungama,2017,36.202134459573,50
LK1136325,Halpita,2014,34.911323953537966,306
LK1136325,Halpita,2015,37.71314518145645,306
LK1136325,Halpita,2016,36.0151473118656,306
LK1136325,Halpita,2017,36.33367006100603,306
LK1136330,Horathuduwa,2014,35.414376106617944,90
LK1136330,Horathuduwa,2015,37.74341290296595,90
LK1136330,Horathuduwa,2016,35.963915919693754,90
LK1136330,Horathuduwa,2017,37.94210808082552,90
LK1136335,Morenda,2014,33.84532092129972,93
LK1136335,Morenda,2015,36.80136475053808,93
LK1136335,Morenda,2016,35.54819139222027,93
LK1136335,Morenda,2017,34.39742219555257,93
LK1136340,Batuwandara North,2014,35.0813006408186,78
LK1136340,Batuwandara North,2015,38.66044211417058,78
LK1136340,Batuwandara North,2016,36.51560765607436,78
LK1136340,Batuwandara North,2017,36.46440289365118,78
LK1136345,Batuwandara South,2014,35.29279215755111,58
LK1136345,Batuwandara South,2015,38.971354959566085,58
LK1136345,Batuwandara South,2016,36.29714711006544,58
LK1136345,Batuwandara South,2017,36.616254565259936,58
LK1136350,Jamburaliya,2014,34.65691951231649,200
LK1136350,Jamburaliya,2015,38.2114852548825,200
LK1136350,Jamburaliya,2016,36.31190197360953,200
LK1136350,Jamburaliya,2017,35.925643568484276,200
LK1136355,Polhena,2014,34.48430823850836,83
LK1136355,Polhena,2015,39.5696700868911,83
LK1136355,Polhena,2016,37.62720840896285,83
LK1136355,Polhena,2017,35.948278605198794,83
LK1136360,Regidel Watta,2014,37.5568778816962,71
LK1136360,Regidel Watta,2015,39.911181240637916,71
LK1136360,Regidel Watta,2016,37.96028996311564,71
LK1136360,Regidel Watta,2017,37.21148686471244,71
LK1136365,Kahapola,2014,34.532796582031295,290
LK1136365,Kahapola,2015,36.36769878540483,290
LK1136365,Kahapola,2016,34.46782749588675,290
LK1136365,Kahapola,2017,33.98079516475007,290
LK1103005,Sammanthranapura,2018,42.128660712140864,33
LK1103005,Sammanthranapura,2019,41.768328918437206,33
LK1103005,Sammanthranapura,2020,39.958722452296804,33
LK1103005,Sammanthranapura,2021,40.713484526403974,33
LK1103010,Mattakkuliya,2018,41.3196946246101,267
LK1103010,Mattakkuliya,2019,40.99170586227054,267
LK1103010,Mattakkuliya,2020,39.19200903670399,267
LK1103010,Mattakkuliya,2021,39.748793205566386,267
LK1103015,Modara,2018,41.832314244585945,113
LK1103015,Modara,2019,41.95082540156995,113
LK1103015,Modara,2020,40.271481441974174,113
LK1103015,Modara,2021,40.72756048210674,113
LK1103020,Madampitiya,2018,42.26072665837807,42
LK1103020,Madampitiya,2019,41.97307258634414,42
LK1103020,Madampitiya,2020,39.6345370514384,42
LK1103020,Madampitiya,2021,39.397340255212455,42
LK1103025,Mahawatta,2018,42.515514937895986,75
LK1103025,Mahawatta,2019,42.60879781611304,75
LK1103025,Mahawatta,2020,40.24849432455903,75
LK1103025,Mahawatta,2021,40.49204396270556,75
LK1103030,Aluthmawatha,2018,41.55823416458932,93
LK1103030,Aluthmawatha,2019,41.75821477215859,93
LK1103030,Aluthmawatha,2020,39.9654873863531,93
LK1103030,Aluthmawatha,2021,40.4797889710372,93
LK1103035,Lunupokuna,2018,41.9456771084734,190
LK1103035,Lunupokuna,2019,42.057725383543335,190
LK1103035,Lunupokuna,2020,40.70099863408057,190
LK1103035,Lunupokuna,2021,41.037390636194374,190
LK1103040,Bloemendhal,2018,43.452244535182714,132
LK1103040,Bloemendhal,2019,43.29975242726672,132
LK1103040,Bloemendhal,2020,40.81998338880146,132
LK1103040,Bloemendhal,2021,41.41014603365985,132
LK1103045,Kotahena East,2018,43.33521165612047,53
LK1103045,Kotahena East,2019,43.13571204663124,53
LK1103045,Kotahena East,2020,42.298875599076815,53
LK1103045,Kotahena East,2021,41.90843465707556,53
LK1103050,Kotahena West,2018,42.99692474039224,44
LK1103050,Kotahena West,2019,43.16142974668026,44
LK1103050,Kotahena West,2020,41.74958287849875,44
LK1103050,Kotahena West,2021,41.914279487606116,44
LK1103055,Kochchikade North,2018,43.31142360310281,34
LK1103055,Kochchikade North,2019,42.69895135943498,34
LK1103055,Kochchikade North,2020,41.79878595097975,34
LK1103055,Kochchikade North,2021,42.026008785105994,34
LK1103060,Jinthupitiya,2018,43.900946474433,34
LK1103060,Jinthupitiya,2019,42.887465290622295,34
LK1103060,Jinthupitiya,2020,41.26328672084516,34
LK1103060,Jinthupitiya,2021,41.89012774675674,34
LK1103065,Masangasweediya,2018,43.93492608695158,43
LK1103065,Masangasweediya,2019,43.31732875001884,43
LK1103065,Masangasweediya,2020,41.79707602664831,43
LK1103065,Masangasweediya,2021,41.96305568419978,43
LK1103070,New Bazaar,2018,45.29962785202766,72
LK1103070,New Bazaar,2019,44.93322479068065,72
LK1103070,New Bazaar,2020,44.157869614197246,72
LK1103070,New Bazaar,2021,43.61508386919812,72
LK1103075,Grandpass South,2018,44.66581151116052,85
LK1103075,Grandpass South,2019,43.89756494151072,85
LK1103075,Grandpass South,2020,42.08283175278107,85
LK1103075,Grandpass South,2021,42.20717024288639,85
LK1103080,Grandpass North,2018,44.44990942568625,47
LK1103080,Grandpass North,2019,44.28089204357927,47
LK1103080,Grandpass North,2020,42.10701634078944,47
LK1103080,Grandpass North,2021,42.83502828375965,47
LK1103085,Nawagampura,2018,45.41914417347454,26
LK1103085,Nawagampura,2019,44.14765636938629,26
LK1103085,Nawagampura,2020,42.12437507590181,26
LK1103085,Nawagampura,2021,42.650854234896954,26
LK1103090,Maligawatta East,2018,43.199870430818194,81
LK1103090,Maligawatta East,2019,43.08531973090295,81
LK1103090,Maligawatta East,2020,40.349582336065374,81
LK1103090,Maligawatta East,2021,40.686820895977,81
LK1103095,Khettarama,2018,43.62273612871562,52
LK1103095,Khettarama,2019,42.89764485859979,52
LK1103095,Khettarama,2020,40.963060265371254,52
LK1103095,Khettarama,2021,41.067250311429085,52
LK1103100,Aluthkade East,2018,44.99996945163144,45
LK1103100,Aluthkade East,2019,43.07878075086536,45
LK1103100,Aluthkade East,2020,43.56974613469653,45
LK1103100,Aluthkade East,2021,41.92746478537513,45
LK1103105,Aluthkade West,2018,44.28919360817983,28
LK1103105,Aluthkade West,2019,42.14413453350548,28
LK1103105,Aluthkade West,2020,41.11511555439285,28
LK1103105,Aluthkade West,2021,41.52704930806361,28
LK1103110,Kochchikade South,2018,43.60027295250267,39
LK1103110,Kochchikade South,2019,42.61967042208648,39
LK1103110,Kochchikade South,2020,41.61962395619664,39
LK1103110,Kochchikade South,2021,42.015153434093655,39
LK1103115,Pettah,2018,43.75205608954564,131
LK1103115,Pettah,2019,43.168635705814694,131
LK1103115,Pettah,2020,41.837384449142725,131
LK1103115,Pettah,2021,42.23344124181996,131
LK1103120,Fort,2018,37.4973017632003,887
LK1103120,Fort,2019,40.00455969061103,887
LK1103120,Fort,2020,38.71341831550837,887
LK1103120,Fort,2021,38.05160741634528,887
LK1103125,Galle Face,2018,40.44630398880553,91
LK1103125,Galle Face,2019,39.34789772124488,91
LK1103125,Galle Face,2020,39.55812619989804,91
LK1103125,Galle Face,2021,39.14505420552082,91
LK1103130,Slave Island,2018,42.41994123601386,22
LK1103130,Slave Island,2019,41.41558989338321,22
LK1103130,Slave Island,2020,44.5785728588439,22
LK1103130,Slave Island,2021,41.67516270142395,22
LK1103135,Hunupitiya,2018,41.75487059012641,102
LK1103135,Hunupitiya,2019,41.23114836595265,102
LK1103135,Hunupitiya,2020,42.82754968517782,102
LK1103135,Hunupitiya,2021,40.900486854868745,102
LK1103140,Suduwella,2018,41.70058240069225,119
LK1103140,Suduwella,2019,41.18471413321476,119
LK1103140,Suduwella,2020,40.728198083631334,119
LK1103140,Suduwella,2021,40.05469905791795,119
LK1103145,Keselwatta,2018,43.798519549268555,46
LK1103145,Keselwatta,2019,42.34791004349733,46
LK1103145,Keselwatta,2020,41.84761470551683,46
LK1103145,Keselwatta,2021,41.455138144757804,46
LK1103150,Panchikawatta,2018,44.45591324821618,37
LK1103150,Panchikawatta,2019,42.95088695324466,37
LK1103150,Panchikawatta,2020,42.67433066515145,37
LK1103150,Panchikawatta,2021,41.427992231870356,37
LK1103155,Maligawatta West,2018,43.434807037549106,46
LK1103155,Maligawatta West,2019,43.079018823792175,46
LK1103155,Maligawatta West,2020,41.90363034714222,46
LK1103155,Maligawatta West,2021,41.32197370453666,46
LK1103160,Maligakanda,2018,43.736591997260824,34
LK1103160,Maligakanda,2019,42.74998368189007,34
LK1103160,Maligakanda,2020,41.21716691276984,34
LK1103160,Maligakanda,2021,41.46062102360639,34
LK1103165,Maradana,2018,43.445849563562106,36
LK1103165,Maradana,2019,43.20704833357609,36
LK1103165,Maradana,2020,41.234459698364915,36
LK1103165,Maradana,2021,42.01582278035407,36
LK1103170,Ibbanwala,2018,42.792702084194005,106
LK1103170,Ibbanwala,2019,41.6757177913261,106
LK1103170,Ibbanwala,2020,41.285492489448394,106
LK1103170,Ibbanwala,2021,41.12440877324353,106
LK1103175,Wekanda,2018,41.094096491990086,51
LK1103175,Wekanda,2019,39.740761633611676,51
LK1103175,Wekanda,2020,38.40490621280894,51
LK1103175,Wekanda,2021,39.87148038922204,51
LK1106005,Wadulla,2018,42.912047644066334,72
LK1106005,Wadulla,2019,43.01044241033103,72
LK1106005,Wadulla,2020,41.4608619590928,72
LK1106005,Wadulla,2021,41.26872174117835,72
LK1106010,Sedawatta,2018,41.20722722164156,84
LK1106010,Sedawatta,2019,40.811155188212915,84
LK1106010,Sedawatta,2020,39.20564161859136,84
LK1106010,Sedawatta,2021,39.479535953347465,84
LK1106015,Halmulla,2018,39.578742556977154,59
LK1106015,Halmulla,2019,38.36122393587062,59
LK1106015,Halmulla,2020,36.17910101450414,59
LK1106015,Halmulla,2021,37.922310344333745,59
LK1106020,Kotuvila,2018,41.268813346692674,75
LK1106020,Kotuvila,2019,40.876330433004895,75
LK1106020,Kotuvila,2020,39.12004248570361,75
LK1106020,Kotuvila,2021,39.7307009682156,75
LK1106025,Veheragoda,2018,41.69900034412567,30
LK1106025,Veheragoda,2019,41.108324477971,30
LK1106025,Veheragoda,2020,39.8518210014981,30
LK1106025,Veheragoda,2021,39.354072660840195,30
LK1106030,Orugodawatta,2018,46.114452143636036,62
LK1106030,Orugodawatta,2019,45.17690325842426,62
LK1106030,Orugodawatta,2020,41.79934152571417,62
LK1106030,Orugodawatta,2021,42.82458454051862,62
LK1106035,Meethotamulla,2018,43.21182882294451,69
LK1106035,Meethotamulla,2019,43.23369844019274,69
LK1106035,Meethotamulla,2020,39.67725555255267,69
LK1106035,Meethotamulla,2021,41.091311513987456,69
LK1106040,Welewatta,2018,40.09945371170045,80
LK1106040,Welewatta,2019,40.20004811477663,80
LK1106040,Welewatta,2020,37.3091654080709,80
LK1106040,Welewatta,2021,38.32181860758465,80
LK1106045,Kittampahuwa,2018,41.83713720651892,87
LK1106045,Kittampahuwa,2019,40.770793246912255,87
LK1106045,Kittampahuwa,2020,38.071097035361426,87
LK1106045,Kittampahuwa,2021,39.268468364800626,87
LK1106050,Wennawatta,2018,41.092885287570496,94
LK1106050,Wennawatta,2019,39.55610915973483,94
LK1106050,Wennawatta,2020,38.01445807146817,94
LK1106050,Wennawatta,2021,38.22544423379098,94
LK1106055,Maha Buthgamuwa B,2018,40.66357329309251,88
LK1106055,Maha Buthgamuwa B,2019,39.101410601058014,88
LK1106055,Maha Buthgamuwa B,2020,39.04883461055895,88
LK1106055,Maha Buthgamuwa B,2021,37.75423474612954,88
LK1106060,Kuda Buthgamuwa,2018,41.59140097556997,82
LK1106060,Kuda Buthgamuwa,2019,40.19894278099993,82
LK1106060,Kuda Buthgamuwa,2020,39.616207247391436,82
LK1106060,Kuda Buthgamuwa,2021,39.23907025797769,82
LK1106065,Kelanimulla,2018,38.4989448442308,194
LK1106065,Kelanimulla,2019,36.99211962031408,194
LK1106065,Kelanimulla,2020,36.925440042469624,194
LK1106065,Kelanimulla,2021,36.752024397892946,194
LK1106070,Ambathale,2018,38.201944160644196,133
LK1106070,Ambathale,2019,37.63274542429714,133
LK1106070,Ambathale,2020,37.85916739008216,133
LK1106070,Ambathale,2021,39.00122140577626,133
LK1106075,Mulleriyawa North,2018,38.69289063664443,154
LK1106075,Mulleriyawa North,2019,37.15932433346085,154
LK1106075,Mulleriyawa North,2020,38.040304804491306,154
LK1106075,Mulleriyawa North,2021,37.70820848936131,154
LK1106080,Belagama,2018,40.371808794531745,61
LK1106080,Belagama,2019,40.53612812843013,61
LK1106080,Belagama,2020,39.42749286018356,61
LK1106080,Belagama,2021,39.9564333444018,61
LK1106085,Kotikawatta East,2018,40.925704650801705,73
LK1106085,Kotikawatta East,2019,39.78056409680569,73
LK1106085,Kotikawatta East,2020,40.10977756361818,73
LK1106085,Kotikawatta East,2021,39.50687928645791,73
LK1106090,Maha Buthgamuwa A,2018,42.05409217081363,57
LK1106090,Maha Buthgamuwa A,2019,40.88076269064273,57
LK1106090,Maha Buthgamuwa A,2020,40.16707618436345,57
LK1106090,Maha Buthgamuwa A,2021,39.49730170998072,57
LK1106095,Maha Buthgamuwa C,2018,43.74537699195356,74
LK1106095,Maha Buthgamuwa C,2019,42.50359444796501,74
LK1106095,Maha Buthgamuwa C,2020,41.87813388985099,74
LK1106095,Maha Buthgamuwa C,2021,40.821423521796255,74
LK1106100,Wellampitiya,2018,41.25153870091794,34
LK1106100,Wellampitiya,2019,41.527915749596374,34
LK1106100,Wellampitiya,2020,38.200659692997796,34
LK1106100,Wellampitiya,2021,39.53904707506703,34
LK1106105,Kuruniyawatta,2018,42.985395072763914,57
LK1106105,Kuruniyawatta,2019,43.426117073610726,57
LK1106105,Kuruniyawatta,2020,40.437744079330216,57
LK1106105,Kuruniyawatta,2021,40.54172626650398,57
LK1106110,Kolonnawa,2018,44.09181985005352,43
LK1106110,Kolonnawa,2019,44.169749031259286,43
LK1106110,Kolonnawa,2020,39.856770508008395,43
LK1106110,Kolonnawa,2021,42.11238326163499,43
LK1106115,Dahampura,2018,43.24819162945415,54
LK1106115,Dahampura,2019,43.705389310777655,54
LK1106115,Dahampura,2020,40.073661715854975,54
LK1106115,Dahampura,2021,40.36283627332644,54
LK1106120,Singhapura,2018,42.077564292037565,42
LK1106120,Singhapura,2019,41.53653980484142,42
LK1106120,Singhapura,2020,37.7836922799733,42
LK1106120,Singhapura,2021,40.34084971968959,42
LK1106125,Megoda Kolonnawa,2018,43.12489251062765,78
LK1106125,Megoda Kolonnawa,2019,42.38095574136689,78
LK1106125,Megoda Kolonnawa,2020,39.01170759664309,78
LK1106125,Megoda Kolonnawa,2021,40.90532190902217,78
LK1106130,Bopetta,2018,43.03489294906556,44
LK1106130,Bopetta,2019,42.707326214276826,44
LK1106130,Bopetta,2020,40.72453529429175,44
LK1106130,Bopetta,2021,40.7612942586587,44
LK1106135,Batalandahena,2018,43.52708675194709,60
LK1106135,Batalandahena,2019,41.38885320521092,60
LK1106135,Batalandahena,2020,41.246792894555355,60
LK1106135,Batalandahena,2021,40.365304417827964,60
LK1106140,Kotikawatta West,2018,41.48325960418181,46
LK1106140,Kotikawatta West,2019,39.61700773809833,46
LK1106140,Kotikawatta West,2020,38.93369408858348,46
LK1106140,Kotikawatta West,2021,39.61267900527632,46
LK1106145,Mulleriyawa South,2018,39.61448881731254,104
LK1106145,Mulleriyawa South,2019,38.54861974531429,104
LK1106145,Mulleriyawa South,2020,38.9074669352017,104
LK1106145,Mulleriyawa South,2021,38.75505444094807,104
LK1106150,Malgama,2018,38.7653394846614,125
LK1106150,Malgama,2019,37.72266815992072,125
LK1106150,Malgama,2020,37.95924071109206,125
LK1106150,Malgama,2021,38.367700100130385,125
LK1106155,Udumulla North,2018,38.4327255302452,112
LK1106155,Udumulla North,2019,37.723499045075705,112
LK1106155,Udumulla North,2020,38.123083136999355,112
LK1106155,Udumulla North,2021,38.06786016539696,112
LK1106160,Maligagodella,2018,39.7253149633107,73
LK1106160,Maligagodella,2019,37.6431033370793,73
LK1106160,Maligagodella,2020,37.7243950239046,73
LK1106160,Maligagodella,2021,38.647381937305056,73
LK1106165,Rajasinghagama,2018,39.96799010283221,224
LK1106165,Rajasinghagama,2019,38.41027246751588,224
LK1106165,Rajasinghagama,2020,38.550263580314216,224
LK1106165,Rajasinghagama,2021,39.92424296480409,224
LK1106170,Udumulla South,2018,38.858145537752264,62
LK1106170,Udumulla South,2019,38.99019244002274,62
LK1106170,Udumulla South,2020,39.774253871907504,62
LK1106170,Udumulla South,2021,38.695761012697346,62
LK1106175,Himbutana East,2018,39.14703632288417,88
LK1106175,Himbutana East,2019,38.29334823555157,88
LK1106175,Himbutana East,2020,39.05362131896847,88
LK1106175,Himbutana East,2021,38.25649749613881,88
LK1106180,Himbutana West,2018,39.471622104779705,65
LK1106180,Himbutana West,2019,37.4586533961175,65
LK1106180,Himbutana West,2020,39.53068298708137,65
LK1106180,Himbutana West,2021,38.858509821262736,65
LK1106185,Malpura,2018,40.91570496072248,128
LK1106185,Malpura,2019,38.668727896536836,128
LK1106185,Malpura,2020,37.765012321049255,128
LK1106185,Malpura,2021,38.148332224276146,128
LK1106190,Gothatuwa New Town,2018,42.80675184951074,39
LK1106190,Gothatuwa New Town,2019,41.117786280633204,39
LK1106190,Gothatuwa New Town,2020,39.9166323052745,39
LK1106190,Gothatuwa New Town,2021,40.38699687529388,39
LK1106195,Kajugahawatta,2018,45.94397537097488,41
LK1106195,Kajugahawatta,2019,43.658545092973156,41
LK1106195,Kajugahawatta,2020,42.75960417958324,41
LK1106195,Kajugahawatta,2021,41.881173671347945,41
LK1106200,Gothatuwa,2018,37.77085281250653,95
LK1106200,Gothatuwa,2019,36.73880713627286,95
LK1106200,Gothatuwa,2020,36.5282108903783,95
LK1106200,Gothatuwa,2021,35.268795715569546,95
LK1106205,Salamulla,2018,40.105698943738794,72
LK1106205,Salamulla,2019,39.116260025839814,72
LK1106205,Salamulla,2020,35.82332377873356,72
LK1106205,Salamulla,2021,38.066746721815235,72
LK1106210,Wijayapura,2018,40.68135753447567,47
LK1106210,Wijayapura,2019,40.62707087626696,47
LK1106210,Wijayapura,2020,37.06029608556928,47
LK1106210,Wijayapura,2021,38.818845404979335,47
LK1106215,Gajabapura,2018,42.60709642611784,91
LK1106215,Gajabapura,2019,42.977279217031445,91
LK1106215,Gajabapura,2020,39.27367436306317,91
LK1106215,Gajabapura,2021,40.852377419468,91
LK1106220,Madinnagoda,2018,39.29677543938661,94
LK1106220,Madinnagoda,2019,37.636729632015665,94
LK1106220,Madinnagoda,2020,37.31504576370128,94
LK1106220,Madinnagoda,2021,36.897561678558574,94
LK1106225,Elhena,2018,44.0530192569218,35
LK1106225,Elhena,2019,41.50778900829336,35
LK1106225,Elhena,2020,40.63882735040894,35
LK1106225,Elhena,2021,39.87434605833417,35
LK1106230,Dodamgahahena,2018,44.9138493485799,53
LK1106230,Dodamgahahena,2019,42.41777878791149,53
LK1106230,Dodamgahahena,2020,41.68325051623228,53
LK1106230,Dodamgahahena,2021,42.344774981288545,53
LK1109005,Welivita,2018,38.142260210111075,223
LK1109005,Welivita,2019,36.59323881177919,223
LK1109005,Welivita,2020,37.11017288617584,223
LK1109005,Welivita,2021,37.05596396973081,223
LK1109010,Raggahawatta,2018,39.16493495361229,175
LK1109010,Raggahawatta,2019,37.48016841095306,175
LK1109010,Raggahawatta,2020,38.04107062809036,175
LK1109010,Raggahawatta,2021,37.68116896947665,175
LK1109015,Hewagama,2018,39.36073945388552,138
LK1109015,Hewagama,2019,39.90743959041474,138
LK1109015,Hewagama,2020,41.30268962028559,138
LK1109015,Hewagama,2021,37.4953745408353,138
LK1109020,Kaduwela,2018,40.71414067309643,222
LK1109020,Kaduwela,2019,38.22880384614567,222
LK1109020,Kaduwela,2020,40.40877184681893,222
LK1109020,Kaduwela,2021,38.37076350116542,222
LK1109025,Pahala Bomiriya A,2018,38.63968854120838,280
LK1109025,Pahala Bomiriya A,2019,36.046722516713295,280
LK1109025,Pahala Bomiriya A,2020,37.82183949755201,280
LK1109025,Pahala Bomiriya A,2021,36.28540697345046,280
LK1109030,Ihala Bomiriya,2018,39.114218134912484,169
LK1109030,Ihala Bomiriya,2019,37.01970209597765,169
LK1109030,Ihala Bomiriya,2020,37.77548648354634,169
LK1109030,Ihala Bomiriya,2021,36.8979268142343,169
LK1109035,Wekewatta,2018,37.81737397218362,171
LK1109035,Wekewatta,2019,37.252043732248396,171
LK1109035,Wekewatta,2020,38.08949188690743,171
LK1109035,Wekewatta,2021,35.529108557173615,171
LK1109040,Nawagamuwa,2018,38.50261259600629,306
LK1109040,Nawagamuwa,2019,36.93635769270046,306
LK1109040,Nawagamuwa,2020,39.863977806336955,306
LK1109040,Nawagamuwa,2021,36.907059599946294,306
LK1109045,Pahala Bomiriya B,2018,39.17842012244452,233
LK1109045,Pahala Bomiriya B,2019,36.152408350780306,233
LK1109045,Pahala Bomiriya B,2020,38.53071010018485,233
LK1109045,Pahala Bomiriya B,2021,37.090659370119056,233
LK1109050,Welihinda,2018,37.62156207668091,142
LK1109050,Welihinda,2019,35.46924097113748,142
LK1109050,Welihinda,2020,37.44112723876653,142
LK1109050,Welihinda,2021,35.47053944930766,142
LK1109055,Kothalawala,2018,40.27959918057601,236
LK1109055,Kothalawala,2019,38.41739960337009,236
LK1109055,Kothalawala,2020,40.67086814923868,236
LK1109055,Kothalawala,2021,38.21712115511702,236
LK1109060,Mahadeniya,2018,38.576738950774995,318
LK1109060,Mahadeniya,2019,36.77981742858322,318
LK1109060,Mahadeniya,2020,38.173942598961546,318
LK1109060,Mahadeniya,2021,37.465635621447994,318
LK1109065,Thalahena North,2018,40.80789068165186,77
LK1109065,Thalahena North,2019,38.305150912318446,77
LK1109065,Thalahena North,2020,38.99946862843624,77
LK1109065,Thalahena North,2021,39.69940366460701,77
LK1109070,Malabe North,2018,40.23192155833109,260
LK1109070,Malabe North,2019,38.021017214396494,260
LK1109070,Malabe North,2020,40.45378491229709,260
LK1109070,Malabe North,2021,38.826954608851395,260
LK1109075,Thunadahena,2018,38.18639955022275,346
LK1109075,Thunadahena,2019,37.05342893067475,346
LK1109075,Thunadahena,2020,40.01774483478754,346
LK1109075,Thunadahena,2021,36.65301538968077,346
LK1109080,Korathota,2018,37.820744767163866,604
LK1109080,Korathota,2019,35.771337023029616,604
LK1109080,Korathota,2020,38.928213858446725,604
LK1109080,Korathota,2021,36.18481660582236,604
LK1109085,Nawagamuwa South,2018,38.0939897172011,226
LK1109085,Nawagamuwa South,2019,36.06780855654204,226
LK1109085,Nawagamuwa South,2020,38.65557628243324,226
LK1109085,Nawagamuwa South,2021,36.440797207762195,226
LK1109090,Batewela,2018,37.23555161746817,223
LK1109090,Batewela,2019,35.8860415546388,223
LK1109090,Batewela,2020,37.2990781269893,223
LK1109090,Batewela,2021,34.93436325886905,223
LK1109095,Ranala,2018,38.9843634910579,272
LK1109095,Ranala,2019,37.350489928734646,272
LK1109095,Ranala,2020,38.94588936286254,272
LK1109095,Ranala,2021,37.12708707914805,272
LK1109100,Dedigamuwa,2018,36.01625058239077,242
LK1109100,Dedigamuwa,2019,35.18758287553719,242
LK1109100,Dedigamuwa,2020,36.989484594210936,242
LK1109100,Dedigamuwa,2021,35.50831176540562,242
LK1109105,Embilladeniya,2018,37.191573618314536,124
LK1109105,Embilladeniya,2019,35.39187150012731,124
LK1109105,Embilladeniya,2020,35.96616952264954,124
LK1109105,Embilladeniya,2021,35.256917388987716,124
LK1109110,Welipillewa,2018,37.334125340608914,155
LK1109110,Welipillewa,2019,35.966338519084516,155
LK1109110,Welipillewa,2020,35.104207469142864,155
LK1109110,Welipillewa,2021,35.65029978537769,155
LK1109115,Shanthalokagama,2018,38.61409624088712,290
LK1109115,Shanthalokagama,2019,36.82015333733384,290
LK1109115,Shanthalokagama,2020,40.16305884469497,290
LK1109115,Shanthalokagama,2021,38.144636622779814,290
LK1109120,Pore,2018,38.06311574106838,249
LK1109120,Pore,2019,36.8926579136073,249
LK1109120,Pore,2020,40.15110566170733,249
LK1109120,Pore,2021,36.76394406077652,249
LK1109125,Malabe East,2018,40.19022732764929,260
LK1109125,Malabe East,2019,37.58169946201839,260
LK1109125,Malabe East,2020,39.43058458649351,260
LK1109125,Malabe East,2021,38.252368635281975,260
LK1109130,Malabe West,2018,39.73978341826887,181
LK1109130,Malabe West,2019,37.71449226444666,181
LK1109130,Malabe West,2020,37.104795811241374,181
LK1109130,Malabe West,2021,38.88873415552988,181
LK1109135,Thalangama North B,2018,40.23066423883521,120
LK1109135,Thalangama North B,2019,38.113373664942834,120
LK1109135,Thalangama North B,2020,32.2538500949533,120
LK1109135,Thalangama North B,2021,39.047264477694796,120
LK1109140,Thalahena South,2018,40.85615041998039,75
LK1109140,Thalahena South,2019,38.586363989701034,75
LK1109140,Thalahena South,2020,39.89217209848105,75
LK1109140,Thalahena South,2021,39.77181522647216,75
LK1109145,Muttettugoda,2018,40.52851354624493,166
LK1109145,Muttettugoda,2019,38.61570991992752,166
LK1109145,Muttettugoda,2020,36.47824349751819,166
LK1109145,Muttettugoda,2021,39.2451139747805,166
LK1109150,Thalangama North A,2018,40.01150583979805,220
LK1109150,Thalangama North A,2019,39.448977152672775,220
LK1109150,Thalangama North A,2020,38.20988698862753,220
LK1109150,Thalangama North A,2021,40.43681454608629,220
LK1109155,Walpola,2018,41.832024096104476,186
LK1109155,Walpola,2019,38.81075585331867,186
LK1109155,Walpola,2020,35.887269679998475,186
LK1109155,Walpola,2021,39.84625129129419,186
LK1109160,Kalapaluwawa,2018,41.815604997337104,134
LK1109160,Kalapaluwawa,2019,39.51799424050276,134
LK1109160,Kalapaluwawa,2020,35.92967848502839,134
LK1109160,Kalapaluwawa,2021,39.58777841682639,134
LK1109165,Kotuwegoda,2018,38.988236399463084,82
LK1109165,Kotuwegoda,2019,37.11262757160628,82
LK1109165,Kotuwegoda,2020,35.60501577896294,82
LK1109165,Kotuwegoda,2021,36.729921462567184,82
LK1109170,Subhoothipura,2018,40.393494006318015,113
LK1109170,Subhoothipura,2019,39.06278965342325,113
LK1109170,Subhoothipura,2020,35.81424648763448,113
LK1109170,Subhoothipura,2021,39.31185225240689,113
LK1109175,Udumulla,2018,44.70455460632446,66
LK1109175,Udumulla,2019,40.34292775957457,66
LK1109175,Udumulla,2020,33.73283061514988,66
LK1109175,Udumulla,2021,43.283240155599664,66
LK1109180,Battaramulla North,2018,42.39279918755135,79
LK1109180,Battaramulla North,2019,40.04063424227485,79
LK1109180,Battaramulla North,2020,40.549093531042885,79
LK1109180,Battaramulla North,2021,43.28878597189668,79
LK1109185,Batapotha,2018,40.245626693289935,163
LK1109185,Batapotha,2019,38.75586801548068,163
LK1109185,Batapotha,2020,37.01158044407037,163
LK1109185,Batapotha,2021,39.167667236762846,163
LK1109190,Pothuarawa,2018,39.586282151843314,243
LK1109190,Pothuarawa,2019,37.36497682723458,243
LK1109190,Pothuarawa,2020,35.13735867499445,243
LK1109190,Pothuarawa,2021,38.223499287374295,243
LK1109195,Hokandara North,2018,40.858795665949934,206
LK1109195,Hokandara North,2019,37.12199135482878,206
LK1109195,Hokandara North,2020,40.59665180817619,206
LK1109195,Hokandara North,2021,38.61860642068362,206
LK1109200,Oruwala,2018,38.47478757801713,229
LK1109200,Oruwala,2019,35.805499108407226,229
LK1109200,Oruwala,2020,38.39790171640291,229
LK1109200,Oruwala,2021,37.86018082689741,229
LK1109205,Athurugiriya,2018,38.30577791153923,250
LK1109205,Athurugiriya,2019,36.09173450200215,250
LK1109205,Athurugiriya,2020,37.05802286893672,250
LK1109205,Athurugiriya,2021,37.890568671890996,250
LK1109210,Thaldiyawala,2018,38.66908954786939,214
LK1109210,Thaldiyawala,2019,36.60553645137392,214
LK1109210,Thaldiyawala,2020,37.37473704549655,214
LK1109210,Thaldiyawala,2021,36.77185463813389,214
LK1109215,Boralugoda,2018,38.64363187157005,160
LK1109215,Boralugoda,2019,35.85997412735782,160
LK1109215,Boralugoda,2020,38.92745593112273,160
LK1109215,Boralugoda,2021,36.978256376358644,160
LK1109220,Hokandara East,2018,39.16514280379925,236
LK1109220,Hokandara East,2019,35.847976269605724,236
LK1109220,Hokandara East,2020,37.91899384431673,236
LK1109220,Hokandara East,2021,37.64345799500756,236
LK1109225,Arangala,2018,40.84766990216558,158
LK1109225,Arangala,2019,37.06978690577294,158
LK1109225,Arangala,2020,40.08427029633581,158
LK1109225,Arangala,2021,38.46072850806244,158
LK1109230,Evarihena,2018,37.908008129094135,119
LK1109230,Evarihena,2019,36.678896935501314,119
LK1109230,Evarihena,2020,36.87278321633461,119
LK1109230,Evarihena,2021,37.36395840354574,119
LK1109235,Kumaragewatta,2018,39.5935478517353,272
LK1109235,Kumaragewatta,2019,38.17173417055534,272
LK1109235,Kumaragewatta,2020,38.57844806239083,272
LK1109235,Kumaragewatta,2021,38.81751550756018,272
LK1109240,Jayawadanagama,2018,43.505218640269845,21
LK1109240,Jayawadanagama,2019,39.27499413074263,21
LK1109240,Jayawadanagama,2020,42.13736469857644,21
LK1109240,Jayawadanagama,2021,42.22563857520186,21
LK1109245,Aruppitiya,2018,40.555271413662744,73
LK1109245,Aruppitiya,2019,38.39777170364156,73
LK1109245,Aruppitiya,2020,37.21921165177825,73
LK1109245,Aruppitiya,2021,39.629674114623974,73
LK1109250,Asiri Uyana,2018,41.667534598352105,80
LK1109250,Asiri Uyana,2019,39.584491016813224,80
LK1109250,Asiri Uyana,2020,39.75596307002367,80
LK1109250,Asiri Uyana,2021,40.85037257748317,80
LK1109255,Battaramulla South,2018,43.04103196075345,85
LK1109255,Battaramulla South,2019,39.136145083508154,85
LK1109255,Battaramulla South,2020,38.11468315877886,85
LK1109255,Battaramulla South,2021,40.647312395340975,85
LK1109260,Rajamalwatta,2018,39.22393733017658,105
LK1109260,Rajamalwatta,2019,37.44967116128596,105
LK1109260,Rajamalwatta,2020,36.17411044277398,105
LK1109260,Rajamalwatta,2021,38.54059427902972,105
LK1109265,Pahalawela,2018,39.819191806546634,233
LK1109265,Pahalawela,2019,38.07550223494845,233
LK1109265,Pahalawela,2020,38.5711687807701,218
LK1109265,Pahalawela,2021,38.43294171450507,233
LK1109270,Wickramasinghapura,2018,39.735961595450675,89
LK1109270,Wickramasinghapura,2019,38.56964054768353,89
LK1109270,Wickramasinghapura,2020,37.74018343158628,85
LK1109270,Wickramasinghapura,2021,39.25161068843152,89
LK1109275,Wellangiriya,2018,40.70945363807737,138
LK1109275,Wellangiriya,2019,37.59479474649683,138
LK1109275,Wellangiriya,2020,33.58362994555485,138
LK1109275,Wellangiriya,2021,38.48127715679075,138
LK1109280,Hokandara South,2018,39.08045528164745,217
LK1109280,Hokandara South,2019,36.0528489899668,217
LK1109280,Hokandara South,2020,36.205915571606944,217
LK1109280,Hokandara South,2021,37.32558786849491,217
LK1109285,Athurugiriya South,2018,38.07462463676629,171
LK1109285,Athurugiriya South,2019,35.918395333166735,171
LK1109285,Athurugiriya South,2020,36.38785841592147,171
LK1109285,Athurugiriya South,2021,37.49712252748512,171
LK1112005,Jalthara,2018,37.88910442500793,468
LK1112005,Jalthara,2019,35.30706385971744,468
LK1112005,Jalthara,2020,36.21031683454556,468
LK1112005,Jalthara,2021,36.127441964256164,468
LK1112010,Henpita,2018,37.94010175749524,153
LK1112010,Henpita,2019,34.654186319621154,153
LK1112010,Henpita,2020,36.12814641758538,153
LK1112010,Henpita,2021,36.3687953680548,153
LK1112015,Atigala West,2018,36.72914441259528,208
LK1112015,Atigala West,2019,33.591284303071255,208
LK1112015,Atigala West,2020,35.07135640533221,208
LK1112015,Atigala West,2021,35.00489418593663,208
LK1112020,Atigala East,2018,37.64103471700394,338
LK1112020,Atigala East,2019,34.46158076675013,338
LK1112020,Atigala East,2020,36.52193171168569,338
LK1112020,Atigala East,2021,35.38717873295458,338
LK1112025,Batawala,2018,36.41905000886319,256
LK1112025,Batawala,2019,34.29265084742043,256
LK1112025,Batawala,2020,35.28335715494816,256
LK1112025,Batawala,2021,35.77550862572265,256
LK1112030,Walpita,2018,37.40452168019045,155
LK1112030,Walpita,2019,34.354885536335196,155
LK1112030,Walpita,2020,35.468763098508106,155
LK1112030,Walpita,2021,35.67235391081353,155
LK1112035,Nawalamulla,2018,37.41282051631246,278
LK1112035,Nawalamulla,2019,35.0200349642218,278
LK1112035,Nawalamulla,2020,36.15689341665048,278
LK1112035,Nawalamulla,2021,36.665201250366245,278
LK1112040,Meegasmulla,2018,37.48092428529586,278
LK1112040,Meegasmulla,2019,36.79857482397647,278
LK1112040,Meegasmulla,2020,34.40250689555056,278
LK1112040,Meegasmulla,2021,36.1704170734911,278
LK1112045,Habarakada North,2018,38.62781577229961,162
LK1112045,Habarakada North,2019,35.94206726621012,162
LK1112045,Habarakada North,2020,36.9093965361785,162
LK1112045,Habarakada North,2021,36.48218663168364,162
LK1112050,Mullegama North,2018,38.69105060455121,93
LK1112050,Mullegama North,2019,35.695695164256655,93
LK1112050,Mullegama North,2020,37.41558888496226,93
LK1112050,Mullegama North,2021,36.36449261124755,93
LK1112055,Mullegama South,2018,38.484587374987136,192
LK1112055,Mullegama South,2019,34.6949989138778,192
LK1112055,Mullegama South,2020,37.83880020056168,192
LK1112055,Mullegama South,2021,35.77704012423583,192
LK1112060,Habarakada South,2018,37.74336917233708,112
LK1112060,Habarakada South,2019,35.75162401895191,112
LK1112060,Habarakada South,2020,37.88730767799748,112
LK1112060,Habarakada South,2021,37.14045548931329,112
LK1112065,Panagoda Town,2018,37.3348938400748,149
LK1112065,Panagoda Town,2019,34.818036402375135,149
LK1112065,Panagoda Town,2020,33.835534928621236,149
LK1112065,Panagoda Town,2021,36.019364295076656,149
LK1112070,Henawatta,2018,37.624749802940165,324
LK1112070,Henawatta,2019,36.35690648862683,324
LK1112070,Henawatta,2020,37.366493701660744,324
LK1112070,Henawatta,2021,36.71117644847122,324
LK1112075,Meegoda North,2018,36.887274975262926,192
LK1112075,Meegoda North,2019,34.39011620129693,192
LK1112075,Meegoda North,2020,34.74719746714818,192
LK1112075,Meegoda North,2021,35.80722059630769,192
LK1112080,Panaluwa,2018,35.580428544012946,557
LK1112080,Panaluwa,2019,34.24069757562696,557
LK1112080,Panaluwa,2020,34.937323016622685,557
LK1112080,Panaluwa,2021,35.40184693237665,557
LK1112085,Watareka North,2018,36.28402889935414,350
LK1112085,Watareka North,2019,35.00982960954861,350
LK1112085,Watareka North,2020,36.516627616168094,350
LK1112085,Watareka North,2021,35.92148431095788,350
LK1112090,Meegoda South,2018,38.24016900628179,145
LK1112090,Meegoda South,2019,35.27816371948594,145
LK1112090,Meegoda South,2020,36.69878368890893,145
LK1112090,Meegoda South,2021,36.127665669109824,145
LK1112095,Godagama North,2018,37.350312730772416,89
LK1112095,Godagama North,2019,37.15595969498205,89
LK1112095,Godagama North,2020,36.96814225636703,89
LK1112095,Godagama North,2021,37.5497155787943,89
LK1112100,Panagoda West,2018,38.62518007750421,165
LK1112100,Panagoda West,2019,35.87907428630859,165
LK1112100,Panagoda West,2020,38.29863297450954,165
LK1112100,Panagoda West,2021,37.32340425910703,165
LK1112105,Panagoda East,2018,39.562207469294464,248
LK1112105,Panagoda East,2019,37.04858664303055,248
LK1112105,Panagoda East,2020,36.68071994186755,248
LK1112105,Panagoda East,2021,38.53116538264182,248
LK1112110,Habarakada Watta,2018,38.88736519266871,81
LK1112110,Habarakada Watta,2019,36.57146234264027,81
LK1112110,Habarakada Watta,2020,38.45358420115779,81
LK1112110,Habarakada Watta,2021,38.118661672707105,81
LK1112115,Homagama North,2018,37.4488538291244,107
LK1112115,Homagama North,2019,35.37102365933901,107
LK1112115,Homagama North,2020,36.28766187111946,107
LK1112115,Homagama North,2021,36.38617036491595,107
LK1112120,Homagama West,2018,38.222008821953246,120
LK1112120,Homagama West,2019,35.99946475772609,120
LK1112120,Homagama West,2020,37.90888254278695,120
LK1112120,Homagama West,2021,37.875844412022346,120
LK1112125,Homagama South,2018,37.29459430894732,164
LK1112125,Homagama South,2019,36.102366112029024,164
LK1112125,Homagama South,2020,36.144339099894005,164
LK1112125,Homagama South,2021,38.39835068504492,164
LK1112130,Galavilawatta North,2018,38.88594620535818,115
LK1112130,Galavilawatta North,2019,37.1778582610745,115
LK1112130,Galavilawatta North,2020,37.588694925106154,115
LK1112130,Galavilawatta North,2021,39.129411418553666,115
LK1112135,Homagama Town,2018,40.23705751985949,131
LK1112135,Homagama Town,2019,36.83794378349542,131
LK1112135,Homagama Town,2020,39.18048557546143,131
LK1112135,Homagama Town,2021,37.64611301547398,131
LK1112140,Homagama East,2018,38.17449546786574,82
LK1112140,Homagama East,2019,35.51343136980741,82
LK1112140,Homagama East,2020,36.81111324394433,82
LK1112140,Homagama East,2021,36.58661595312871,82
LK1112145,Pitipana Town,2018,38.683032462849226,118
LK1112145,Pitipana Town,2019,36.721951053818195,118
LK1112145,Pitipana Town,2020,39.71614771644697,118
LK1112145,Pitipana Town,2021,37.5147603619362,118
LK1112150,Godagama South,2018,37.41512748959507,125
LK1112150,Godagama South,2019,35.84501666962394,125
LK1112150,Godagama South,2020,38.615941512066385,125
LK1112150,Godagama South,2021,36.935154076677996,125
LK1112155,Kurunduwatta,2018,38.93279223804628,152
LK1112155,Kurunduwatta,2019,36.39732923083667,152
LK1112155,Kurunduwatta,2020,35.217668714726535,152
LK1112155,Kurunduwatta,2021,37.569043319559626,152
LK1112160,Gehenuwala,2018,37.708884975931255,131
LK1112160,Gehenuwala,2019,35.97776113442652,131
LK1112160,Gehenuwala,2020,37.30458888553525,131
LK1112160,Gehenuwala,2021,37.03012871257482,131
LK1112165,Watareka South,2018,36.282483024298266,370
LK1112165,Watareka South,2019,34.400149907740044,370
LK1112165,Watareka South,2020,35.1995458838706,370
LK1112165,Watareka South,2021,35.64493675310292,370
LK1112170,Ovitigama,2018,36.68581715426196,274
LK1112170,Ovitigama,2019,35.35359092666116,274
LK1112170,Ovitigama,2020,36.76000898736097,274
LK1112170,Ovitigama,2021,36.54515189049602,274
LK1112175,Kandanawatta,2018,37.85248448748823,152
LK1112175,Kandanawatta,2019,34.99551521886904,152
LK1112175,Kandanawatta,2020,36.01295647745897,152
LK1112175,Kandanawatta,2021,36.01106029833088,152
LK1112180,Kiriberiyakele,2018,38.02712626341055,213
LK1112180,Kiriberiyakele,2019,35.25332922746946,213
LK1112180,Kiriberiyakele,2020,37.10933090958985,213
LK1112180,Kiriberiyakele,2021,35.82691403016685,213
LK1112185,Mawathgama,2018,38.090532759570145,192
LK1112185,Mawathgama,2019,35.16399660494021,192
LK1112185,Mawathgama,2020,37.07369396629604,192
LK1112185,Mawathgama,2021,35.92914622074585,192
LK1112190,Katuwana,2018,39.04815841283511,214
LK1112190,Katuwana,2019,36.68816142706509,214
LK1112190,Katuwana,2020,37.4154167003999,214
LK1112190,Katuwana,2021,37.737627018439625,214
LK1112195,Galavilawatta South,2018,39.769956597638505,106
LK1112195,Galavilawatta South,2019,37.55865886551992,106
LK1112195,Galavilawatta South,2020,41.17056053119991,106
LK1112195,Galavilawatta South,2021,38.985839229349104,106
LK1112200,Niyandagala,2018,37.69844155954437,116
LK1112200,Niyandagala,2019,35.844224238904346,116
LK1112200,Niyandagala,2020,35.62910204899078,116
LK1112200,Niyandagala,2021,37.37813230160416,116
LK1112205,Hiripitiya,2018,39.30680447345792,148
LK1112205,Hiripitiya,2019,37.12310297245452,148
LK1112205,Hiripitiya,2020,40.41910681238741,148
LK1112205,Hiripitiya,2021,37.71235317379606,148
LK1112210,Mambulgoda,2018,38.43933958578289,100
LK1112210,Mambulgoda,2019,37.02293362112497,100
LK1112210,Mambulgoda,2020,41.02741954727551,100
LK1112210,Mambulgoda,2021,37.53011995887208,100
LK1112215,Kithulhena,2018,38.0428308661839,74
LK1112215,Kithulhena,2019,37.98605590239576,74
LK1112215,Kithulhena,2020,40.94730503516051,74
LK1112215,Kithulhena,2021,37.740293268473245,74
LK1112220,Siddamulla North,2018,39.819888600969904,78
LK1112220,Siddamulla North,2019,37.594363271633426,78
LK1112220,Siddamulla North,2020,41.4369273517916,78
LK1112220,Siddamulla North,2021,39.526222633301124,78
LK1112225,Siddamulla South,2018,39.98213613888435,86
LK1112225,Siddamulla South,2019,36.73470678860181,86
LK1112225,Siddamulla South,2020,39.53227697016895,86
LK1112225,Siddamulla South,2021,39.06756608052265,86
LK1112230,Mattegoda West,2018,39.139356668967444,233
LK1112230,Mattegoda West,2019,37.207612921237164,233
LK1112230,Mattegoda West,2020,39.941485991665616,233
LK1112230,Mattegoda West,2021,38.50357591573535,233
LK1112235,Mattegoda Central 'A',2018,43.979077774324814,32
LK1112235,Mattegoda Central 'A',2019,40.938651045304425,32
LK1112235,Mattegoda Central 'A',2020,43.3809020060128,32
LK1112235,Mattegoda Central 'A',2021,42.70128556937384,32
LK1112240,Mattegoda East,2018,40.44560430651513,102
LK1112240,Mattegoda East,2019,38.31796444120705,102
LK1112240,Mattegoda East,2020,41.20398872589395,102
LK1112240,Mattegoda East,2021,38.54640832773789,102
LK1112245,Brahmanagama,2018,37.90443461258082,239
LK1112245,Brahmanagama,2019,36.391887622104434,239
LK1112245,Brahmanagama,2020,37.70523929914421,239
LK1112245,Brahmanagama,2021,36.900165719903335,239
LK1112250,Deepangoda,2018,37.79240559774806,208
LK1112250,Deepangoda,2019,35.626065629363616,208
LK1112250,Deepangoda,2020,39.35736762256924,208
LK1112250,Deepangoda,2021,35.63658912508907,208
LK1112255,Magammana West,2018,37.63773818812225,135
LK1112255,Magammana West,2019,34.98940006851446,135
LK1112255,Magammana West,2020,38.60179327455744,135
LK1112255,Magammana West,2021,36.670639260612255,135
LK1112260,Magammana East,2018,38.54925256179525,169
LK1112260,Magammana East,2019,35.502353481253174,169
LK1112260,Magammana East,2020,40.48586923020006,169
LK1112260,Magammana East,2021,37.145695567120825,169
LK1112265,Uduwana,2018,38.655580337324636,151
LK1112265,Uduwana,2019,35.11596051591153,151
LK1112265,Uduwana,2020,38.09216106655873,151
LK1112265,Uduwana,2021,36.26123826881015,151
LK1112270,Prasannapura,2018,37.09209349964323,174
LK1112270,Prasannapura,2019,35.18478612177251,174
LK1112270,Prasannapura,2020,36.34986155646937,174
LK1112270,Prasannapura,2021,35.81983596079013,174
LK1112275,Pitipana North,2018,38.6577561700674,282
LK1112275,Pitipana North,2019,35.35738977905458,282
LK1112275,Pitipana North,2020,37.815047021637945,282
LK1112275,Pitipana North,2021,36.47099448488729,282
LK1112280,Suwapubudugama,2018,36.64003279880722,121
LK1112280,Suwapubudugama,2019,35.254081533357464,121
LK1112280,Suwapubudugama,2020,33.88468896378166,121
LK1112280,Suwapubudugama,2021,36.67232821144326,121
LK1112285,Pitipana South,2018,37.043431294089515,260
LK1112285,Pitipana South,2019,34.54141316565728,260
LK1112285,Pitipana South,2020,35.69356113498989,260
LK1112285,Pitipana South,2021,35.21696029511068,260
LK1112290,Dolahena,2018,37.116949132958105,299
LK1112290,Dolahena,2019,34.83912593400124,299
LK1112290,Dolahena,2020,34.14009855936478,299
LK1112290,Dolahena,2021,36.803295347897404,299
LK1112295,Diyagama East,2018,36.677894653141436,192
LK1112295,Diyagama East,2019,34.0890212587002,192
LK1112295,Diyagama East,2020,37.594440419300014,192
LK1112295,Diyagama East,2021,35.98243064823223,192
LK1112300,Diyagama West,2018,38.128198256631265,224
LK1112300,Diyagama West,2019,34.364105995606764,224
LK1112300,Diyagama West,2020,39.30613219605881,224
LK1112300,Diyagama West,2021,36.720685613334766,224
LK1112305,Kirigampamunuwa,2018,38.03208754425743,215
LK1112305,Kirigampamunuwa,2019,35.67779743665235,215
LK1112305,Kirigampamunuwa,2020,38.36521422041178,215
LK1112305,Kirigampamunuwa,2021,36.46987024108572,215
LK1112310,Mattegoda Central 'B',2018,41.68067453197587,64
LK1112310,Mattegoda Central 'B',2019,39.18069613906473,64
LK1112310,Mattegoda Central 'B',2020,40.18106672513688,64
LK1112310,Mattegoda Central 'B',2021,40.029145614076214,64
LK1112315,Siyambalagoda North,2018,39.65273792593202,202
LK1112315,Siyambalagoda North,2019,35.978999621078074,202
LK1112315,Siyambalagoda North,2020,36.54107774209378,202
LK1112315,Siyambalagoda North,2021,37.440299867851635,202
LK1112320,Kudamaduwa,2018,37.60551155416848,152
LK1112320,Kudamaduwa,2019,35.50026824240332,152
LK1112320,Kudamaduwa,2020,36.921079406410044,152
LK1112320,Kudamaduwa,2021,36.63973932495567,152
LK1112325,Sangharama,2018,38.33652982077052,112
LK1112325,Sangharama,2019,35.82650217345882,112
LK1112325,Sangharama,2020,36.381089747715066,112
LK1112325,Sangharama,2021,37.69159829778925,112
LK1112330,Siyambalagoda South,2018,39.30560276207541,144
LK1112330,Siyambalagoda South,2019,35.85665258761684,144
LK1112330,Siyambalagoda South,2020,36.122511635593696,144
LK1112330,Siyambalagoda South,2021,37.5193781945606,144
LK1112335,Rilawala,2018,38.62363374780784,125
LK1112335,Rilawala,2019,36.30035720607168,125
LK1112335,Rilawala,2020,36.76063556422306,125
LK1112335,Rilawala,2021,37.590430901662295,125
LK1112340,Kahathuduwa West,2018,37.90979551094415,211
LK1112340,Kahathuduwa West,2019,35.179960291376524,211
LK1112340,Kahathuduwa West,2020,37.43172592274896,211
LK1112340,Kahathuduwa West,2021,36.73269198647217,211
LK1112345,Kiriwattuduwa South,2018,37.63139545287949,295
LK1112345,Kiriwattuduwa South,2019,34.35311834108475,295
LK1112345,Kiriwattuduwa South,2020,35.86107694857743,295
LK1112345,Kiriwattuduwa South,2021,35.16052483569827,295
LK1112350,Kiriwattuduwa North,2018,38.06944715835519,145
LK1112350,Kiriwattuduwa North,2019,35.07973092236302,145
LK1112350,Kiriwattuduwa North,2020,37.45416672902583,145
LK1112350,Kiriwattuduwa North,2021,36.90666058765453,145
LK1112355,Moonamale - Yakahaluwa,2018,38.00684353120147,175
LK1112355,Moonamale - Yakahaluwa,2019,34.70138370682131,175
LK1112355,Moonamale - Yakahaluwa,2020,34.9793169974527,175
LK1112355,Moonamale - Yakahaluwa,2021,36.17398247149803,175
LK1112360,Kithulavila,2018,37.87264978558962,294
LK1112360,Kithulavila,2019,34.331171296123884,294
LK1112360,Kithulavila,2020,36.21166100679292,294
LK1112360,Kithulavila,2021,35.65834476695746,294
LK1112365,Kahathuduwa North,2018,39.01982323111076,173
LK1112365,Kahathuduwa North,2019,35.49491491943239,173
LK1112365,Kahathuduwa North,2020,36.68134740357909,173
LK1112365,Kahathuduwa North,2021,36.58355308603549,173
LK1112370,Kahathuduwa East,2018,37.682526965031876,208
LK1112370,Kahathuduwa East,2019,35.15867588745784,208
LK1112370,Kahathuduwa East,2020,36.20132080871112,208
LK1112370,Kahathuduwa East,2021,35.32488321636212,208
LK1112375,Kahathuduwa South,2018,38.96486839318439,213
LK1112375,Kahathuduwa South,2019,36.20771938457785,213
LK1112375,Kahathuduwa South,2020,36.722070872279374,213
LK1112375,Kahathuduwa South,2021,36.36928436649163,213
LK1112380,Undurugoda,2018,37.32617386128462,141
LK1112380,Undurugoda,2019,35.00447560285747,141
LK1112380,Undurugoda,2020,36.01051471539041,141
LK1112380,Undurugoda,2021,36.60427082357167,141
LK1112385,Wethara,2018,38.60669840001137,95
LK1112385,Wethara,2019,36.669674056444386,95
LK1112385,Wethara,2020,37.51422254389902,95
LK1112385,Wethara,2021,36.86954428633086,95
LK1112390,Ambalangoda,2018,37.460578429187144,160
LK1112390,Ambalangoda,2019,35.004529710947516,160
LK1112390,Ambalangoda,2020,34.98517794908264,160
LK1112390,Ambalangoda,2021,35.486255323731264,160
LK1112395,Heraliyawala,2018,37.05416786558132,153
LK1112395,Heraliyawala,2019,33.627181898399535,153
LK1112395,Heraliyawala,2020,33.53671942395214,153
LK1112395,Heraliyawala,2021,33.68299091695164,153
LK1112400,Palagama,2018,37.19221025313651,301
LK1112400,Palagama,2019,33.91670010708377,301
LK1112400,Palagama,2020,33.39012290159321,301
LK1112400,Palagama,2021,35.487151593312404,301
LK1112405,Weniwelkola,2018,37.86202969460742,399
LK1112405,Weniwelkola,2019,35.235993235973595,399
LK1112405,Weniwelkola,2020,35.392312464293774,399
LK1112405,Weniwelkola,2021,35.95715115815542,399
LK1115005,Bollathawa,2018,35.4935579718943,322
LK1115005,Bollathawa,2019,33.69791516036982,322
LK1115005,Bollathawa,2020,33.75742595084028,322
LK1115005,Bollathawa,2021,34.30345339827779,322
LK1115010,Kanampella West,2018,35.97581147530047,225
LK1115010,Kanampella West,2019,34.66117069628692,225
LK1115010,Kanampella West,2020,34.24138294020984,225
LK1115010,Kanampella West,2021,33.948614689142445,225
LK1115015,Kanampella East,2018,35.41117460273931,777
LK1115015,Kanampella East,2019,33.461876449879014,777
LK1115015,Kanampella East,2020,33.05178148976665,777
LK1115015,Kanampella East,2021,32.59174314943355,777
LK1115020,Manakada,2018,35.37796636270551,191
LK1115020,Manakada,2019,33.62612878184495,191
LK1115020,Manakada,2020,33.76267667719242,192
LK1115020,Manakada,2021,32.32332900892876,191
LK1115025,Eswatta North,2018,35.07224409319868,489
LK1115025,Eswatta North,2019,33.647906106532204,489
LK1115025,Eswatta North,2020,34.01082566145934,490
LK1115025,Eswatta North,2021,33.06845587094838,489
LK1115030,Kiriwandala North,2018,35.48836678359368,748
LK1115030,Kiriwandala North,2019,33.78603289373059,748
LK1115030,Kiriwandala North,2020,34.40427133767998,749
LK1115030,Kiriwandala North,2021,34.0841442205964,749
LK1115035,Kudagama,2018,36.49431321781572,198
LK1115035,Kudagama,2019,34.63912903973554,198
LK1115035,Kudagama,2020,36.57902131111798,198
LK1115035,Kudagama,2021,33.78427480410681,198
LK1115040,Weralupitiya,2018,40.72298334110586,275
LK1115040,Weralupitiya,2019,37.55903139329321,275
LK1115040,Weralupitiya,2020,39.786806453870916,275
LK1115040,Weralupitiya,2021,37.015665013477594,275
LK1115045,Seethagama,2018,40.54270588855116,97
LK1115045,Seethagama,2019,38.19272497392209,97
LK1115045,Seethagama,2020,39.895892268231556,97
LK1115045,Seethagama,2021,37.29279259831228,97
LK1115050,Avissawella,2018,38.29529535347934,70
LK1115050,Avissawella,2019,35.978610916673546,70
LK1115050,Avissawella,2020,36.85630601892327,70
LK1115050,Avissawella,2021,35.48247890360006,70
LK1115055,Ukwatta,2018,39.13594683859158,77
LK1115055,Ukwatta,2019,37.16508207398959,77
LK1115055,Ukwatta,2020,38.27695363308251,77
LK1115055,Ukwatta,2021,36.593760253490544,77
LK1115060,Agra Pedesa,2018,38.39503463520983,58
LK1115060,Agra Pedesa,2019,35.91964638661729,58
LK1115060,Agra Pedesa,2020,38.203051535374506,58
LK1115060,Agra Pedesa,2021,35.304785905770906,58
LK1115065,Eswatta South,2018,35.394009587152965,279
LK1115065,Eswatta South,2019,33.88843242778468,279
LK1115065,Eswatta South,2020,34.875857184040285,279
LK1115065,Eswatta South,2021,33.260647819529204,279
LK1115070,Ihala Kosgama North,2018,36.614923858506074,259
LK1115070,Ihala Kosgama North,2019,35.13937032965433,259
LK1115070,Ihala Kosgama North,2020,34.63279085666084,259
LK1115070,Ihala Kosgama North,2021,35.04910575022401,259
LK1115075,Thawalgoda,2018,36.72215755703706,141
LK1115075,Thawalgoda,2019,34.79064681166016,141
LK1115075,Thawalgoda,2020,34.57056787142582,141
LK1115075,Thawalgoda,2021,34.631568457709314,141
LK1115080,Muruthagama,2018,36.35942309880431,91
LK1115080,Muruthagama,2019,35.0032723195833,91
LK1115080,Muruthagama,2020,35.92961799818264,91
LK1115080,Muruthagama,2021,35.43664415300036,91
LK1115085,Akaravita,2018,35.89839513263558,201
LK1115085,Akaravita,2019,34.2539635433147,201
LK1115085,Akaravita,2020,35.229302348621,201
LK1115085,Akaravita,2021,34.524359837842006,201
LK1115090,Kahatapitiya,2018,35.1395640736716,225
LK1115090,Kahatapitiya,2019,33.293279419208375,225
LK1115090,Kahatapitiya,2020,34.10933532513287,225
LK1115090,Kahatapitiya,2021,33.816574590254,225
LK1115095,Kalu Aggala,2018,35.84649006074467,569
LK1115095,Kalu Aggala,2019,34.14345015998205,569
LK1115095,Kalu Aggala,2020,35.13796811306476,569
LK1115095,Kalu Aggala,2021,34.85820229144282,569
LK1115100,Salawa,2018,38.41145605843644,237
LK1115100,Salawa,2019,35.88043976857744,237
LK1115100,Salawa,2020,37.48379974348793,237
LK1115100,Salawa,2021,36.42192874793352,237
LK1115105,Pahala Kosgama West,2018,37.78467569731466,115
LK1115105,Pahala Kosgama West,2019,35.532526403563516,115
LK1115105,Pahala Kosgama West,2020,35.95481654401953,115
LK1115105,Pahala Kosgama West,2021,35.500024298269906,115
LK1115110,Pahala Kosgama East,2018,38.826460600564346,152
LK1115110,Pahala Kosgama East,2019,36.86627603989315,152
LK1115110,Pahala Kosgama East,2020,37.888561512578654,152
LK1115110,Pahala Kosgama East,2021,37.1313164210188,152
LK1115115,Ihala Kosgama South,2018,37.444029674894814,81
LK1115115,Ihala Kosgama South,2019,35.51583545221005,81
LK1115115,Ihala Kosgama South,2020,36.82938470084811,81
LK1115115,Ihala Kosgama South,2021,35.715900242914906,81
LK1115120,Miriswatta,2018,37.04588609135108,210
LK1115120,Miriswatta,2019,35.37468867370227,210
LK1115120,Miriswatta,2020,36.19559582997674,210
LK1115120,Miriswatta,2021,34.82137015671221,210
LK1115125,Aluth Ambalama,2018,35.390042139707425,254
LK1115125,Aluth Ambalama,2019,33.85309945553333,254
LK1115125,Aluth Ambalama,2020,34.16096403980785,254
LK1115125,Aluth Ambalama,2021,33.19017770518941,254
LK1115130,Kiriwandala South,2018,35.83489400580672,262
LK1115130,Kiriwandala South,2019,33.94423054774544,262
LK1115130,Kiriwandala South,2020,34.69529549709362,262
LK1115130,Kiriwandala South,2021,34.31710734016133,262
LK1115135,Kotahera,2018,37.81539520057781,89
LK1115135,Kotahera,2019,35.78926003817282,89
LK1115135,Kotahera,2020,36.32581221299761,89
LK1115135,Kotahera,2021,35.61336026301721,89
LK1115140,Seethawaka,2018,37.671572442225376,97
LK1115140,Seethawaka,2019,35.7399361588678,97
LK1115140,Seethawaka,2020,36.38281693074511,97
LK1115140,Seethawaka,2021,35.24268441280409,97
LK1115145,Aradhana Kanda,2018,37.32468468317024,145
LK1115145,Aradhana Kanda,2019,35.470658044265264,145
LK1115145,Aradhana Kanda,2020,35.56790815392368,145
LK1115145,Aradhana Kanda,2021,35.32868724315343,145
LK1115150,Puwakpitiya South,2018,36.373801801934924,178
LK1115150,Puwakpitiya South,2019,34.11664037535412,178
LK1115150,Puwakpitiya South,2020,34.71622951776174,178
LK1115150,Puwakpitiya South,2021,34.720842844018506,178
LK1115155,Puwakpitiya,2018,39.28598417968083,59
LK1115155,Puwakpitiya,2019,37.277722709260736,59
LK1115155,Puwakpitiya,2020,38.85810561313489,59
LK1115155,Puwakpitiya,2021,37.0981799562496,59
LK1115160,Egodagama,2018,36.580738213766736,138
LK1115160,Egodagama,2019,35.14483153654382,138
LK1115160,Egodagama,2020,36.428148311366165,138
LK1115160,Egodagama,2021,35.4080230451606,138
LK1115165,Weragolla North,2018,35.93479963279636,342
LK1115165,Weragolla North,2019,33.89498974413391,342
LK1115165,Weragolla North,2020,34.850592975181605,342
LK1115165,Weragolla North,2021,34.07613225557688,342
LK1115170,Hingurala,2018,35.07173283832202,403
LK1115170,Hingurala,2019,32.493624409314826,403
LK1115170,Hingurala,2020,33.871065377282065,403
LK1115170,Hingurala,2021,32.60356539150432,403
LK1115175,Kadugoda North,2018,35.82254756625857,263
LK1115175,Kadugoda North,2019,33.84795820089528,263
LK1115175,Kadugoda North,2020,33.94971568789864,263
LK1115175,Kadugoda North,2021,34.13970974193142,263
LK1115180,Mawalgama,2018,35.93926441963277,315
LK1115180,Mawalgama,2019,33.14388910335434,315
LK1115180,Mawalgama,2020,34.20723866902299,315
LK1115180,Mawalgama,2021,34.546863017899284,315
LK1115185,Suduwella,2018,36.3688453445314,310
LK1115185,Suduwella,2019,34.28919062108574,310
LK1115185,Suduwella,2020,35.817124275263616,310
LK1115185,Suduwella,2021,35.313470598413886,310
LK1115190,Gira Imbula,2018,35.48903615003924,119
LK1115190,Gira Imbula,2019,33.51858218708175,119
LK1115190,Gira Imbula,2020,34.45138450977821,119
LK1115190,Gira Imbula,2021,34.91312318906032,119
LK1115195,Walawwatta,2018,37.651891239800094,90
LK1115195,Walawwatta,2019,36.0694460504281,90
LK1115195,Walawwatta,2020,37.74617440761862,90
LK1115195,Walawwatta,2021,36.23541029538797,90
LK1115200,Pahala Hanwella,2018,35.952184571594735,183
LK1115200,Pahala Hanwella,2019,35.144008972730646,183
LK1115200,Pahala Hanwella,2020,36.46037194208824,183
LK1115200,Pahala Hanwella,2021,35.40302673349736,183
LK1115205,Hanwella Town,2018,36.934830093274144,197
LK1115205,Hanwella Town,2019,35.78552376535448,197
LK1115205,Hanwella Town,2020,36.43188155570287,197
LK1115205,Hanwella Town,2021,36.6144684305049,197
LK1115210,Ihala Hanwella North,2018,34.69128780082191,168
LK1115210,Ihala Hanwella North,2019,34.09029112880207,168
LK1115210,Ihala Hanwella North,2020,35.71596563879809,168
LK1115210,Ihala Hanwella North,2021,35.140379942366906,168
LK1115215,Niripola,2018,34.50998659060781,239
LK1115215,Niripola,2019,33.16724224645934,239
LK1115215,Niripola,2020,35.02119714339392,239
LK1115215,Niripola,2021,34.18697632360613,239
LK1115220,Brandigampala,2018,36.377566534057216,168
LK1115220,Brandigampala,2019,34.123330441380666,168
LK1115220,Brandigampala,2020,35.94116748610021,168
LK1115220,Brandigampala,2021,35.40941091902288,168
LK1115225,Kadugoda South,2018,36.15897734973737,286
LK1115225,Kadugoda South,2019,33.15469206211215,286
LK1115225,Kadugoda South,2020,34.63199597724742,286
LK1115225,Kadugoda South,2021,34.24391760455037,286
LK1115230,Weragolla South,2018,35.25675421720869,596
LK1115230,Weragolla South,2019,33.29899829393124,596
LK1115230,Weragolla South,2020,34.64817820968159,596
LK1115230,Weragolla South,2021,34.379424273411935,596
LK1115235,Digana,2018,34.87984671517626,527
LK1115235,Digana,2019,32.429923319199176,527
LK1115235,Digana,2020,33.37443691564392,527
LK1115235,Digana,2021,32.84870439786768,527
LK1115240,Lahirugama,2018,34.87622900476409,616
LK1115240,Lahirugama,2019,31.436171205225726,616
LK1115240,Lahirugama,2020,33.24827405472493,616
LK1115240,Lahirugama,2021,34.02862181519132,616
LK1115245,Mambula,2018,36.09970891946496,127
LK1115245,Mambula,2019,33.67735874643783,127
LK1115245,Mambula,2020,34.66361273096403,127
LK1115245,Mambula,2021,34.07566349800282,127
LK1115250,Welikanna,2018,35.376980105063986,243
LK1115250,Welikanna,2019,33.44901783002263,243
LK1115250,Welikanna,2020,33.4946217217277,243
LK1115250,Welikanna,2021,34.008934982212196,243
LK1115255,Kahahena,2018,36.28829313930919,243
LK1115255,Kahahena,2019,32.36413105928297,243
LK1115255,Kahahena,2020,34.09542237406811,243
LK1115255,Kahahena,2021,35.28776015320105,243
LK1115260,Neluwattuduwa,2018,35.630236445317045,211
LK1115260,Neluwattuduwa,2019,33.70732896836611,211
LK1115260,Neluwattuduwa,2020,33.867697012549264,211
LK1115260,Neluwattuduwa,2021,34.465763185187456,211
LK1115265,Diddeniya North,2018,35.78844904094635,312
LK1115265,Diddeniya North,2019,33.83560434679736,312
LK1115265,Diddeniya North,2020,34.97708142895382,312
LK1115265,Diddeniya North,2021,34.610057209703285,312
LK1115270,Ihala Hanwella South,2018,35.369621529597595,110
LK1115270,Ihala Hanwella South,2019,33.637284343809064,110
LK1115270,Ihala Hanwella South,2020,35.379595062973976,110
LK1115270,Ihala Hanwella South,2021,34.46976578556051,110
LK1115275,Pahathgama,2018,36.712275853721636,87
LK1115275,Pahathgama,2019,35.247675006148555,87
LK1115275,Pahathgama,2020,36.12161085521607,87
LK1115275,Pahathgama,2021,35.65580119390348,87
LK1115280,Jayaweeragoda,2018,36.8896163487542,167
LK1115280,Jayaweeragoda,2019,35.149167127545546,167
LK1115280,Jayaweeragoda,2020,36.702798337427105,167
LK1115280,Jayaweeragoda,2021,36.24331510218724,167
LK1115285,Koodaluvila,2018,36.527497323355185,154
LK1115285,Koodaluvila,2019,35.65605091464194,154
LK1115285,Koodaluvila,2020,35.654461735419545,154
LK1115285,Koodaluvila,2021,36.350791778298415,154
LK1115290,Thunnana East,2018,32.49118506103024,191
LK1115290,Thunnana East,2019,32.58102197663088,191
LK1115290,Thunnana East,2020,34.66019975234009,191
LK1115290,Thunnana East,2021,34.379121256876076,191
LK1115295,Diddeniya South,2018,33.70719227874502,300
LK1115295,Diddeniya South,2019,33.03310136101204,300
LK1115295,Diddeniya South,2020,34.86200203635178,300
LK1115295,Diddeniya South,2021,33.49228228006553,300
LK1115300,Elamalawala,2018,35.07955866363531,130
LK1115300,Elamalawala,2019,32.20190801740112,130
LK1115300,Elamalawala,2020,32.5703079896602,130
LK1115300,Elamalawala,2021,33.312787922983844,130
LK1115305,Ilukovita,2018,34.06453359974526,403
LK1115305,Ilukovita,2019,31.291056120529703,403
LK1115305,Ilukovita,2020,30.223300558633465,403
LK1115305,Ilukovita,2021,32.394795328303,403
LK1115310,Koswatta,2018,33.71846323034447,137
LK1115310,Koswatta,2019,31.264054056587444,137
LK1115310,Koswatta,2020,31.72407911846488,137
LK1115310,Koswatta,2021,32.002038781198735,137
LK1115315,Pagngnagula,2018,34.597528375330214,336
LK1115315,Pagngnagula,2019,31.446938313778826,336
LK1115315,Pagngnagula,2020,31.08653312236289,336
LK1115315,Pagngnagula,2021,33.00595126504276,336
LK1115320,Pelpola,2018,33.7972149376201,177
LK1115320,Pelpola,2019,31.881404788809633,177
LK1115320,Pelpola,2020,31.371816670984835,177
LK1115320,Pelpola,2021,32.92280873751255,177
LK1115325,Kudakanda,2018,31.377101795097875,115
LK1115325,Kudakanda,2019,33.642036579806216,115
LK1115325,Kudakanda,2020,34.82184639125034,115
LK1115325,Kudakanda,2021,35.03882865889318,115
LK1115330,Thunnana West,2018,35.567667415306026,234
LK1115330,Thunnana West,2019,35.4535573181661,234
LK1115330,Thunnana West,2020,34.687368089628485,234
LK1115330,Thunnana West,2021,35.53286130158101,234
LK1115335,Mawathagama West,2018,35.114732342840554,189
LK1115335,Mawathagama West,2019,35.18786549091716,189
LK1115335,Mawathagama West,2020,36.265400431062886,189
LK1115335,Mawathagama West,2021,36.714797916921384,189
LK1115340,Mawathagama East,2018,32.355069916067926,236
LK1115340,Mawathagama East,2019,34.45513543168726,236
LK1115340,Mawathagama East,2020,35.250715321759905,236
LK1115340,Mawathagama East,2021,35.20318299886212,236
LK1118005,Pinnawala North,2018,35.527998297022286,146
LK1118005,Pinnawala North,2019,33.11556523471789,146
LK1118005,Pinnawala North,2020,34.29048170727747,146
LK1118005,Pinnawala North,2021,34.92347759155724,146
LK1118010,Pinnawala South,2018,35.75774056027952,112
LK1118010,Pinnawala South,2019,33.05316923372657,112
LK1118010,Pinnawala South,2020,32.65949007625276,112
LK1118010,Pinnawala South,2021,34.225629934554696,112
LK1118015,Waga North,2018,35.252156494582366,133
LK1118015,Waga North,2019,33.142395528006254,133
LK1118015,Waga North,2020,32.5600363312887,133
LK1118015,Waga North,2021,33.60179345408721,133
LK1118020,Waga East,2018,34.621236437410296,306
LK1118020,Waga East,2019,32.741737118463455,306
LK1118020,Waga East,2020,32.50924402158535,306
LK1118020,Waga East,2021,33.698720486172334,306
LK1118025,Thummodara,2018,34.314002653897305,250
LK1118025,Thummodara,2019,32.42860774974347,250
LK1118025,Thummodara,2020,28.45550832575865,250
LK1118025,Thummodara,2021,33.1811549952345,250
LK1118030,Waga South,2018,33.61955203802251,196
LK1118030,Waga South,2019,33.17988845481796,196
LK1118030,Waga South,2020,30.055891003453553,196
LK1118030,Waga South,2021,34.48757436937354,196
LK1118035,Siyambalawa,2018,35.22282652216694,245
LK1118035,Siyambalawa,2019,33.85483084496955,245
LK1118035,Siyambalawa,2020,32.235724307882776,245
LK1118035,Siyambalawa,2021,35.80301710675005,245
LK1118040,Pahala Bope,2018,35.52851696344253,290
LK1118040,Pahala Bope,2019,33.47075769442264,290
LK1118040,Pahala Bope,2020,32.15459817190038,290
LK1118040,Pahala Bope,2021,35.810210362313924,290
LK1118045,Halpe,2018,34.86433110151857,274
LK1118045,Halpe,2019,32.47839994684647,274
LK1118045,Halpe,2020,32.84006166956906,274
LK1118045,Halpe,2021,34.84641721238684,274
LK1118050,Waga West,2018,35.81609121254926,249
LK1118050,Waga West,2019,32.794740436336674,249
LK1118050,Waga West,2020,32.78383382680812,249
LK1118050,Waga West,2021,34.19560422412924,249
LK1118055,Uggalla,2018,35.717659738724606,325
LK1118055,Uggalla,2019,33.9533032303152,325
LK1118055,Uggalla,2020,34.01930561643659,325
LK1118055,Uggalla,2021,34.26923453522468,325
LK1118060,Wewelpanawa,2018,35.40460019209491,111
LK1118060,Wewelpanawa,2019,33.81304034966023,111
LK1118060,Wewelpanawa,2020,34.614063856980515,111
LK1118060,Wewelpanawa,2021,34.89483409442236,111
LK1118065,Pitumpe North,2018,36.557129707317415,175
LK1118065,Pitumpe North,2019,34.932075915274964,175
LK1118065,Pitumpe North,2020,34.839330722828144,175
LK1118065,Pitumpe North,2021,35.78434407185607,175
LK1118070,Pitumpe South,2018,37.53924410808236,66
LK1118070,Pitumpe South,2019,34.532282656097756,66
LK1118070,Pitumpe South,2020,33.24961338037098,66
LK1118070,Pitumpe South,2021,36.592887824306615,66
LK1118075,Galagedara East,2018,37.48876575010546,148
LK1118075,Galagedara East,2019,35.69549886393487,148
LK1118075,Galagedara East,2020,33.26101975924196,148
LK1118075,Galagedara East,2021,36.06575225586722,148
LK1118080,Galagedara North,2018,37.765017782304035,136
LK1118080,Galagedara North,2019,36.396975634107214,136
LK1118080,Galagedara North,2020,36.05174977207827,136
LK1118080,Galagedara North,2021,37.47458944297878,136
LK1118085,Galagedara South,2018,36.956250292542926,139
LK1118085,Galagedara South,2019,34.85620098603322,139
LK1118085,Galagedara South,2020,34.378632950678956,139
LK1118085,Galagedara South,2021,35.15468238877506,139
LK1118090,Padukka,2018,38.37145486264399,176
LK1118090,Padukka,2019,36.16302328164465,176
LK1118090,Padukka,2020,35.32484396569458,176
LK1118090,Padukka,2021,36.791733519098315,176
LK1118095,Arukwatta North,2018,37.01541332284921,112
LK1118095,Arukwatta North,2019,34.19757324554162,112
LK1118095,Arukwatta North,2020,33.33865903001652,112
LK1118095,Arukwatta North,2021,36.806105732020846,112
LK1118100,Arukwatta South,2018,36.657348470556585,185
LK1118100,Arukwatta South,2019,33.98277732674458,185
LK1118100,Arukwatta South,2020,34.50038118229218,185
LK1118100,Arukwatta South,2021,36.2351968867306,185
LK1118105,Ganegoda,2018,35.948947633499714,124
LK1118105,Ganegoda,2019,33.941168781905674,124
LK1118105,Ganegoda,2020,34.64902711044308,124
LK1118105,Ganegoda,2021,35.48576857576096,124
LK1118110,Angampitiya,2018,36.006646051410236,289
LK1118110,Angampitiya,2019,33.965874318904994,289
LK1118110,Angampitiya,2020,34.30590819246125,289
LK1118110,Angampitiya,2021,35.02279169786997,289
LK1118115,Weragala,2018,35.784664312033584,263
LK1118115,Weragala,2019,34.31724043098203,263
LK1118115,Weragala,2020,32.355531280742,263
LK1118115,Weragala,2021,35.39014295946591,263
LK1118120,Angamuwa,2018,35.77950244934393,318
LK1118120,Angamuwa,2019,33.643343548371504,318
LK1118120,Angamuwa,2020,32.202744759685906,318
LK1118120,Angamuwa,2021,35.075389821800755,318
LK1118125,Udumulla,2018,36.100941887398804,266
LK1118125,Udumulla,2019,34.03870005210379,266
LK1118125,Udumulla,2020,34.0385568502058,266
LK1118125,Udumulla,2021,34.63615881894034,266
LK1118130,Poregedara,2018,37.11073812748521,165
LK1118130,Poregedara,2019,34.57076748900727,165
LK1118130,Poregedara,2020,34.55181586048346,165
LK1118130,Poregedara,2021,35.40482112186993,165
LK1118135,Pahala Padukka,2018,36.75687061154919,96
LK1118135,Pahala Padukka,2019,34.62589905781839,96
LK1118135,Pahala Padukka,2020,35.95661903986297,96
LK1118135,Pahala Padukka,2021,35.7369634841617,96
LK1118140,Liyanwala,2018,35.834312624951416,260
LK1118140,Liyanwala,2019,34.250126855350764,260
LK1118140,Liyanwala,2020,34.03705929903717,260
LK1118140,Liyanwala,2021,34.703221723453254,260
LK1118145,Kurugala,2018,36.07436264356575,247
LK1118145,Kurugala,2019,33.753244843834686,247
LK1118145,Kurugala,2020,35.98929920175114,247
LK1118145,Kurugala,2021,35.71609958875766,247
LK1118150,Madulawa South,2018,34.757297766767884,189
LK1118150,Madulawa South,2019,33.53354920240657,189
LK1118150,Madulawa South,2020,34.28642687399578,189
LK1118150,Madulawa South,2021,34.05151354551107,189
LK1118155,Madulawa North,2018,34.89087121721003,196
LK1118155,Madulawa North,2019,34.08411517438639,196
LK1118155,Madulawa North,2020,34.87025347847569,196
LK1118155,Madulawa North,2021,34.98399130692171,196
LK1118160,Horakandawala,2018,35.481913528207386,188
LK1118160,Horakandawala,2019,34.265947896792895,188
LK1118160,Horakandawala,2020,34.22305917142597,188
LK1118160,Horakandawala,2021,35.305568876501475,188
LK1118165,Dampe,2018,36.217019379532445,333
LK1118165,Dampe,2019,34.15362809637568,333
LK1118165,Dampe,2020,33.16715034273434,333
LK1118165,Dampe,2021,34.81038556422274,333
LK1118170,Beruketiya,2018,36.482178025391164,281
LK1118170,Beruketiya,2019,34.34433072154806,281
LK1118170,Beruketiya,2020,35.632112159147106,281
LK1118170,Beruketiya,2021,35.46980072558127,281
LK1118175,Horagala West,2018,35.75774799534294,264
LK1118175,Horagala West,2019,33.98330179935694,264
LK1118175,Horagala West,2020,34.702930720398186,264
LK1118175,Horagala West,2021,34.60468735366585,264
LK1118180,Horagala East,2018,35.019834537117525,218
LK1118180,Horagala East,2019,34.32459583988581,218
LK1118180,Horagala East,2020,36.254866716466054,218
LK1118180,Horagala East,2021,35.77966094411263,218
LK1118185,Beliattavila,2018,33.97212124396686,181
LK1118185,Beliattavila,2019,33.93291015614937,181
LK1118185,Beliattavila,2020,33.02170798670663,181
LK1118185,Beliattavila,2021,35.22695038361091,181
LK1118190,Miriyagalla,2018,34.12915739578065,329
LK1118190,Miriyagalla,2019,32.836271300036174,329
LK1118190,Miriyagalla,2020,32.087617881859494,329
LK1118190,Miriyagalla,2021,33.43991488847766,329
LK1118195,Malagala,2018,34.034100787920046,472
LK1118195,Malagala,2019,33.826576884972525,472
LK1118195,Malagala,2020,32.630246315791446,472
LK1118195,Malagala,2021,34.2168619406341,472
LK1118200,Kahawala,2018,34.368634077739415,143
LK1118200,Kahawala,2019,34.41733961247605,143
LK1118200,Kahawala,2020,33.8954681919924,143
LK1118200,Kahawala,2021,35.080511906811005,143
LK1118205,Yatawathura,2018,33.66766843035366,222
LK1118205,Yatawathura,2019,34.487829825523676,222
LK1118205,Yatawathura,2020,33.61170441117362,222
LK1118205,Yatawathura,2021,35.82603734508424,222
LK1118210,Mahingala,2018,34.28848908498504,271
LK1118210,Mahingala,2019,32.97993920735483,271
LK1118210,Mahingala,2020,31.05787899996691,271
LK1118210,Mahingala,2021,34.225688705812,271
LK1118215,Ihala Bope,2018,35.30665600235469,280
LK1118215,Ihala Bope,2019,34.02967858507621,280
LK1118215,Ihala Bope,2020,33.33742537901419,280
LK1118215,Ihala Bope,2021,34.40163819385656,280
LK1118220,Gurulana,2018,33.88151127468954,185
LK1118220,Gurulana,2019,33.45585894634406,185
LK1118220,Gurulana,2020,29.073559025905357,185
LK1118220,Gurulana,2021,35.096119014557765,185
LK1118225,Udagama,2018,31.742760538392023,781
LK1118225,Udagama,2019,31.029095965472315,781
LK1118225,Udagama,2020,29.604661844334654,781
LK1118225,Udagama,2021,31.247174628670873,780
LK1118230,Dambora,2018,32.81180327417376,1086
LK1118230,Dambora,2019,31.54396856251013,1086
LK1118230,Dambora,2020,30.65863750500418,1084
LK1118230,Dambora,2021,31.79572074242472,1086
LK1121005,Mirihana South,2018,40.6977054510747,68
LK1121005,Mirihana South,2019,40.69202159008956,68
LK1121005,Mirihana South,2020,42.45890870973756,68
LK1121005,Mirihana South,2021,41.05915679791858,68
LK1121010,Mirihana North,2018,40.2070930718982,130
LK1121010,Mirihana North,2019,39.013767099358276,130
LK1121010,Mirihana North,2020,39.498707816924195,127
LK1121010,Mirihana North,2021,39.95884273771115,130
LK1121015,Madiwela,2018,41.13904952044994,180
LK1121015,Madiwela,2019,37.349793069758334,180
LK1121015,Madiwela,2020,35.6715076976491,148
LK1121015,Madiwela,2021,38.66781689066834,180
LK1121020,Thalawathugoda West,2018,38.936209345697534,166
LK1121020,Thalawathugoda West,2019,36.834183498145606,166
LK1121020,Thalawathugoda West,2020,37.04446178280199,131
LK1121020,Thalawathugoda West,2021,38.710845322105015,166
LK1121025,Thalawathugoda East,2018,41.25043669087899,160
LK1121025,Thalawathugoda East,2019,38.019387267332995,160
LK1121025,Thalawathugoda East,2020,36.515432322284305,140
LK1121025,Thalawathugoda East,2021,39.85962430520786,160
LK1121030,Kalalgoda,2018,39.86887995615166,200
LK1121030,Kalalgoda,2019,37.1210474046208,200
LK1121030,Kalalgoda,2020,32.582263948757365,200
LK1121030,Kalalgoda,2021,37.915798948749625,200
LK1121035,Kottawa East,2018,39.12333106600733,221
LK1121035,Kottawa East,2019,36.80717363307355,221
LK1121035,Kottawa East,2020,40.23241273981953,221
LK1121035,Kottawa East,2021,36.83462652163601,221
LK1121040,Rukmale West,2018,39.571163075788654,231
LK1121040,Rukmale West,2019,36.53381176632344,231
LK1121040,Rukmale West,2020,41.261173576446566,231
LK1121040,Rukmale West,2021,37.63866268510016,231
LK1121045,Rukmale East A,2018,40.11695990462025,54
LK1121045,Rukmale East A,2019,37.04751215789278,54
LK1121045,Rukmale East A,2020,38.587709112025294,54
LK1121045,Rukmale East A,2021,37.88996314395068,54
LK1121050,Rukmale East B,2018,40.139490188747594,62
LK1121050,Rukmale East B,2019,38.001294004900515,62
LK1121050,Rukmale East B,2020,38.18703131327679,62
LK1121050,Rukmale East B,2021,39.51544630049772,62
LK1121055,Liyanagoda,2018,39.66764848399523,121
LK1121055,Liyanagoda,2019,36.827657788622986,121
LK1121055,Liyanagoda,2020,37.10675011868325,121
LK1121055,Liyanagoda,2021,37.22539190331056,121
LK1121060,Kottawa North,2018,39.64937563524541,91
LK1121060,Kottawa North,2019,36.9444018027476,91
LK1121060,Kottawa North,2020,38.43205160494733,91
LK1121060,Kottawa North,2021,38.387071138970015,91
LK1121065,Depanama,2018,40.03951881137555,227
LK1121065,Depanama,2019,36.899778249304084,227
LK1121065,Depanama,2020,38.65776280787179,227
LK1121065,Depanama,2021,38.92516451161669,227
LK1121070,Polwatta,2018,38.58470304646301,103
LK1121070,Polwatta,2019,36.743540915886,103
LK1121070,Polwatta,2020,37.96931275803849,103
LK1121070,Polwatta,2021,38.620505372862446,103
LK1121075,Pamunuwa,2018,38.460791177140244,141
LK1121075,Pamunuwa,2019,36.76476833007555,141
LK1121075,Pamunuwa,2020,38.21144882553832,141
LK1121075,Pamunuwa,2021,38.322642987557195,141
LK1121080,Thalapathpitiya,2018,41.00234687179487,172
LK1121080,Thalapathpitiya,2019,37.98532406005414,172
LK1121080,Thalapathpitiya,2020,33.58524151958122,156
LK1121080,Thalapathpitiya,2021,38.94757620640013,172
LK1121085,Pragathipura,2018,42.03163855632495,51
LK1121085,Pragathipura,2019,39.85432481765746,51
LK1121085,Pragathipura,2020,39.96158669677599,51
LK1121085,Pragathipura,2021,42.069247861685724,51
LK1121090,Udahamulla East,2018,40.861543173466764,96
LK1121090,Udahamulla East,2019,39.18561963060038,96
LK1121090,Udahamulla East,2020,38.929838797946395,96
LK1121090,Udahamulla East,2021,40.80815739125589,96
LK1121095,Udahamulla West,2018,40.083381139582585,102
LK1121095,Udahamulla West,2019,38.73610841956419,102
LK1121095,Udahamulla West,2020,35.861347485652004,102
LK1121095,Udahamulla West,2021,40.33296702771549,102
LK1121100,Pathiragoda,2018,41.95862331650961,120
LK1121100,Pathiragoda,2019,38.93181989802647,120
LK1121100,Pathiragoda,2020,37.26526090799238,120
LK1121100,Pathiragoda,2021,40.6215037527413,120
LK1121105,Maharagama East,2018,41.96505108720725,66
LK1121105,Maharagama East,2019,38.6167499439558,66
LK1121105,Maharagama East,2020,38.89142563014766,66
LK1121105,Maharagama East,2021,41.25171254222076,66
LK1121110,Maharagama West,2018,43.440844766985236,57
LK1121110,Maharagama West,2019,38.66550596744057,57
LK1121110,Maharagama West,2020,40.8455542535348,57
LK1121110,Maharagama West,2021,40.397027236499234,57
LK1121115,Dambahena,2018,40.37722687366324,126
LK1121115,Dambahena,2019,37.94327270850207,126
LK1121115,Dambahena,2020,40.868992269563016,126
LK1121115,Dambahena,2021,38.87787904433035,126
LK1121120,Pannipitiya North,2018,40.55968146962897,98
LK1121120,Pannipitiya North,2019,37.17232765693018,98
LK1121120,Pannipitiya North,2020,39.30221445711296,98
LK1121120,Pannipitiya North,2021,38.6911844746182,98
LK1121125,Kottawa West,2018,40.24750314766373,70
LK1121125,Kottawa West,2019,38.14605845552538,70
LK1121125,Kottawa West,2020,39.849253411842106,70
LK1121125,Kottawa West,2021,39.66325624054455,70
LK1121130,Kottawa South,2018,39.93165005434606,149
LK1121130,Kottawa South,2019,38.053714356087944,149
LK1121130,Kottawa South,2020,42.402375678980086,149
LK1121130,Kottawa South,2021,38.246019599316966,149
LK1121135,Malapalla West,2018,39.791060371143125,76
LK1121135,Malapalla West,2019,38.19761299423221,76
LK1121135,Malapalla West,2020,41.985637904844616,76
LK1121135,Malapalla West,2021,38.2417225066719,76
LK1121140,Malapalla East,2018,38.31041643676246,136
LK1121140,Malapalla East,2019,36.959142296536534,136
LK1121140,Malapalla East,2020,37.27932804642882,136
LK1121140,Malapalla East,2021,37.93417135586829,136
LK1121145,Makumbura North,2018,40.72769547518411,152
LK1121145,Makumbura North,2019,38.22517645045265,152
LK1121145,Makumbura North,2020,39.65805430727282,152
LK1121145,Makumbura North,2021,38.71367826137471,152
LK1121150,Makumbura South,2018,39.4810779225544,122
LK1121150,Makumbura South,2019,36.79323998522306,122
LK1121150,Makumbura South,2020,40.09064943556749,122
LK1121150,Makumbura South,2021,37.42895029579631,122
LK1121155,Kottawa Town,2018,41.20516603356572,181
LK1121155,Kottawa Town,2019,39.82889105962367,181
LK1121155,Kottawa Town,2020,44.0076054866424,181
LK1121155,Kottawa Town,2021,39.71245337989074,181
LK1121160,Pannipitiya South,2018,42.205934481867835,55
LK1121160,Pannipitiya South,2019,37.83158125009044,55
LK1121160,Pannipitiya South,2020,40.60344323558001,55
LK1121160,Pannipitiya South,2021,40.016184485314234,55
LK1121165,Maharagama Town,2018,41.57591132203332,166
LK1121165,Maharagama Town,2019,38.822608198444456,166
LK1121165,Maharagama Town,2020,41.63938474872379,166
LK1121165,Maharagama Town,2021,40.27444205057662,166
LK1121170,Godigamuwa South A,2018,38.7302890380342,138
LK1121170,Godigamuwa South A,2019,36.943164644927585,138
LK1121170,Godigamuwa South A,2020,38.665889161184836,138
LK1121170,Godigamuwa South A,2021,39.0958960801889,138
LK1121175,Godigamuwa South B,2018,40.636145532926925,114
LK1121175,Godigamuwa South B,2019,39.011370108114804,114
LK1121175,Godigamuwa South B,2020,40.10813257187786,114
LK1121175,Godigamuwa South B,2021,39.76826105870449,114
LK1121180,Godigamuwa North,2018,43.654063391365796,95
LK1121180,Godigamuwa North,2019,39.4865783282234,95
LK1121180,Godigamuwa North,2020,40.983115852280505,95
LK1121180,Godigamuwa North,2021,41.24467437481231,95
LK1121185,Wattegedara,2018,42.634127702393414,164
LK1121185,Wattegedara,2019,38.38077845899461,164
LK1121185,Wattegedara,2020,39.13390531510353,164
LK1121185,Wattegedara,2021,40.95083190374447,164
LK1121190,Navinna,2018,41.98659272818984,102
LK1121190,Navinna,2019,39.89584611296475,102
LK1121190,Navinna,2020,37.4770851448303,102
LK1121190,Navinna,2021,40.73022586238969,102
LK1121195,Wijerama,2018,41.593805306182404,48
LK1121195,Wijerama,2019,39.197406881377866,48
LK1121195,Wijerama,2020,35.38275722932328,48
LK1121195,Wijerama,2021,41.311173128351044,48
LK1121200,Gangodavila South B,2018,40.56493180190461,122
LK1121200,Gangodavila South B,2019,39.05037717386965,122
LK1121200,Gangodavila South B,2020,36.10999970769044,122
LK1121200,Gangodavila South B,2021,40.19626307302518,122
LK1121205,Jambugasmulla,2018,42.43627897990975,98
LK1121205,Jambugasmulla,2019,40.25093140833147,98
LK1121205,Jambugasmulla,2020,39.67307081836912,98
LK1121205,Jambugasmulla,2021,39.71910050983786,98
LK1124005,Obeysekarapura,2018,43.48611981301027,75
LK1124005,Obeysekarapura,2019,43.09136298564809,75
LK1124005,Obeysekarapura,2020,40.3969675971989,75
LK1124005,Obeysekarapura,2021,40.80906708865163,75
LK1124010,Welikada West,2018,41.769073539497384,107
LK1124010,Welikada West,2019,40.57574658505949,107
LK1124010,Welikada West,2020,37.977848487359594,107
LK1124010,Welikada West,2021,38.84075644568291,107
LK1124015,Welikada East,2018,41.15143280876772,168
LK1124015,Welikada East,2019,39.305670587241565,168
LK1124015,Welikada East,2020,36.902692679181555,168
LK1124015,Welikada East,2021,37.916829775053095,168
LK1124020,Rajagiriya,2018,44.052305905671375,89
LK1124020,Rajagiriya,2019,41.66745760660223,89
LK1124020,Rajagiriya,2020,38.67226676083531,89
LK1124020,Rajagiriya,2021,40.175060967328434,89
LK1124025,Welikada North,2018,41.06021076495118,57
LK1124025,Welikada North,2019,40.95490834548373,57
LK1124025,Welikada North,2020,35.37948676366318,57
LK1124025,Welikada North,2021,39.93866658485908,57
LK1124030,Nawala West,2018,40.45858707230837,176
LK1124030,Nawala West,2019,39.4975669061772,176
LK1124030,Nawala West,2020,35.71569247503466,176
LK1124030,Nawala West,2021,38.426560409416474,176
LK1124035,Koswatta,2018,42.390557964670606,128
LK1124035,Koswatta,2019,39.87173520368175,128
LK1124035,Koswatta,2020,38.94926822525216,128
LK1124035,Koswatta,2021,39.22034317311019,128
LK1124040,Ethulkotte West,2018,41.069826601534025,84
LK1124040,Ethulkotte West,2019,39.56308332954418,84
LK1124040,Ethulkotte West,2020,38.682816097515584,84
LK1124040,Ethulkotte West,2021,38.96461230525195,84
LK1124045,Ethulkotte,2018,39.67106670554131,116
LK1124045,Ethulkotte,2019,39.46479655140677,116
LK1124045,Ethulkotte,2020,37.86921678150694,116
LK1124045,Ethulkotte,2021,38.72901571698904,116
LK1124050,Pitakotte East,2018,39.6250840217859,155
LK1124050,Pitakotte East,2019,37.90947630426789,155
LK1124050,Pitakotte East,2020,35.82394945025002,138
LK1124050,Pitakotte East,2021,38.69473438314444,155
LK1124055,Pitakotte,2018,42.355949117048894,83
LK1124055,Pitakotte,2019,42.263675134928235,83
LK1124055,Pitakotte,2020,43.1466125668927,83
LK1124055,Pitakotte,2021,41.4960560976649,83
LK1124060,Pitakotte West,2018,42.27064426133639,118
LK1124060,Pitakotte West,2019,40.448911791125774,118
LK1124060,Pitakotte West,2020,41.54612162436521,118
LK1124060,Pitakotte West,2021,39.35144645536202,118
LK1124065,Nawala East,2018,41.994312698312925,136
LK1124065,Nawala East,2019,40.45629788107683,136
LK1124065,Nawala East,2020,39.129637931701545,136
LK1124065,Nawala East,2021,39.47248216597084,136
LK1124070,Nugegoda West,2018,42.829586690870144,118
LK1124070,Nugegoda West,2019,41.249762239428385,118
LK1124070,Nugegoda West,2020,40.517793999242116,118
LK1124070,Nugegoda West,2021,40.682974529544154,118
LK1124075,Pagoda,2018,42.676160354501626,108
LK1124075,Pagoda,2019,40.20891442992153,108
LK1124075,Pagoda,2020,43.05707083071314,108
LK1124075,Pagoda,2021,39.6940338897378,108
LK1124080,Nugegoda,2018,44.1488890431283,88
LK1124080,Nugegoda,2019,42.385997655787314,88
LK1124080,Nugegoda,2020,43.07639715541131,88
LK1124080,Nugegoda,2021,41.444996654600494,88
LK1124085,Pagoda East,2018,43.27210426266539,108
LK1124085,Pagoda East,2019,41.99282994056369,108
LK1124085,Pagoda East,2020,43.882625700417144,108
LK1124085,Pagoda East,2021,41.23519481246178,108
LK1124090,Gangodavila North,2018,44.23697063681035,79
LK1124090,Gangodavila North,2019,41.83477786046157,79
LK1124090,Gangodavila North,2020,42.19790022965392,79
LK1124090,Gangodavila North,2021,41.023995490175395,79
LK1124095,Gangodavila South,2018,40.81409578213745,131
LK1124095,Gangodavila South,2019,41.52811766357816,131
LK1124095,Gangodavila South,2020,40.17619955900592,131
LK1124095,Gangodavila South,2021,41.1925121205166,131
LK1124100,Gangodavila East,2018,40.63072757099403,96
LK1124100,Gangodavila East,2019,40.843545670194096,96
LK1124100,Gangodavila East,2020,41.256403661244214,96
LK1124100,Gangodavila East,2021,40.825930129239616,96
LK1127005,Kollupitiya,2018,42.18782453762457,112
LK1127005,Kollupitiya,2019,40.72527473616696,112
LK1127005,Kollupitiya,2020,39.029774514519936,112
LK1127005,Kollupitiya,2021,40.63983040468956,112
LK1127010,Bambalapitiya,2018,40.887691317884595,182
LK1127010,Bambalapitiya,2019,41.147674581459206,182
LK1127010,Bambalapitiya,2020,36.835103073295244,182
LK1127010,Bambalapitiya,2021,40.0448500022095,182
LK1127015,Kurunduwatta,2018,41.86818564781638,421
LK1127015,Kurunduwatta,2019,41.707829625033895,421
LK1127015,Kurunduwatta,2020,38.32641038667841,421
LK1127015,Kurunduwatta,2021,40.342678107098756,421
LK1127020,Kuppiyawatta West,2018,43.35831892407744,58
LK1127020,Kuppiyawatta West,2019,42.25173457078716,58
LK1127020,Kuppiyawatta West,2020,39.33071188791115,58
LK1127020,Kuppiyawatta West,2021,41.038937115159015,58
LK1127025,Kuppiyawatta East,2018,42.76972233335582,76
LK1127025,Kuppiyawatta East,2019,42.21670236324715,76
LK1127025,Kuppiyawatta East,2020,38.36966258848599,76
LK1127025,Kuppiyawatta East,2021,40.815145318739454,76
LK1127030,Dematagoda,2018,43.26704260901677,101
LK1127030,Dematagoda,2019,43.33759425096226,101
LK1127030,Dematagoda,2020,39.57355301362231,101
LK1127030,Dematagoda,2021,40.929152461982156,101
LK1127035,Wanathamulla,2018,42.00590804356042,91
LK1127035,Wanathamulla,2019,42.39324531979864,91
LK1127035,Wanathamulla,2020,38.07295717690299,91
LK1127035,Wanathamulla,2021,41.253995662942884,91
LK1127040,Borella North,2018,42.194550859866666,133
LK1127040,Borella North,2019,42.05456165174039,133
LK1127040,Borella North,2020,38.29385176592488,133
LK1127040,Borella North,2021,40.6593506968484,133
LK1127045,Borella South,2018,43.77705141279357,91
LK1127045,Borella South,2019,42.33244924208273,91
LK1127045,Borella South,2020,36.56884851824106,91
LK1127045,Borella South,2021,41.212119607549155,91
LK1127050,Gothamipura,2018,39.587806553363876,146
LK1127050,Gothamipura,2019,40.02815996264694,146
LK1127050,Gothamipura,2020,36.42180739227092,146
LK1127050,Gothamipura,2021,38.95333473813357,146
LK1127055,Narahenpita,2018,40.69343854732026,124
LK1127055,Narahenpita,2019,41.00576311746088,124
LK1127055,Narahenpita,2020,37.25661783410801,124
LK1127055,Narahenpita,2021,40.017476335771875,124
LK1127060,Thimbirigasyaya,2018,41.882738515783906,233
LK1127060,Thimbirigasyaya,2019,41.781110490621195,233
LK1127060,Thimbirigasyaya,2020,37.24118051368198,233
LK1127060,Thimbirigasyaya,2021,40.50486679519949,233
LK1127065,Milagiriya,2018,42.36152698912901,134
LK1127065,Milagiriya,2019,42.381147620409685,134
LK1127065,Milagiriya,2020,35.73789693186478,134
LK1127065,Milagiriya,2021,41.53617901948078,134
LK1127070,Havelock Town,2018,42.06571512425982,161
LK1127070,Havelock Town,2019,42.25951767016784,161
LK1127070,Havelock Town,2020,37.40553935847199,161
LK1127070,Havelock Town,2021,41.51620695519375,161
LK1127075,Kirula,2018,41.764496751692775,223
LK1127075,Kirula,2019,41.87097936493684,223
LK1127075,Kirula,2020,36.32276736176142,223
LK1127075,Kirula,2021,40.95955845941525,223
LK1127080,Kirulapone,2018,41.08876447664644,172
LK1127080,Kirulapone,2019,41.69846351256937,172
LK1127080,Kirulapone,2020,40.10265516543108,172
LK1127080,Kirulapone,2021,41.30179378203879,172
LK1127085,Wellawatta North,2018,41.34727163878921,133
LK1127085,Wellawatta North,2019,41.77508109349945,133
LK1127085,Wellawatta North,2020,39.22245962215811,133
LK1127085,Wellawatta North,2021,41.098280856396244,133
LK1127090,Wellawatta South,2018,41.200196208393926,90
LK1127090,Wellawatta South,2019,41.56831068892705,90
LK1127090,Wellawatta South,2020,41.054611653135225,90
LK1127090,Wellawatta South,2021,40.80316732505281,90
LK1127095,Pamankada West,2018,41.98572423531821,89
LK1127095,Pamankada West,2019,42.3448854094975,89
LK1127095,Pamankada West,2020,40.708346657080654,89
LK1127095,Pamankada West,2021,41.55964014804071,89
LK1127100,Pamankada East,2018,41.311015754259,115
LK1127100,Pamankada East,2019,42.3344944253277,115
LK1127100,Pamankada East,2020,40.847898258208545,115
LK1127100,Pamankada East,2021,41.64929609664272,115
LK1130005,Sri Saranankara,2018,41.78497224618088,58
LK1130005,Sri Saranankara,2019,42.58596587810255,58
LK1130005,Sri Saranankara,2020,41.27782726765689,58
LK1130005,Sri Saranankara,2021,42.23037134503325,58
LK1130010,Vilawala,2018,40.9527593294513,79
LK1130010,Vilawala,2019,42.00904185387569,79
LK1130010,Vilawala,2020,40.65452214385184,79
LK1130010,Vilawala,2021,41.91220953185388,79
LK1130015,Dutugemunu,2018,43.70885842596889,104
LK1130015,Dutugemunu,2019,42.498689220374935,104
LK1130015,Dutugemunu,2020,42.897364399339295,104
LK1130015,Dutugemunu,2021,41.44600651544752,104
LK1130020,Kohuwala,2018,43.19112211493947,117
LK1130020,Kohuwala,2019,41.900261851594614,117
LK1130020,Kohuwala,2020,41.499783019409534,117
LK1130020,Kohuwala,2021,40.848005247765066,117
LK1130025,Kalubovila,2018,41.69334289473452,67
LK1130025,Kalubovila,2019,43.17634806779091,67
LK1130025,Kalubovila,2020,42.40719865776836,67
LK1130025,Kalubovila,2021,41.90211295891146,67
LK1130030,Hathbodhiya,2018,41.94638549386389,65
LK1130030,Hathbodhiya,2019,43.14281631956574,65
LK1130030,Hathbodhiya,2020,41.32247711668487,65
LK1130030,Hathbodhiya,2021,42.62667007320377,65
LK1130035,Galwala,2018,41.54540144043999,64
LK1130035,Galwala,2019,42.5298397921227,64
LK1130035,Galwala,2020,41.88492245674132,64
LK1130035,Galwala,2021,42.31898528885195,64
LK1130040,Dehiwala West,2018,41.245898895642455,69
LK1130040,Dehiwala West,2019,41.4293953887653,69
LK1130040,Dehiwala West,2020,40.19710799700979,69
LK1130040,Dehiwala West,2021,41.018276102150224,69
LK1130045,Dehiwala East,2018,41.874980089432775,69
LK1130045,Dehiwala East,2019,43.10107569528519,69
LK1130045,Dehiwala East,2020,41.46272385771412,69
LK1130045,Dehiwala East,2021,42.70255228718246,69
LK1130050,Udyanaya,2018,40.627578696250765,69
LK1130050,Udyanaya,2019,41.66346903820367,69
LK1130050,Udyanaya,2020,40.09914312319719,69
LK1130050,Udyanaya,2021,41.58329092269545,69
LK1130055,Nedimala,2018,42.59194593179249,108
LK1130055,Nedimala,2019,42.624721743015314,108
LK1130055,Nedimala,2020,41.21231239248365,108
LK1130055,Nedimala,2021,42.35927037933109,108
LK1130060,Malwatta,2018,41.74038679512842,54
LK1130060,Malwatta,2019,42.61741038941794,54
LK1130060,Malwatta,2020,41.67485795498741,54
LK1130060,Malwatta,2021,42.39922053784295,54
LK1130065,Jayathilaka,2018,41.55867630697209,52
LK1130065,Jayathilaka,2019,42.767687101259526,52
LK1130065,Jayathilaka,2020,41.26386845156286,52
LK1130065,Jayathilaka,2021,41.308574416891624,52
LK1130070,Karagampitiya,2018,42.39101223283888,58
LK1130070,Karagampitiya,2019,43.24002857846648,58
LK1130070,Karagampitiya,2020,41.941438730179755,58
LK1130070,Karagampitiya,2021,42.52228615134167,58
LK1130075,Kawdana East,2018,41.17545471467824,147
LK1130075,Kawdana East,2019,40.87051350803846,147
LK1130075,Kawdana East,2020,40.57688269794616,147
LK1130075,Kawdana East,2021,40.38584065824398,147
LK1131005,Mount Lavinia,2018,40.683460766848974,147
LK1131005,Mount Lavinia,2019,41.317734084396335,147
LK1131005,Mount Lavinia,2020,40.12191948833354,147
LK1131005,Mount Lavinia,2021,41.18401826290444,147
LK1131010,Kawdana West,2018,42.25784737398884,71
LK1131010,Kawdana West,2019,43.14967673489788,71
LK1131010,Kawdana West,2020,41.71638166097987,71
LK1131010,Kawdana West,2021,41.80688657353976,71
LK1131015,Watarappala,2018,42.83528425513416,52
LK1131015,Watarappala,2019,43.42760996129168,52
LK1131015,Watarappala,2020,41.657630342194416,52
LK1131015,Watarappala,2021,42.17592150834633,52
LK1131020,Wathumulla,2018,41.90852301014413,73
LK1131020,Wathumulla,2019,42.83116752597066,73
LK1131020,Wathumulla,2020,40.68720397811999,73
LK1131020,Wathumulla,2021,42.451824203875425,73
LK1131025,Katukurunduwatta,2018,42.04603391276927,145
LK1131025,Katukurunduwatta,2019,42.37086550970351,145
LK1131025,Katukurunduwatta,2020,40.760606849600286,145
LK1131025,Katukurunduwatta,2021,41.617408700829344,145
LK1131030,Attidiya North,2018,39.443660705267554,168
LK1131030,Attidiya North,2019,38.830096678486754,168
LK1131030,Attidiya North,2020,38.244367189783944,168
LK1131030,Attidiya North,2021,38.572776078339544,168
LK1131035,Attidiya South,2018,41.83168636554172,215
LK1131035,Attidiya South,2019,42.1310795044741,215
LK1131035,Attidiya South,2020,40.579888459994145,215
LK1131035,Attidiya South,2021,41.325026586108066,215
LK1131040,Piriwena,2018,42.21786485464933,85
LK1131040,Piriwena,2019,42.74671396596953,85
LK1131040,Piriwena,2020,39.65017426598955,85
LK1131040,Piriwena,2021,42.12601245614429,85
LK1131045,Wedikanda,2018,40.79986514981067,91
LK1131045,Wedikanda,2019,41.676523890207704,91
LK1131045,Wedikanda,2020,38.854846852461506,91
LK1131045,Wedikanda,2021,41.44013519966339,91
LK1131050,Vihara,2018,41.214613586572185,99
LK1131050,Vihara,2019,42.14127918987164,99
LK1131050,Vihara,2020,41.12623178059696,99
LK1131050,Vihara,2021,41.970281175437556,99
LK1131055,Rathmalana West,2018,41.507060301052796,58
LK1131055,Rathmalana West,2019,41.672286584155124,58
LK1131055,Rathmalana West,2020,41.23036163198752,58
LK1131055,Rathmalana West,2021,41.6238954732803,58
LK1131060,Rathmalana East,2018,42.689352919637656,130
LK1131060,Rathmalana East,2019,42.18508391355251,130
LK1131060,Rathmalana East,2020,42.68470018438095,130
LK1131060,Rathmalana East,2021,42.451533975374076,130
LK1131065,Kandawala,2018,43.462410111858816,318
LK1131065,Kandawala,2019,41.450158352565815,318
LK1131065,Kandawala,2020,41.89002626938731,318
LK1131065,Kandawala,2021,41.41831046318806,318
LK1133005,Angulana North,2018,41.47359989469701,52
LK1133005,Angulana North,2019,41.124606180191044,52
LK1133005,Angulana North,2020,41.6612120216543,52
LK1133005,Angulana North,2021,41.50162324428559,52
LK1133010,Kaldemulla,2018,43.20592075304167,63
LK1133010,Kaldemulla,2019,42.31034011459912,63
LK1133010,Kaldemulla,2020,43.02758727306444,63
LK1133010,Kaldemulla,2021,42.31640949580797,63
LK1133015,Soysapura North,2018,44.297002705478484,24
LK1133015,Soysapura North,2019,41.30082818120197,24
LK1133015,Soysapura North,2020,43.25976521599603,24
LK1133015,Soysapura North,2021,42.41639246068473,24
LK1133020,Soysapura South,2018,44.07657170065361,26
LK1133020,Soysapura South,2019,41.684071366913656,26
LK1133020,Soysapura South,2020,43.63184647168516,26
LK1133020,Soysapura South,2021,42.442623227114865,26
LK1133025,Dahampura,2018,42.973244040786376,63
LK1133025,Dahampura,2019,42.37312859034098,63
LK1133025,Dahampura,2020,42.625407668222955,63
LK1133025,Dahampura,2021,42.55420907679072,63
LK1133030,Thelawala North,2018,43.1992309479213,115
LK1133030,Thelawala North,2019,41.87393931144676,115
LK1133030,Thelawala North,2020,42.639092433812266,115
LK1133030,Thelawala North,2021,39.86099052090184,115
LK1133035,Borupana,2018,43.509185422788775,142
LK1133035,Borupana,2019,41.0061482123227,142
LK1133035,Borupana,2020,42.47603556895322,142
LK1133035,Borupana,2021,39.931209380529275,142
LK1133040,Thelawala South,2018,43.68098838696892,64
LK1133040,Thelawala South,2019,43.45557592174795,64
LK1133040,Thelawala South,2020,42.92584228043509,64
LK1133040,Thelawala South,2021,41.25583370605318,64
LK1133045,Lakshapathiya North,2018,45.28984508111601,81
LK1133045,Lakshapathiya North,2019,43.2954042439063,81
LK1133045,Lakshapathiya North,2020,43.840093595306634,81
LK1133045,Lakshapathiya North,2021,43.81599373373591,81
LK1133050,Lakshapathiya Central,2018,41.142776746654036,39
LK1133050,Lakshapathiya Central,2019,40.06107436749217,39
LK1133050,Lakshapathiya Central,2020,39.6483099696016,39
LK1133050,Lakshapathiya Central,2021,40.46064950100523,39
LK1133055,Angulana South,2018,40.42748891256077,19
LK1133055,Angulana South,2019,39.80510981476355,19
LK1133055,Angulana South,2020,39.61691641990754,19
LK1133055,Angulana South,2021,40.807023879943465,19
LK1133060,Uyana South,2018,42.077198929095175,90
LK1133060,Uyana South,2019,40.663186241788935,90
LK1133060,Uyana South,2020,40.31235801937812,90
LK1133060,Uyana South,2021,41.69944670802123,90
LK1133065,Uyana North,2018,42.067531415136195,51
LK1133065,Uyana North,2019,40.07571954862319,51
LK1133065,Uyana North,2020,41.08331440805432,51
LK1133065,Uyana North,2021,41.27357925353017,51
LK1133070,Rawathawatta South,2018,44.239021283466045,38
LK1133070,Rawathawatta South,2019,39.29292578955355,38
LK1133070,Rawathawatta South,2020,41.27721338266161,38
LK1133070,Rawathawatta South,2021,42.413346674550596,38
LK1133075,Rawathawatta East,2018,44.01517475444315,70
LK1133075,Rawathawatta East,2019,40.2789627869449,70
LK1133075,Rawathawatta East,2020,41.77869754130782,70
LK1133075,Rawathawatta East,2021,41.219805832497066,70
LK1133080,Lakshapathiya South,2018,43.5777296577657,85
LK1133080,Lakshapathiya South,2019,41.47660864184134,85
LK1133080,Lakshapathiya South,2020,42.40204139452573,85
LK1133080,Lakshapathiya South,2021,41.846134311574225,85
LK1133085,Kuduwamulla,2018,42.6680239655405,46
LK1133085,Kuduwamulla,2019,38.2202324802123,46
LK1133085,Kuduwamulla,2020,39.866020618492726,46
LK1133085,Kuduwamulla,2021,39.95187250994144,46
LK1133090,Katubedda,2018,41.245809508205625,195
LK1133090,Katubedda,2019,37.974240160738425,195
LK1133090,Katubedda,2020,39.564590389415145,195
LK1133090,Katubedda,2021,39.07404756931165,195
LK1133095,Molpe,2018,42.90352429756389,84
LK1133095,Molpe,2019,38.87108349529978,84
LK1133095,Molpe,2020,39.064019402494566,84
LK1133095,Molpe,2021,39.44439636169394,84
LK1133100,Moratumulla North,2018,44.87725924610111,44
LK1133100,Moratumulla North,2019,38.99148773343233,44
LK1133100,Moratumulla North,2020,39.83135055489335,44
LK1133100,Moratumulla North,2021,40.75591099290719,44
LK1133105,Kadalana,2018,43.817489133293265,51
LK1133105,Kadalana,2019,38.671220532641016,51
LK1133105,Kadalana,2020,39.34666153472147,51
LK1133105,Kadalana,2021,43.076927317395615,51
LK1133110,Rawathawatta West,2018,42.438985740308595,80
LK1133110,Rawathawatta West,2019,40.290525887730325,80
LK1133110,Rawathawatta West,2020,41.07213823123161,80
LK1133110,Rawathawatta West,2021,41.02948796366491,80
LK1133115,Idama,2018,40.185354338197946,81
LK1133115,Idama,2019,38.303199835490744,81
LK1133115,Idama,2020,35.85282368466487,81
LK1133115,Idama,2021,40.34636865007603,81
LK1133120,Uswatta,2018,40.58456624728297,34
LK1133120,Uswatta,2019,39.73715282256231,34
LK1133120,Uswatta,2020,37.408158046253185,34
LK1133120,Uswatta,2021,41.47227909850451,34
LK1133125,Moratuwella South,2018,39.604854061912846,69
LK1133125,Moratuwella South,2019,38.39869446195036,69
LK1133125,Moratuwella South,2020,36.25222099663529,69
LK1133125,Moratuwella South,2021,41.308090895173855,69
LK1133130,Indibedda West,2018,40.031102714746815,67
LK1133130,Indibedda West,2019,37.8728708780003,67
LK1133130,Indibedda West,2020,31.122553565729103,67
LK1133130,Indibedda West,2021,38.99015666632389,67
LK1133135,Moratumulla East,2018,45.3640987783035,54
LK1133135,Moratumulla East,2019,39.773992825555474,54
LK1133135,Moratumulla East,2020,38.373388209909,54
LK1133135,Moratumulla East,2021,42.10918056272142,54
LK1133140,Moratumulla West,2018,41.86011507571091,49
LK1133140,Moratumulla West,2019,37.56509000120587,49
LK1133140,Moratumulla West,2020,34.99539716354422,49
LK1133140,Moratumulla West,2021,41.530720948250654,49
LK1133145,Villorawatta East,2018,41.54803865464269,70
LK1133145,Villorawatta East,2019,37.55240164441644,70
LK1133145,Villorawatta East,2020,35.22199113358239,70
LK1133145,Villorawatta East,2021,37.73664126091239,70
LK1133150,Villorawatta West,2018,44.30259765065623,47
LK1133150,Villorawatta West,2019,40.152680712609815,47
LK1133150,Villorawatta West,2020,38.4456365561711,47
LK1133150,Villorawatta West,2021,41.00052709873512,47
LK1133155,Indibedda East,2018,35.91455810027928,128
LK1133155,Indibedda East,2019,34.042645657541875,128
LK1133155,Indibedda East,2020,30.874564308172243,128
LK1133155,Indibedda East,2021,35.9168615346204,128
LK1133160,Moratuwella North,2018,40.84990491102463,67
LK1133160,Moratuwella North,2019,40.17279307036863,67
LK1133160,Moratuwella North,2020,38.27463991775564,67
LK1133160,Moratuwella North,2021,42.03614382566282,67
LK1133165,Moratuwella West,2018,39.63397100294903,20
LK1133165,Moratuwella West,2019,39.69927679837405,20
LK1133165,Moratuwella West,2020,37.3578702503945,20
LK1133165,Moratuwella West,2021,41.62243189479842,20
LK1133170,Koralawella North,2018,41.94488591086271,58
LK1133170,Koralawella North,2019,38.84501039047586,58
LK1133170,Koralawella North,2020,36.6887574825028,58
LK1133170,Koralawella North,2021,42.25425243187813,58
LK1133175,Koralawella East,2018,38.55398112853592,57
LK1133175,Koralawella East,2019,36.60336004776981,57
LK1133175,Koralawella East,2020,35.41674870083373,57
LK1133175,Koralawella East,2021,39.18686365646226,57
LK1133180,Koralawella West,2018,40.493533206158176,43
LK1133180,Koralawella West,2019,38.87872385799791,43
LK1133180,Koralawella West,2020,34.39166729324992,43
LK1133180,Koralawella West,2021,41.011963276253475,43
LK1133185,Koralawella South,2018,40.27143392862224,50
LK1133185,Koralawella South,2019,38.299185660429,50
LK1133185,Koralawella South,2020,33.540561965077416,50
LK1133185,Koralawella South,2021,40.834887091066534,50
LK1133190,Katukurunda North,2018,39.32372706152854,59
LK1133190,Katukurunda North,2019,37.61069710162425,59
LK1133190,Katukurunda North,2020,32.95278938025947,59
LK1133190,Katukurunda North,2021,40.146224723685364,59
LK1133195,Katukurunda South,2018,39.48367906114548,66
LK1133195,Katukurunda South,2019,38.22687994954279,66
LK1133195,Katukurunda South,2020,33.3678038182349,66
LK1133195,Katukurunda South,2021,39.64117431210107,66
LK1133200,Egoda Uyana North,2018,38.75340694726462,70
LK1133200,Egoda Uyana North,2019,37.44664355734901,70
LK1133200,Egoda Uyana North,2020,32.96927471264854,70
LK1133200,Egoda Uyana North,2021,38.88992404684854,70
LK1133205,Egoda Uyana Central,2018,38.21752943127809,58
LK1133205,Egoda Uyana Central,2019,37.02127845644447,58
LK1133205,Egoda Uyana Central,2020,30.86021047415162,58
LK1133205,Egoda Uyana Central,2021,38.721370078253216,58
LK1133210,Egoda Uyana South,2018,38.44380583663956,67
LK1133210,Egoda Uyana South,2019,37.01505023188192,67
LK1133210,Egoda Uyana South,2020,32.841925166964884,64
LK1133210,Egoda Uyana South,2021,38.80153347595303,67
LK1136005,Pepiliyana West,2018,42.26660827176653,89
LK1136005,Pepiliyana West,2019,40.67883130884958,89
LK1136005,Pepiliyana West,2020,40.305667893566586,89
LK1136005,Pepiliyana West,2021,40.13308525656222,89
LK1136010,Pepiliyana East,2018,42.25919809584109,45
LK1136010,Pepiliyana East,2019,40.288559094208544,45
LK1136010,Pepiliyana East,2020,39.01055629949151,45
LK1136010,Pepiliyana East,2021,39.424225860372644,45
LK1136015,Divulpitiya East,2018,41.76722570493596,44
LK1136015,Divulpitiya East,2019,39.94890614413848,44
LK1136015,Divulpitiya East,2020,34.07921662385556,44
LK1136015,Divulpitiya East,2021,39.39689756342165,44
LK1136020,Divulpitiya West,2018,40.237149537279365,62
LK1136020,Divulpitiya West,2019,38.62909531392409,62
LK1136020,Divulpitiya West,2020,36.596383178836845,62
LK1136020,Divulpitiya West,2021,38.926744757408514,62
LK1136025,Bellanvila,2018,39.9866990741988,74
LK1136025,Bellanvila,2019,38.30932992470934,74
LK1136025,Bellanvila,2020,38.77566903959597,74
LK1136025,Bellanvila,2021,39.24513524627028,74
LK1136030,Boralesgamuwa West A,2018,39.653871714803145,99
LK1136030,Boralesgamuwa West A,2019,38.70838241887852,99
LK1136030,Boralesgamuwa West A,2020,36.45792171908004,99
LK1136030,Boralesgamuwa West A,2021,38.013166339965174,99
LK1136035,Boralesgamuwa West C,2018,37.311194164967084,74
LK1136035,Boralesgamuwa West C,2019,35.706304302614676,74
LK1136035,Boralesgamuwa West C,2020,33.04833258959858,74
LK1136035,Boralesgamuwa West C,2021,36.76651409355168,74
LK1136040,Rattanapitiya,2018,40.562955562184875,92
LK1136040,Rattanapitiya,2019,38.23342157897559,92
LK1136040,Rattanapitiya,2020,33.94097996679321,92
LK1136040,Rattanapitiya,2021,38.9056292805592,92
LK1136045,Egodawatta,2018,39.78748309164418,48
LK1136045,Egodawatta,2019,37.895133335472245,48
LK1136045,Egodawatta,2020,30.40725314739817,48
LK1136045,Egodawatta,2021,40.336184021729984,48
LK1136050,Boralesgamuwa East A,2018,40.42811492414806,96
LK1136050,Boralesgamuwa East A,2019,37.27777592002518,96
LK1136050,Boralesgamuwa East A,2020,33.51683942121631,96
LK1136050,Boralesgamuwa East A,2021,39.98498357182828,96
LK1136055,Boralesgamuwa West B,2018,38.07333596113765,95
LK1136055,Boralesgamuwa West B,2019,36.77712910018972,95
LK1136055,Boralesgamuwa West B,2020,32.45111814855053,95
LK1136055,Boralesgamuwa West B,2021,36.57130217874933,95
LK1136060,Werahera North,2018,38.85187443422231,94
LK1136060,Werahera North,2019,36.43525206941966,94
LK1136060,Werahera North,2020,35.08943750359871,94
LK1136060,Werahera North,2021,37.25832054829772,94
LK1136065,Boralesgamuwa East B,2018,40.590241591391326,114
LK1136065,Boralesgamuwa East B,2019,38.287171451442475,114
LK1136065,Boralesgamuwa East B,2020,36.563283525267494,114
LK1136065,Boralesgamuwa East B,2021,39.56976370449253,114
LK1136070,Neelammahara,2018,39.46262715331889,78
LK1136070,Neelammahara,2019,37.56464763875612,78
LK1136070,Neelammahara,2020,38.73803141869267,78
LK1136070,Neelammahara,2021,39.39276675461892,78
LK1136075,Katuwawala North,2018,41.025912784945625,103
LK1136075,Katuwawala North,2019,37.92572831376042,103
LK1136075,Katuwawala North,2020,39.73665176942975,103
LK1136075,Katuwawala North,2021,39.35869119242786,103
LK1136080,Vishwakalawa,2018,40.10829604808259,37
LK1136080,Vishwakalawa,2019,38.2856253537928,37
LK1136080,Vishwakalawa,2020,39.78821634007443,37
LK1136080,Vishwakalawa,2021,40.58446469244624,37
LK1136085,Werahera South,2018,39.173040889791785,183
LK1136085,Werahera South,2019,36.16411501874875,183
LK1136085,Werahera South,2020,38.10233406532865,183
LK1136085,Werahera South,2021,38.23912061316,183
LK1136090,Katuwawala South,2018,41.07789171552075,62
LK1136090,Katuwawala South,2019,37.523575366065806,62
LK1136090,Katuwawala South,2020,39.12019144912503,62
LK1136090,Katuwawala South,2021,39.88538624774165,62
LK1136095,Niwanthidiya,2018,37.864740620267874,100
LK1136095,Niwanthidiya,2019,34.979823677622484,100
LK1136095,Niwanthidiya,2020,37.6167187389807,100
LK1136095,Niwanthidiya,2021,38.40678064882954,100
LK1136100,Erewwala West,2018,39.54742111598328,158
LK1136100,Erewwala West,2019,36.683961190360634,158
LK1136100,Erewwala West,2020,39.478288335130244,158
LK1136100,Erewwala West,2021,40.549837340983764,158
LK1136105,Erewwala North,2018,39.18085624996323,149
LK1136105,Erewwala North,2019,35.253097584271686,149
LK1136105,Erewwala North,2020,38.526089861645204,149
LK1136105,Erewwala North,2021,38.57516152427362,149
LK1136110,Erewwala East,2018,39.66150543901658,89
LK1136110,Erewwala East,2019,36.35640226642332,89
LK1136110,Erewwala East,2020,38.81571346975752,89
LK1136110,Erewwala East,2021,37.90780968761651,89
LK1136115,Rathmaldeniya,2018,40.343288107875026,150
LK1136115,Rathmaldeniya,2019,37.617783697265075,150
LK1136115,Rathmaldeniya,2020,40.94406994565954,150
LK1136115,Rathmaldeniya,2021,39.167464059649795,150
LK1136120,Mahalwarawa,2018,40.151428305453564,98
LK1136120,Mahalwarawa,2019,38.00540198208798,98
LK1136120,Mahalwarawa,2020,41.37066585099042,98
LK1136120,Mahalwarawa,2021,39.455128544897654,98
LK1136125,Bangalawatta,2018,41.525397861711355,49
LK1136125,Bangalawatta,2019,38.66606136342059,49
LK1136125,Bangalawatta,2020,42.09034876228111,49
LK1136125,Bangalawatta,2021,39.709867721511564,49
LK1136130,Pelenwatta East,2018,39.72309169850037,145
LK1136130,Pelenwatta East,2019,37.547741154758256,145
LK1136130,Pelenwatta East,2020,41.02272782812143,145
LK1136130,Pelenwatta East,2021,38.8380899462078,145
LK1136135,Pelenwatta North,2018,40.04026310724487,156
LK1136135,Pelenwatta North,2019,36.76933371258278,156
LK1136135,Pelenwatta North,2020,40.7535779284444,156
LK1136135,Pelenwatta North,2021,38.15300670770168,156
LK1136140,Pelenwatta West,2018,39.9882200108132,178
LK1136140,Pelenwatta West,2019,36.15615527897144,178
LK1136140,Pelenwatta West,2020,40.20701528746895,178
LK1136140,Pelenwatta West,2021,39.34930552745965,178
LK1136145,Paligedara,2018,41.144284502587844,92
LK1136145,Paligedara,2019,36.24570193512566,92
LK1136145,Paligedara,2020,40.28760573388636,92
LK1136145,Paligedara,2021,38.34113882060288,92
LK1136150,Kaliyammahara,2018,38.697125138973256,76
LK1136150,Kaliyammahara,2019,36.03944132476461,76
LK1136150,Kaliyammahara,2020,38.80271167642233,76
LK1136150,Kaliyammahara,2021,38.31065066316571,76
LK1136155,Bokundara,2018,39.14826473181111,85
LK1136155,Bokundara,2019,36.85679583787549,85
LK1136155,Bokundara,2020,39.40187337259869,85
LK1136155,Bokundara,2021,39.13607393903824,85
LK1136160,Thumbovila South,2018,38.97644273780098,113
LK1136160,Thumbovila South,2019,36.68132270992034,113
LK1136160,Thumbovila South,2020,39.8127732223681,113
LK1136160,Thumbovila South,2021,39.8421346087748,113
LK1136165,Thumbovila North,2018,38.83472767822902,219
LK1136165,Thumbovila North,2019,35.96192003577572,219
LK1136165,Thumbovila North,2020,38.20676311884089,219
LK1136165,Thumbovila North,2021,38.1436084410301,219
LK1136170,Wewala West,2018,38.69660508364513,136
LK1136170,Wewala West,2019,36.281342697760365,136
LK1136170,Wewala West,2020,37.11130163704708,136
LK1136170,Wewala West,2021,37.311893862766446,136
LK1136175,Wewala East,2018,39.73185520051184,78
LK1136175,Wewala East,2019,36.52460391873014,78
LK1136175,Wewala East,2020,39.60999355399884,78
LK1136175,Wewala East,2021,38.42453671137387,78
LK1136180,Thumbovila West,2018,41.14518878784332,83
LK1136180,Thumbovila West,2019,37.695444590719205,83
LK1136180,Thumbovila West,2020,41.73551989023138,83
LK1136180,Thumbovila West,2021,39.88838453564715,83
LK1136185,Mampe North,2018,40.586911937133166,156
LK1136185,Mampe North,2019,36.833300010307255,156
LK1136185,Mampe North,2020,39.7737219880248,156
LK1136185,Mampe North,2021,38.070584100028476,156
LK1136190,Makuludoowa,2018,41.42057926127121,77
LK1136190,Makuludoowa,2019,36.53364611766986,77
LK1136190,Makuludoowa,2020,39.60382207642962,77
LK1136190,Makuludoowa,2021,37.991178162042836,77
LK1136195,Gorakapitiya,2018,40.31732705820919,61
LK1136195,Gorakapitiya,2019,36.379676575944636,61
LK1136195,Gorakapitiya,2020,38.50105285014524,61
LK1136195,Gorakapitiya,2021,38.37791945617322,61
LK1136200,Nampamunuwa,2018,40.024384285480316,111
LK1136200,Nampamunuwa,2019,36.56959538054678,111
LK1136200,Nampamunuwa,2020,37.41076619988484,111
LK1136200,Nampamunuwa,2021,37.585074377945425,111
LK1136205,Mavittara North,2018,41.99590022816771,86
LK1136205,Mavittara North,2019,37.60107960011436,86
LK1136205,Mavittara North,2020,39.85600445162578,86
LK1136205,Mavittara North,2021,38.81348818556942,86
LK1136210,Mampe East,2018,41.87854598729593,55
LK1136210,Mampe East,2019,37.30752743270726,55
LK1136210,Mampe East,2020,39.946485186405354,55
LK1136210,Mampe East,2021,38.96808635547062,55
LK1136215,Bodhirajapura,2018,44.26590513122645,18
LK1136215,Bodhirajapura,2019,40.5336257778589,18
LK1136215,Bodhirajapura,2020,40.783257706093465,18
LK1136215,Bodhirajapura,2021,40.31686425311662,18
LK1136220,Mampe West,2018,42.06787533955235,85
LK1136220,Mampe West,2019,37.993185249566295,85
LK1136220,Mampe West,2020,39.41487856534611,85
LK1136220,Mampe West,2021,39.504364115039834,85
LK1136225,Mampe South,2018,40.89430915580902,62
LK1136225,Mampe South,2019,36.84914261314601,62
LK1136225,Mampe South,2020,40.3980737051256,62
LK1136225,Mampe South,2021,40.05457613857072,62
LK1136230,Kolamunna,2018,39.94442579234755,111
LK1136230,Kolamunna,2019,35.94783278759,111
LK1136230,Kolamunna,2020,39.36983301920257,111
LK1136230,Kolamunna,2021,38.60929850486947,111
LK1136235,Suwarapola East,2018,40.55356056606683,70
LK1136235,Suwarapola East,2019,39.065151628216654,70
LK1136235,Suwarapola East,2020,41.27023250899542,70
LK1136235,Suwarapola East,2021,39.79543682321537,70
LK1136240,Suwarapola West,2018,40.27727586828209,45
LK1136240,Suwarapola West,2019,38.202821885069284,45
LK1136240,Suwarapola West,2020,38.31747856650912,45
LK1136240,Suwarapola West,2021,40.4522214151588,45
LK1136245,Hedigama,2018,39.244960637062924,108
LK1136245,Hedigama,2019,36.15325009459107,108
LK1136245,Hedigama,2020,37.21766226084715,108
LK1136245,Hedigama,2021,39.32622003927275,108
LK1136250,Batakettara North,2018,38.377028079056124,163
LK1136250,Batakettara North,2019,35.41012676026949,163
LK1136250,Batakettara North,2020,37.60619100358858,163
LK1136250,Batakettara North,2021,39.26110368094158,163
LK1136255,Kesbewa North,2018,39.175237022805966,124
LK1136255,Kesbewa North,2019,37.20670596913745,124
LK1136255,Kesbewa North,2020,38.573621342113846,124
LK1136255,Kesbewa North,2021,38.5607585373024,124
LK1136260,Kesbewa East,2018,39.12129971659777,100
LK1136260,Kesbewa East,2019,36.98753954698716,100
LK1136260,Kesbewa East,2020,37.587475085266085,100
LK1136260,Kesbewa East,2021,38.790931659665,100
LK1136265,Mavittara South,2018,40.06356869202394,109
LK1136265,Mavittara South,2019,36.47539234069679,109
LK1136265,Mavittara South,2020,37.01209913528883,109
LK1136265,Mavittara South,2021,37.39980222940445,109
LK1136270,Honnanthara North,2018,38.736638669741325,118
LK1136270,Honnanthara North,2019,36.47256642395242,118
LK1136270,Honnanthara North,2020,38.21230778362804,118
LK1136270,Honnanthara North,2021,36.410248272047355,118
LK1136275,Honnanthara South,2018,40.466075450374824,149
LK1136275,Honnanthara South,2019,36.744035857963716,149
LK1136275,Honnanthara South,2020,38.08538033725868,149
LK1136275,Honnanthara South,2021,37.528591859226495,149
LK1136280,Makandana East,2018,40.382795885764764,143
LK1136280,Makandana East,2019,36.47569263424087,143
LK1136280,Makandana East,2020,37.913454216494884,143
LK1136280,Makandana East,2021,37.380313810085056,143
LK1136285,Kesbewa South,2018,40.627679501818186,205
LK1136285,Kesbewa South,2019,36.90894686186405,205
LK1136285,Kesbewa South,2020,38.8588365364458,205
LK1136285,Kesbewa South,2021,39.402964216103946,205
LK1136290,Batakettara South,2018,41.80059726172898,157
LK1136290,Batakettara South,2019,37.165433543242045,157
LK1136290,Batakettara South,2020,38.95507209411175,157
LK1136290,Batakettara South,2021,40.120736664414274,157
LK1136295,Madapatha,2018,37.65003042480631,221
LK1136295,Madapatha,2019,35.39946722988726,221
LK1136295,Madapatha,2020,34.38815967336096,221
LK1136295,Madapatha,2021,36.99150832086507,221
LK1136300,Delthara West,2018,39.46988957053501,51
LK1136300,Delthara West,2019,35.839627348756046,51
LK1136300,Delthara West,2020,35.287470133552006,51
LK1136300,Delthara West,2021,38.93892098885332,51
LK1136305,Delthara East,2018,35.6924525455181,167
LK1136305,Delthara East,2019,32.49927178170037,167
LK1136305,Delthara East,2020,31.113053161873907,167
LK1136305,Delthara East,2021,35.35346906733139,167
LK1136310,Dampe,2018,35.97727341563487,332
LK1136310,Dampe,2019,34.50962525118393,332
LK1136310,Dampe,2020,31.069126146228946,332
LK1136310,Dampe,2021,35.88293465350916,332
LK1136315,Makandana West,2018,38.863357415853585,137
LK1136315,Makandana West,2019,35.97567113621458,137
LK1136315,Makandana West,2020,36.58919239533427,137
LK1136315,Makandana West,2021,38.22007054993495,137
LK1136320,Nivungama,2018,42.8219772089388,50
LK1136320,Nivungama,2019,36.293666985636136,50
LK1136320,Nivungama,2020,37.95433967861108,50
LK1136320,Nivungama,2021,37.592384627916594,50
LK1136325,Halpita,2018,38.537488341594745,306
LK1136325,Halpita,2019,35.12135148661891,306
LK1136325,Halpita,2020,34.810758875937836,306
LK1136325,Halpita,2021,36.067976328062635,306
LK1136330,Horathuduwa,2018,39.184284552218834,90
LK1136330,Horathuduwa,2019,36.166562867468315,90
LK1136330,Horathuduwa,2020,34.893392850357735,90
LK1136330,Horathuduwa,2021,38.00508954272583,90
LK1136335,Morenda,2018,38.346717971871264,93
LK1136335,Morenda,2019,34.58495581191494,93
LK1136335,Morenda,2020,34.89831941676172,93
LK1136335,Morenda,2021,34.689818777884305,93
LK1136340,Batuwandara North,2018,39.8463527333779,78
LK1136340,Batuwandara North,2019,35.556770605946475,78
LK1136340,Batuwandara North,2020,36.347596744439464,78
LK1136340,Batuwandara North,2021,37.6037279684693,78
LK1136345,Batuwandara South,2018,40.01797102148932,58
LK1136345,Batuwandara South,2019,36.212912494621676,58
LK1136345,Batuwandara South,2020,36.45196392992014,58
LK1136345,Batuwandara South,2021,37.25124779687178,58
LK1136350,Jamburaliya,2018,38.54713815359757,200
LK1136350,Jamburaliya,2019,35.43943669511294,200
LK1136350,Jamburaliya,2020,34.683808364844865,200
LK1136350,Jamburaliya,2021,38.18689953808791,200
LK1136355,Polhena,2018,38.30000262771192,83
LK1136355,Polhena,2019,37.012633301793066,83
LK1136355,Polhena,2020,33.87165892572274,83
LK1136355,Polhena,2021,39.19635198257702,83
LK1136360,Regidel Watta,2018,40.3037828042734,71
LK1136360,Regidel Watta,2019,36.70972050810162,71
LK1136360,Regidel Watta,2020,35.1182601250039,71
LK1136360,Regidel Watta,2021,36.39258963439459,71
LK1136365,Kahapola,2018,35.56014632797316,290
LK1136365,Kahapola,2019,33.85363536343358,290
LK1136365,Kahapola,2020,30.329287977570154,290
LK1136365,Kahapola,2021,33.617764018678926,290
LK1103005,Sammanthranapura,2022,41.51137494110784,33
LK1103005,Sammanthranapura,2023,37.67271567982517,33
LK1103005,Sammanthranapura,2024,40.69774383872323,33
LK1103005,Sammanthranapura,2025,39.03875325033043,33
LK1103010,Mattakkuliya,2022,40.56340580826667,267
LK1103010,Mattakkuliya,2023,37.273846824450715,267
LK1103010,Mattakkuliya,2024,40.37371097827009,267
LK1103010,Mattakkuliya,2025,37.87415577556533,267
LK1103015,Modara,2022,40.692762383977964,113
LK1103015,Modara,2023,39.189030967889884,113
LK1103015,Modara,2024,41.84148299939737,113
LK1103015,Modara,2025,38.61744956169034,113
LK1103020,Madampitiya,2022,40.69307571782116,42
LK1103020,Madampitiya,2023,37.73409336109585,42
LK1103020,Madampitiya,2024,41.36211254195229,42
LK1103020,Madampitiya,2025,38.14205875652307,42
LK1103025,Mahawatta,2022,42.53944078286004,75
LK1103025,Mahawatta,2023,39.1979774848363,75
LK1103025,Mahawatta,2024,41.742089906940365,75
LK1103025,Mahawatta,2025,38.664757517651125,75
LK1103030,Aluthmawatha,2022,41.14610583031684,93
LK1103030,Aluthmawatha,2023,38.72512321924075,93
LK1103030,Aluthmawatha,2024,41.251293878897606,93
LK1103030,Aluthmawatha,2025,38.824110080478206,93
LK1103035,Lunupokuna,2022,41.836052204975054,190
LK1103035,Lunupokuna,2023,38.95465835275734,190
LK1103035,Lunupokuna,2024,41.194745688139776,190
LK1103035,Lunupokuna,2025,39.49739103210744,190
LK1103040,Bloemendhal,2022,43.892713736598104,132
LK1103040,Bloemendhal,2023,39.541848551606385,132
LK1103040,Bloemendhal,2024,42.32614683121971,132
LK1103040,Bloemendhal,2025,39.73224288226967,132
LK1103045,Kotahena East,2022,43.64303634502575,53
LK1103045,Kotahena East,2023,40.02027686036458,53
LK1103045,Kotahena East,2024,42.77234351037072,53
LK1103045,Kotahena East,2025,40.192050292104554,53
LK1103050,Kotahena West,2022,43.559775484100065,44
LK1103050,Kotahena West,2023,39.859817203697844,44
LK1103050,Kotahena West,2024,42.6689724983073,44
LK1103050,Kotahena West,2025,40.34778762378954,44
LK1103055,Kochchikade North,2022,43.391181943034,34
LK1103055,Kochchikade North,2023,40.36936537188394,34
LK1103055,Kochchikade North,2024,43.09240153322194,34
LK1103055,Kochchikade North,2025,40.26401966886961,34
LK1103060,Jinthupitiya,2022,42.87678842585973,34
LK1103060,Jinthupitiya,2023,40.091203807043186,34
LK1103060,Jinthupitiya,2024,43.29443586027957,34
LK1103060,Jinthupitiya,2025,39.742086501635455,34
LK1103065,Masangasweediya,2022,43.563517975578606,43
LK1103065,Masangasweediya,2023,40.71167112824585,43
LK1103065,Masangasweediya,2024,43.15979356700816,43
LK1103065,Masangasweediya,2025,39.99523361288742,43
LK1103070,New Bazaar,2022,44.97840297771089,72
LK1103070,New Bazaar,2023,41.60844940337172,72
LK1103070,New Bazaar,2024,44.76269584195952,72
LK1103070,New Bazaar,2025,41.753555289222405,72
LK1103075,Grandpass South,2022,42.356242952433384,85
LK1103075,Grandpass South,2023,41.3980278010027,85
LK1103075,Grandpass South,2024,42.480245178876714,85
LK1103075,Grandpass South,2025,40.877743036446425,85
LK1103080,Grandpass North,2022,44.212227070908554,47
LK1103080,Grandpass North,2023,42.5284027546903,47
LK1103080,Grandpass North,2024,42.63333404791427,47
LK1103080,Grandpass North,2025,41.40942128680806,47
LK1103085,Nawagampura,2022,43.58192553539266,26
LK1103085,Nawagampura,2023,41.91715394613201,26
LK1103085,Nawagampura,2024,41.95735416052889,26
LK1103085,Nawagampura,2025,40.94401833399714,26
LK1103090,Maligawatta East,2022,41.94932388052406,81
LK1103090,Maligawatta East,2023,40.25545715200532,81
LK1103090,Maligawatta East,2024,41.52454313441964,81
LK1103090,Maligawatta East,2025,40.292334270994765,81
LK1103095,Khettarama,2022,41.64572951521505,52
LK1103095,Khettarama,2023,39.76332457947405,52
LK1103095,Khettarama,2024,41.62053493299442,52
LK1103095,Khettarama,2025,39.57479163914512,52
LK1103100,Aluthkade East,2022,43.14321122974191,45
LK1103100,Aluthkade East,2023,40.22370046333512,45
LK1103100,Aluthkade East,2024,42.492764854170616,45
LK1103100,Aluthkade East,2025,39.433765907813395,45
LK1103105,Aluthkade West,2022,42.92289440671938,28
LK1103105,Aluthkade West,2023,39.921946508543826,28
LK1103105,Aluthkade West,2024,42.347074067893146,28
LK1103105,Aluthkade West,2025,38.729175488488025,28
LK1103110,Kochchikade South,2022,42.78320243485728,39
LK1103110,Kochchikade South,2023,40.512505703071625,39
LK1103110,Kochchikade South,2024,43.10567752964629,39
LK1103110,Kochchikade South,2025,39.53851512070595,39
LK1103115,Pettah,2022,42.79773282219721,131
LK1103115,Pettah,2023,40.5139304062752,131
LK1103115,Pettah,2024,42.41254659658064,131
LK1103115,Pettah,2025,40.666817239580226,131
LK1103120,Fort,2022,39.36562442646478,887
LK1103120,Fort,2023,36.28191100304667,887
LK1103120,Fort,2024,39.1483256703003,887
LK1103120,Fort,2025,37.776097534601796,887
LK1103125,Galle Face,2022,38.42710780048945,91
LK1103125,Galle Face,2023,36.79600918002509,91
LK1103125,Galle Face,2024,38.58641244256415,91
LK1103125,Galle Face,2025,38.05882572027936,91
LK1103130,Slave Island,2022,41.30629444803954,22
LK1103130,Slave Island,2023,39.30137689552035,22
LK1103130,Slave Island,2024,41.544137627525416,22
LK1103130,Slave Island,2025,40.03730989447502,22
LK1103135,Hunupitiya,2022,40.76552485308289,102
LK1103135,Hunupitiya,2023,38.34670398709469,102
LK1103135,Hunupitiya,2024,40.61799959319929,102
LK1103135,Hunupitiya,2025,38.93062222406491,102
LK1103140,Suduwella,2022,40.9747192958507,119
LK1103140,Suduwella,2023,38.39156562921403,119
LK1103140,Suduwella,2024,40.14296929492474,119
LK1103140,Suduwella,2025,38.552612401303655,119
LK1103145,Keselwatta,2022,42.587481094461815,46
LK1103145,Keselwatta,2023,39.69227791954776,46
LK1103145,Keselwatta,2024,41.142317258845075,46
LK1103145,Keselwatta,2025,39.150108694572765,46
LK1103150,Panchikawatta,2022,43.1888308763154,37
LK1103150,Panchikawatta,2023,40.70267564854783,37
LK1103150,Panchikawatta,2024,41.422908376842166,37
LK1103150,Panchikawatta,2025,39.923688367599965,37
LK1103155,Maligawatta West,2022,43.23663041950306,46
LK1103155,Maligawatta West,2023,40.29733034119287,46
LK1103155,Maligawatta West,2024,41.54893210606313,46
LK1103155,Maligawatta West,2025,40.1540502908018,46
LK1103160,Maligakanda,2022,43.035273816771145,34
LK1103160,Maligakanda,2023,40.60220899053676,34
LK1103160,Maligakanda,2024,42.05087177339428,34
LK1103160,Maligakanda,2025,40.38803319017331,34
LK1103165,Maradana,2022,43.48415967934609,36
LK1103165,Maradana,2023,41.008866522144835,36
LK1103165,Maradana,2024,43.0485857234385,36
LK1103165,Maradana,2025,40.349157191789665,36
LK1103170,Ibbanwala,2022,41.32266837476125,106
LK1103170,Ibbanwala,2023,38.76151779142309,106
LK1103170,Ibbanwala,2024,41.422132764119226,106
LK1103170,Ibbanwala,2025,40.18070455650617,106
LK1103175,Wekanda,2022,39.383364035541625,51
LK1103175,Wekanda,2023,37.449871218232396,51
LK1103175,Wekanda,2024,39.810825913851374,51
LK1103175,Wekanda,2025,39.02222786441061,51
LK1106005,Wadulla,2022,43.49504391644356,72
LK1106005,Wadulla,2023,40.528520297355485,72
LK1106005,Wadulla,2024,41.80273650647066,72
LK1106005,Wadulla,2025,39.24694535529286,72
LK1106010,Sedawatta,2022,41.29614624239057,84
LK1106010,Sedawatta,2023,38.551159524807915,84
LK1106010,Sedawatta,2024,40.37608565481876,84
LK1106010,Sedawatta,2025,38.27639889699864,84
LK1106015,Halmulla,2022,37.99227148540392,59
LK1106015,Halmulla,2023,35.85284247244618,59
LK1106015,Halmulla,2024,38.038348431518514,59
LK1106015,Halmulla,2025,36.85194932219211,59
LK1106020,Kotuvila,2022,40.85292822299216,75
LK1106020,Kotuvila,2023,37.9501917449021,75
LK1106020,Kotuvila,2024,40.3387353330758,75
LK1106020,Kotuvila,2025,37.96824536874002,75
LK1106025,Veheragoda,2022,41.50968259131563,30
LK1106025,Veheragoda,2023,38.003378671916245,30
LK1106025,Veheragoda,2024,40.35200232187358,30
LK1106025,Veheragoda,2025,38.24549142433587,30
LK1106030,Orugodawatta,2022,43.99814840148767,62
LK1106030,Orugodawatta,2023,41.68974084808219,62
LK1106030,Orugodawatta,2024,43.05995593100382,62
LK1106030,Orugodawatta,2025,41.324363633432796,62
LK1106035,Meethotamulla,2022,43.06470367361459,69
LK1106035,Meethotamulla,2023,40.63289739607751,69
LK1106035,Meethotamulla,2024,41.410426982162306,69
LK1106035,Meethotamulla,2025,40.657292142159804,69
LK1106040,Welewatta,2022,39.86779824676516,80
LK1106040,Welewatta,2023,37.48619879633587,80
LK1106040,Welewatta,2024,38.6722385052999,80
LK1106040,Welewatta,2025,37.452025965372734,80
LK1106045,Kittampahuwa,2022,40.33553337793965,87
LK1106045,Kittampahuwa,2023,38.15238606078497,87
LK1106045,Kittampahuwa,2024,39.93310445366395,87
LK1106045,Kittampahuwa,2025,39.057153763193966,87
LK1106050,Wennawatta,2022,39.39621037127925,94
LK1106050,Wennawatta,2023,37.78819110067357,94
LK1106050,Wennawatta,2024,38.95690952681034,94
LK1106050,Wennawatta,2025,38.79638550543211,94
LK1106055,Maha Buthgamuwa B,2022,39.38002479525867,88
LK1106055,Maha Buthgamuwa B,2023,37.65712684275733,88
LK1106055,Maha Buthgamuwa B,2024,38.694914698683505,88
LK1106055,Maha Buthgamuwa B,2025,39.64599490005774,88
LK1106060,Kuda Buthgamuwa,2022,39.44426147386752,82
LK1106060,Kuda Buthgamuwa,2023,37.60386361257895,82
LK1106060,Kuda Buthgamuwa,2024,40.18305640552322,82
LK1106060,Kuda Buthgamuwa,2025,40.058977533652865,82
LK1106065,Kelanimulla,2022,36.9469998069661,194
LK1106065,Kelanimulla,2023,34.90165635899755,194
LK1106065,Kelanimulla,2024,37.15336671533668,194
LK1106065,Kelanimulla,2025,36.79822765155878,194
LK1106070,Ambathale,2022,37.554834505978945,133
LK1106070,Ambathale,2023,36.503582807113474,133
LK1106070,Ambathale,2024,37.58058378731093,133
LK1106070,Ambathale,2025,37.65861666368192,133
LK1106075,Mulleriyawa North,2022,37.960523877997964,154
LK1106075,Mulleriyawa North,2023,35.980596156652155,154
LK1106075,Mulleriyawa North,2024,37.53476962235245,154
LK1106075,Mulleriyawa North,2025,38.22810590702559,154
LK1106080,Belagama,2022,40.41019001147883,61
LK1106080,Belagama,2023,37.76041518678364,61
LK1106080,Belagama,2024,40.41877046715416,61
LK1106080,Belagama,2025,41.08029495728821,61
LK1106085,Kotikawatta East,2022,40.08649922892488,73
LK1106085,Kotikawatta East,2023,38.400437069780246,73
LK1106085,Kotikawatta East,2024,40.309758297880386,73
LK1106085,Kotikawatta East,2025,39.67778528717294,73
LK1106090,Maha Buthgamuwa A,2022,40.75224407497858,57
LK1106090,Maha Buthgamuwa A,2023,38.892476032392345,57
LK1106090,Maha Buthgamuwa A,2024,41.00958526102756,57
LK1106090,Maha Buthgamuwa A,2025,41.16916768160658,57
LK1106095,Maha Buthgamuwa C,2022,42.391871748154486,74
LK1106095,Maha Buthgamuwa C,2023,40.326749981936864,74
LK1106095,Maha Buthgamuwa C,2024,41.9562823542175,74
LK1106095,Maha Buthgamuwa C,2025,41.42079036221735,74
LK1106100,Wellampitiya,2022,41.389329788356804,34
LK1106100,Wellampitiya,2023,38.714297345658416,34
LK1106100,Wellampitiya,2024,39.5708058796363,34
LK1106100,Wellampitiya,2025,39.32748545009163,34
LK1106105,Kuruniyawatta,2022,43.67945907562125,57
LK1106105,Kuruniyawatta,2023,40.1856608219543,57
LK1106105,Kuruniyawatta,2024,40.73818443132481,57
LK1106105,Kuruniyawatta,2025,40.72159236680807,57
LK1106110,Kolonnawa,2022,43.89953579582718,43
LK1106110,Kolonnawa,2023,41.36759017648162,43
LK1106110,Kolonnawa,2024,42.02815870238103,43
LK1106110,Kolonnawa,2025,41.43864524289773,43
LK1106115,Dahampura,2022,43.027684662323594,54
LK1106115,Dahampura,2023,38.907031076638276,54
LK1106115,Dahampura,2024,39.67992203697677,54
LK1106115,Dahampura,2025,38.267172806761984,54
LK1106120,Singhapura,2022,41.79669548684476,42
LK1106120,Singhapura,2023,39.659915856235024,42
LK1106120,Singhapura,2024,40.06118641748899,42
LK1106120,Singhapura,2025,38.78908789918167,42
LK1106125,Megoda Kolonnawa,2022,42.74493001334031,78
LK1106125,Megoda Kolonnawa,2023,41.436515178712355,78
LK1106125,Megoda Kolonnawa,2024,40.97718873255616,78
LK1106125,Megoda Kolonnawa,2025,40.42430836684475,78
LK1106130,Bopetta,2022,42.62564053991534,44
LK1106130,Bopetta,2023,41.68990937604229,44
LK1106130,Bopetta,2024,41.623295241853896,44
LK1106130,Bopetta,2025,41.3628394015603,44
LK1106135,Batalandahena,2022,41.32146356790164,60
LK1106135,Batalandahena,2023,41.14253655464464,60
LK1106135,Batalandahena,2024,41.81329930798077,60
LK1106135,Batalandahena,2025,41.230020253223614,60
LK1106140,Kotikawatta West,2022,40.47340112962521,46
LK1106140,Kotikawatta West,2023,40.26877577480299,46
LK1106140,Kotikawatta West,2024,40.93384167423741,46
LK1106140,Kotikawatta West,2025,40.18831118172533,46
LK1106145,Mulleriyawa South,2022,37.80957201582061,104
LK1106145,Mulleriyawa South,2023,38.33865282392777,104
LK1106145,Mulleriyawa South,2024,39.5401317868286,104
LK1106145,Mulleriyawa South,2025,38.7009458626531,104
LK1106150,Malgama,2022,37.718271080844374,125
LK1106150,Malgama,2023,36.78123965806363,125
LK1106150,Malgama,2024,38.202278029571175,125
LK1106150,Malgama,2025,37.41659217490513,125
LK1106155,Udumulla North,2022,38.004775160582696,112
LK1106155,Udumulla North,2023,35.10452633694419,112
LK1106155,Udumulla North,2024,38.160259477726036,112
LK1106155,Udumulla North,2025,37.097965144000824,112
LK1106160,Maligagodella,2022,38.762071970057455,73
LK1106160,Maligagodella,2023,35.6275340686916,73
LK1106160,Maligagodella,2024,37.346401736388735,73
LK1106160,Maligagodella,2025,37.12015605748283,73
LK1106165,Rajasinghagama,2022,39.4327906789676,224
LK1106165,Rajasinghagama,2023,37.11345343967049,224
LK1106165,Rajasinghagama,2024,37.97953642760888,224
LK1106165,Rajasinghagama,2025,37.39203130049985,224
LK1106170,Udumulla South,2022,39.686701515717466,62
LK1106170,Udumulla South,2023,39.442147646501816,62
LK1106170,Udumulla South,2024,38.714398821186776,62
LK1106170,Udumulla South,2025,37.97808762405311,62
LK1106175,Himbutana East,2022,38.93456765089864,88
LK1106175,Himbutana East,2023,37.10944865219273,88
LK1106175,Himbutana East,2024,39.169253900399056,88
LK1106175,Himbutana East,2025,39.00471986028986,88
LK1106180,Himbutana West,2022,38.457188662538115,65
LK1106180,Himbutana West,2023,38.06716897387432,65
LK1106180,Himbutana West,2024,39.41272972256156,65
LK1106180,Himbutana West,2025,36.462150997426974,65
LK1106185,Malpura,2022,38.62921655290352,128
LK1106185,Malpura,2023,38.62165677127136,128
LK1106185,Malpura,2024,39.060745667246664,128
LK1106185,Malpura,2025,37.28346333762471,128
LK1106190,Gothatuwa New Town,2022,40.946864832898456,39
LK1106190,Gothatuwa New Town,2023,40.412842637472494,39
LK1106190,Gothatuwa New Town,2024,41.433784621273404,39
LK1106190,Gothatuwa New Town,2025,40.47805415731451,39
LK1106195,Kajugahawatta,2022,42.398592113059514,41
LK1106195,Kajugahawatta,2023,43.43281445940874,41
LK1106195,Kajugahawatta,2024,43.06709679910305,41
LK1106195,Kajugahawatta,2025,42.525959458773556,41
LK1106200,Gothatuwa,2022,36.397580450500776,95
LK1106200,Gothatuwa,2023,36.129760982032394,95
LK1106200,Gothatuwa,2024,35.89755334160072,95
LK1106200,Gothatuwa,2025,35.817055986090566,95
LK1106205,Salamulla,2022,38.92815561574071,72
LK1106205,Salamulla,2023,36.80272102938002,72
LK1106205,Salamulla,2024,37.863369506192704,72
LK1106205,Salamulla,2025,36.2033298286144,72
LK1106210,Wijayapura,2022,40.427406148222424,47
LK1106210,Wijayapura,2023,38.06498851534822,47
LK1106210,Wijayapura,2024,39.20430603939519,47
LK1106210,Wijayapura,2025,37.86857875663282,47
LK1106215,Gajabapura,2022,42.98289784681679,91
LK1106215,Gajabapura,2023,39.920325721971146,91
LK1106215,Gajabapura,2024,40.878487802507415,91
LK1106215,Gajabapura,2025,39.56427091206846,91
LK1106220,Madinnagoda,2022,37.07892514842392,94
LK1106220,Madinnagoda,2023,35.84063816177173,94
LK1106220,Madinnagoda,2024,37.28239185659495,94
LK1106220,Madinnagoda,2025,35.6280646470754,94
LK1106225,Elhena,2022,40.22130031582521,35
LK1106225,Elhena,2023,40.26459994623099,35
LK1106225,Elhena,2024,41.48474874958147,35
LK1106225,Elhena,2025,40.80271714254458,35
LK1106230,Dodamgahahena,2022,41.866827769598544,53
LK1106230,Dodamgahahena,2023,41.267839057318184,53
LK1106230,Dodamgahahena,2024,42.65360318693814,53
LK1106230,Dodamgahahena,2025,40.69373853155408,53
LK1109005,Welivita,2022,37.64857141064352,223
LK1109005,Welivita,2023,34.82831008629894,223
LK1109005,Welivita,2024,36.81601363149047,223
LK1109005,Welivita,2025,36.59730406704562,223
LK1109010,Raggahawatta,2022,38.47165625410335,175
LK1109010,Raggahawatta,2023,35.609695877041446,175
LK1109010,Raggahawatta,2024,36.47212895773178,175
LK1109010,Raggahawatta,2025,37.215217190762424,175
LK1109015,Hewagama,2022,38.114892159175255,138
LK1109015,Hewagama,2023,36.3227111366036,138
LK1109015,Hewagama,2024,37.354804053803505,138
LK1109015,Hewagama,2025,36.67915162717428,138
LK1109020,Kaduwela,2022,38.33472802958955,222
LK1109020,Kaduwela,2023,35.39082537887684,222
LK1109020,Kaduwela,2024,37.98340239397568,222
LK1109020,Kaduwela,2025,36.392757761476076,222
LK1109025,Pahala Bomiriya A,2022,36.680399507020745,280
LK1109025,Pahala Bomiriya A,2023,34.11537763827014,280
LK1109025,Pahala Bomiriya A,2024,36.01643166965123,280
LK1109025,Pahala Bomiriya A,2025,36.20053139910119,280
LK1109030,Ihala Bomiriya,2022,37.678648887434115,169
LK1109030,Ihala Bomiriya,2023,34.600719527068904,169
LK1109030,Ihala Bomiriya,2024,36.37902048497878,169
LK1109030,Ihala Bomiriya,2025,35.744778973581724,169
LK1109035,Wekewatta,2022,36.6860276008578,171
LK1109035,Wekewatta,2023,34.289254140609344,171
LK1109035,Wekewatta,2024,36.37301970675402,171
LK1109035,Wekewatta,2025,35.04638466920959,171
LK1109040,Nawagamuwa,2022,36.01097781556712,306
LK1109040,Nawagamuwa,2023,34.855286014059004,306
LK1109040,Nawagamuwa,2024,36.60858237239603,306
LK1109040,Nawagamuwa,2025,35.49780995817235,306
LK1109045,Pahala Bomiriya B,2022,37.318353233125784,233
LK1109045,Pahala Bomiriya B,2023,35.586825916742335,233
LK1109045,Pahala Bomiriya B,2024,36.89813704534603,233
LK1109045,Pahala Bomiriya B,2025,35.99068693766033,233
LK1109050,Welihinda,2022,35.79560355419352,142
LK1109050,Welihinda,2023,34.71518683121524,142
LK1109050,Welihinda,2024,35.67608096161827,142
LK1109050,Welihinda,2025,34.38769294258977,142
LK1109055,Kothalawala,2022,38.43260350227358,236
LK1109055,Kothalawala,2023,36.0262836516709,236
LK1109055,Kothalawala,2024,38.10163658221028,236
LK1109055,Kothalawala,2025,37.01452034474227,236
LK1109060,Mahadeniya,2022,38.34041838563684,318
LK1109060,Mahadeniya,2023,34.92152887486844,318
LK1109060,Mahadeniya,2024,36.94520230888131,318
LK1109060,Mahadeniya,2025,36.970217001326084,318
LK1109065,Thalahena North,2022,39.87850006460173,77
LK1109065,Thalahena North,2023,36.868706776585356,77
LK1109065,Thalahena North,2024,38.46638692142517,77
LK1109065,Thalahena North,2025,36.554694723889114,77
LK1109070,Malabe North,2022,39.17164160475938,260
LK1109070,Malabe North,2023,36.70222901839172,260
LK1109070,Malabe North,2024,38.61973177825445,260
LK1109070,Malabe North,2025,36.353644983303546,260
LK1109075,Thunadahena,2022,36.585333932769764,346
LK1109075,Thunadahena,2023,35.296621247487266,346
LK1109075,Thunadahena,2024,35.62574334080133,346
LK1109075,Thunadahena,2025,34.13605982432637,346
LK1109080,Korathota,2022,37.03308752134473,604
LK1109080,Korathota,2023,34.859292330806404,604
LK1109080,Korathota,2024,36.05168213315638,604
LK1109080,Korathota,2025,35.286064564295565,604
LK1109085,Nawagamuwa South,2022,36.00523469422211,226
LK1109085,Nawagamuwa South,2023,34.49274041009636,226
LK1109085,Nawagamuwa South,2024,35.53603247549358,226
LK1109085,Nawagamuwa South,2025,35.02416785277476,226
LK1109090,Batewela,2022,35.862863208157314,223
LK1109090,Batewela,2023,34.210602705053475,223
LK1109090,Batewela,2024,35.182336381194304,223
LK1109090,Batewela,2025,35.68291848839034,223
LK1109095,Ranala,2022,37.8435310951724,272
LK1109095,Ranala,2023,35.99190642705842,272
LK1109095,Ranala,2024,36.72644379180129,272
LK1109095,Ranala,2025,36.460026189751304,272
LK1109100,Dedigamuwa,2022,34.541809066710286,242
LK1109100,Dedigamuwa,2023,33.28864927280573,242
LK1109100,Dedigamuwa,2024,34.68881246878288,242
LK1109100,Dedigamuwa,2025,34.81201701471911,242
LK1109105,Embilladeniya,2022,34.88517797136378,124
LK1109105,Embilladeniya,2023,33.846077512966424,124
LK1109105,Embilladeniya,2024,35.25754082200364,124
LK1109105,Embilladeniya,2025,34.93295948392839,124
LK1109110,Welipillewa,2022,35.79548657658447,155
LK1109110,Welipillewa,2023,34.72496076299136,155
LK1109110,Welipillewa,2024,35.19829702911772,155
LK1109110,Welipillewa,2025,34.27306501271324,155
LK1109115,Shanthalokagama,2022,38.490288566280825,290
LK1109115,Shanthalokagama,2023,36.07878278518809,290
LK1109115,Shanthalokagama,2024,36.99263951243485,290
LK1109115,Shanthalokagama,2025,35.6910352517779,290
LK1109120,Pore,2022,35.296912856461454,249
LK1109120,Pore,2023,34.42083445491628,249
LK1109120,Pore,2024,35.574857808139384,249
LK1109120,Pore,2025,34.763081955748035,249
LK1109125,Malabe East,2022,38.60244648542169,260
LK1109125,Malabe East,2023,35.97686446952087,260
LK1109125,Malabe East,2024,36.97670583801426,260
LK1109125,Malabe East,2025,34.90821285656663,260
LK1109130,Malabe West,2022,39.6140044130595,181
LK1109130,Malabe West,2023,35.619411597699596,181
LK1109130,Malabe West,2024,38.22309226983512,181
LK1109130,Malabe West,2025,36.47351573636231,181
LK1109135,Thalangama North B,2022,39.839054232516496,120
LK1109135,Thalangama North B,2023,36.9501657996787,120
LK1109135,Thalangama North B,2024,38.26104644250889,120
LK1109135,Thalangama North B,2025,36.113001824953734,120
LK1109140,Thalahena South,2022,39.42462672257997,75
LK1109140,Thalahena South,2023,37.871440622876044,75
LK1109140,Thalahena South,2024,38.43031543120029,75
LK1109140,Thalahena South,2025,35.58296623308434,75
LK1109145,Muttettugoda,2022,39.25065422069335,166
LK1109145,Muttettugoda,2023,37.14800769067135,166
LK1109145,Muttettugoda,2024,38.47119588188742,166
LK1109145,Muttettugoda,2025,36.680826530126346,166
LK1109150,Thalangama North A,2022,40.53653242124174,220
LK1109150,Thalangama North A,2023,39.46043684135089,220
LK1109150,Thalangama North A,2024,39.78072884192527,220
LK1109150,Thalangama North A,2025,37.50293671274284,220
LK1109155,Walpola,2022,39.96939965234531,186
LK1109155,Walpola,2023,38.3840953873228,186
LK1109155,Walpola,2024,39.52031118839734,186
LK1109155,Walpola,2025,36.44642093494367,186
LK1109160,Kalapaluwawa,2022,39.19187941665963,134
LK1109160,Kalapaluwawa,2023,37.28343293048104,134
LK1109160,Kalapaluwawa,2024,39.32501035623829,134
LK1109160,Kalapaluwawa,2025,37.376866290685804,134
LK1109165,Kotuwegoda,2022,36.82230586540108,82
LK1109165,Kotuwegoda,2023,35.264066663198655,82
LK1109165,Kotuwegoda,2024,37.33718273281132,82
LK1109165,Kotuwegoda,2025,36.22057358865299,82
LK1109170,Subhoothipura,2022,38.94506438366448,113
LK1109170,Subhoothipura,2023,37.13931620112505,113
LK1109170,Subhoothipura,2024,38.892549686829526,113
LK1109170,Subhoothipura,2025,37.56325973048859,113
LK1109175,Udumulla,2022,42.17252954692985,66
LK1109175,Udumulla,2023,40.65087695418302,66
LK1109175,Udumulla,2024,41.61228204352299,66
LK1109175,Udumulla,2025,38.38262636192938,66
LK1109180,Battaramulla North,2022,42.11707427987593,79
LK1109180,Battaramulla North,2023,41.0655493802779,79
LK1109180,Battaramulla North,2024,41.48987581237041,79
LK1109180,Battaramulla North,2025,40.82156394539375,79
LK1109185,Batapotha,2022,38.88718579111674,163
LK1109185,Batapotha,2023,37.43858765374473,163
LK1109185,Batapotha,2024,37.75693899965282,163
LK1109185,Batapotha,2025,37.46722217133597,163
LK1109190,Pothuarawa,2022,38.98580991599705,243
LK1109190,Pothuarawa,2023,36.56394778882875,243
LK1109190,Pothuarawa,2024,37.26265444852764,243
LK1109190,Pothuarawa,2025,35.7600208193762,243
LK1109195,Hokandara North,2022,38.72483947860975,206
LK1109195,Hokandara North,2023,36.60491580876791,206
LK1109195,Hokandara North,2024,38.037138617616165,206
LK1109195,Hokandara North,2025,37.41271453786621,206
LK1109200,Oruwala,2022,36.67150761222679,229
LK1109200,Oruwala,2023,35.39487716180011,229
LK1109200,Oruwala,2024,36.17560845751119,229
LK1109200,Oruwala,2025,35.09432894481198,229
LK1109205,Athurugiriya,2022,36.01382759535916,250
LK1109205,Athurugiriya,2023,35.07701187184142,250
LK1109205,Athurugiriya,2024,35.86767279254294,250
LK1109205,Athurugiriya,2025,34.453114799767114,250
LK1109210,Thaldiyawala,2022,36.306447053072,214
LK1109210,Thaldiyawala,2023,34.63454292851611,214
LK1109210,Thaldiyawala,2024,35.981922462582226,214
LK1109210,Thaldiyawala,2025,36.13698898151823,214
LK1109215,Boralugoda,2022,35.38301958657005,160
LK1109215,Boralugoda,2023,34.62908138751199,160
LK1109215,Boralugoda,2024,35.51186630963287,160
LK1109215,Boralugoda,2025,35.90622084503336,160
LK1109220,Hokandara East,2022,35.52324201457794,236
LK1109220,Hokandara East,2023,34.895376596494835,236
LK1109220,Hokandara East,2024,36.362624372761516,236
LK1109220,Hokandara East,2025,36.057390165826725,236
LK1109225,Arangala,2022,38.09403827857862,158
LK1109225,Arangala,2023,36.366407954520724,158
LK1109225,Arangala,2024,37.80964326009911,158
LK1109225,Arangala,2025,36.65233093474119,158
LK1109230,Evarihena,2022,36.952327010797056,119
LK1109230,Evarihena,2023,36.44516197187656,119
LK1109230,Evarihena,2024,35.673941765394986,119
LK1109230,Evarihena,2025,37.02286042225085,119
LK1109235,Kumaragewatta,2022,38.97536951588747,272
LK1109235,Kumaragewatta,2023,37.17198348462728,272
LK1109235,Kumaragewatta,2024,37.77649065295998,272
LK1109235,Kumaragewatta,2025,38.392854388671935,272
LK1109240,Jayawadanagama,2022,42.1585880049123,21
LK1109240,Jayawadanagama,2023,41.09781290988793,21
LK1109240,Jayawadanagama,2024,42.045695993564266,21
LK1109240,Jayawadanagama,2025,41.96252587593641,21
LK1109245,Aruppitiya,2022,39.46083453247307,73
LK1109245,Aruppitiya,2023,38.83587304616926,73
LK1109245,Aruppitiya,2024,38.47781621242681,73
LK1109245,Aruppitiya,2025,37.35183578017274,73
LK1109250,Asiri Uyana,2022,41.1853418953843,80
LK1109250,Asiri Uyana,2023,40.337202563293744,80
LK1109250,Asiri Uyana,2024,39.8626723608439,80
LK1109250,Asiri Uyana,2025,38.44258541138913,80
LK1109255,Battaramulla South,2022,39.97210325438402,85
LK1109255,Battaramulla South,2023,38.46058005939831,85
LK1109255,Battaramulla South,2024,40.581586329062546,85
LK1109255,Battaramulla South,2025,39.72192550850515,85
LK1109260,Rajamalwatta,2022,37.87290037304078,105
LK1109260,Rajamalwatta,2023,36.60731698283984,105
LK1109260,Rajamalwatta,2024,38.31674920598117,105
LK1109260,Rajamalwatta,2025,37.42334982764299,105
LK1109265,Pahalawela,2022,38.30383594992424,233
LK1109265,Pahalawela,2023,37.31680916768337,233
LK1109265,Pahalawela,2024,38.052231995284686,233
LK1109265,Pahalawela,2025,37.156834232662696,233
LK1109270,Wickramasinghapura,2022,40.662948348569245,89
LK1109270,Wickramasinghapura,2023,38.583866343401,89
LK1109270,Wickramasinghapura,2024,39.16216752832473,89
LK1109270,Wickramasinghapura,2025,39.77354778488619,89
LK1109275,Wellangiriya,2022,37.49820239672379,138
LK1109275,Wellangiriya,2023,37.3037919736208,138
LK1109275,Wellangiriya,2024,37.16245935565298,138
LK1109275,Wellangiriya,2025,37.97927286168914,138
LK1109280,Hokandara South,2022,35.531133960082315,217
LK1109280,Hokandara South,2023,35.34554351959207,217
LK1109280,Hokandara South,2024,35.9519112497794,217
LK1109280,Hokandara South,2025,36.51877214046706,217
LK1109285,Athurugiriya South,2022,36.939741465721134,171
LK1109285,Athurugiriya South,2023,35.04699782586404,171
LK1109285,Athurugiriya South,2024,36.422341636661024,171
LK1109285,Athurugiriya South,2025,35.6155235825875,171
LK1112005,Jalthara,2022,36.07085005444122,468
LK1112005,Jalthara,2023,35.35568840536296,468
LK1112005,Jalthara,2024,36.10471503283636,468
LK1112005,Jalthara,2025,35.77520835674057,468
LK1112010,Henpita,2022,35.23474125303745,153
LK1112010,Henpita,2023,34.55242645993742,153
LK1112010,Henpita,2024,35.22822907397675,153
LK1112010,Henpita,2025,35.47563172766836,153
LK1112015,Atigala West,2022,34.485057827404304,208
LK1112015,Atigala West,2023,33.73032841240961,208
LK1112015,Atigala West,2024,34.17194102880198,208
LK1112015,Atigala West,2025,34.957095415199205,208
LK1112020,Atigala East,2022,35.027745035703134,338
LK1112020,Atigala East,2023,34.35566286832202,338
LK1112020,Atigala East,2024,34.742439208792675,338
LK1112020,Atigala East,2025,34.99825355815631,338
LK1112025,Batawala,2022,34.69575464292843,256
LK1112025,Batawala,2023,34.388566115400096,256
LK1112025,Batawala,2024,34.994378167459075,256
LK1112025,Batawala,2025,35.7724846069174,256
LK1112030,Walpita,2022,36.180217474514365,155
LK1112030,Walpita,2023,34.61207461751564,155
LK1112030,Walpita,2024,35.22448826049396,155
LK1112030,Walpita,2025,36.01909418803592,155
LK1112035,Nawalamulla,2022,35.44935692368163,278
LK1112035,Nawalamulla,2023,34.40538341965701,278
LK1112035,Nawalamulla,2024,35.987796839287284,278
LK1112035,Nawalamulla,2025,34.838241178209664,278
LK1112040,Meegasmulla,2022,36.07167242663339,278
LK1112040,Meegasmulla,2023,34.072305791375875,278
LK1112040,Meegasmulla,2024,35.739306962769035,278
LK1112040,Meegasmulla,2025,34.58038400786769,278
LK1112045,Habarakada North,2022,36.40434805953051,162
LK1112045,Habarakada North,2023,34.36774027613995,162
LK1112045,Habarakada North,2024,35.67660343145399,162
LK1112045,Habarakada North,2025,34.667073819711426,162
LK1112050,Mullegama North,2022,35.49006859660666,93
LK1112050,Mullegama North,2023,34.227311404275305,93
LK1112050,Mullegama North,2024,35.218129518284755,93
LK1112050,Mullegama North,2025,34.55097409721196,93
LK1112055,Mullegama South,2022,34.86377537081069,192
LK1112055,Mullegama South,2023,33.92637623354405,192
LK1112055,Mullegama South,2024,35.130945185849505,192
LK1112055,Mullegama South,2025,34.32778036736795,192
LK1112060,Habarakada South,2022,38.487449289070696,112
LK1112060,Habarakada South,2023,34.478555377588656,112
LK1112060,Habarakada South,2024,36.95570887869583,112
LK1112060,Habarakada South,2025,34.6599182252633,112
LK1112065,Panagoda Town,2022,35.71824129630903,149
LK1112065,Panagoda Town,2023,33.098276420487075,149
LK1112065,Panagoda Town,2024,35.32658878610589,149
LK1112065,Panagoda Town,2025,33.83203159907343,149
LK1112070,Henawatta,2022,36.77402618572628,324
LK1112070,Henawatta,2023,34.603888329938876,324
LK1112070,Henawatta,2024,36.718382608643864,324
LK1112070,Henawatta,2025,34.63097672889971,324
LK1112075,Meegoda North,2022,35.226091702899595,192
LK1112075,Meegoda North,2023,33.90007661046354,192
LK1112075,Meegoda North,2024,35.62769111266141,192
LK1112075,Meegoda North,2025,35.15011806307347,192
LK1112080,Panaluwa,2022,34.43860550528989,557
LK1112080,Panaluwa,2023,33.70184543938939,557
LK1112080,Panaluwa,2024,34.694119678111576,557
LK1112080,Panaluwa,2025,34.72199296678258,557
LK1112085,Watareka North,2022,35.46157915209747,350
LK1112085,Watareka North,2023,32.92473835868464,350
LK1112085,Watareka North,2024,35.22119414212524,350
LK1112085,Watareka North,2025,34.738732181591814,350
LK1112090,Meegoda South,2022,37.247668864971565,145
LK1112090,Meegoda South,2023,34.19812254809556,145
LK1112090,Meegoda South,2024,35.84288747119794,145
LK1112090,Meegoda South,2025,35.081608056555844,145
LK1112095,Godagama North,2022,37.25258822711728,89
LK1112095,Godagama North,2023,34.72605068932017,89
LK1112095,Godagama North,2024,36.04289895262746,89
LK1112095,Godagama North,2025,36.28845742909457,89
LK1112100,Panagoda West,2022,36.76326547313905,165
LK1112100,Panagoda West,2023,34.22369434767391,165
LK1112100,Panagoda West,2024,35.79439411387512,165
LK1112100,Panagoda West,2025,34.61566712642945,165
LK1112105,Panagoda East,2022,39.36301657144292,248
LK1112105,Panagoda East,2023,35.424845347630566,248
LK1112105,Panagoda East,2024,37.92616885670483,248
LK1112105,Panagoda East,2025,36.25171396451032,248
LK1112110,Habarakada Watta,2022,40.24003118269722,81
LK1112110,Habarakada Watta,2023,35.853556061207755,81
LK1112110,Habarakada Watta,2024,36.98767174300966,81
LK1112110,Habarakada Watta,2025,35.61045155748332,81
LK1112115,Homagama North,2022,36.263855347319726,107
LK1112115,Homagama North,2023,34.34377424156878,107
LK1112115,Homagama North,2024,34.95296608088804,107
LK1112115,Homagama North,2025,32.680332984457905,107
LK1112120,Homagama West,2022,36.47840492533956,120
LK1112120,Homagama West,2023,35.16112258802095,120
LK1112120,Homagama West,2024,35.848468360724496,120
LK1112120,Homagama West,2025,34.76035936298666,120
LK1112125,Homagama South,2022,36.31696340531827,164
LK1112125,Homagama South,2023,34.97051253710021,164
LK1112125,Homagama South,2024,36.215997306083366,164
LK1112125,Homagama South,2025,35.00819839731041,164
LK1112130,Galavilawatta North,2022,36.845229040166736,115
LK1112130,Galavilawatta North,2023,36.053823950350974,115
LK1112130,Galavilawatta North,2024,37.681327892180924,115
LK1112130,Galavilawatta North,2025,36.5074094956816,115
LK1112135,Homagama Town,2022,39.488071014924195,131
LK1112135,Homagama Town,2023,35.62102363207461,131
LK1112135,Homagama Town,2024,38.20182999311802,131
LK1112135,Homagama Town,2025,36.3856351749063,131
LK1112140,Homagama East,2022,37.74686225448941,82
LK1112140,Homagama East,2023,34.929779138086936,82
LK1112140,Homagama East,2024,37.41923770887421,82
LK1112140,Homagama East,2025,34.93437029854092,82
LK1112145,Pitipana Town,2022,38.42306026377917,118
LK1112145,Pitipana Town,2023,33.90626235704957,118
LK1112145,Pitipana Town,2024,37.40480629340497,118
LK1112145,Pitipana Town,2025,36.381132264543766,118
LK1112150,Godagama South,2022,36.7605712109592,125
LK1112150,Godagama South,2023,34.848557746872125,125
LK1112150,Godagama South,2024,36.1411029167326,125
LK1112150,Godagama South,2025,36.065285604197996,125
LK1112155,Kurunduwatta,2022,37.23930527642662,152
LK1112155,Kurunduwatta,2023,33.85919922372284,152
LK1112155,Kurunduwatta,2024,36.36629142801373,152
LK1112155,Kurunduwatta,2025,35.24790427183608,152
LK1112160,Gehenuwala,2022,37.77725396398602,131
LK1112160,Gehenuwala,2023,33.60186465429788,131
LK1112160,Gehenuwala,2024,35.30237026620075,131
LK1112160,Gehenuwala,2025,35.12821350228644,131
LK1112165,Watareka South,2022,35.186337592342845,370
LK1112165,Watareka South,2023,33.161558490531924,370
LK1112165,Watareka South,2024,34.7753864790936,370
LK1112165,Watareka South,2025,34.57636121418984,370
LK1112170,Ovitigama,2022,35.90651111127659,274
LK1112170,Ovitigama,2023,32.567138921670114,274
LK1112170,Ovitigama,2024,34.576840729948586,274
LK1112170,Ovitigama,2025,34.599424444176684,274
LK1112175,Kandanawatta,2022,36.2774830535042,152
LK1112175,Kandanawatta,2023,32.168306474470896,152
LK1112175,Kandanawatta,2024,35.16637504197391,152
LK1112175,Kandanawatta,2025,34.41839940001435,152
LK1112180,Kiriberiyakele,2022,36.3951978582372,213
LK1112180,Kiriberiyakele,2023,32.17055354198318,213
LK1112180,Kiriberiyakele,2024,35.83941535692875,213
LK1112180,Kiriberiyakele,2025,32.021693834054254,213
LK1112185,Mawathgama,2022,36.19676617602507,192
LK1112185,Mawathgama,2023,32.283558688535294,192
LK1112185,Mawathgama,2024,35.26667222736272,192
LK1112185,Mawathgama,2025,34.031285988293206,192
LK1112190,Katuwana,2022,37.47659722876946,214
LK1112190,Katuwana,2023,34.76693525729152,214
LK1112190,Katuwana,2024,37.5201898183123,214
LK1112190,Katuwana,2025,37.18161389644567,214
LK1112195,Galavilawatta South,2022,38.56664142343731,106
LK1112195,Galavilawatta South,2023,36.08848988442193,106
LK1112195,Galavilawatta South,2024,38.02116088091381,106
LK1112195,Galavilawatta South,2025,37.83514676112977,106
LK1112200,Niyandagala,2022,37.596035174223914,116
LK1112200,Niyandagala,2023,34.29193048178473,116
LK1112200,Niyandagala,2024,36.74660936200613,116
LK1112200,Niyandagala,2025,36.66371350922585,116
LK1112205,Hiripitiya,2022,36.94338734509238,148
LK1112205,Hiripitiya,2023,34.53141529841795,148
LK1112205,Hiripitiya,2024,37.62357405154739,148
LK1112205,Hiripitiya,2025,35.639644090271254,148
LK1112210,Mambulgoda,2022,36.81693311862667,100
LK1112210,Mambulgoda,2023,35.65889936486136,100
LK1112210,Mambulgoda,2024,36.883660200160485,100
LK1112210,Mambulgoda,2025,35.70423482929339,100
LK1112215,Kithulhena,2022,37.38749501088101,74
LK1112215,Kithulhena,2023,34.746391573300436,74
LK1112215,Kithulhena,2024,37.40091386509258,74
LK1112215,Kithulhena,2025,36.56624270856736,74
LK1112220,Siddamulla North,2022,36.80564889528479,78
LK1112220,Siddamulla North,2023,34.1821915570117,78
LK1112220,Siddamulla North,2024,36.3258150639727,78
LK1112220,Siddamulla North,2025,36.58280415015416,78
LK1112225,Siddamulla South,2022,37.23364084965988,86
LK1112225,Siddamulla South,2023,35.135564571874944,86
LK1112225,Siddamulla South,2024,36.68919428376191,86
LK1112225,Siddamulla South,2025,36.65944889655976,86
LK1112230,Mattegoda West,2022,37.416576877431865,233
LK1112230,Mattegoda West,2023,34.69999068050655,233
LK1112230,Mattegoda West,2024,37.46075755271158,233
LK1112230,Mattegoda West,2025,37.118560278874014,233
LK1112235,Mattegoda Central 'A',2022,42.84722580204373,32
LK1112235,Mattegoda Central 'A',2023,38.02205037085766,32
LK1112235,Mattegoda Central 'A',2024,40.714417525828075,32
LK1112235,Mattegoda Central 'A',2025,40.08124074890149,32
LK1112240,Mattegoda East,2022,38.80238500690702,102
LK1112240,Mattegoda East,2023,35.32546935571687,102
LK1112240,Mattegoda East,2024,37.692442384126736,102
LK1112240,Mattegoda East,2025,37.21598107448146,102
LK1112245,Brahmanagama,2022,36.86095499865363,239
LK1112245,Brahmanagama,2023,33.06742893528219,239
LK1112245,Brahmanagama,2024,35.74218844518174,239
LK1112245,Brahmanagama,2025,36.02167784918415,239
LK1112250,Deepangoda,2022,36.2987006674546,208
LK1112250,Deepangoda,2023,33.397587134223976,208
LK1112250,Deepangoda,2024,35.516571097814776,208
LK1112250,Deepangoda,2025,35.58571425130588,208
LK1112255,Magammana West,2022,35.48833505284294,135
LK1112255,Magammana West,2023,32.17206446188797,135
LK1112255,Magammana West,2024,35.38438046923937,135
LK1112255,Magammana West,2025,35.4629167892424,135
LK1112260,Magammana East,2022,37.54030426529179,169
LK1112260,Magammana East,2023,33.833056431286785,169
LK1112260,Magammana East,2024,35.33028441902993,169
LK1112260,Magammana East,2025,36.227216803765074,169
LK1112265,Uduwana,2022,37.05364493257069,151
LK1112265,Uduwana,2023,33.437498012066115,151
LK1112265,Uduwana,2024,34.72775578576683,151
LK1112265,Uduwana,2025,35.97239876650484,151
LK1112270,Prasannapura,2022,36.47743896413104,174
LK1112270,Prasannapura,2023,32.28878852569396,174
LK1112270,Prasannapura,2024,34.524629522767604,174
LK1112270,Prasannapura,2025,33.24200787526271,174
LK1112275,Pitipana North,2022,37.80111174074943,282
LK1112275,Pitipana North,2023,33.13428202245235,282
LK1112275,Pitipana North,2024,35.277281617966366,282
LK1112275,Pitipana North,2025,35.08462252077843,282
LK1112280,Suwapubudugama,2022,30.63799427183892,121
LK1112280,Suwapubudugama,2023,33.10144204945363,121
LK1112280,Suwapubudugama,2024,35.44664160779579,121
LK1112280,Suwapubudugama,2025,35.32968697017816,121
LK1112285,Pitipana South,2022,33.16191823956297,260
LK1112285,Pitipana South,2023,32.67260347348349,260
LK1112285,Pitipana South,2024,34.016254388232,260
LK1112285,Pitipana South,2025,34.86498332726873,260
LK1112290,Dolahena,2022,36.14467272749344,299
LK1112290,Dolahena,2023,32.910218029379536,299
LK1112290,Dolahena,2024,35.74516330723239,299
LK1112290,Dolahena,2025,34.922857444906825,299
LK1112295,Diyagama East,2022,36.54154476087672,192
LK1112295,Diyagama East,2023,33.57623170305607,192
LK1112295,Diyagama East,2024,33.964249902524855,192
LK1112295,Diyagama East,2025,34.73043019959119,192
LK1112300,Diyagama West,2022,36.79987225666598,224
LK1112300,Diyagama West,2023,34.2611594080002,224
LK1112300,Diyagama West,2024,35.25461939096864,224
LK1112300,Diyagama West,2025,35.68108235708562,224
LK1112305,Kirigampamunuwa,2022,36.11266806410445,215
LK1112305,Kirigampamunuwa,2023,34.58751047596065,215
LK1112305,Kirigampamunuwa,2024,36.24141693287288,215
LK1112305,Kirigampamunuwa,2025,34.3797068848268,215
LK1112310,Mattegoda Central 'B',2022,39.49816191092563,64
LK1112310,Mattegoda Central 'B',2023,36.91073278518204,64
LK1112310,Mattegoda Central 'B',2024,38.427370767470386,64
LK1112310,Mattegoda Central 'B',2025,37.19522419388012,64
LK1112315,Siyambalagoda North,2022,35.850996877519776,202
LK1112315,Siyambalagoda North,2023,34.508616709391035,202
LK1112315,Siyambalagoda North,2024,36.65941898247843,202
LK1112315,Siyambalagoda North,2025,35.186298625742964,202
LK1112320,Kudamaduwa,2022,35.692541948952204,152
LK1112320,Kudamaduwa,2023,34.66616776206387,152
LK1112320,Kudamaduwa,2024,35.69511441963689,152
LK1112320,Kudamaduwa,2025,34.69668183014566,152
LK1112325,Sangharama,2022,36.56707354570748,112
LK1112325,Sangharama,2023,33.910806737300845,112
LK1112325,Sangharama,2024,35.98409086857117,112
LK1112325,Sangharama,2025,36.04480152930395,112
LK1112330,Siyambalagoda South,2022,35.71718465856589,144
LK1112330,Siyambalagoda South,2023,34.441125780928694,144
LK1112330,Siyambalagoda South,2024,36.35354246790579,144
LK1112330,Siyambalagoda South,2025,34.78225334561389,144
LK1112335,Rilawala,2022,37.16457578509361,125
LK1112335,Rilawala,2023,35.15552990586152,125
LK1112335,Rilawala,2024,35.991562388426615,125
LK1112335,Rilawala,2025,34.55799012736125,125
LK1112340,Kahathuduwa West,2022,37.12417482660633,211
LK1112340,Kahathuduwa West,2023,34.887428748683995,211
LK1112340,Kahathuduwa West,2024,35.68950192425856,211
LK1112340,Kahathuduwa West,2025,35.05794041879419,211
LK1112345,Kiriwattuduwa South,2022,36.97399067050052,295
LK1112345,Kiriwattuduwa South,2023,33.2934911723523,295
LK1112345,Kiriwattuduwa South,2024,34.46289535226828,295
LK1112345,Kiriwattuduwa South,2025,34.67498612011873,295
LK1112350,Kiriwattuduwa North,2022,37.609390344365686,145
LK1112350,Kiriwattuduwa North,2023,34.80452860106076,145
LK1112350,Kiriwattuduwa North,2024,35.47760819856367,145
LK1112350,Kiriwattuduwa North,2025,36.38875307943752,145
LK1112355,Moonamale - Yakahaluwa,2022,37.12316593214179,175
LK1112355,Moonamale - Yakahaluwa,2023,33.62163465405521,175
LK1112355,Moonamale - Yakahaluwa,2024,34.65904838473984,175
LK1112355,Moonamale - Yakahaluwa,2025,35.12621645347868,175
LK1112360,Kithulavila,2022,36.15633013382808,294
LK1112360,Kithulavila,2023,32.639250312620895,294
LK1112360,Kithulavila,2024,34.9903742364713,294
LK1112360,Kithulavila,2025,34.34068960680471,294
LK1112365,Kahathuduwa North,2022,38.13840051361981,173
LK1112365,Kahathuduwa North,2023,35.26643082709868,173
LK1112365,Kahathuduwa North,2024,35.94439794960198,173
LK1112365,Kahathuduwa North,2025,35.81457266656008,173
LK1112370,Kahathuduwa East,2022,37.2680619296039,208
LK1112370,Kahathuduwa East,2023,34.3205088167034,208
LK1112370,Kahathuduwa East,2024,35.33328632177862,208
LK1112370,Kahathuduwa East,2025,35.00576417952065,208
LK1112375,Kahathuduwa South,2022,37.893234479739924,213
LK1112375,Kahathuduwa South,2023,35.27003331212727,213
LK1112375,Kahathuduwa South,2024,35.570201171476704,213
LK1112375,Kahathuduwa South,2025,35.91563350538346,213
LK1112380,Undurugoda,2022,36.19567351879354,141
LK1112380,Undurugoda,2023,34.070437261528106,141
LK1112380,Undurugoda,2024,35.31723785129132,141
LK1112380,Undurugoda,2025,33.31329726230231,141
LK1112385,Wethara,2022,36.754296910304404,95
LK1112385,Wethara,2023,35.87093021794423,95
LK1112385,Wethara,2024,37.075396228791305,95
LK1112385,Wethara,2025,35.540830059451096,95
LK1112390,Ambalangoda,2022,35.976000974222906,160
LK1112390,Ambalangoda,2023,33.61285360371996,160
LK1112390,Ambalangoda,2024,34.726422008041084,160
LK1112390,Ambalangoda,2025,34.2721218406676,160
LK1112395,Heraliyawala,2022,34.28145450680026,153
LK1112395,Heraliyawala,2023,31.729213617547096,153
LK1112395,Heraliyawala,2024,33.597927687011826,153
LK1112395,Heraliyawala,2025,32.97810558131804,153
LK1112400,Palagama,2022,35.5413182776504,301
LK1112400,Palagama,2023,32.23050048963008,301
LK1112400,Palagama,2024,34.00190177235384,301
LK1112400,Palagama,2025,34.02091776217742,301
LK1112405,Weniwelkola,2022,36.97353710454942,399
LK1112405,Weniwelkola,2023,33.329041147369594,399
LK1112405,Weniwelkola,2024,35.06090584308389,399
LK1112405,Weniwelkola,2025,34.399829737897655,399
LK1115005,Bollathawa,2022,34.57704515535701,322
LK1115005,Bollathawa,2023,31.96642981219321,322
LK1115005,Bollathawa,2024,32.80382477122176,322
LK1115005,Bollathawa,2025,32.353683475649035,322
LK1115010,Kanampella West,2022,35.5182653466056,225
LK1115010,Kanampella West,2023,32.470624789849204,225
LK1115010,Kanampella West,2024,32.72116473441777,225
LK1115010,Kanampella West,2025,32.568462212621036,225
LK1115015,Kanampella East,2022,32.405265815920316,777
LK1115015,Kanampella East,2023,31.171916094654065,777
LK1115015,Kanampella East,2024,32.00852468501261,777
LK1115015,Kanampella East,2025,31.337802893398003,777
LK1115020,Manakada,2022,32.14904536545166,191
LK1115020,Manakada,2023,31.48400401153302,192
LK1115020,Manakada,2024,32.5167751637537,192
LK1115020,Manakada,2025,31.78902962293415,191
LK1115025,Eswatta North,2022,31.015174149249845,489
LK1115025,Eswatta North,2023,31.522591833810687,490
LK1115025,Eswatta North,2024,32.91524889519114,490
LK1115025,Eswatta North,2025,31.501065887069892,489
LK1115030,Kiriwandala North,2022,31.045219020178365,749
LK1115030,Kiriwandala North,2023,31.699282680760422,749
LK1115030,Kiriwandala North,2024,33.44201802384035,748
LK1115030,Kiriwandala North,2025,32.53350826207056,748
LK1115035,Kudagama,2022,32.30346787232944,198
LK1115035,Kudagama,2023,32.03993132199205,198
LK1115035,Kudagama,2024,33.84224031043806,198
LK1115035,Kudagama,2025,33.13013974627155,198
LK1115040,Weralupitiya,2022,37.35120475859045,275
LK1115040,Weralupitiya,2023,35.4168258183862,275
LK1115040,Weralupitiya,2024,37.6951577818029,275
LK1115040,Weralupitiya,2025,37.151902918389794,275
LK1115045,Seethagama,2022,35.99161553105673,97
LK1115045,Seethagama,2023,35.12497934696031,97
LK1115045,Seethagama,2024,37.66953225248299,97
LK1115045,Seethagama,2025,36.547914154064784,97
LK1115050,Avissawella,2022,33.72861216360252,70
LK1115050,Avissawella,2023,32.56961983310943,70
LK1115050,Avissawella,2024,35.7206445898609,70
LK1115050,Avissawella,2025,34.66108602232936,70
LK1115055,Ukwatta,2022,32.19134387122562,77
LK1115055,Ukwatta,2023,34.716534967800875,77
LK1115055,Ukwatta,2024,36.861465421171964,77
LK1115055,Ukwatta,2025,35.82607914676971,77
LK1115060,Agra Pedesa,2022,31.585583600197968,58
LK1115060,Agra Pedesa,2023,33.732196685103865,58
LK1115060,Agra Pedesa,2024,35.66910956787887,58
LK1115060,Agra Pedesa,2025,35.07993431076562,58
LK1115065,Eswatta South,2022,31.84587892168973,279
LK1115065,Eswatta South,2023,31.950861242480638,279
LK1115065,Eswatta South,2024,33.25075543592059,279
LK1115065,Eswatta South,2025,31.918805398396582,279
LK1115070,Ihala Kosgama North,2022,35.406713146121675,259
LK1115070,Ihala Kosgama North,2023,32.697294406785076,259
LK1115070,Ihala Kosgama North,2024,34.02123515302624,259
LK1115070,Ihala Kosgama North,2025,33.13146874432402,259
LK1115075,Thawalgoda,2022,35.568945807472524,141
LK1115075,Thawalgoda,2023,32.061347807943235,141
LK1115075,Thawalgoda,2024,33.254793082695365,141
LK1115075,Thawalgoda,2025,32.5818023157879,141
LK1115080,Muruthagama,2022,35.10997054308153,91
LK1115080,Muruthagama,2023,32.26122976755925,91
LK1115080,Muruthagama,2024,34.56173978297831,91
LK1115080,Muruthagama,2025,33.68626152514268,91
LK1115085,Akaravita,2022,34.64513262277523,201
LK1115085,Akaravita,2023,31.940482050608697,201
LK1115085,Akaravita,2024,33.64291604685764,201
LK1115085,Akaravita,2025,32.77676931575304,201
LK1115090,Kahatapitiya,2022,33.545493564298646,225
LK1115090,Kahatapitiya,2023,31.126210423607382,225
LK1115090,Kahatapitiya,2024,32.88319839079349,225
LK1115090,Kahatapitiya,2025,33.0861857199939,225
LK1115095,Kalu Aggala,2022,35.40413133629711,569
LK1115095,Kalu Aggala,2023,31.88743019803296,569
LK1115095,Kalu Aggala,2024,33.70665485541909,569
LK1115095,Kalu Aggala,2025,33.882808635825036,569
LK1115100,Salawa,2022,37.26876075210244,237
LK1115100,Salawa,2023,33.53090622240101,237
LK1115100,Salawa,2024,35.72532368676419,237
LK1115100,Salawa,2025,35.66582536294541,237
LK1115105,Pahala Kosgama West,2022,35.93956975666024,115
LK1115105,Pahala Kosgama West,2023,32.53334709823556,115
LK1115105,Pahala Kosgama West,2024,34.74133819801004,115
LK1115105,Pahala Kosgama West,2025,34.28814333071263,115
LK1115110,Pahala Kosgama East,2022,37.00837031477965,152
LK1115110,Pahala Kosgama East,2023,33.65418013901514,152
LK1115110,Pahala Kosgama East,2024,36.447128437573056,152
LK1115110,Pahala Kosgama East,2025,33.9741717333922,152
LK1115115,Ihala Kosgama South,2022,35.740442772641195,81
LK1115115,Ihala Kosgama South,2023,32.36222872056595,81
LK1115115,Ihala Kosgama South,2024,35.08744388799199,81
LK1115115,Ihala Kosgama South,2025,33.44621221875883,81
LK1115120,Miriswatta,2022,35.18023389608681,210
LK1115120,Miriswatta,2023,33.09983049314074,210
LK1115120,Miriswatta,2024,34.54896528869097,210
LK1115120,Miriswatta,2025,32.79509146771918,210
LK1115125,Aluth Ambalama,2022,33.072793945307154,254
LK1115125,Aluth Ambalama,2023,30.463280168750575,254
LK1115125,Aluth Ambalama,2024,32.9236276134934,254
LK1115125,Aluth Ambalama,2025,30.859497843578097,254
LK1115130,Kiriwandala South,2022,31.159209267553706,262
LK1115130,Kiriwandala South,2023,30.907399238560004,262
LK1115130,Kiriwandala South,2024,33.452581814024676,262
LK1115130,Kiriwandala South,2025,33.07998481869293,262
LK1115135,Kotahera,2022,33.142874038748666,89
LK1115135,Kotahera,2023,32.03544695757503,89
LK1115135,Kotahera,2024,34.91814887179687,89
LK1115135,Kotahera,2025,34.13548747735327,89
LK1115140,Seethawaka,2022,34.27839585054752,97
LK1115140,Seethawaka,2023,32.553943777718686,97
LK1115140,Seethawaka,2024,35.31391573203055,97
LK1115140,Seethawaka,2025,34.35870009972359,97
LK1115145,Aradhana Kanda,2022,35.11846807257719,145
LK1115145,Aradhana Kanda,2023,31.814373113261748,145
LK1115145,Aradhana Kanda,2024,34.472469679171255,145
LK1115145,Aradhana Kanda,2025,33.88274030183156,145
LK1115150,Puwakpitiya South,2022,31.173967904522726,178
LK1115150,Puwakpitiya South,2023,31.833610960238783,178
LK1115150,Puwakpitiya South,2024,34.32259710672086,178
LK1115150,Puwakpitiya South,2025,33.28707229726681,178
LK1115155,Puwakpitiya,2022,34.38933003438272,59
LK1115155,Puwakpitiya,2023,34.63510339937851,59
LK1115155,Puwakpitiya,2024,36.50828057493251,59
LK1115155,Puwakpitiya,2025,35.51240062202826,59
LK1115160,Egodagama,2022,32.518764076041734,138
LK1115160,Egodagama,2023,31.91710918007068,138
LK1115160,Egodagama,2024,34.25227854773092,138
LK1115160,Egodagama,2025,32.747804246755166,138
LK1115165,Weragolla North,2022,31.654467995833,342
LK1115165,Weragolla North,2023,31.514453736671612,342
LK1115165,Weragolla North,2024,33.438313350646176,342
LK1115165,Weragolla North,2025,31.11553953602339,342
LK1115170,Hingurala,2022,31.476434354991472,403
LK1115170,Hingurala,2023,30.39709083925885,403
LK1115170,Hingurala,2024,32.22096312312151,403
LK1115170,Hingurala,2025,31.478622509763635,403
LK1115175,Kadugoda North,2022,34.381650205270105,263
LK1115175,Kadugoda North,2023,31.30516796643987,263
LK1115175,Kadugoda North,2024,33.33943287487839,263
LK1115175,Kadugoda North,2025,33.027133929956264,263
LK1115180,Mawalgama,2022,34.69320052604601,315
LK1115180,Mawalgama,2023,32.20003811124736,315
LK1115180,Mawalgama,2024,33.59770900955709,315
LK1115180,Mawalgama,2025,33.71635120591092,315
LK1115185,Suduwella,2022,36.246789784894425,310
LK1115185,Suduwella,2023,33.23246897534503,310
LK1115185,Suduwella,2024,34.44237725803374,310
LK1115185,Suduwella,2025,34.666264251626004,310
LK1115190,Gira Imbula,2022,34.51408958468044,119
LK1115190,Gira Imbula,2023,32.11568145788238,119
LK1115190,Gira Imbula,2024,33.775110669531664,119
LK1115190,Gira Imbula,2025,34.04642178167128,119
LK1115195,Walawwatta,2022,36.29008915404761,90
LK1115195,Walawwatta,2023,34.57580839338838,90
LK1115195,Walawwatta,2024,35.19789817417996,90
LK1115195,Walawwatta,2025,35.61830126693825,90
LK1115200,Pahala Hanwella,2022,35.5630460859445,183
LK1115200,Pahala Hanwella,2023,33.685149322148156,183
LK1115200,Pahala Hanwella,2024,34.111089174518725,183
LK1115200,Pahala Hanwella,2025,34.582508012166265,183
LK1115205,Hanwella Town,2022,36.40697247472377,197
LK1115205,Hanwella Town,2023,34.331659960505725,197
LK1115205,Hanwella Town,2024,35.36459118132647,197
LK1115205,Hanwella Town,2025,35.855921293462785,197
LK1115210,Ihala Hanwella North,2022,34.26427798115259,168
LK1115210,Ihala Hanwella North,2023,32.74208378890192,168
LK1115210,Ihala Hanwella North,2024,34.14556382815776,168
LK1115210,Ihala Hanwella North,2025,34.828743361731966,168
LK1115215,Niripola,2022,35.271884681193434,239
LK1115215,Niripola,2023,32.041589685944246,239
LK1115215,Niripola,2024,34.03581093678845,239
LK1115215,Niripola,2025,33.227566897374054,239
LK1115220,Brandigampala,2022,36.09966944485313,168
LK1115220,Brandigampala,2023,32.99714888807596,168
LK1115220,Brandigampala,2024,34.33006294262893,168
LK1115220,Brandigampala,2025,34.03908065381248,168
LK1115225,Kadugoda South,2022,33.94048464654812,286
LK1115225,Kadugoda South,2023,31.85423503601719,286
LK1115225,Kadugoda South,2024,33.770717967941735,286
LK1115225,Kadugoda South,2025,32.85042006317196,286
LK1115230,Weragolla South,2022,30.315789058678373,596
LK1115230,Weragolla South,2023,30.609357075411452,596
LK1115230,Weragolla South,2024,33.47257694301231,596
LK1115230,Weragolla South,2025,32.76219625562089,596
LK1115235,Digana,2022,30.228969555959726,527
LK1115235,Digana,2023,30.423096858071094,527
LK1115235,Digana,2024,32.27637844016575,527
LK1115235,Digana,2025,32.09875727037905,527
LK1115240,Lahirugama,2022,32.57517395282848,616
LK1115240,Lahirugama,2023,31.128681623916606,616
LK1115240,Lahirugama,2024,32.99332288538807,616
LK1115240,Lahirugama,2025,32.92135069767873,616
LK1115245,Mambula,2022,34.82844648118057,127
LK1115245,Mambula,2023,32.047457914532615,127
LK1115245,Mambula,2024,33.8255859348437,127
LK1115245,Mambula,2025,33.81724414756956,127
LK1115250,Welikanna,2022,34.04968134618725,243
LK1115250,Welikanna,2023,32.06485210181128,243
LK1115250,Welikanna,2024,33.62191954846383,243
LK1115250,Welikanna,2025,32.72874085551295,243
LK1115255,Kahahena,2022,35.45317370754382,243
LK1115255,Kahahena,2023,32.37882924325495,243
LK1115255,Kahahena,2024,33.80685661284227,243
LK1115255,Kahahena,2025,33.81479112563195,243
LK1115260,Neluwattuduwa,2022,35.38613858506511,211
LK1115260,Neluwattuduwa,2023,32.43346790545084,211
LK1115260,Neluwattuduwa,2024,33.527728257492804,211
LK1115260,Neluwattuduwa,2025,33.58585679858751,211
LK1115265,Diddeniya North,2022,35.6449522231739,312
LK1115265,Diddeniya North,2023,32.42287114535491,312
LK1115265,Diddeniya North,2024,33.38956520065608,312
LK1115265,Diddeniya North,2025,34.54032104236299,312
LK1115270,Ihala Hanwella South,2022,34.98881758319582,110
LK1115270,Ihala Hanwella South,2023,32.95730134589284,110
LK1115270,Ihala Hanwella South,2024,33.835448441365564,110
LK1115270,Ihala Hanwella South,2025,33.65288151914886,110
LK1115275,Pahathgama,2022,35.5321712968011,87
LK1115275,Pahathgama,2023,34.026521615967205,87
LK1115275,Pahathgama,2024,34.28303613964679,87
LK1115275,Pahathgama,2025,36.36428953835528,87
LK1115280,Jayaweeragoda,2022,35.457162935488356,167
LK1115280,Jayaweeragoda,2023,33.908990776411386,167
LK1115280,Jayaweeragoda,2024,34.656868379004436,167
LK1115280,Jayaweeragoda,2025,34.34287228893192,167
LK1115285,Koodaluvila,2022,35.68394854625574,154
LK1115285,Koodaluvila,2023,34.228753248855945,154
LK1115285,Koodaluvila,2024,35.127557362534915,154
LK1115285,Koodaluvila,2025,35.796753702434664,154
LK1115290,Thunnana East,2022,35.706426918600606,191
LK1115290,Thunnana East,2023,32.63620441443165,191
LK1115290,Thunnana East,2024,33.77306708787278,191
LK1115290,Thunnana East,2025,34.33750953880571,191
LK1115295,Diddeniya South,2022,33.41075710145457,300
LK1115295,Diddeniya South,2023,30.87339898316708,300
LK1115295,Diddeniya South,2024,33.29941167096223,300
LK1115295,Diddeniya South,2025,33.32329829095143,300
LK1115300,Elamalawala,2022,32.94817816070526,130
LK1115300,Elamalawala,2023,31.551466320401182,130
LK1115300,Elamalawala,2024,32.516575759391955,130
LK1115300,Elamalawala,2025,32.49278268172833,130
LK1115305,Ilukovita,2022,32.085231497229806,403
LK1115305,Ilukovita,2023,30.38084854980635,403
LK1115305,Ilukovita,2024,31.937191418603497,403
LK1115305,Ilukovita,2025,31.43203976842564,404
LK1115310,Koswatta,2022,29.673303064175137,137
LK1115310,Koswatta,2023,29.791655006140697,137
LK1115310,Koswatta,2024,31.105947879889154,137
LK1115310,Koswatta,2025,31.15758622466128,137
LK1115315,Pagngnagula,2022,31.40614650667738,336
LK1115315,Pagngnagula,2023,30.75364149075106,336
LK1115315,Pagngnagula,2024,31.915560521114244,336
LK1115315,Pagngnagula,2025,30.999714537697947,336
LK1115320,Pelpola,2022,30.54103471809426,177
LK1115320,Pelpola,2023,30.14947379965343,177
LK1115320,Pelpola,2024,32.25313556386698,177
LK1115320,Pelpola,2025,31.941699856902368,177
LK1115325,Kudakanda,2022,35.311110019190544,115
LK1115325,Kudakanda,2023,31.954471747710784,115
LK1115325,Kudakanda,2024,34.40532388506264,115
LK1115325,Kudakanda,2025,34.42080945393133,115
LK1115330,Thunnana West,2022,34.403294295351614,234
LK1115330,Thunnana West,2023,33.12792488440874,234
LK1115330,Thunnana West,2024,34.51498518888512,234
LK1115330,Thunnana West,2025,34.00339106574995,234
LK1115335,Mawathagama West,2022,35.80808991439778,189
LK1115335,Mawathagama West,2023,32.96106205068077,189
LK1115335,Mawathagama West,2024,35.62188216205727,189
LK1115335,Mawathagama West,2025,34.952863807977884,189
LK1115340,Mawathagama East,2022,35.11437297053305,236
LK1115340,Mawathagama East,2023,31.990941774606764,236
LK1115340,Mawathagama East,2024,35.2243550546291,236
LK1115340,Mawathagama East,2025,34.692434046300754,236
LK1118005,Pinnawala North,2022,35.24755274055286,146
LK1118005,Pinnawala North,2023,31.57996853392635,146
LK1118005,Pinnawala North,2024,33.54659799367002,146
LK1118005,Pinnawala North,2025,33.69150034407236,146
LK1118010,Pinnawala South,2022,34.938230877475235,112
LK1118010,Pinnawala South,2023,31.58721255384826,112
LK1118010,Pinnawala South,2024,33.929575399496535,112
LK1118010,Pinnawala South,2025,34.17943717289724,112
LK1118015,Waga North,2022,33.06357123416354,133
LK1118015,Waga North,2023,31.648450327836734,133
LK1118015,Waga North,2024,33.121030269670456,133
LK1118015,Waga North,2025,33.49792113968856,133
LK1118020,Waga East,2022,32.655046020314366,306
LK1118020,Waga East,2023,30.107202433565245,306
LK1118020,Waga East,2024,32.6939338182588,306
LK1118020,Waga East,2025,32.64952982966641,306
LK1118025,Thummodara,2022,32.38815948386031,250
LK1118025,Thummodara,2023,29.42343396255959,250
LK1118025,Thummodara,2024,31.886299653725988,250
LK1118025,Thummodara,2025,31.480846762943802,250
LK1118030,Waga South,2022,32.88169466483765,196
LK1118030,Waga South,2023,29.59513951191782,196
LK1118030,Waga South,2024,33.14550233546757,196
LK1118030,Waga South,2025,33.18972524903461,196
LK1118035,Siyambalawa,2022,34.52177066153592,245
LK1118035,Siyambalawa,2023,30.393966714872402,245
LK1118035,Siyambalawa,2024,34.04307789680937,245
LK1118035,Siyambalawa,2025,32.743995806799674,245
LK1118040,Pahala Bope,2022,34.4488015136878,290
LK1118040,Pahala Bope,2023,31.2069919223519,290
LK1118040,Pahala Bope,2024,33.990735023507845,290
LK1118040,Pahala Bope,2025,32.538117375110815,290
LK1118045,Halpe,2022,34.53058226371923,274
LK1118045,Halpe,2023,30.331230113662844,274
LK1118045,Halpe,2024,32.74359639577793,274
LK1118045,Halpe,2025,32.08332087515234,274
LK1118050,Waga West,2022,32.99769288385567,249
LK1118050,Waga West,2023,31.09058514396309,249
LK1118050,Waga West,2024,33.19329233079615,249
LK1118050,Waga West,2025,32.85219991948972,249
LK1118055,Uggalla,2022,33.78690379440858,325
LK1118055,Uggalla,2023,30.210640668994383,325
LK1118055,Uggalla,2024,33.29922829629708,325
LK1118055,Uggalla,2025,32.945466159035654,325
LK1118060,Wewelpanawa,2022,35.98306165362924,111
LK1118060,Wewelpanawa,2023,31.78513067800462,111
LK1118060,Wewelpanawa,2024,34.52590549055241,111
LK1118060,Wewelpanawa,2025,34.02576828716862,111
LK1118065,Pitumpe North,2022,36.19118532831671,176
LK1118065,Pitumpe North,2023,32.11061523920801,175
LK1118065,Pitumpe North,2024,35.45698873501444,175
LK1118065,Pitumpe North,2025,34.09871789388187,175
LK1118070,Pitumpe South,2022,36.70671713086613,66
LK1118070,Pitumpe South,2023,32.950419611685504,66
LK1118070,Pitumpe South,2024,36.31778189103789,66
LK1118070,Pitumpe South,2025,34.039314185183926,66
LK1118075,Galagedara East,2022,36.32631415175831,148
LK1118075,Galagedara East,2023,32.86420654876017,148
LK1118075,Galagedara East,2024,35.88932637164037,148
LK1118075,Galagedara East,2025,35.54316846720307,148
LK1118080,Galagedara North,2022,37.06201110770199,136
LK1118080,Galagedara North,2023,34.09683635519319,136
LK1118080,Galagedara North,2024,36.688814468870206,136
LK1118080,Galagedara North,2025,36.52423289270752,136
LK1118085,Galagedara South,2022,36.040576660718415,139
LK1118085,Galagedara South,2023,33.061188190833384,139
LK1118085,Galagedara South,2024,35.78123332667237,139
LK1118085,Galagedara South,2025,34.47555443471347,139
LK1118090,Padukka,2022,36.76192954953022,176
LK1118090,Padukka,2023,33.874091025019474,176
LK1118090,Padukka,2024,36.082524363449004,176
LK1118090,Padukka,2025,35.78820834651705,176
LK1118095,Arukwatta North,2022,35.307148700540544,112
LK1118095,Arukwatta North,2023,32.60968148939878,112
LK1118095,Arukwatta North,2024,35.16941892652268,112
LK1118095,Arukwatta North,2025,33.002517581132025,112
LK1118100,Arukwatta South,2022,34.58742587807186,185
LK1118100,Arukwatta South,2023,31.946690915494226,185
LK1118100,Arukwatta South,2024,34.62053165759918,185
LK1118100,Arukwatta South,2025,33.3384760766748,185
LK1118105,Ganegoda,2022,32.17920487792724,124
LK1118105,Ganegoda,2023,31.02579888045877,124
LK1118105,Ganegoda,2024,34.50057315100122,124
LK1118105,Ganegoda,2025,33.56095984660634,124
LK1118110,Angampitiya,2022,32.813357382276784,289
LK1118110,Angampitiya,2023,31.185682162968575,289
LK1118110,Angampitiya,2024,33.6817039799787,289
LK1118110,Angampitiya,2025,32.99225251367917,289
LK1118115,Weragala,2022,34.716561486783796,263
LK1118115,Weragala,2023,31.54275639404052,263
LK1118115,Weragala,2024,33.414064065731935,263
LK1118115,Weragala,2025,32.81339115360013,263
LK1118120,Angamuwa,2022,35.31229779145674,318
LK1118120,Angamuwa,2023,30.73256180400121,318
LK1118120,Angamuwa,2024,33.63625729180355,318
LK1118120,Angamuwa,2025,33.00801917178152,318
LK1118125,Udumulla,2022,35.35189399506729,266
LK1118125,Udumulla,2023,31.70861293647565,266
LK1118125,Udumulla,2024,33.953028242695126,266
LK1118125,Udumulla,2025,33.753115603316516,266
LK1118130,Poregedara,2022,34.550451618091,165
LK1118130,Poregedara,2023,32.58379058808032,165
LK1118130,Poregedara,2024,33.720599763447495,165
LK1118130,Poregedara,2025,34.82990926412622,165
LK1118135,Pahala Padukka,2022,33.86508962303143,96
LK1118135,Pahala Padukka,2023,32.86558299441162,96
LK1118135,Pahala Padukka,2024,35.510996996066275,96
LK1118135,Pahala Padukka,2025,34.25884816187872,96
LK1118140,Liyanwala,2022,30.55722881365166,260
LK1118140,Liyanwala,2023,32.142991822646344,260
LK1118140,Liyanwala,2024,34.08220188175018,260
LK1118140,Liyanwala,2025,33.757781832625824,260
LK1118145,Kurugala,2022,32.12101991332816,247
LK1118145,Kurugala,2023,32.19682208400057,247
LK1118145,Kurugala,2024,33.40061055611513,247
LK1118145,Kurugala,2025,34.03536239696863,247
LK1118150,Madulawa South,2022,31.594339538399847,189
LK1118150,Madulawa South,2023,32.09082577450142,189
LK1118150,Madulawa South,2024,33.85659608129859,189
LK1118150,Madulawa South,2025,33.61260133612859,189
LK1118155,Madulawa North,2022,33.00601708553987,196
LK1118155,Madulawa North,2023,32.27605756430121,196
LK1118155,Madulawa North,2024,34.90342912829621,196
LK1118155,Madulawa North,2025,34.15788605663868,196
LK1118160,Horakandawala,2022,34.303884864538844,188
LK1118160,Horakandawala,2023,31.887651876747242,188
LK1118160,Horakandawala,2024,34.35774786575129,188
LK1118160,Horakandawala,2025,34.02810886459428,188
LK1118165,Dampe,2022,33.22780733223964,333
LK1118165,Dampe,2023,31.916407055601855,333
LK1118165,Dampe,2024,34.22043903542696,333
LK1118165,Dampe,2025,34.151101881887186,333
LK1118170,Beruketiya,2022,31.050050618058552,281
LK1118170,Beruketiya,2023,32.627982076580246,281
LK1118170,Beruketiya,2024,34.89926755465492,281
LK1118170,Beruketiya,2025,34.2051443020449,281
LK1118175,Horagala West,2022,31.496086033699346,264
LK1118175,Horagala West,2023,32.90967368098228,264
LK1118175,Horagala West,2024,34.010922348917894,264
LK1118175,Horagala West,2025,34.005446636599636,264
LK1118180,Horagala East,2022,33.96606952026332,218
LK1118180,Horagala East,2023,32.66284988892279,218
LK1118180,Horagala East,2024,33.93271980509523,218
LK1118180,Horagala East,2025,34.54282116855372,218
LK1118185,Beliattavila,2022,33.82468117775696,181
LK1118185,Beliattavila,2023,31.122451156255927,181
LK1118185,Beliattavila,2024,33.996064592599716,181
LK1118185,Beliattavila,2025,32.65911291052241,181
LK1118190,Miriyagalla,2022,34.070484164209006,329
LK1118190,Miriyagalla,2023,30.02116974333751,329
LK1118190,Miriyagalla,2024,32.20814406426085,329
LK1118190,Miriyagalla,2025,31.903604819592715,329
LK1118195,Malagala,2022,33.146532136158875,472
LK1118195,Malagala,2023,30.759357491263284,472
LK1118195,Malagala,2024,33.25544311469247,472
LK1118195,Malagala,2025,33.35906175454131,472
LK1118200,Kahawala,2022,34.7634807290002,143
LK1118200,Kahawala,2023,31.8739802379693,143
LK1118200,Kahawala,2024,33.80033363776099,143
LK1118200,Kahawala,2025,33.4434268581724,143
LK1118205,Yatawathura,2022,34.023618267150134,222
LK1118205,Yatawathura,2023,31.696036286591085,222
LK1118205,Yatawathura,2024,33.84082926714541,222
LK1118205,Yatawathura,2025,33.64631414574775,222
LK1118210,Mahingala,2022,33.644312685445634,271
LK1118210,Mahingala,2023,30.866584620158243,271
LK1118210,Mahingala,2024,33.40588170363405,271
LK1118210,Mahingala,2025,32.38512530521612,271
LK1118215,Ihala Bope,2022,34.699268239041395,280
LK1118215,Ihala Bope,2023,31.12722851770488,280
LK1118215,Ihala Bope,2024,33.831617008983194,280
LK1118215,Ihala Bope,2025,32.640845784326096,280
LK1118220,Gurulana,2022,34.389974943114794,185
LK1118220,Gurulana,2023,30.098532587508263,185
LK1118220,Gurulana,2024,32.79771649525616,185
LK1118220,Gurulana,2025,32.96678665122969,185
LK1118225,Udagama,2022,31.023532112050617,781
LK1118225,Udagama,2023,27.602299638559447,782
LK1118225,Udagama,2024,30.416708810065593,781
LK1118225,Udagama,2025,30.385446888607156,780
LK1118230,Dambora,2022,31.708695908050963,1086
LK1118230,Dambora,2023,27.86896879778243,1086
LK1118230,Dambora,2024,30.810868430812913,1086
LK1118230,Dambora,2025,30.372722606962448,1085
LK1121005,Mirihana South,2022,41.4843556066808,68
LK1121005,Mirihana South,2023,40.484826959754066,68
LK1121005,Mirihana South,2024,41.5285954326469,68
LK1121005,Mirihana South,2025,40.215871006505175,68
LK1121010,Mirihana North,2022,40.85985505194857,130
LK1121010,Mirihana North,2023,39.16669418896274,130
LK1121010,Mirihana North,2024,39.93451749970143,130
LK1121010,Mirihana North,2025,38.554420979699294,130
LK1121015,Madiwela,2022,39.481438113440554,180
LK1121015,Madiwela,2023,37.984704739882076,180
LK1121015,Madiwela,2024,38.24509116307061,180
LK1121015,Madiwela,2025,35.60830224339975,180
LK1121020,Thalawathugoda West,2022,38.167905684238434,166
LK1121020,Thalawathugoda West,2023,35.89433115024723,166
LK1121020,Thalawathugoda West,2024,37.665574156360925,166
LK1121020,Thalawathugoda West,2025,36.78671090803037,166
LK1121025,Thalawathugoda East,2022,38.69240607971998,160
LK1121025,Thalawathugoda East,2023,37.722164627027645,160
LK1121025,Thalawathugoda East,2024,38.57850694496505,160
LK1121025,Thalawathugoda East,2025,38.52090154369688,160
LK1121030,Kalalgoda,2022,37.589021238604076,200
LK1121030,Kalalgoda,2023,35.38820471581856,200
LK1121030,Kalalgoda,2024,36.59412823720088,200
LK1121030,Kalalgoda,2025,38.12376885902625,200
LK1121035,Kottawa East,2022,36.64956207564248,221
LK1121035,Kottawa East,2023,35.100331089623836,221
LK1121035,Kottawa East,2024,36.666957720960966,221
LK1121035,Kottawa East,2025,38.090155173064865,221
LK1121040,Rukmale West,2022,36.517532051636415,231
LK1121040,Rukmale West,2023,35.179700946230625,231
LK1121040,Rukmale West,2024,37.035960709180664,231
LK1121040,Rukmale West,2025,37.545295218870805,231
LK1121045,Rukmale East A,2022,38.47544294611024,54
LK1121045,Rukmale East A,2023,36.11217427501081,54
LK1121045,Rukmale East A,2024,37.64828445403222,54
LK1121045,Rukmale East A,2025,35.08192365868739,54
LK1121050,Rukmale East B,2022,39.54024862682247,62
LK1121050,Rukmale East B,2023,36.55284811469467,62
LK1121050,Rukmale East B,2024,37.86947649783281,62
LK1121050,Rukmale East B,2025,37.09424756385735,62
LK1121055,Liyanagoda,2022,36.014610785893574,121
LK1121055,Liyanagoda,2023,35.17356570845947,121
LK1121055,Liyanagoda,2024,36.433089165444876,121
LK1121055,Liyanagoda,2025,36.85498392975476,121
LK1121060,Kottawa North,2022,37.26863957299041,91
LK1121060,Kottawa North,2023,36.19043734025136,91
LK1121060,Kottawa North,2024,36.788449350892364,91
LK1121060,Kottawa North,2025,37.949883226362886,91
LK1121065,Depanama,2022,38.18354747415329,227
LK1121065,Depanama,2023,36.908624581467855,227
LK1121065,Depanama,2024,36.99277217009931,227
LK1121065,Depanama,2025,37.58392090165522,227
LK1121070,Polwatta,2022,38.23603812068366,103
LK1121070,Polwatta,2023,37.01940174196212,103
LK1121070,Polwatta,2024,36.86787911059005,103
LK1121070,Polwatta,2025,36.44654829392605,103
LK1121075,Pamunuwa,2022,38.442596459286925,141
LK1121075,Pamunuwa,2023,37.42530413927893,141
LK1121075,Pamunuwa,2024,36.840885448062444,141
LK1121075,Pamunuwa,2025,35.86449908554591,141
LK1121080,Thalapathpitiya,2022,40.36493065892198,172
LK1121080,Thalapathpitiya,2023,39.466811568567394,172
LK1121080,Thalapathpitiya,2024,38.61440594439969,172
LK1121080,Thalapathpitiya,2025,37.01707274715227,172
LK1121085,Pragathipura,2022,41.367362690812136,51
LK1121085,Pragathipura,2023,41.61102129688346,51
LK1121085,Pragathipura,2024,40.9680416380256,51
LK1121085,Pragathipura,2025,39.449079034612026,51
LK1121090,Udahamulla East,2022,41.69690930108447,96
LK1121090,Udahamulla East,2023,40.98486776364869,96
LK1121090,Udahamulla East,2024,40.24054577298435,96
LK1121090,Udahamulla East,2025,38.133545346080304,96
LK1121095,Udahamulla West,2022,40.85459402296324,102
LK1121095,Udahamulla West,2023,38.97577843849778,102
LK1121095,Udahamulla West,2024,39.454440991331566,102
LK1121095,Udahamulla West,2025,37.84100690669414,102
LK1121100,Pathiragoda,2022,40.787199897244946,120
LK1121100,Pathiragoda,2023,38.37307452428132,120
LK1121100,Pathiragoda,2024,39.723210833476514,120
LK1121100,Pathiragoda,2025,39.114306369558,120
LK1121105,Maharagama East,2022,40.24250500028382,66
LK1121105,Maharagama East,2023,38.966342496275054,66
LK1121105,Maharagama East,2024,39.07421935982725,66
LK1121105,Maharagama East,2025,37.864266403137066,66
LK1121110,Maharagama West,2022,40.68318079628942,57
LK1121110,Maharagama West,2023,38.01981513421636,57
LK1121110,Maharagama West,2024,39.78289860210968,57
LK1121110,Maharagama West,2025,38.204171282179814,57
LK1121115,Dambahena,2022,39.16675200576945,126
LK1121115,Dambahena,2023,37.1603499994295,126
LK1121115,Dambahena,2024,38.58223350787781,126
LK1121115,Dambahena,2025,37.40813040750027,126
LK1121120,Pannipitiya North,2022,38.613463711123984,98
LK1121120,Pannipitiya North,2023,36.348995437815,98
LK1121120,Pannipitiya North,2024,37.448429379620215,98
LK1121120,Pannipitiya North,2025,38.85875421961335,98
LK1121125,Kottawa West,2022,37.680994112939615,70
LK1121125,Kottawa West,2023,35.861281531309814,70
LK1121125,Kottawa West,2024,37.85962537526397,70
LK1121125,Kottawa West,2025,38.254858165329296,70
LK1121130,Kottawa South,2022,38.59626697385485,149
LK1121130,Kottawa South,2023,35.4112637682132,149
LK1121130,Kottawa South,2024,38.13327760687411,149
LK1121130,Kottawa South,2025,39.20662286655825,149
LK1121135,Malapalla West,2022,39.449934225502936,76
LK1121135,Malapalla West,2023,36.1811740422793,76
LK1121135,Malapalla West,2024,38.043533959298614,76
LK1121135,Malapalla West,2025,38.535186481792344,76
LK1121140,Malapalla East,2022,37.07517148734149,136
LK1121140,Malapalla East,2023,35.38834184468201,136
LK1121140,Malapalla East,2024,36.942139809242605,136
LK1121140,Malapalla East,2025,36.37028905400113,136
LK1121145,Makumbura North,2022,38.984322314801446,152
LK1121145,Makumbura North,2023,36.308362299308044,152
LK1121145,Makumbura North,2024,38.664341674930824,152
LK1121145,Makumbura North,2025,38.43701784090901,152
LK1121150,Makumbura South,2022,36.58979941598948,122
LK1121150,Makumbura South,2023,34.24435406054419,122
LK1121150,Makumbura South,2024,36.972005313195275,122
LK1121150,Makumbura South,2025,35.10064217985975,122
LK1121155,Kottawa Town,2022,40.159848495266885,181
LK1121155,Kottawa Town,2023,35.96849840352827,181
LK1121155,Kottawa Town,2024,39.592772790385816,181
LK1121155,Kottawa Town,2025,39.16254878610226,181
LK1121160,Pannipitiya South,2022,40.19022464714771,55
LK1121160,Pannipitiya South,2023,36.66708894427194,55
LK1121160,Pannipitiya South,2024,38.918580438877406,55
LK1121160,Pannipitiya South,2025,39.86541107310982,55
LK1121165,Maharagama Town,2022,40.44195928455767,166
LK1121165,Maharagama Town,2023,37.34742432327804,166
LK1121165,Maharagama Town,2024,39.4433597062091,166
LK1121165,Maharagama Town,2025,37.70505731266598,166
LK1121170,Godigamuwa South A,2022,38.79833936403155,138
LK1121170,Godigamuwa South A,2023,36.85150335363229,138
LK1121170,Godigamuwa South A,2024,37.89442766209481,138
LK1121170,Godigamuwa South A,2025,37.355021917023876,138
LK1121175,Godigamuwa South B,2022,41.35783256140664,114
LK1121175,Godigamuwa South B,2023,38.88709592277894,114
LK1121175,Godigamuwa South B,2024,39.893324620478396,114
LK1121175,Godigamuwa South B,2025,39.94855968794761,114
LK1121180,Godigamuwa North,2022,41.389367208241865,95
LK1121180,Godigamuwa North,2023,38.67370266466834,95
LK1121180,Godigamuwa North,2024,40.78406892519715,95
LK1121180,Godigamuwa North,2025,37.79765178858852,95
LK1121185,Wattegedara,2022,40.64540272469675,164
LK1121185,Wattegedara,2023,38.005107171676194,164
LK1121185,Wattegedara,2024,40.34509998079895,164
LK1121185,Wattegedara,2025,40.15385221231539,164
LK1121190,Navinna,2022,41.92351167576938,102
LK1121190,Navinna,2023,39.47856704279783,102
LK1121190,Navinna,2024,41.529782778304735,102
LK1121190,Navinna,2025,40.835553949417864,102
LK1121195,Wijerama,2022,41.360728672386976,48
LK1121195,Wijerama,2023,39.85585278003358,48
LK1121195,Wijerama,2024,40.54619809950656,48
LK1121195,Wijerama,2025,41.767013814365406,48
LK1121200,Gangodavila South B,2022,39.4922080674333,122
LK1121200,Gangodavila South B,2023,39.445325436325355,122
LK1121200,Gangodavila South B,2024,40.090984247907805,122
LK1121200,Gangodavila South B,2025,38.99454229829166,122
LK1121205,Jambugasmulla,2022,40.62968906811349,98
LK1121205,Jambugasmulla,2023,38.74079772164628,98
LK1121205,Jambugasmulla,2024,40.38304637362683,98
LK1121205,Jambugasmulla,2025,40.58375820856825,98
LK1124005,Obeysekarapura,2022,43.12040374027054,75
LK1124005,Obeysekarapura,2023,40.834720136546764,75
LK1124005,Obeysekarapura,2024,41.56481374802863,75
LK1124005,Obeysekarapura,2025,40.97201057440589,75
LK1124010,Welikada West,2022,40.30962238664906,107
LK1124010,Welikada West,2023,37.73187021279695,107
LK1124010,Welikada West,2024,39.18610195660257,107
LK1124010,Welikada West,2025,38.163546039925684,107
LK1124015,Welikada East,2022,38.73534471690316,168
LK1124015,Welikada East,2023,36.870720810198954,168
LK1124015,Welikada East,2024,38.288791981692405,168
LK1124015,Welikada East,2025,36.872848432626526,168
LK1124020,Rajagiriya,2022,41.4725088928413,89
LK1124020,Rajagiriya,2023,39.06932976902949,89
LK1124020,Rajagiriya,2024,40.84293941566036,89
LK1124020,Rajagiriya,2025,39.594696602447655,89
LK1124025,Welikada North,2022,41.09697109013103,57
LK1124025,Welikada North,2023,38.828494518578935,57
LK1124025,Welikada North,2024,40.05646747064679,57
LK1124025,Welikada North,2025,38.918295287197715,57
LK1124030,Nawala West,2022,38.72714116923958,176
LK1124030,Nawala West,2023,36.74838703828587,176
LK1124030,Nawala West,2024,38.29442402818556,176
LK1124030,Nawala West,2025,36.550998438852396,176
LK1124035,Koswatta,2022,40.11951461387389,128
LK1124035,Koswatta,2023,38.286444212155764,128
LK1124035,Koswatta,2024,39.34609863097017,128
LK1124035,Koswatta,2025,38.51499032555867,128
LK1124040,Ethulkotte West,2022,39.82834527844135,84
LK1124040,Ethulkotte West,2023,38.2991890365268,84
LK1124040,Ethulkotte West,2024,39.38991975340405,84
LK1124040,Ethulkotte West,2025,38.610143022756844,84
LK1124045,Ethulkotte,2022,39.66619679102215,116
LK1124045,Ethulkotte,2023,38.50249189910143,116
LK1124045,Ethulkotte,2024,39.94576666017734,116
LK1124045,Ethulkotte,2025,38.14858053662074,116
LK1124050,Pitakotte East,2022,38.61546865937108,155
LK1124050,Pitakotte East,2023,38.03182240692519,155
LK1124050,Pitakotte East,2024,38.23883591702601,155
LK1124050,Pitakotte East,2025,36.3602171747234,155
LK1124055,Pitakotte,2022,42.949053181269726,83
LK1124055,Pitakotte,2023,41.07705022376374,83
LK1124055,Pitakotte,2024,42.52011762547815,83
LK1124055,Pitakotte,2025,41.364273789595394,83
LK1124060,Pitakotte West,2022,40.287866540190834,118
LK1124060,Pitakotte West,2023,39.58481336077104,118
LK1124060,Pitakotte West,2024,39.980636348974166,118
LK1124060,Pitakotte West,2025,40.702288242206315,118
LK1124065,Nawala East,2022,40.03712342643864,136
LK1124065,Nawala East,2023,38.039506667413434,136
LK1124065,Nawala East,2024,39.60822094303721,136
LK1124065,Nawala East,2025,37.81395659101113,136
LK1124070,Nugegoda West,2022,41.27104552543216,118
LK1124070,Nugegoda West,2023,39.64057696672266,118
LK1124070,Nugegoda West,2024,40.721480984316734,118
LK1124070,Nugegoda West,2025,39.90763821183171,118
LK1124075,Pagoda,2022,40.469548218545114,108
LK1124075,Pagoda,2023,39.08519593967334,108
LK1124075,Pagoda,2024,39.88875187410105,108
LK1124075,Pagoda,2025,40.863716037019415,108
LK1124080,Nugegoda,2022,42.066621015306985,88
LK1124080,Nugegoda,2023,41.31781675628047,88
LK1124080,Nugegoda,2024,41.98368720760753,88
LK1124080,Nugegoda,2025,41.03865165767574,88
LK1124085,Pagoda East,2022,42.041359705613914,108
LK1124085,Pagoda East,2023,40.35606976010008,108
LK1124085,Pagoda East,2024,41.99698979259402,108
LK1124085,Pagoda East,2025,41.22767859432566,108
LK1124090,Gangodavila North,2022,42.04982814705792,79
LK1124090,Gangodavila North,2023,40.16407714263067,79
LK1124090,Gangodavila North,2024,41.77207230508931,79
LK1124090,Gangodavila North,2025,40.7400515002447,79
LK1124095,Gangodavila South,2022,41.52374452168216,131
LK1124095,Gangodavila South,2023,40.602720326699526,131
LK1124095,Gangodavila South,2024,41.79512186160032,131
LK1124095,Gangodavila South,2025,40.88512540971342,131
LK1124100,Gangodavila East,2022,41.93284268255798,96
LK1124100,Gangodavila East,2023,40.505183659978506,96
LK1124100,Gangodavila East,2024,41.45548937975186,96
LK1124100,Gangodavila East,2025,40.274485496120974,96
LK1127005,Kollupitiya,2022,40.087469142347295,112
LK1127005,Kollupitiya,2023,38.07425631197958,112
LK1127005,Kollupitiya,2024,40.150942740776806,112
LK1127005,Kollupitiya,2025,39.51461337895948,112
LK1127010,Bambalapitiya,2022,40.149854352015154,182
LK1127010,Bambalapitiya,2023,37.67277706093701,182
LK1127010,Bambalapitiya,2024,39.70780791896373,182
LK1127010,Bambalapitiya,2025,39.19262590874474,182
LK1127015,Kurunduwatta,2022,41.09400689792835,421
LK1127015,Kurunduwatta,2023,38.468260743903926,421
LK1127015,Kurunduwatta,2024,40.508425907216555,421
LK1127015,Kurunduwatta,2025,39.14997674564183,421
LK1127020,Kuppiyawatta West,2022,42.84689946358113,58
LK1127020,Kuppiyawatta West,2023,40.3943348442575,58
LK1127020,Kuppiyawatta West,2024,42.0958852550438,58
LK1127020,Kuppiyawatta West,2025,40.569401569226564,58
LK1127025,Kuppiyawatta East,2022,42.76452710996624,76
LK1127025,Kuppiyawatta East,2023,40.309706978889714,76
LK1127025,Kuppiyawatta East,2024,41.51297025928951,76
LK1127025,Kuppiyawatta East,2025,40.350125848144444,76
LK1127030,Dematagoda,2022,42.84480690340608,101
LK1127030,Dematagoda,2023,40.70920631460439,101
LK1127030,Dematagoda,2024,42.06663473931463,101
LK1127030,Dematagoda,2025,40.746477894367075,101
LK1127035,Wanathamulla,2022,42.189851687849725,91
LK1127035,Wanathamulla,2023,39.59560641219319,91
LK1127035,Wanathamulla,2024,40.628968519930865,91
LK1127035,Wanathamulla,2025,38.85198193910242,91
LK1127040,Borella North,2022,42.21359021705027,133
LK1127040,Borella North,2023,39.933778412039786,133
LK1127040,Borella North,2024,40.763192314309016,133
LK1127040,Borella North,2025,40.54993023041728,133
LK1127045,Borella South,2022,42.602140180913324,91
LK1127045,Borella South,2023,40.199687517908245,91
LK1127045,Borella South,2024,41.571198121436076,91
LK1127045,Borella South,2025,41.36627779776874,91
LK1127050,Gothamipura,2022,39.70547861541041,146
LK1127050,Gothamipura,2023,38.10497440334765,146
LK1127050,Gothamipura,2024,38.56278695176865,146
LK1127050,Gothamipura,2025,38.93392675970216,146
LK1127055,Narahenpita,2022,40.487335186523474,124
LK1127055,Narahenpita,2023,38.78053482037111,124
LK1127055,Narahenpita,2024,39.84324183710586,124
LK1127055,Narahenpita,2025,38.88245845541097,124
LK1127060,Thimbirigasyaya,2022,40.841213276271226,233
LK1127060,Thimbirigasyaya,2023,38.75487666073339,233
LK1127060,Thimbirigasyaya,2024,39.95856345440485,233
LK1127060,Thimbirigasyaya,2025,38.88649123682538,233
LK1127065,Milagiriya,2022,41.10639909211009,134
LK1127065,Milagiriya,2023,38.33259652585822,134
LK1127065,Milagiriya,2024,40.88235214601115,134
LK1127065,Milagiriya,2025,40.093502373132914,134
LK1127070,Havelock Town,2022,41.80092990716578,161
LK1127070,Havelock Town,2023,39.086896158968514,161
LK1127070,Havelock Town,2024,40.75488197298478,161
LK1127070,Havelock Town,2025,40.37839662825407,161
LK1127075,Kirula,2022,41.34779940538011,223
LK1127075,Kirula,2023,38.95727344766994,223
LK1127075,Kirula,2024,40.46832492108886,223
LK1127075,Kirula,2025,39.7438966963161,223
LK1127080,Kirulapone,2022,41.805869605253754,172
LK1127080,Kirulapone,2023,39.057877557232295,172
LK1127080,Kirulapone,2024,40.5949258223946,172
LK1127080,Kirulapone,2025,40.835003025836556,172
LK1127085,Wellawatta North,2022,41.23246723383436,133
LK1127085,Wellawatta North,2023,38.49512894795729,133
LK1127085,Wellawatta North,2024,40.556073176258785,133
LK1127085,Wellawatta North,2025,40.175359466942574,133
LK1127090,Wellawatta South,2022,40.43524996999188,90
LK1127090,Wellawatta South,2023,37.52954663586477,90
LK1127090,Wellawatta South,2024,39.39499781362027,90
LK1127090,Wellawatta South,2025,39.94766529874524,90
LK1127095,Pamankada West,2022,41.68910652843353,89
LK1127095,Pamankada West,2023,38.70813530324679,89
LK1127095,Pamankada West,2024,40.6233626219027,89
LK1127095,Pamankada West,2025,40.47970376334223,89
LK1127100,Pamankada East,2022,42.689250654433856,115
LK1127100,Pamankada East,2023,39.883403979390565,115
LK1127100,Pamankada East,2024,41.14309756550723,115
LK1127100,Pamankada East,2025,41.356259895200715,115
LK1130005,Sri Saranankara,2022,41.49875075311919,58
LK1130005,Sri Saranankara,2023,39.13969224004487,58
LK1130005,Sri Saranankara,2024,41.24193152323715,58
LK1130005,Sri Saranankara,2025,41.13371142718803,58
LK1130010,Vilawala,2022,42.07818399777324,79
LK1130010,Vilawala,2023,39.682481035369506,79
LK1130010,Vilawala,2024,41.09774911107214,79
LK1130010,Vilawala,2025,41.21256582628385,79
LK1130015,Dutugemunu,2022,42.11307502403636,104
LK1130015,Dutugemunu,2023,40.7798203893166,104
LK1130015,Dutugemunu,2024,41.588351223019274,104
LK1130015,Dutugemunu,2025,40.60625962951792,104
LK1130020,Kohuwala,2022,41.48021700105613,117
LK1130020,Kohuwala,2023,40.24883453604914,117
LK1130020,Kohuwala,2024,41.176479255296904,117
LK1130020,Kohuwala,2025,39.58082861695355,117
LK1130025,Kalubovila,2022,42.04858976895933,67
LK1130025,Kalubovila,2023,40.352130541024856,67
LK1130025,Kalubovila,2024,41.464507701621585,67
LK1130025,Kalubovila,2025,40.07345572472132,67
LK1130030,Hathbodhiya,2022,42.582475593506025,65
LK1130030,Hathbodhiya,2023,40.301576472906945,65
LK1130030,Hathbodhiya,2024,41.82969617087298,65
LK1130030,Hathbodhiya,2025,41.34945959838071,65
LK1130035,Galwala,2022,42.014636757567104,64
LK1130035,Galwala,2023,39.58851219415663,64
LK1130035,Galwala,2024,41.334930475660265,64
LK1130035,Galwala,2025,41.541512739336156,64
LK1130040,Dehiwala West,2022,40.47000918241516,69
LK1130040,Dehiwala West,2023,37.750454602364684,69
LK1130040,Dehiwala West,2024,40.072543734807255,69
LK1130040,Dehiwala West,2025,40.03186696506565,69
LK1130045,Dehiwala East,2022,42.24473865636798,69
LK1130045,Dehiwala East,2023,40.378762969442015,69
LK1130045,Dehiwala East,2024,41.95858703535237,69
LK1130045,Dehiwala East,2025,41.572092950314584,69
LK1130050,Udyanaya,2022,41.551293738492994,69
LK1130050,Udyanaya,2023,39.614615529382206,69
LK1130050,Udyanaya,2024,40.617925649252825,69
LK1130050,Udyanaya,2025,40.33052616264532,69
LK1130055,Nedimala,2022,42.36787124630805,108
LK1130055,Nedimala,2023,40.08025485163262,108
LK1130055,Nedimala,2024,41.43242246845121,108
LK1130055,Nedimala,2025,40.570940407112914,108
LK1130060,Malwatta,2022,42.34753364571754,54
LK1130060,Malwatta,2023,40.64206164057296,54
LK1130060,Malwatta,2024,41.39766590784274,54
LK1130060,Malwatta,2025,40.53649228664944,54
LK1130065,Jayathilaka,2022,41.54138393566651,52
LK1130065,Jayathilaka,2023,39.6514058183692,52
LK1130065,Jayathilaka,2024,40.568860344821275,52
LK1130065,Jayathilaka,2025,40.195435681121154,52
LK1130070,Karagampitiya,2022,42.871651093398405,58
LK1130070,Karagampitiya,2023,40.21509220745259,58
LK1130070,Karagampitiya,2024,41.34279857724351,58
LK1130070,Karagampitiya,2025,41.52151613763737,58
LK1130075,Kawdana East,2022,40.765543012628434,147
LK1130075,Kawdana East,2023,38.80205739994599,147
LK1130075,Kawdana East,2024,40.36941744773776,147
LK1130075,Kawdana East,2025,37.98290194637788,147
LK1131005,Mount Lavinia,2022,40.67591058789394,147
LK1131005,Mount Lavinia,2023,38.55973595115009,147
LK1131005,Mount Lavinia,2024,39.61966986097614,147
LK1131005,Mount Lavinia,2025,38.88505049023749,147
LK1131010,Kawdana West,2022,42.728982081089256,71
LK1131010,Kawdana West,2023,40.09040612471792,71
LK1131010,Kawdana West,2024,41.5197719239463,71
LK1131010,Kawdana West,2025,40.509555707732936,71
LK1131015,Watarappala,2022,43.035163717570455,52
LK1131015,Watarappala,2023,40.82893070032025,52
LK1131015,Watarappala,2024,42.16937700150429,52
LK1131015,Watarappala,2025,41.755402460522866,52
LK1131020,Wathumulla,2022,42.452181062492535,73
LK1131020,Wathumulla,2023,40.25922684237254,73
LK1131020,Wathumulla,2024,41.82115778312408,73
LK1131020,Wathumulla,2025,39.52404108747304,73
LK1131025,Katukurunduwatta,2022,42.1993677995084,145
LK1131025,Katukurunduwatta,2023,40.334447254834004,145
LK1131025,Katukurunduwatta,2024,41.228850539319055,145
LK1131025,Katukurunduwatta,2025,39.048948472808654,145
LK1131030,Attidiya North,2022,38.67503292562723,168
LK1131030,Attidiya North,2023,38.000737321188694,168
LK1131030,Attidiya North,2024,38.210592885560956,168
LK1131030,Attidiya North,2025,37.226851702450034,168
LK1131035,Attidiya South,2022,41.53014126469984,215
LK1131035,Attidiya South,2023,40.11337631108174,215
LK1131035,Attidiya South,2024,41.0398182931256,215
LK1131035,Attidiya South,2025,39.71327447984844,215
LK1131040,Piriwena,2022,42.018967639361485,85
LK1131040,Piriwena,2023,39.536458023945706,85
LK1131040,Piriwena,2024,41.65128071849139,85
LK1131040,Piriwena,2025,39.51266691290308,85
LK1131045,Wedikanda,2022,40.690504896929646,91
LK1131045,Wedikanda,2023,38.384452120916634,91
LK1131045,Wedikanda,2024,38.94021411572107,91
LK1131045,Wedikanda,2025,40.072685229779,91
LK1131050,Vihara,2022,40.90379986428561,99
LK1131050,Vihara,2023,38.83184790306277,99
LK1131050,Vihara,2024,40.19641293940904,99
LK1131050,Vihara,2025,39.968126848083685,99
LK1131055,Rathmalana West,2022,40.57013882691039,58
LK1131055,Rathmalana West,2023,38.337669336425535,58
LK1131055,Rathmalana West,2024,40.18024548870725,58
LK1131055,Rathmalana West,2025,40.09632033102215,58
LK1131060,Rathmalana East,2022,41.65449109841111,130
LK1131060,Rathmalana East,2023,38.41712642827635,130
LK1131060,Rathmalana East,2024,41.61506839863236,130
LK1131060,Rathmalana East,2025,40.30332137232928,130
LK1131065,Kandawala,2022,41.920921759343095,318
LK1131065,Kandawala,2023,39.50836160184114,318
LK1131065,Kandawala,2024,41.43648743197679,318
LK1131065,Kandawala,2025,39.768380354154246,318
LK1133005,Angulana North,2022,40.26821454351599,52
LK1133005,Angulana North,2023,37.84563342614608,52
LK1133005,Angulana North,2024,40.699506129351526,52
LK1133005,Angulana North,2025,40.30231398409064,52
LK1133010,Kaldemulla,2022,41.84255229827214,63
LK1133010,Kaldemulla,2023,39.03913845747886,63
LK1133010,Kaldemulla,2024,42.71942428159995,63
LK1133010,Kaldemulla,2025,41.5037569703435,63
LK1133015,Soysapura North,2022,41.840411041195615,24
LK1133015,Soysapura North,2023,40.12775616288269,24
LK1133015,Soysapura North,2024,43.15066445316564,24
LK1133015,Soysapura North,2025,41.415262339912104,24
LK1133020,Soysapura South,2022,41.919697648661156,26
LK1133020,Soysapura South,2023,39.992245276769026,26
LK1133020,Soysapura South,2024,43.24038302380107,26
LK1133020,Soysapura South,2025,41.08468830067179,26
LK1133025,Dahampura,2022,41.72429329364271,63
LK1133025,Dahampura,2023,39.8695568707086,63
LK1133025,Dahampura,2024,42.75238295074432,63
LK1133025,Dahampura,2025,41.48494153584774,63
LK1133030,Thelawala North,2022,41.778146461957604,115
LK1133030,Thelawala North,2023,39.93071993228982,115
LK1133030,Thelawala North,2024,42.162622194565714,115
LK1133030,Thelawala North,2025,40.38322842152635,115
LK1133035,Borupana,2022,42.00060066330706,142
LK1133035,Borupana,2023,38.95261974836382,142
LK1133035,Borupana,2024,42.113682075418936,142
LK1133035,Borupana,2025,39.88921636202495,142
LK1133040,Thelawala South,2022,42.34791198309612,64
LK1133040,Thelawala South,2023,41.376406609253294,64
LK1133040,Thelawala South,2024,43.57682838433197,64
LK1133040,Thelawala South,2025,40.7727316451039,64
LK1133045,Lakshapathiya North,2022,42.74198676688297,81
LK1133045,Lakshapathiya North,2023,40.23232311386509,81
LK1133045,Lakshapathiya North,2024,44.03452286732382,81
LK1133045,Lakshapathiya North,2025,41.69985389674034,81
LK1133050,Lakshapathiya Central,2022,39.566479478313674,39
LK1133050,Lakshapathiya Central,2023,37.81219774928651,39
LK1133050,Lakshapathiya Central,2024,40.20051793645949,39
LK1133050,Lakshapathiya Central,2025,39.41022917588832,39
LK1133055,Angulana South,2022,39.8730476817673,19
LK1133055,Angulana South,2023,37.008358029624816,19
LK1133055,Angulana South,2024,40.25431760152182,19
LK1133055,Angulana South,2025,39.43260192871094,19
LK1133060,Uyana South,2022,40.442288631043795,90
LK1133060,Uyana South,2023,39.3307851509171,90
LK1133060,Uyana South,2024,41.19535508699657,90
LK1133060,Uyana South,2025,40.03321051691916,90
LK1133065,Uyana North,2022,40.08562382988572,51
LK1133065,Uyana North,2023,37.184525794568025,51
LK1133065,Uyana North,2024,40.51222368969729,51
LK1133065,Uyana North,2025,39.57891456816048,51
LK1133070,Rawathawatta South,2022,42.08272491008804,38
LK1133070,Rawathawatta South,2023,39.69442907118545,38
LK1133070,Rawathawatta South,2024,42.58073059252945,38
LK1133070,Rawathawatta South,2025,40.41741157037988,38
LK1133075,Rawathawatta East,2022,41.8526079604078,70
LK1133075,Rawathawatta East,2023,39.9713347171496,70
LK1133075,Rawathawatta East,2024,42.10891538776865,70
LK1133075,Rawathawatta East,2025,40.36052172355335,70
LK1133080,Lakshapathiya South,2022,41.31500586130417,85
LK1133080,Lakshapathiya South,2023,39.25880271325117,85
LK1133080,Lakshapathiya South,2024,42.2954475463421,85
LK1133080,Lakshapathiya South,2025,40.428272399272224,85
LK1133085,Kuduwamulla,2022,40.94409901941269,46
LK1133085,Kuduwamulla,2023,38.65858894795261,46
LK1133085,Kuduwamulla,2024,41.14284433962129,46
LK1133085,Kuduwamulla,2025,39.395150296647216,46
LK1133090,Katubedda,2022,39.42610379498748,195
LK1133090,Katubedda,2023,38.3022548501118,195
LK1133090,Katubedda,2024,39.61364741481013,195
LK1133090,Katubedda,2025,37.91460950949732,195
LK1133095,Molpe,2022,41.47367243343973,84
LK1133095,Molpe,2023,37.225431059851424,84
LK1133095,Molpe,2024,41.69086963484439,84
LK1133095,Molpe,2025,39.44383318259798,84
LK1133100,Moratumulla North,2022,42.852708038803996,44
LK1133100,Moratumulla North,2023,39.90661451371622,44
LK1133100,Moratumulla North,2024,42.3588062546631,44
LK1133100,Moratumulla North,2025,40.86191603698811,44
LK1133105,Kadalana,2022,42.210295107806175,51
LK1133105,Kadalana,2023,38.648123582204185,51
LK1133105,Kadalana,2024,42.46956391605331,51
LK1133105,Kadalana,2025,40.37701906745818,51
LK1133110,Rawathawatta West,2022,40.825931295183146,80
LK1133110,Rawathawatta West,2023,38.31457004623976,80
LK1133110,Rawathawatta West,2024,41.600801490422185,80
LK1133110,Rawathawatta West,2025,39.79724690038595,80
LK1133115,Idama,2022,39.29108220913057,81
LK1133115,Idama,2023,37.653078305949805,81
LK1133115,Idama,2024,40.01222123166713,81
LK1133115,Idama,2025,38.0077325169471,81
LK1133120,Uswatta,2022,40.088636521470754,34
LK1133120,Uswatta,2023,39.47097878949127,34
LK1133120,Uswatta,2024,40.443240629881316,34
LK1133120,Uswatta,2025,39.16605244610423,34
LK1133125,Moratuwella South,2022,39.758337735093804,69
LK1133125,Moratuwella South,2023,37.888390206609884,69
LK1133125,Moratuwella South,2024,39.7778728570648,69
LK1133125,Moratuwella South,2025,38.554117442657315,69
LK1133130,Indibedda West,2022,39.03307416356898,67
LK1133130,Indibedda West,2023,36.32094668805171,67
LK1133130,Indibedda West,2024,37.66653049557495,67
LK1133130,Indibedda West,2025,37.12111990690149,67
LK1133135,Moratumulla East,2022,43.31166112284912,54
LK1133135,Moratumulla East,2023,40.576050009849766,54
LK1133135,Moratumulla East,2024,43.08358132071649,54
LK1133135,Moratumulla East,2025,41.18325274595127,54
LK1133140,Moratumulla West,2022,40.575231216862306,49
LK1133140,Moratumulla West,2023,35.80534826556304,49
LK1133140,Moratumulla West,2024,40.575468009399025,49
LK1133140,Moratumulla West,2025,38.94962753271918,49
LK1133145,Villorawatta East,2022,40.137879781680034,70
LK1133145,Villorawatta East,2023,36.83600271801098,70
LK1133145,Villorawatta East,2024,39.55510128509782,70
LK1133145,Villorawatta East,2025,37.46568065056679,70
LK1133150,Villorawatta West,2022,42.69003413886403,47
LK1133150,Villorawatta West,2023,39.19546960042096,47
LK1133150,Villorawatta West,2024,42.949697150452444,47
LK1133150,Villorawatta West,2025,39.793003844473944,47
LK1133155,Indibedda East,2022,34.76742250656821,128
LK1133155,Indibedda East,2023,32.424260933369645,128
LK1133155,Indibedda East,2024,33.57248708129333,128
LK1133155,Indibedda East,2025,33.773321099910284,128
LK1133160,Moratuwella North,2022,40.69908146120806,67
LK1133160,Moratuwella North,2023,39.52383160487153,67
LK1133160,Moratuwella North,2024,41.23448558271192,67
LK1133160,Moratuwella North,2025,39.57859122165296,67
LK1133165,Moratuwella West,2022,39.97829547819202,20
LK1133165,Moratuwella West,2023,38.89518415709556,20
LK1133165,Moratuwella West,2024,40.547799480703716,20
LK1133165,Moratuwella West,2025,39.091275702466014,20
LK1133170,Koralawella North,2022,41.00667951350837,58
LK1133170,Koralawella North,2023,38.79914333775034,58
LK1133170,Koralawella North,2024,40.79303610098308,58
LK1133170,Koralawella North,2025,39.75885516516223,58
LK1133175,Koralawella East,2022,38.28849102157604,57
LK1133175,Koralawella East,2023,36.094043172083886,57
LK1133175,Koralawella East,2024,37.18343408580686,57
LK1133175,Koralawella East,2025,36.84112544268651,57
LK1133180,Koralawella West,2022,40.06273017968637,43
LK1133180,Koralawella West,2023,37.94488788255294,43
LK1133180,Koralawella West,2024,39.28047774038218,43
LK1133180,Koralawella West,2025,38.555407878006726,43
LK1133185,Koralawella South,2022,39.52620334894995,50
LK1133185,Koralawella South,2023,37.06849563188959,50
LK1133185,Koralawella South,2024,38.83356849689709,50
LK1133185,Koralawella South,2025,38.199426775788986,50
LK1133190,Katukurunda North,2022,38.999072479882415,59
LK1133190,Katukurunda North,2023,36.14115722956403,59
LK1133190,Katukurunda North,2024,38.66780346880356,59
LK1133190,Katukurunda North,2025,37.52861670723984,59
LK1133195,Katukurunda South,2022,38.81693329417096,66
LK1133195,Katukurunda South,2023,37.44483867154781,66
LK1133195,Katukurunda South,2024,37.911498898587276,66
LK1133195,Katukurunda South,2025,37.40136658708111,66
LK1133200,Egoda Uyana North,2022,37.753707374764936,70
LK1133200,Egoda Uyana North,2023,36.78841088263511,70
LK1133200,Egoda Uyana North,2024,37.47339521412577,70
LK1133200,Egoda Uyana North,2025,37.23649622794103,70
LK1133205,Egoda Uyana Central,2022,37.4458672476127,58
LK1133205,Egoda Uyana Central,2023,36.69912097671651,58
LK1133205,Egoda Uyana Central,2024,36.5984556295801,58
LK1133205,Egoda Uyana Central,2025,36.775414799560636,58
LK1133210,Egoda Uyana South,2022,37.39281433027981,67
LK1133210,Egoda Uyana South,2023,35.2874969023957,67
LK1133210,Egoda Uyana South,2024,36.59567394530255,67
LK1133210,Egoda Uyana South,2025,36.68883871828455,67
LK1136005,Pepiliyana West,2022,40.884971801084085,89
LK1136005,Pepiliyana West,2023,38.956972377316816,89
LK1136005,Pepiliyana West,2024,40.87088282142903,89
LK1136005,Pepiliyana West,2025,40.52691609876562,89
LK1136010,Pepiliyana East,2022,40.63739193305496,45
LK1136010,Pepiliyana East,2023,39.32288433760648,45
LK1136010,Pepiliyana East,2024,40.60139167199087,45
LK1136010,Pepiliyana East,2025,40.40278381364178,45
LK1136015,Divulpitiya East,2022,39.79156535206688,44
LK1136015,Divulpitiya East,2023,39.367625619445725,44
LK1136015,Divulpitiya East,2024,40.46766258999337,44
LK1136015,Divulpitiya East,2025,38.75978663513049,44
LK1136020,Divulpitiya West,2022,38.34301412306477,62
LK1136020,Divulpitiya West,2023,37.39922647395831,62
LK1136020,Divulpitiya West,2024,38.9699198690693,62
LK1136020,Divulpitiya West,2025,38.41630811001477,62
LK1136025,Bellanvila,2022,38.15415405433295,74
LK1136025,Bellanvila,2023,36.49011033479163,74
LK1136025,Bellanvila,2024,38.64952941931758,74
LK1136025,Bellanvila,2025,36.860804816201146,74
LK1136030,Boralesgamuwa West A,2022,38.265975248032284,99
LK1136030,Boralesgamuwa West A,2023,35.73802977735093,99
LK1136030,Boralesgamuwa West A,2024,38.084905350111825,99
LK1136030,Boralesgamuwa West A,2025,37.18044643938479,99
LK1136035,Boralesgamuwa West C,2022,35.92280255692998,74
LK1136035,Boralesgamuwa West C,2023,33.31328477130543,74
LK1136035,Boralesgamuwa West C,2024,36.16917757947858,74
LK1136035,Boralesgamuwa West C,2025,35.78347292410665,74
LK1136040,Rattanapitiya,2022,38.98200465203221,92
LK1136040,Rattanapitiya,2023,38.94447528316991,92
LK1136040,Rattanapitiya,2024,39.54808135139209,92
LK1136040,Rattanapitiya,2025,37.586266570029096,92
LK1136045,Egodawatta,2022,39.783091671303076,48
LK1136045,Egodawatta,2023,39.31783324572764,48
LK1136045,Egodawatta,2024,39.41646778803173,48
LK1136045,Egodawatta,2025,38.6166504893927,48
LK1136050,Boralesgamuwa East A,2022,39.60084474462312,96
LK1136050,Boralesgamuwa East A,2023,37.524083224782146,96
LK1136050,Boralesgamuwa East A,2024,38.65020076684185,96
LK1136050,Boralesgamuwa East A,2025,36.93703919847629,96
LK1136055,Boralesgamuwa West B,2022,37.11793694002615,95
LK1136055,Boralesgamuwa West B,2023,34.76700028647302,95
LK1136055,Boralesgamuwa West B,2024,36.29086199507513,95
LK1136055,Boralesgamuwa West B,2025,34.515092308319716,95
LK1136060,Werahera North,2022,38.06006953241688,94
LK1136060,Werahera North,2023,35.38788409363836,94
LK1136060,Werahera North,2024,36.97994886028731,94
LK1136060,Werahera North,2025,35.0542484811238,94
LK1136065,Boralesgamuwa East B,2022,39.15347121871933,114
LK1136065,Boralesgamuwa East B,2023,37.199914535099744,114
LK1136065,Boralesgamuwa East B,2024,38.70965988834166,114
LK1136065,Boralesgamuwa East B,2025,36.95762074379329,114
LK1136070,Neelammahara,2022,39.6006815722158,78
LK1136070,Neelammahara,2023,36.726619023521785,78
LK1136070,Neelammahara,2024,39.18594349610238,78
LK1136070,Neelammahara,2025,37.48447140936802,78
LK1136075,Katuwawala North,2022,39.698253402760514,103
LK1136075,Katuwawala North,2023,36.886994576856374,103
LK1136075,Katuwawala North,2024,39.15280440235093,103
LK1136075,Katuwawala North,2025,38.14392816592087,103
LK1136080,Vishwakalawa,2022,40.20832850365339,37
LK1136080,Vishwakalawa,2023,35.56665543898831,37
LK1136080,Vishwakalawa,2024,40.174983237099035,37
LK1136080,Vishwakalawa,2025,39.282262196539314,37
LK1136085,Werahera South,2022,37.71931376257571,183
LK1136085,Werahera South,2023,35.55906638005416,183
LK1136085,Werahera South,2024,38.04999383697944,183
LK1136085,Werahera South,2025,36.54443292006309,183
LK1136090,Katuwawala South,2022,39.01929305769405,62
LK1136090,Katuwawala South,2023,35.546530489436165,62
LK1136090,Katuwawala South,2024,38.38549806806225,62
LK1136090,Katuwawala South,2025,37.91239724477463,62
LK1136095,Niwanthidiya,2022,37.05559147659401,100
LK1136095,Niwanthidiya,2023,34.94932740365833,100
LK1136095,Niwanthidiya,2024,36.07720392278672,100
LK1136095,Niwanthidiya,2025,37.1128481742882,100
LK1136100,Erewwala West,2022,38.32745446217162,158
LK1136100,Erewwala West,2023,36.212626331942104,158
LK1136100,Erewwala West,2024,37.70706020041029,158
LK1136100,Erewwala West,2025,36.946040934276425,158
LK1136105,Erewwala North,2022,37.28618576993509,149
LK1136105,Erewwala North,2023,34.26341249018766,149
LK1136105,Erewwala North,2024,36.70016354336588,149
LK1136105,Erewwala North,2025,34.87190798986431,149
LK1136110,Erewwala East,2022,38.13213108506039,89
LK1136110,Erewwala East,2023,34.58074704596419,89
LK1136110,Erewwala East,2024,37.07172553600567,89
LK1136110,Erewwala East,2025,34.74804148600677,89
LK1136115,Rathmaldeniya,2022,38.6866109299394,150
LK1136115,Rathmaldeniya,2023,35.0178565238403,150
LK1136115,Rathmaldeniya,2024,37.521074809402975,150
LK1136115,Rathmaldeniya,2025,36.93613596630461,150
LK1136120,Mahalwarawa,2022,38.03283841065052,98
LK1136120,Mahalwarawa,2023,34.512960895904364,98
LK1136120,Mahalwarawa,2024,37.419269455098856,98
LK1136120,Mahalwarawa,2025,36.243315445636206,98
LK1136125,Bangalawatta,2022,40.212186889887185,49
LK1136125,Bangalawatta,2023,34.74601662208263,49
LK1136125,Bangalawatta,2024,38.08800498405567,49
LK1136125,Bangalawatta,2025,36.92557016511035,49
LK1136130,Pelenwatta East,2022,37.753708244845996,145
LK1136130,Pelenwatta East,2023,33.97515124270633,145
LK1136130,Pelenwatta East,2024,37.03198255716743,145
LK1136130,Pelenwatta East,2025,36.50752901122521,145
LK1136135,Pelenwatta North,2022,36.33418463121967,156
LK1136135,Pelenwatta North,2023,34.14566328335965,156
LK1136135,Pelenwatta North,2024,36.62941906563595,156
LK1136135,Pelenwatta North,2025,35.25970580644209,156
LK1136140,Pelenwatta West,2022,36.76158667095776,178
LK1136140,Pelenwatta West,2023,34.3165145139391,178
LK1136140,Pelenwatta West,2024,37.291636128256584,178
LK1136140,Pelenwatta West,2025,36.28289409980159,178
LK1136145,Paligedara,2022,38.82585715418709,92
LK1136145,Paligedara,2023,36.60796026031708,92
LK1136145,Paligedara,2024,38.29597725335828,92
LK1136145,Paligedara,2025,38.11813420623332,92
LK1136150,Kaliyammahara,2022,37.699358477603006,76
LK1136150,Kaliyammahara,2023,36.411934698154234,76
LK1136150,Kaliyammahara,2024,36.77674991074756,76
LK1136150,Kaliyammahara,2025,36.260126282959156,76
LK1136155,Bokundara,2022,39.57108956247153,85
LK1136155,Bokundara,2023,35.920457682165356,85
LK1136155,Bokundara,2024,38.03729167674167,85
LK1136155,Bokundara,2025,37.690591173569565,85
LK1136160,Thumbovila South,2022,38.26046507603542,113
LK1136160,Thumbovila South,2023,36.58183950240369,113
LK1136160,Thumbovila South,2024,37.43000964801167,113
LK1136160,Thumbovila South,2025,36.08262398094653,113
LK1136165,Thumbovila North,2022,37.70471101762693,219
LK1136165,Thumbovila North,2023,35.50286019720655,219
LK1136165,Thumbovila North,2024,36.76162848852733,219
LK1136165,Thumbovila North,2025,35.547135098989195,219
LK1136170,Wewala West,2022,37.54758254971986,136
LK1136170,Wewala West,2023,36.3321672233968,136
LK1136170,Wewala West,2024,37.08819002507189,136
LK1136170,Wewala West,2025,36.48371643631139,136
LK1136175,Wewala East,2022,39.4474132846689,78
LK1136175,Wewala East,2023,36.12367952899066,78
LK1136175,Wewala East,2024,37.54434040468351,78
LK1136175,Wewala East,2025,36.820193085122376,78
LK1136180,Thumbovila West,2022,39.79994610815286,83
LK1136180,Thumbovila West,2023,35.82719417611436,83
LK1136180,Thumbovila West,2024,38.91124671514343,83
LK1136180,Thumbovila West,2025,37.61203593060932,83
LK1136185,Mampe North,2022,38.915175501059586,156
LK1136185,Mampe North,2023,35.584282772741034,156
LK1136185,Mampe North,2024,37.68597893016248,156
LK1136185,Mampe North,2025,36.90659384420992,156
LK1136190,Makuludoowa,2022,38.707900389645154,77
LK1136190,Makuludoowa,2023,34.74030109093195,77
LK1136190,Makuludoowa,2024,38.53689768792463,77
LK1136190,Makuludoowa,2025,37.751257713170354,77
LK1136195,Gorakapitiya,2022,36.56846557191582,61
LK1136195,Gorakapitiya,2023,35.912619115015886,61
LK1136195,Gorakapitiya,2024,37.07439149569039,61
LK1136195,Gorakapitiya,2025,36.807867353099645,61
LK1136200,Nampamunuwa,2022,36.51665247777465,111
LK1136200,Nampamunuwa,2023,35.19993131616528,111
LK1136200,Nampamunuwa,2024,36.71711891234546,111
LK1136200,Nampamunuwa,2025,36.9835367138593,111
LK1136205,Mavittara North,2022,38.529053181707596,86
LK1136205,Mavittara North,2023,37.31991349737652,86
LK1136205,Mavittara North,2024,38.55348490660143,86
LK1136205,Mavittara North,2025,38.22321395071633,86
LK1136210,Mampe East,2022,39.09532402276918,55
LK1136210,Mampe East,2023,35.24520346876996,55
LK1136210,Mampe East,2024,39.465755471813544,55
LK1136210,Mampe East,2025,37.157921639720364,55
LK1136215,Bodhirajapura,2022,41.263327656038506,18
LK1136215,Bodhirajapura,2023,38.61266572916694,18
LK1136215,Bodhirajapura,2024,41.8639938691083,18
LK1136215,Bodhirajapura,2025,40.46929168290695,18
LK1136220,Mampe West,2022,39.30924038266584,85
LK1136220,Mampe West,2023,36.646738938114304,85
LK1136220,Mampe West,2024,39.92453751584417,85
LK1136220,Mampe West,2025,38.768714053993506,85
LK1136225,Mampe South,2022,39.40833746566387,62
LK1136225,Mampe South,2023,36.498048008037244,62
LK1136225,Mampe South,2024,39.21393164292509,62
LK1136225,Mampe South,2025,40.022897552024794,62
LK1136230,Kolamunna,2022,38.568879574120864,111
LK1136230,Kolamunna,2023,34.391564429639075,111
LK1136230,Kolamunna,2024,38.1280903870112,111
LK1136230,Kolamunna,2025,37.98979394909174,111
LK1136235,Suwarapola East,2022,40.44176415150356,70
LK1136235,Suwarapola East,2023,35.86154383512022,70
LK1136235,Suwarapola East,2024,40.49796243147417,70
LK1136235,Suwarapola East,2025,39.472711158325,70
LK1136240,Suwarapola West,2022,39.15622500687775,45
LK1136240,Suwarapola West,2023,36.53711540431854,45
LK1136240,Suwarapola West,2024,38.73824926837385,45
LK1136240,Suwarapola West,2025,37.45952701850874,45
LK1136245,Hedigama,2022,37.87282406458606,108
LK1136245,Hedigama,2023,34.30960442083566,108
LK1136245,Hedigama,2024,37.936606844026905,108
LK1136245,Hedigama,2025,37.01354479288272,108
LK1136250,Batakettara North,2022,37.33410937200908,163
LK1136250,Batakettara North,2023,33.86722078920175,163
LK1136250,Batakettara North,2024,36.67677638420053,163
LK1136250,Batakettara North,2025,35.90707906988162,163
LK1136255,Kesbewa North,2022,37.88484971551224,124
LK1136255,Kesbewa North,2023,35.203299910062924,124
LK1136255,Kesbewa North,2024,37.70085713282846,124
LK1136255,Kesbewa North,2025,37.52169460492829,124
LK1136260,Kesbewa East,2022,37.97025604062299,100
LK1136260,Kesbewa East,2023,35.81724372121586,100
LK1136260,Kesbewa East,2024,37.7964065239217,100
LK1136260,Kesbewa East,2025,37.74007914322982,100
LK1136265,Mavittara South,2022,37.3383075420673,109
LK1136265,Mavittara South,2023,35.128545366067144,109
LK1136265,Mavittara South,2024,37.25386808927243,109
LK1136265,Mavittara South,2025,36.736277715059416,109
LK1136270,Honnanthara North,2022,36.7809188120126,118
LK1136270,Honnanthara North,2023,33.9018161194585,118
LK1136270,Honnanthara North,2024,36.42511791786324,118
LK1136270,Honnanthara North,2025,35.89103490157799,118
LK1136275,Honnanthara South,2022,37.08846457208835,149
LK1136275,Honnanthara South,2023,34.964734874794964,149
LK1136275,Honnanthara South,2024,37.08912550659338,149
LK1136275,Honnanthara South,2025,34.42558960392475,149
LK1136280,Makandana East,2022,38.05977544662998,143
LK1136280,Makandana East,2023,34.59941326782615,143
LK1136280,Makandana East,2024,36.68624935695478,143
LK1136280,Makandana East,2025,34.83514756298952,143
LK1136285,Kesbewa South,2022,38.802440639338144,205
LK1136285,Kesbewa South,2023,35.75847234913715,205
LK1136285,Kesbewa South,2024,37.9462774665335,205
LK1136285,Kesbewa South,2025,37.07209300964848,205
LK1136290,Batakettara South,2022,38.951327638009225,157
LK1136290,Batakettara South,2023,35.178500357767945,157
LK1136290,Batakettara South,2024,38.44488113483347,157
LK1136290,Batakettara South,2025,36.99702459306955,157
LK1136295,Madapatha,2022,36.7355119375537,221
LK1136295,Madapatha,2023,33.96950280054963,221
LK1136295,Madapatha,2024,35.23120500237559,221
LK1136295,Madapatha,2025,35.304604722843905,221
LK1136300,Delthara West,2022,38.16115716397797,51
LK1136300,Delthara West,2023,34.121085921330234,51
LK1136300,Delthara West,2024,37.33116874780004,51
LK1136300,Delthara West,2025,36.64958935297254,51
LK1136305,Delthara East,2022,34.315793706245756,167
LK1136305,Delthara East,2023,31.55083244718844,167
LK1136305,Delthara East,2024,33.68751340633081,167
LK1136305,Delthara East,2025,33.77705059056405,167
LK1136310,Dampe,2022,35.1350147641181,332
LK1136310,Dampe,2023,32.63460176093535,332
LK1136310,Dampe,2024,33.59047766730818,332
LK1136310,Dampe,2025,33.89092881135559,332
LK1136315,Makandana West,2022,38.61111249354065,137
LK1136315,Makandana West,2023,36.25266840571245,137
LK1136315,Makandana West,2024,36.95213931575485,137
LK1136315,Makandana West,2025,36.92806328668294,137
LK1136320,Nivungama,2022,38.54670921963578,50
LK1136320,Nivungama,2023,35.60644801417579,50
LK1136320,Nivungama,2024,37.25464080258853,50
LK1136320,Nivungama,2025,38.024191552014734,50
LK1136325,Halpita,2022,35.31842181557432,306
LK1136325,Halpita,2023,34.61052591608686,306
LK1136325,Halpita,2024,35.611281975968026,306
LK1136325,Halpita,2025,36.043616630661646,306
LK1136330,Horathuduwa,2022,36.08839124071685,90
LK1136330,Horathuduwa,2023,35.43651744342415,90
LK1136330,Horathuduwa,2024,36.34878332412766,90
LK1136330,Horathuduwa,2025,35.228576193520226,90
LK1136335,Morenda,2022,35.5862768000155,93
LK1136335,Morenda,2023,32.654632311051365,93
LK1136335,Morenda,2024,34.661569480685685,93
LK1136335,Morenda,2025,33.88299539262667,93
LK1136340,Batuwandara North,2022,36.16692640447662,78
LK1136340,Batuwandara North,2023,33.54167403790733,78
LK1136340,Batuwandara North,2024,35.4348227703792,78
LK1136340,Batuwandara North,2025,35.54997779620704,78
LK1136345,Batuwandara South,2022,36.823051000926654,58
LK1136345,Batuwandara South,2023,34.0843661664689,58
LK1136345,Batuwandara South,2024,35.89822420678234,58
LK1136345,Batuwandara South,2025,33.2666319961286,58
LK1136350,Jamburaliya,2022,36.076858578242415,200
LK1136350,Jamburaliya,2023,33.42943377135204,200
LK1136350,Jamburaliya,2024,35.149534922447806,200
LK1136350,Jamburaliya,2025,33.64643250498766,200
LK1136355,Polhena,2022,38.11792440622162,83
LK1136355,Polhena,2023,35.90614119889243,83
LK1136355,Polhena,2024,36.32453160959091,83
LK1136355,Polhena,2025,35.42420025738302,83
LK1136360,Regidel Watta,2022,38.765052209474085,71
LK1136360,Regidel Watta,2023,34.968964245063496,71
LK1136360,Regidel Watta,2024,35.942576776720855,71
LK1136360,Regidel Watta,2025,34.448553808578005,71
LK1136365,Kahapola,2022,34.52227208953176,290
LK1136365,Kahapola,2023,31.103797846140345,290
LK1136365,Kahapola,2024,33.26748620720604,290
LK1136365,Kahapola,2025,33.02285718484978,290
