zone_id,beta_intercept,t_intercept,sig_intercept,beta_NDVI,t_NDVI,sig_NDVI,beta_NDBI,t_NDBI,sig_NDBI,beta_built_fraction,t_built_fraction,sig_built_fraction,beta_pop_density,t_pop_density,sig_pop_density,beta_elevation_m,t_elevation_m,sig_elevation_m,beta_dist_coast_km,t_dist_coast_km,sig_dist_coast_km,local_r2
LK1103005,-0.061547980619246746,-1.8199874008815906,False,0.5965885866674326,6.496385808059711,True,1.148273764830064,8.687085165680157,True,0.2260425229944489,5.187434807061492,True,-0.07874395124067916,-3.2477457672993304,True,-0.5532974785234253,-4.435312871409258,True,0.05028545207086958,0.7152250346118015,False,
LK1103010,-0.06154103576314031,-1.8196966781782449,False,0.5966977734870232,6.497716771801484,True,1.1549964150046632,8.677854299972932,True,0.22588587335210839,5.181800838478781,True,-0.0787045470218173,-3.247652970427947,True,-0.5700551601753483,-4.547534535286801,True,0.04602273841056102,0.6548301646736453,False,
LK1103015,-0.061534684985194064,-1.8192462659805309,False,0.5971165553377336,6.501571644090465,True,1.1842930858715777,8.729383064066349,True,0.22539554709647158,5.164863050782919,True,-0.0786313808269546,-3.247769596086383,True,-0.6342278295210056,-4.91098944282199,True,0.0321516126156681,0.4579106742370701,False,
LK1103020,-0.061530487553855644,-1.8192484314576627,False,0.5967742645927042,6.500082587280786,True,1.2036928585455935,8.7445050075595,True,0.2255171987473679,5.168520933044306,True,-0.07862197154660776,-3.2472968594250537,True,-0.6255816434075054,-4.822776658557775,True,0.037120769546636304,0.5276014469333254,False,
LK1103025,-0.061528201446872585,-1.8191006717084355,False,0.5968208274588082,6.501430128405274,True,1.232031187255481,8.965846833783413,True,0.22537024088358762,5.163260055544581,True,-0.07855851676675325,-3.2464856323934717,True,-0.6746669980336558,-5.04714122817005,True,0.030363116885649483,0.43186236670845934,False,
LK1103030,-0.06153324155161931,-1.8190115778204856,False,0.5974258466932287,6.5044636669332165,True,1.2006078078241198,8.75585935737512,True,0.22501088889943116,5.151701018084414,True,-0.07855933291706498,-3.2472859288194265,True,-0.7153988999394644,-5.362770400289774,True,0.020493828405781303,0.2923176901940366,False,
LK1103035,-0.061533658738111764,-1.8187655478469773,False,0.5978644575753179,6.508528751703287,True,1.1815216070732455,8.521552577526775,True,0.22465744660418407,5.139543756744906,True,-0.07848406590330435,-3.247138322184463,True,-0.8917988018093401,-6.244995701156407,True,0.005078955475616046,0.07275638476700673,False,
LK1103040,-0.061527329747188164,-1.818871759838039,False,0.597148511229845,6.504693895284137,True,1.2366371327566998,9.009458812595895,True,0.22492518509191362,5.147906704282887,True,-0.07845439361737434,-3.245392998206747,True,-0.7829783626392285,-5.79946549191224,True,0.013048381255409315,0.1857810152191449,False,
LK1103045,-0.06152888787415915,-1.8187328702494663,False,0.5975112418350818,6.507624932824226,True,1.1809882717891198,8.437729715813283,True,0.22471572660456895,5.140761040932507,True,-0.07843142270905995,-3.2460073415734416,True,-0.9051100313840013,-6.415294789687468,True,-0.00024530928033280296,-0.0035053262902237487,False,
LK1103050,-0.061530781002397665,-1.8186701155366551,False,0.597722511224482,6.509520152993948,True,1.1611461845490134,8.24123529502649,True,0.22458113000527266,5.136308635317052,True,-0.078479047992977,-3.2478366138043855,True,-0.9799943924642982,-6.6538132647853265,True,-0.005870594638227764,-0.08402589290548246,False,
LK1103055,-0.06153205345358672,-1.8185590673324235,False,0.5979066397936306,6.5125130354034875,True,1.1450998190689161,8.022799231758901,True,0.22432219353569757,5.127213778392879,True,-0.07840510987935116,-3.2472632342048633,True,-1.0815495808322053,-6.96723294113367,True,-0.017740590302852,-0.25487195848110633,False,
LK1103060,-0.06153026588166015,-1.8185972058543491,False,0.5976967736871799,6.51110217939498,True,1.1439978972740734,8.004626772247118,True,0.22446908792019607,5.132067635390586,True,-0.07842760194057474,-3.247394777365119,True,-1.0383281481030404,-6.840567091492708,True,-0.01665334269228368,-0.23869370397923895,False,
LK1103065,-0.06152871635436079,-1.8186109384054354,False,0.5975294213135025,6.5103231740025125,True,1.1425595975149343,7.947080274094817,True,0.22451293176225404,5.1333065852382,True,-0.07841988789642478,-3.24710522826628,True,-1.0145161387109387,-6.767938623040532,True,-0.0190868171955922,-0.27317807682640766,False,
LK1103070,-0.061525930364813776,-1.8186788607889879,False,0.5971955606532489,6.507875931878827,True,1.1671713771228696,8.202063853756917,True,0.22467047793306832,5.1384197394521625,True,-0.07840368187594957,-3.2459749806788802,True,-0.9140943386967131,-6.394397951940941,True,-0.012832460630242046,-0.18315388434397997,False,
LK1103075,-0.061522583438929274,-1.8187768856712463,False,0.5967304989094515,6.504661767072981,True,1.2380933561253629,9.083093950979562,True,0.22490952921809415,5.146181535317337,True,-0.07833078841529491,-3.243104234925489,True,-0.8013838974992564,-6.06747407408352,True,0.0031996583328901193,0.045584348746498284,False,
LK1103080,-0.06152360147391153,-1.8188544053956057,False,0.5967585545693912,6.503673018795003,True,1.260264899385321,9.207516274112129,True,0.2250031809907907,5.149850442466509,True,-0.07839573991669964,-3.2440013151233535,True,-0.7744531320468278,-5.881419727609176,True,0.013859560477904851,0.19708637617423297,False,
LK1103085,-0.061521782122817455,-1.8188974037917618,False,0.5964930767932858,6.502187641854122,True,1.2723511347567644,9.361568901380798,True,0.22513686054486554,5.15409621229369,True,-0.0783977434014651,-3.2437050082572667,True,-0.7153091186753826,-5.5533077141822185,True,0.022299594990314683,0.31684642140626224,False,
LK1103090,-0.0615214454661608,-1.8187152650350815,False,0.5964607418770592,6.505619347203839,True,1.2098416967049619,8.955890230375307,True,0.22484920406993808,5.143263067813512,True,-0.07830328092214665,-3.2434559845329227,True,-0.7986927871238041,-6.013647288424569,True,-0.01072566664676824,-0.1538099908102473,False,
LK1103095,-0.0615240365768106,-1.8186658857392892,False,0.5968926906066405,6.5076596961234845,True,1.1798473813648105,8.34441610715257,True,0.22466902116553739,5.137695251063595,True,-0.07837126085502841,-3.2455592795897332,True,-0.9104170660600356,-6.295472667104048,True,-0.02230700611502743,-0.31880171117184947,False,
LK1103100,-0.06152722290747006,-1.8185902877544915,False,0.5973040762958994,6.510577389668747,True,1.1396696062435976,7.7281269219016755,True,0.22449183719630844,5.131962703448316,True,-0.07834758177025992,-3.2457801201217604,True,-1.032598769359341,-6.807721140374297,True,-0.03093004054214838,-0.44310196170554095,False,
LK1103105,-0.06152944195292055,-1.818548915905684,False,0.5975755330771326,6.5123216087211695,True,1.1391953821190324,7.798710076312663,True,0.22437119322564378,5.128084432312499,True,-0.07832992571291587,-3.2457821685363966,True,-1.0970773214255973,-6.95883946914746,True,-0.030772210941576568,-0.44190893290743927,False,
LK1103110,-0.06153124023995424,-1.8185281761000547,False,0.5977999362282845,6.51330092416014,True,1.1383852737512838,7.85315850659952,True,0.2243138371606209,5.1264219961227395,True,-0.07833689078297501,-3.246111521378721,True,-1.1198300411184796,-7.034428673799786,True,-0.028726409705837935,-0.4127845970689887,False,
LK1103115,-0.06153392263444439,-1.8184903082844108,False,0.5980619483559448,6.51517930336775,True,1.1381687915316325,7.959848231862946,True,0.22418304712799983,5.122237830174544,True,-0.07832141010289076,-3.2461568511859893,True,-1.1391992326521148,-7.180903202279107,True,-0.026141511126782816,-0.3769375000132987,False,
LK1103120,-0.061544404771735124,-1.8183641248275,False,0.5988385239663075,6.523118029333108,True,0.9962615918528692,8.0272448093189,True,0.22364973590898704,5.104487049457083,True,-0.07818477831064052,-3.244848188331228,True,-1.0536192390911963,-7.3482459488261584,True,-0.029520857348273484,-0.4307721030724582,False,
LK1103125,-0.06153949358083975,-1.8184010691259471,False,0.5981298024044677,6.5230611463087484,True,1.020071259713518,7.89077468044617,True,0.2237154413361257,5.1050963571700745,True,-0.07806295821244337,-3.2423911866553845,True,-1.2235964255126757,-7.70418868702201,True,-0.044743172630507574,-0.662691837962011,False,
LK1103130,-0.06153698895727016,-1.8184235138936375,False,0.5979565995345442,6.5209703088715605,True,1.0532165697694873,7.921534043511869,True,0.22378892257016095,5.107512971713171,True,-0.0780900787254912,-3.242615722205216,True,-1.2777656779516215,-7.737594595400646,True,-0.04783358988915947,-0.70372592699574,False,
LK1103135,-0.06153425849932823,-1.8184587579642402,False,0.597621791967434,6.519082787207769,True,1.0771723750916473,8.142742454443907,True,0.22387965595269152,5.110159646108159,True,-0.0780846674250253,-3.2421905284666255,True,-1.2968868813702663,-7.748577452499744,True,-0.056789138756644784,-0.8318859032108105,False,
LK1103140,-0.06153124629796744,-1.8184914690044442,False,0.5974664251998456,6.515981980320262,True,1.1330037632491674,8.183945935381166,True,0.22407851173915974,5.1171152417760455,True,-0.07814787710851932,-3.2428435228010946,True,-1.2429008214329227,-7.610459904990534,True,-0.056828381501351805,-0.8217019326029693,False,
LK1103145,-0.06152984348326274,-1.8185240433016983,False,0.5975613135663298,6.5133997935775945,True,1.1444105201033556,7.830318566783336,True,0.22430087277388996,5.125391305171173,True,-0.0782738853906133,-3.24489285217241,True,-1.1367424089274119,-7.186222010248553,True,-0.03852489822146197,-0.5543430348083797,False,
LK1103150,-0.06152764948336095,-1.818553607577209,False,0.5972130891957159,6.512166972326153,True,1.1506229355950526,8.008556277780396,True,0.22438975599412048,5.127901009419758,True,-0.07824880527260909,-3.2441537956977218,True,-1.0935222483740699,-7.030754203327333,True,-0.04597973652288575,-0.6609060544434803,False,
LK1103155,-0.06152501891194365,-1.8186072283621841,False,0.596833896080596,6.509916916182494,True,1.1600774470751611,8.277508707243744,True,0.22454896947939254,5.133075183279933,True,-0.07827708918590447,-3.2442519417354387,True,-0.9747724859867326,-6.658678317717176,True,-0.04436420606520629,-0.6359160638658519,False,
LK1103160,-0.061526082176108096,-1.8185792430703835,False,0.5968532364269052,6.511355969149223,True,1.1500347643217301,8.301521912648546,True,0.22443535438928433,5.1288639931414055,True,-0.07820534395757611,-3.2431182951303636,True,-1.01972409273597,-6.915481317678849,True,-0.057360641435863564,-0.8238511073731081,False,
LK1103165,-0.061528617217309685,-1.8185356481274244,False,0.5970506804446288,6.514022280399088,True,1.1381425557472618,8.295082833050062,True,0.22419449980016787,5.120570305947569,True,-0.07814080598762296,-3.2423319317014947,True,-1.1608177395588937,-7.411070893240825,True,-0.06277494139446647,-0.9065746548826982,False,
LK1103170,-0.06153394255407929,-1.8184945436116133,False,0.5971277260874543,6.520108509663075,True,1.056758589367298,8.318446509908323,True,0.2238617958086327,5.10856894247497,True,-0.07798737673272325,-3.2402628723377456,True,-1.2477483874882154,-7.743572040086777,True,-0.06655660379076739,-0.9938258850097472,False,
LK1103175,-0.06153802463790413,-1.8184402980946321,False,0.5976885601966595,6.523172243151781,True,1.004737845754735,7.946983373407668,True,0.2237365769452308,5.104856610220746,True,-0.07798023482494622,-3.2406599977178354,True,-1.2967818695909545,-7.718811401009354,True,-0.05544093131793908,-0.8318221630271125,False,
LK1106005,-0.0615224107500635,-1.8190324761931727,False,0.5963421978645733,6.500238213695426,True,1.2813496296516056,9.305910614010868,True,0.22543451161764447,5.164520704322015,True,-0.07846843206660112,-3.2444673538951365,True,-0.6515050900508925,-5.032751281354096,True,0.03403348923264267,0.4834594747385532,False,
LK1106010,-0.06152227341321612,-1.8192061568526658,False,0.5959700095627123,6.497474374986847,True,1.2725899196843402,9.253164918970182,True,0.22570167392696047,5.173638560147016,True,-0.07853696549689464,-3.2450395318496525,True,-0.5575533246377758,-4.40250785597974,True,0.04787223040650313,0.6795807122730023,False,
LK1106015,-0.06151958483667605,-1.819611797513293,False,0.5945360589728719,6.4897704183310605,True,1.1503868288562986,8.969755755068624,True,0.22657301743642574,5.202532265923542,True,-0.07859615997189315,-3.2439632448397924,True,-0.3606887109306347,-3.0709147406634596,True,0.07856784277160402,1.1191397462825032,False,
LK1106020,-0.06151762111175612,-1.8193154205706161,False,0.5951049439989483,6.493474781349367,True,1.2195486934750561,9.371558915659406,True,0.22602642742269435,5.18377881807508,True,-0.07851874871749405,-3.2437130890294035,True,-0.38907879342667623,-3.21015577496216,True,0.07005599603157944,0.9912873996180357,False,
LK1106025,-0.061519068022368395,-1.8191636605322077,False,0.5956360409246473,6.496649865525846,True,1.264899893467621,9.445041344926809,True,0.22573442300886828,5.174145073201392,True,-0.07848226397593437,-3.2438365671885214,True,-0.4944622581984438,-4.002940338747689,True,0.052859146975000645,0.7503718954279177,False,
LK1106030,-0.06151954856183986,-1.818971337737526,False,0.596075048875764,6.499970763067029,True,1.2828904530948773,9.516514309036724,True,0.22537237552402162,5.161733976114356,True,-0.07839654376373117,-3.2430805268973977,True,-0.6046016958057608,-4.808278054350549,True,0.0351036209892541,0.49826449261629135,False,
LK1106035,-0.06151680437771957,-1.8188970164225213,False,0.5956004261262082,6.49986033085627,True,1.2998254029379335,9.94532015516458,True,0.2253245149241518,5.1589547619256475,True,-0.07829924182747362,-3.2415026300286516,True,-0.5265102710622029,-4.3508589234073645,True,0.03862277361738513,0.5530342717313487,False,
LK1106040,-0.06151484413350753,-1.8192159368201741,False,0.594856050173838,6.4934285523703,True,1.2147624255044536,9.45718784864605,True,0.2259516251320196,5.1805224306454365,True,-0.07842832478942886,-3.242045022630579,True,-0.3738842439342408,-3.1675206180088593,True,0.07010694385542258,1.0011528942380454,False,
LK1106045,-0.0615129608631904,-1.819399589225702,False,0.5939535008040582,6.488996026835669,True,1.1748485605365886,9.248158621407748,True,0.2263971042623941,5.195184284570628,True,-0.07846151752774173,-3.2415754088003577,True,-0.3149122184775193,-2.7629350325665243,False,0.07701617564896994,1.1176468348774933,False,
LK1106050,-0.061511265780585536,-1.8195632001593611,False,0.5930226666522543,6.484561442338941,True,1.2495703662602833,9.831036534117397,True,0.22688570762660373,5.211220816585817,True,-0.07843962770403165,-3.2398586843810455,True,-0.324897419272866,-2.921265550949226,False,0.07567148250183753,1.1190156918989453,False,
LK1106055,-0.06151197931906479,-1.8199128080160654,False,0.5917983722659939,6.47814351441029,True,1.2834138051609454,10.292407245971718,True,0.22752964729575478,5.232884988196577,True,-0.07842388883580473,-3.237214600733222,True,-0.3345686126125267,-3.0998886606486606,True,0.07062068351056117,1.0620480534281178,False,
LK1106060,-0.06150974497376614,-1.8201412686028902,False,0.5896782557832088,6.469184545865363,True,1.3646285650788943,10.691214133371501,True,0.22835043346536965,5.259555456530921,True,-0.0783197249459508,-3.2327917520505673,True,-0.3989726103914195,-3.6475833626171106,True,0.05116989420909144,0.7974004622263564,False,
LK1106065,-0.06151609858808192,-1.8208609915983816,False,0.5871129693070665,6.457171150241989,True,1.2207424338693666,8.723482947850108,True,0.22960780626444097,5.302178170118132,True,-0.07824077298238206,-3.226723805480753,True,-0.3920592956123481,-3.58328941975566,True,0.04610703055594756,0.7348647785700971,False,
LK1106070,-0.06152255398455513,-1.8219273212576463,False,0.5766777659000801,6.412953129300436,True,1.0261305061062664,5.996210261266827,True,0.23275779565010313,5.406280062881762,True,-0.07777530238806073,-3.2068614397903015,True,-0.36134724091919873,-3.0253302345169066,True,0.012875174593245556,0.22434717170181503,False,
LK1106075,-0.06151572227374086,-1.8211151733450388,False,0.5842342593573375,6.444955821583916,True,1.1443146352254348,7.750638588370861,True,0.23046443553738097,5.3301273089582,True,-0.07813770566155871,-3.2220174449016765,True,-0.3932181305411419,-3.4888532535054115,True,0.03224633438098136,0.5296706877654528,False,
LK1106080,-0.06150771438415223,-1.8203350913256844,False,0.5868291827886334,6.4571617701707575,True,1.3338848060127795,9.980909204811908,True,0.2290852755110663,5.282841251856878,True,-0.07819563497142763,-3.2278663539321624,True,-0.4204626288049946,-3.764423769088392,True,0.021642043141659146,0.3517930503146078,False,
LK1106085,-0.06150624835854515,-1.8198555472122766,False,0.5892756592491353,6.469006149451692,True,1.4955418901041426,11.179807832837497,True,0.22816229215858957,5.251803483802549,True,-0.07823238077618544,-3.2323122707546115,True,-0.46887973508295666,-4.1183319292320535,True,0.023560093974020226,0.3764225409313228,False,
LK1106090,-0.06150784246686741,-1.8198351843447456,False,0.5905768585144399,6.473962240555561,True,1.4512623213085347,11.175592778494098,True,0.2278820648555428,5.24344008523045,True,-0.0783194788529571,-3.2347557683027093,True,-0.42951232479498785,-3.858327405431067,True,0.051627891143005984,0.8006714485207859,False,
LK1106095,-0.06150845779850289,-1.8196295156688094,False,0.5918254532346922,6.479767993831132,True,1.448491791685094,11.115039893121558,True,0.2272270926975793,5.221629964919635,True,-0.07832800597132275,-3.2364630606580285,True,-0.42148284001951875,-3.7465879661946726,True,0.05986451432576864,0.9134712396003437,False,
LK1106100,-0.061513150604201455,-1.819178304175081,False,0.594460308274452,6.492863611453912,True,1.24002785587664,9.445778961101222,True,0.226004909570526,5.181738923669378,True,-0.0783573646673072,-3.2405531843240984,True,-0.35168002165180146,-2.988130866704785,False,0.0705862166141564,1.019736535017016,False,
LK1106105,-0.06151610531584965,-1.8190164085283567,False,0.5954100948781075,6.4974456192328525,True,1.2892869885918632,9.841081546399117,True,0.22560290668252747,5.168711866927633,True,-0.07834501945768531,-3.2414779780653276,True,-0.46177103991067425,-3.832424541607359,True,0.05201918800735858,0.7420524964025802,False,
LK1106110,-0.06151415153087065,-1.8189771567578747,False,0.5948596288360399,6.496704094057723,True,1.317592838850794,10.026308425436092,True,0.22562619176056992,5.168399115882303,True,-0.07826705563263248,-3.240190952934256,True,-0.4417899571350505,-3.736622654842385,True,0.051017702921090195,0.7448509231560646,False,
LK1106115,-0.061513666921609984,-1.819066065685943,False,0.5947398611846023,6.495032456797165,True,1.2963616205322182,9.915032158660836,True,0.2258171986650608,5.1752311477290975,True,-0.07831653923713307,-3.2404903600058685,True,-0.38408441222287454,-3.216593789042051,True,0.06210861311421906,0.899011270678911,False,
LK1106120,-0.061511408297331906,-1.8191386297430125,False,0.5938762470931553,6.491806181079991,True,1.3486936478049878,10.19096417268611,True,0.22606957199911826,5.182906477332378,True,-0.07826840971711131,-3.23886083374616,True,-0.43262693242249983,-3.6291189109568327,True,0.058567263333220355,0.8723341046709834,False,
LK1106125,-0.06150972744321108,-1.8192689601090335,False,0.593116644523043,6.487801739911014,True,1.4214566267330602,10.66644626304338,True,0.2263603862736052,5.1922957589024215,True,-0.07825755128366069,-3.2375207096331216,True,-0.4705532949018958,-3.9689362005292246,True,0.05628934740444268,0.85141932247853,False,
LK1106130,-0.061508339276298764,-1.8194054607070813,False,0.5922662718566669,6.483504320455542,True,1.5369466334692676,11.173147179218835,True,0.2266326730736015,5.200955293787168,True,-0.07825237294981524,-3.2363224634139494,True,-0.5012521583610331,-4.273788222843957,True,0.05119472018889575,0.7857858564131638,False,
LK1106135,-0.06150691241082251,-1.8195472874196883,False,0.5909628875201349,6.477575011430391,True,1.550203639828162,11.281922836617635,True,0.2270845890988419,5.2153232473780635,True,-0.07820492033655217,-3.234089014994014,True,-0.5190600293476599,-4.463195634882023,True,0.02310475634830867,0.3666515187252221,False,
LK1106140,-0.06150572906476363,-1.8200222931990861,False,0.5873373026602997,6.460534634954318,True,1.4683048991919265,10.779100121154395,True,0.22867220970859747,5.2680827369187115,True,-0.07813382568174608,-3.2284302970212706,True,-0.45721446567304824,-3.965908967210441,True,-0.003034401965172809,-0.050016673649076505,False,
LK1106145,-0.0615078828010068,-1.820639293824257,False,0.5825877277439797,6.4387746102510075,True,1.2117395742477528,7.996492259266796,True,0.23025490933703524,5.320964200752566,True,-0.07799370098356165,-3.219937209210831,True,-0.39274878669157154,-3.2951989297236146,True,-0.005704533562862248,-0.09654672051119292,False,
LK1106150,-0.061511787126684946,-1.821206431971096,False,0.5765353503689223,6.412086494682935,True,0.9523682634090691,4.945587197833128,True,0.23186163026266565,5.374517011334698,True,-0.07776289206012026,-3.209348168876263,True,-0.36800435420174316,-3.0006599718942932,True,-0.011733061719813486,-0.20587684374427023,False,
LK1106155,-0.06152247968673053,-1.822197487674109,False,0.5661465297484409,6.365973264338101,True,1.0128778714351303,4.794155055034396,True,0.23451064759644985,5.463680919364568,True,-0.07736539670204208,-3.191481430435065,True,-0.317749970867666,-2.5051661666915312,False,-0.011818188266468802,-0.21778626523434505,False,
LK1106160,-0.06152281091440743,-1.8223120563908797,False,0.5541766318738565,6.307269808902418,True,1.0655105437098458,4.668374075164955,True,0.23597423713463636,5.5114586092520295,True,-0.07695357278931023,-3.1764811478174537,True,-0.26877712345456134,-2.0339975046396384,False,-0.03551530951382529,-0.6866332802186513,False,
LK1106165,-0.06151996932632714,-1.822040185618238,False,0.5496858239889488,6.28187145622073,True,1.0436377423713945,4.369272379398096,True,0.23594396300974257,5.508987201986182,True,-0.0768291911387598,-3.1733904340393675,True,-0.24907018117155127,-1.819515081508773,False,-0.055565858153090744,-1.0908352317458763,False,
LK1106170,-0.06151276922853439,-1.8212380878048096,False,0.56274980269216,6.343196709940438,True,0.9949255428348573,4.038385238100593,True,0.23329703399872664,5.418791462756428,True,-0.07721062745337831,-3.191572146189561,True,-0.3131070422351184,-2.3893928074397315,False,-0.08343932257149847,-1.586527689552014,False,
LK1106175,-0.06150949850965998,-1.8209407887422835,False,0.5726649674635276,6.393110854879842,True,1.006238965808009,4.176616226513261,True,0.23185130204731585,5.371733172297515,True,-0.07757597791378164,-3.2051798633396,True,-0.3508219216617433,-2.7033581709487975,False,-0.0626313981273462,-1.1469482120462944,False,
LK1106180,-0.061507253728882993,-1.8205766700374189,False,0.5785120997768496,6.420457569737972,True,1.126179666189419,5.07695126451109,True,0.23057485364374802,5.32934427305388,True,-0.07776025087165041,-3.213628490856764,True,-0.4291387110310487,-3.4548489007699508,True,-0.06047054909138587,-1.0793430280190301,False,
LK1106185,-0.06150553780211192,-1.820068472126705,False,0.5859537469920095,6.454730627010234,True,1.4664575946049763,10.79765603967183,True,0.22895496013824582,5.276787502935438,True,-0.0780542876305576,-3.2259890050503617,True,-0.46394350379114213,-3.9728753495906295,True,-0.02803043060237046,-0.4743026312945152,False,
LK1106190,-0.061506039614805316,-1.8196906517831162,False,0.5888175040233233,6.468783161098024,True,1.5229190929419787,11.48563661735747,True,0.2276552520722449,5.233126596992524,True,-0.07807179775382625,-3.229724931731251,True,-0.528776198838689,-4.583185689231391,True,-0.02701133271581206,-0.44785966246330694,False,
LK1106195,-0.061507000119247056,-1.81949337011487,False,0.5906125053253715,6.477028790678935,True,1.5368904718342362,11.53464941083784,True,0.2269800864130505,5.21099538178155,True,-0.07810215139886274,-3.2321038679653573,True,-0.5470482916689701,-4.728994939343364,True,-0.006157828784698671,-0.10016328692201712,False,
LK1106200,-0.06150870161169375,-1.8192974926882521,False,0.5917275132952609,6.483735429891529,True,1.5343056875714054,11.376563850652857,True,0.22648139873807058,5.194565693413685,True,-0.07809290232728369,-3.233652560676904,True,-0.5711435260487809,-4.83312746037765,True,-0.003713407723646622,-0.059921693938355884,False,
LK1106205,-0.061511563903764645,-1.819077961742571,False,0.5934480391418103,6.49195569352725,True,1.4278547959287624,11.073782092768363,True,0.225929206115537,5.177015552817865,True,-0.07816717912769659,-3.237407434591925,True,-0.5378443036205076,-4.458031991727007,True,0.025388385011106,0.39449334416366116,False,
LK1106210,-0.06151341887937761,-1.8189763326421753,False,0.5942989405313253,6.495707529777404,True,1.3605786842074605,10.412850102322027,True,0.2256115964245433,5.166902794164404,True,-0.0781873256129301,-3.2386588344188336,True,-0.4932198049736785,-4.199377882526176,True,0.03466728884507192,0.5242049569152322,False,
LK1106215,-0.06151544200637389,-1.8188849354895926,False,0.5949078703572769,6.4989780622496625,True,1.3050996387232885,10.112395816567945,True,0.2252517933641938,5.155073203520618,True,-0.07821362450506207,-3.2401702915981434,True,-0.5052932772059533,-4.389328059401848,True,0.028929884368582445,0.429654629830217,False,
LK1106220,-0.061510990683636864,-1.8192229906236093,False,0.5913154095885841,6.484438678302255,True,1.4773607653099652,12.035836099488467,True,0.22625857072844932,5.18577232853987,True,-0.07800108782081769,-3.2330416217402598,True,-0.559277243388203,-4.81874279621048,True,-0.0817205877249132,-1.381889336110388,False,
LK1106225,-0.06150811205692889,-1.8194335156760526,False,0.5899492632529397,6.4764335992461985,True,1.5182411443975274,11.72669006138864,True,0.22688676888215623,5.2067469721219375,True,-0.07801156579933928,-3.2309191507073556,True,-0.5715980366708291,-4.96303928308437,True,-0.06505279626381211,-1.0955379248800485,False,
LK1106230,-0.061508022806923635,-1.819515748329368,False,0.5888514940332585,6.471819353051997,True,1.5143907940412045,11.813704907808876,True,0.22713116956511387,5.214226177952654,True,-0.07796949126153904,-3.2293537444755085,True,-0.5904068616538218,-5.07644266887828,True,-0.09192796125304098,-1.5752942444028393,False,
LK1109005,-0.06155290911187982,-1.8242020894026467,False,0.5452689573483478,6.269797482170497,True,1.1290338257492505,5.005159358812685,True,0.2395428648735384,5.63363551754598,True,-0.07659321785362755,-3.157828819458598,True,-0.2645809346719381,-2.064421718479755,False,-0.012600014377115694,-0.25045689125872606,False,
LK1109010,-0.06159410515626221,-1.8265591760795166,False,0.49652814109906573,6.009214276407305,True,1.0944413685369947,5.220777595449342,True,0.2471008907086823,5.889880200090212,True,-0.07451149648278091,-3.0768910952219195,True,-0.21407617897453673,-1.646295117077168,False,-0.02844113731855013,-0.6359313488583015,False,
LK1109015,-0.06163261613510488,-1.8285047421710545,False,0.45040739916752903,5.702115906201922,True,1.0104770154102005,6.31581479901678,True,0.25389746260538987,6.122070220693141,True,-0.07225739088578581,-2.9872777592796416,False,-0.1793395212909315,-1.325116480125569,False,-0.03742978649377939,-0.9059659997065972,False,
LK1109020,-0.06171608719777122,-1.8322669892054457,False,0.39270568775284176,5.220639809290461,True,0.8861637618556732,6.622071861641158,True,0.2637506873660872,6.461043421043864,True,-0.0683897312489405,-2.829843259862274,False,-0.1617608057201716,-1.1394328484131024,False,-0.04754130275906879,-1.26174339443504,False,
LK1109025,-0.06196880408248473,-1.841769793239903,False,0.3202039071529369,4.453744634991845,True,0.800824759130001,6.267692804043645,True,0.2785298038198955,6.966946575291479,True,-0.061188530283430825,-2.5293680492886788,False,-0.18154243120939154,-1.2421793290030645,False,-0.05729139217768435,-1.6436417623906185,False,
LK1109030,-0.06215002121303063,-1.8483911267185382,False,0.2762932090684396,3.907714863353883,True,0.7633411066011515,6.208933742760047,True,0.2885405860853833,7.306378131600216,True,-0.055038706808979904,-2.2671938411179107,False,-0.21651237903219,-1.493037872945705,False,-0.05984825209966571,-1.7890081457173546,False,
LK1109035,-0.06224728715629919,-1.8520762130469293,False,0.24244722210134695,3.45554774269882,True,0.7405008451655373,6.283655244702472,True,0.2973523273865089,7.601911087920149,True,-0.04492535000212945,-1.8229546030281913,False,-0.24065106661910204,-1.6243427579901144,False,-0.06051192660043696,-1.9329921031054995,False,
LK1109040,-0.062324855360412254,-1.8545608420116217,False,0.22385225442738282,3.2013108525266905,True,0.7173621046591704,6.2772701579500545,True,0.30477871772561954,7.8505079922930285,True,-0.029955133183479955,-1.1685821718331646,False,-0.2653900490697152,-1.6912335782443346,False,-0.061714322575517885,-2.221032121602011,False,
LK1109045,-0.06197304164642263,-1.842244470741258,False,0.2782572251668157,3.9417928761766037,True,0.8042723470276347,6.3607267636939,True,0.28810868016772745,7.295056197810356,True,-0.0504957392114543,-2.056995803262088,False,-0.18072582255314182,-1.200749439346618,False,-0.06384499715285338,-2.053387494514533,False,
LK1109050,-0.06178068568299095,-1.834979353572331,False,0.3186687021745998,4.443166876975658,True,0.852409458576002,6.494397610544295,True,0.27764699831065187,6.93923275825229,True,-0.05862682408730475,-2.410998932787285,False,-0.1484996855273198,-0.9766621574255113,False,-0.05952267502028872,-1.8437555623174642,False,
LK1109055,-0.0616324717449395,-1.8285006600304463,False,0.4000544610232457,5.290358888880955,True,0.9763613952415777,6.568354211002185,True,0.26010868194533066,6.335394527981135,True,-0.06896480231547361,-2.8532334644096706,False,-0.16093166198070105,-1.0843137606686564,False,-0.04791054099105631,-1.29076926489026,False,
LK1109060,-0.06154814155495217,-1.8240723103364527,False,0.5097162609607275,6.07805565481516,True,1.1178090537491343,4.623708505606047,True,0.24260378259356835,5.735457170646756,True,-0.07554446532522463,-3.1182698253271726,True,-0.237297946725886,-1.8050750860832843,False,-0.034806047103823116,-0.7384929005912417,False,
LK1109065,-0.06153064913318424,-1.822684313462517,False,0.5073302357433467,6.047010840776918,True,0.9186570791808261,3.71083890904035,True,0.24001637902072998,5.644277951246222,True,-0.07566142476921575,-3.127355032084101,True,-0.2599519303242865,-1.7319584296653436,False,-0.07693696313841714,-1.6268039767824625,False,
LK1109070,-0.061564682981833686,-1.8248369654659573,False,0.4456191837314877,5.657873664515038,True,0.9569331625630433,4.551823153373384,True,0.25019715252245883,5.992624004328829,True,-0.07232553211872453,-2.9906993914673072,True,-0.22507018355347103,-1.5580046073344898,False,-0.05920518190939064,-1.4813633543260332,False,
LK1109075,-0.061659440098424424,-1.829241856667627,False,0.3284746004774606,4.571311669608943,True,0.9018092201307377,6.208585703946481,True,0.27421539249632265,6.822873467110129,True,-0.055839918619169704,-2.271825792467793,False,-0.08718901377210264,-0.46965213716225124,False,-0.06851994575552828,-2.5326089524788915,False,
LK1109080,-0.06184952521994636,-1.8373719487537978,False,0.2689774065341402,3.833385512464103,True,0.813334981037023,6.218323493199445,True,0.2910621047428839,7.399445352483776,True,-0.040437507835726035,-1.599298905943836,False,-0.09538010336076733,-0.5935249574705759,False,-0.06956037158286754,-2.75454732917484,False,
LK1109085,-0.06212995230194437,-1.8476664196942882,False,0.2331084043588363,3.342754701426496,True,0.7229612921088523,6.152221396533149,True,0.3029639902680363,7.797716126175439,True,-0.026528354969614584,-1.0173091625137731,False,-0.19919090167871592,-1.1070394162624575,False,-0.06796602392445208,-2.812304931123534,False,
LK1109090,-0.06254211325338785,-1.8616977280463565,False,0.2078589951999011,2.974735350352721,False,0.7012185210753806,5.981715039174503,True,0.31217845111696463,8.091587447409102,True,-0.01705197022249863,-0.6408154729265099,False,-0.3276934714691962,-1.6900561303734967,False,-0.05118142744665598,-2.068093201687403,False,
LK1109095,-0.0626006103428441,-1.864745892831614,False,0.2005147364838307,2.8626580441923295,False,0.6884838606033769,6.068600698022568,True,0.31449419952294666,8.159159136768924,True,-0.01727722849452258,-0.6529936382803981,False,-0.3537418032349537,-1.9818277867801142,False,-0.03896692755046951,-1.4311318998189626,False,
LK1109100,-0.06250999305891049,-1.8600185885693947,False,0.21110411256104533,3.0266785259925517,True,0.7060326774676395,6.00483185106842,True,0.31202838988163684,8.091492795305161,True,-0.01604535165161896,-0.6004359446002537,False,-0.24579279785712688,-1.2287266546526245,False,-0.057991631599926485,-2.462370785383853,False,
LK1109105,-0.06264894327311661,-1.8642058458613933,False,0.2068078163494553,2.965625364994149,False,0.700977849070455,6.0467319892798415,True,0.3141608635517101,8.160212185715022,True,-0.012654340583892445,-0.46971210658415335,False,-0.17006403381670637,-0.8322245271910584,False,-0.05830718468945846,-2.4668792758712175,False,
LK1109110,-0.06271357920523783,-1.8657797293189404,False,0.20662968017625247,2.9657445037811936,False,0.6935451454302883,6.062519436250277,True,0.3152429099695155,8.197063246296457,True,-0.011250917272139279,-0.41647912766104633,False,-0.06506219091277171,-0.29984688212757143,False,-0.07142300171790114,-3.090099955961638,True,
LK1109115,-0.06176307787900019,-1.8331488960460693,False,0.2766250318378387,3.9497313661001696,True,0.7612683470505388,6.262148770331108,True,0.28952656185950904,7.352318598180871,True,-0.03700326976649377,-1.44128035051184,False,-0.04781252214662897,-0.2559489088477869,False,-0.07273986604958355,-2.976676579879212,False,
LK1109120,-0.061652982073470926,-1.8279342483338834,False,0.32244558757628217,4.525828334950825,True,0.9283734957265012,6.5695822930507894,True,0.276356050555323,6.898682962196474,True,-0.04727969323335161,-1.868223639424168,False,-0.00029765025974357734,-0.0016201965007798607,False,-0.07992019673412493,-3.0770861468065114,True,
LK1109125,-0.061583995174236336,-1.8255343500517427,False,0.3976609227724477,5.271018918581333,True,0.9927475662835188,5.2460906117737505,True,0.2578732854149553,6.256007018794107,True,-0.06756664171434268,-2.7882665109998706,False,-0.17749719096448593,-0.9915966325226853,False,-0.0741051968672191,-2.2634277534512117,False,
LK1109130,-0.061546439584859156,-1.8232140631109135,False,0.4593110718861805,5.74594882090911,True,0.848409959487785,3.344631513086751,True,0.2456388319012366,5.831642957444356,True,-0.0731816738965434,-3.0266842928958253,True,-0.27130585553296876,-1.6180993186360817,False,-0.10883776129391914,-2.6816317489792625,False,
LK1109135,-0.061527452844114476,-1.8220634569204053,False,0.512940517067878,6.070120816464269,True,0.6128237680896602,1.705598721188447,False,0.23837128441807612,5.58521305823042,True,-0.07574277239702969,-3.1344823182381707,True,-0.2944824375412042,-1.9829084492853846,False,-0.12732630410790458,-2.652401248131357,False,
LK1109140,-0.06151984679138891,-1.8217728989872934,False,0.5383404778945222,6.213987345067558,True,0.9278763476443807,3.964168883729943,True,0.2360162517718901,5.508463455610036,True,-0.0765171421100164,-3.1645801655476995,True,-0.27031741135244236,-1.9306744706528034,False,-0.09938228900683427,-1.9838856411580597,False,
LK1109145,-0.06151669598088936,-1.8211033424149767,False,0.5518175907394642,6.275184810015876,True,1.0419649857550781,4.43044145717688,True,0.23339978596701397,5.418127345625128,True,-0.0768587265165486,-3.182239639099298,True,-0.4388514572338662,-3.2205700117310516,True,-0.15469371728021392,-2.9717288772172648,False,
LK1109150,-0.06151042127801573,-1.8204099727502816,False,0.5742489309419297,6.397801705979056,True,1.6340916587165046,8.417213836162096,True,0.2304523133019516,5.3217766699795055,True,-0.07742135976766266,-3.206532297730591,True,-0.7076972611552914,-5.680813316990551,True,-0.15383160177583072,-2.8556761194471147,False,
LK1109155,-0.06150689487864261,-1.8199832828946465,False,0.5837555029333015,6.446277950850348,True,1.5237657894403733,11.30034820172921,True,0.22877364941310044,5.268202690449069,True,-0.07779569221632802,-3.220417362459125,True,-0.6569314686311947,-5.580575341488563,True,-0.10552638010601448,-1.8732612919977094,False,
LK1109160,-0.061509997607709144,-1.819534856568912,False,0.5875692104503217,6.46769199077933,True,1.4943758219153418,11.76492663131497,True,0.22730592360016966,5.218955235455278,True,-0.07786098926955069,-3.227298287531915,True,-0.6773427044776709,-5.789114368826823,True,-0.14981561309045388,-2.64584998404572,False,
LK1109165,-0.06151347188442592,-1.8192949886242278,False,0.5896106884338412,6.4797811588748715,True,1.3981177135577585,11.47136983297552,True,0.22624941840343613,5.183324965339538,True,-0.07783946929012402,-3.2296729852597728,True,-0.5834766573205923,-5.17705147650764,True,-0.16541846735750967,-2.9009740152755907,False,
LK1109170,-0.061514833102639575,-1.81959700865185,False,0.5850025156275336,6.458485548728442,True,1.3266389915854981,10.310306311335255,True,0.22713301793528606,5.210174019283522,True,-0.07763717565667161,-3.2228313516576805,True,-0.7551106829812562,-6.368223086750504,True,-0.20160274866670513,-3.6491735420098266,True,
LK1109175,-0.06151200802406693,-1.819901137372702,False,0.5812935659763767,6.436908346277364,True,1.5764559071993338,10.847780836890875,True,0.22845694894083152,5.254574959773024,True,-0.07750511125543681,-3.215176941664182,True,-0.8544956947589305,-6.844351888793458,True,-0.19377432025601735,-3.5322399646940204,True,
LK1109180,-0.06151729481432694,-1.8200193256874497,False,0.5767336790667712,6.410994833862095,True,1.460341750520782,9.306440012115896,True,0.22862333959577075,5.256962248527434,True,-0.07733242144963177,-3.211168163695208,True,-0.8382785986257923,-6.6419270460312605,True,-0.21467296628364968,-3.9525677422344696,True,
LK1109185,-0.06152000270172067,-1.8207417855449057,False,0.5563058344278025,6.291126367249329,True,1.474280410704285,10.09284381649864,True,0.23188150349587472,5.364081355735109,True,-0.07676798851734519,-3.185700310346268,True,-0.6640199992150229,-4.989120970261817,True,-0.20147530563314234,-3.7428224420753216,True,
LK1109190,-0.061536184441021206,-1.82211014852423,False,0.49096407891499344,5.942475923450912,True,1.2912884499903734,8.262618904998712,True,0.2402284971623515,5.642374925413193,True,-0.07451911036884352,-3.090030869406465,True,-0.33459522618786147,-2.17965917806808,False,-0.16059774816804756,-3.3515137800178407,True,
LK1109195,-0.061580119911205565,-1.8246871006784333,False,0.38809052517564696,5.195017258520421,True,1.0974731076590036,7.25834875297983,True,0.259231890494642,6.298293114350808,True,-0.06376443199451588,-2.6081155102177167,False,-0.20112535667235643,-1.0082552306438537,False,-0.09417879659665332,-3.3179072487151826,True,
LK1109200,-0.06182343330396407,-1.8348840135092466,False,0.2636606140387041,3.788140168258591,True,0.7303509884214721,6.247480425937998,True,0.29529381852624076,7.55121102969104,True,-0.02904279412725225,-1.1080487182056868,False,-0.04730156328051164,-0.2252050041159217,False,-0.07252291670862908,-2.8968310265454558,False,
LK1109205,-0.061795085656469906,-1.8329018369453516,False,0.2745293724876003,3.949309931585246,True,0.7793655741841163,6.197516844736984,True,0.2939292829916004,7.509019496604118,True,-0.02791557821127226,-1.057707004277175,False,0.08257318700273711,0.5201238198682135,False,-0.07156080542522944,-2.8026666651155137,False,
LK1109210,-0.06170187819958874,-1.82884928674834,False,0.3108651209161642,4.421606533977305,True,0.9209958818277344,5.706793114798021,True,0.28273443053293945,7.122652572890495,True,-0.037096212227447724,-1.4286727738234795,False,0.10507259644683829,0.5631744326920499,False,-0.07047826913044936,-2.7156856488660814,False,
LK1109215,-0.06165251604317979,-1.8268696410579937,False,0.33885714624506424,4.743368229383476,True,1.031431763280991,6.67454411900728,True,0.2743589660617584,6.828842185315472,True,-0.0463026442558634,-1.8212777973780314,False,0.11341565148656699,0.5749801250131377,False,-0.07391689292209641,-2.842954981690924,False,
LK1109220,-0.06161732250167226,-1.825269347103564,False,0.36966576393643746,5.059351131725909,True,1.1433568316752198,7.281690414312876,True,0.2650911886447949,6.500155680518568,True,-0.05441261897974372,-2.173156655116919,False,0.05144795797785663,0.25034472532165897,False,-0.07877011045532002,-2.9735547420965704,False,
LK1109225,-0.06156304138404595,-1.8233015925893858,False,0.4234582424225432,5.496230890213887,True,1.222737270368719,7.4461038665570385,True,0.2513877265745726,6.021333424064388,True,-0.06786713755654256,-2.793038773093568,False,-0.34105651447826785,-1.6002418710914519,False,-0.10837666727172098,-3.4392516714473063,True,
LK1109230,-0.06154848658256498,-1.8221443393231764,False,0.4715668730182027,5.826958114184318,True,1.3393869602771733,9.161813509635996,True,0.24262082145582173,5.714816673453301,True,-0.07244223108353347,-3.0085286245882457,True,-0.35586447604166527,-2.0059905452618354,False,-0.143159911557405,-3.2460116145725855,True,
LK1109235,-0.06153179835297469,-1.8210263884834537,False,0.5325926248280755,6.164153251290679,True,1.4126603127162844,9.10939171699201,True,0.23372510956273404,5.417696433185516,True,-0.07575005306712006,-3.1522059649349874,True,-0.5398838412255503,-4.011511778225499,True,-0.1917225127522429,-3.558925474371976,True,
LK1109240,-0.06153232267612794,-1.820960557575392,False,0.5350983122324113,6.178720920616093,True,1.4110279506522059,9.179468817221956,True,0.23337271345354468,5.405801850745423,True,-0.07575314041288897,-3.15407744936557,True,-0.5405611800456809,-4.111496105764956,True,-0.191632423577135,-3.5506588405130795,True,
LK1109245,-0.06152184950707919,-1.820502863175846,False,0.5621940182665106,6.322820248690644,True,1.479288426918115,10.392458428680149,True,0.23073887515004451,5.324995213194297,True,-0.07684848664660829,-3.192434832150947,True,-0.7593063951651009,-5.80681864408558,True,-0.21181517336084144,-3.9121228998112527,True,
LK1109250,-0.061523518511830896,-1.8203404122760105,False,0.5656910883537496,6.34373184357594,True,1.4442155237672338,10.45102398398042,True,0.22971682609341776,5.289031895298109,True,-0.07687159395896061,-3.1962581465948356,True,-0.7891686410194911,-6.104469521793952,True,-0.2106300524494463,-3.902240955213929,True,
LK1109255,-0.06152403820282514,-1.8198705747598014,False,0.577858171574912,6.422402204627088,True,1.2751633374039946,8.895085297815527,True,0.22744965444167456,5.2150674190696,True,-0.0771796087800149,-3.2114229941962784,True,-0.8002603544395237,-6.505740660514687,True,-0.2154425426507586,-3.9815422667069162,True,
LK1109260,-0.0615199716638931,-1.8196377094991485,False,0.5831047159527507,6.45288123777893,True,1.1885535818932507,8.202371094406246,True,0.2268465005249765,5.19798330311223,True,-0.07740521383945617,-3.2181912035927542,True,-0.7659695742933283,-6.435729944704299,True,-0.21511100236066943,-3.9277710438364672,True,
LK1109265,-0.06153230624738725,-1.8202821280283126,False,0.5622515663987162,6.331436657072614,True,1.3342511683392047,10.399971436826615,True,0.22892151304633931,5.255733952722047,True,-0.0764717403078274,-3.189489477735193,True,-0.6519944900237115,-5.291359480432598,True,-0.20203097320097413,-3.7418187634704503,True,
LK1109270,-0.06153884742209697,-1.8210834101689775,False,0.525529505459619,6.132926720091218,True,1.383142623354991,9.11333035390289,True,0.23422645366601344,5.429592077681777,True,-0.07511763742421501,-3.13289209973583,True,-0.4197874468708159,-3.1399122644564716,True,-0.17879938846999788,-3.375009565752556,True,
LK1109275,-0.061561940834549175,-1.8222714744458564,False,0.47024227733180524,5.829031844651491,True,1.29905547704399,9.157509092764395,True,0.24304803426233848,5.726308823232876,True,-0.0710998709674514,-2.9541418361050678,False,-0.1491811454983749,-0.8646894841342159,False,-0.12466596810776048,-3.24413401636775,True,
LK1109280,-0.06159753630654336,-1.82389034443536,False,0.41079452557540613,5.4335774445493445,True,1.2559307539765072,7.100536711665908,True,0.25524705299951067,6.15084578319134,True,-0.061395406786496576,-2.494182591376263,False,-0.046209413155330406,-0.20857741226602608,False,-0.08463092945110035,-3.0957444761531336,True,
LK1109285,-0.061777899183922846,-1.8313156543484903,False,0.29287650529081843,4.2168941298556515,True,0.8400460344558383,5.646276309133337,True,0.2914346948876544,7.426262561639877,True,-0.029050116665500926,-1.1073059837173431,False,0.13929991297206157,0.774975566267559,False,-0.07249797341257984,-2.8058126511629964,False,
LK1112005,-0.06289776058653482,-1.8741746486194184,False,0.1926625706869018,2.7494957587291715,False,0.7167773404413276,6.458857388313338,True,0.31948417369382276,8.317559424914085,True,-0.008840249352846078,-0.326344606755993,False,-0.14766776127797432,-0.9992840639261079,False,-0.023749066392965368,-0.9279006017993906,False,
LK1112010,-0.06299900468581592,-1.8788261279693086,False,0.18637405281778924,2.6531863546382417,False,0.7643364754327169,7.06378214589348,True,0.32239715671622965,8.40293660890921,True,-0.006441950841496642,-0.23672163558082815,False,0.041231144866244636,0.364917785642041,False,0.0034006777051787465,0.1187666366447679,False,
LK1112015,-0.06320725011919302,-1.8845186772674156,False,0.18642203901611357,2.6555663571277055,False,0.7809385579732785,7.067596286535639,True,0.32294070529545604,8.421453616203522,True,-0.0045360002434227205,-0.1658807724007661,False,0.17730404120491755,1.5738392178412033,False,-0.012777068119842052,-0.5026366958044048,False,
LK1112020,-0.0632508416380858,-1.8873538484705805,False,0.18233918500931007,2.592288705958586,False,0.7971292633108243,7.582866529985072,True,0.32434551959764035,8.46071828097139,True,-0.003396003681591247,-0.12384694605340481,False,0.05901949687737733,0.9798179720045945,False,0.005757621557436432,0.2112249321911937,False,
LK1112025,-0.06335720317499714,-1.8872363772561536,False,0.18893850980781926,2.6964092338816594,False,0.7231368819732406,6.801473580889694,True,0.3225715137443229,8.414117640606163,True,-0.003383058059389188,-0.12341603980843809,False,0.17394953074463118,1.1729149773413945,False,-0.0652898683551473,-2.922663920509043,False,
LK1112030,-0.06305049456508727,-1.877247920806629,False,0.19500084056686282,2.788813817337673,False,0.7163413117252782,6.550203442621816,True,0.3196860934432053,8.32939488930115,True,-0.007031164513887939,-0.2583782464369284,False,-0.015044696032812038,-0.08418534270412414,False,-0.05824877954270925,-2.569497228130165,False,
LK1112035,-0.06314804355154516,-1.878777792722932,False,0.19801464224768647,2.8377112811531187,False,0.682043118564172,6.389932785971847,True,0.3196053959394455,8.331057547001107,True,-0.005844456789158223,-0.21424642308062639,False,0.14490906157400232,0.7282490496728629,False,-0.0931303200255034,-4.002971743080461,True,
LK1112040,-0.06258053410801584,-1.8604626257847436,False,0.21206205458115193,3.0523778889571562,True,0.6719721684005593,6.031992830715182,True,0.31461109549360705,8.181953171119897,True,-0.01042039836421754,-0.38471958265865724,False,0.11454283854427523,0.5485050004077239,False,-0.0865430534417645,-3.6128679438702593,True,
LK1112045,-0.06221711108134084,-1.8491357351844364,False,0.22393421578383702,3.2248999980453994,True,0.6985174257997556,6.083949156191037,True,0.30908199743757764,8.004671234578996,True,-0.016273275380328127,-0.6068656035251315,False,-0.027221059068787322,-0.12537455126051086,False,-0.07451959131695159,-3.080116655199142,True,
LK1112050,-0.06208061868649506,-1.8446562028410973,False,0.23216030051975287,3.342598778192644,True,0.7034286935739025,6.16068948312131,True,0.30571122733287875,7.894743187689089,True,-0.019958498219394844,-0.749635169008478,False,-0.08236421113706617,-0.3670538012195174,False,-0.07106190862733838,-2.8989324777944057,False,
LK1112055,-0.06197860727047051,-1.8400442906825683,False,0.24361351046443272,3.518194549956538,True,0.715526461609832,6.198088794938046,True,0.3039540417622354,7.843274071286894,True,-0.01968354671599536,-0.736440525550028,False,0.08093613664515842,0.4093753234914769,False,-0.07546376342963092,-3.0208830329424754,True,
LK1112060,-0.062042159123323545,-1.8416923469741997,False,0.24071597488581295,3.4834052202094807,True,0.7249651915640727,6.395675184854441,True,0.3060810503061074,7.913809231832669,True,-0.016576732689739943,-0.6168796528874504,False,0.2404512598023147,1.4291479530836226,False,-0.08093675505967636,-3.2377930882075923,True,
LK1112065,-0.06241900762848275,-1.8541405817242151,False,0.21984277031952368,3.1752883545058337,True,0.6161974719609669,5.379816965105504,True,0.31326126110233843,8.142658795384884,True,-0.010205881311631174,-0.37647501073607254,False,0.36007373904754864,1.8275263608013816,False,-0.09686271263780943,-3.961514250102951,True,
LK1112070,-0.06299298606368248,-1.8721442626669065,False,0.20512771168410912,2.951175210530291,False,0.5861517262391307,5.418983703612398,True,0.3180479274674092,8.287649641428997,True,-0.005871354447641481,-0.21539866275155,False,0.27680292319791605,1.7166434577505554,False,-0.11641403921936502,-4.826224703030593,True,
LK1112075,-0.06344188169805594,-1.887855085706582,False,0.1914600170969164,2.7376717712715677,False,0.6795999194725384,6.468131298595054,True,0.32232518943341015,8.409911758662904,True,-0.0024960459653764495,-0.09100140730956265,False,0.19405818220239704,1.0442170306714613,False,-0.12093900252617329,-5.167141926392498,True,
LK1112080,-0.06360662196279511,-1.8958174153265896,False,0.18409124048215833,2.62090769822454,False,0.6665964605253152,6.433430357125319,True,0.3248149994639995,8.478111707310815,True,-0.0011401063143148531,-0.04141881654161033,False,0.0722509486019085,1.3535310398284826,False,-0.08393217070013256,-3.774863568617439,True,
LK1112085,-0.06359796265088243,-1.8938005326301728,False,0.185312110292478,2.640779726701345,False,0.6066548181831226,6.226287163346919,True,0.3248090684741186,8.47899713622534,True,-0.0001356594918696081,-0.004925905677732041,False,0.030189129329777138,0.37674253803580887,False,-0.13085059084806994,-5.503586810076107,True,
LK1112090,-0.06337039155156378,-1.8845242090162857,False,0.19426641666664737,2.782532354093487,False,0.6670339903104138,6.48148422925578,True,0.321698094370168,8.3925411505464,True,-0.002537021079951741,-0.09258939804548988,False,0.04874008836655466,0.3931707379873224,False,-0.1321808766727539,-5.555631710524783,True,
LK1112095,-0.06261194705933226,-1.8591282920649812,False,0.21773004121399464,3.1483782991165725,True,0.5382666690792944,4.009753675057307,True,0.31539612654841515,8.210055905621232,True,-0.00738570175502356,-0.27169941417956645,False,0.26251935057093556,1.6551148113980398,False,-0.11495793094068606,-4.709181393378451,True,
LK1112100,-0.06233739628336969,-1.850657592533152,False,0.22733142326534658,3.2934399042323736,True,0.5691440010854953,4.404927579702745,True,0.3121578593641785,8.109066054485947,True,-0.010293883071609488,-0.38009022440851864,False,0.37666087476433197,2.1964233817395553,False,-0.10260983614935532,-4.1677900420177005,True,
LK1112105,-0.06212498596841696,-1.8433484075460131,False,0.24313439615566373,3.532054642772213,True,0.6785400862800428,5.261875020750312,True,0.3081831402881113,7.984058082208835,True,-0.013367356705709838,-0.4958264413609152,False,0.3699562121884005,2.2520556263795637,False,-0.09567495616551222,-3.844836933565485,True,
LK1112110,-0.061990570510497035,-1.839263569625556,False,0.2511648193066874,3.642355283585801,True,0.776175410517525,6.229835703148114,True,0.30437370836556094,7.860450052123913,True,-0.017138766662321055,-0.6379859960154258,False,0.3327205494205914,2.0356643484931203,False,-0.08364063254933943,-3.3285186431771665,True,
LK1112115,-0.061937553954374995,-1.8368204535416308,False,0.2653178838072258,3.8536651401403765,True,0.8168942631543532,5.456163516159591,True,0.3017190194174105,7.774169295804671,True,-0.018675987499951738,-0.6974548544077707,False,0.28725529988458387,1.718502276462996,False,-0.08532424009278736,-3.374068754040744,True,
LK1112120,-0.06186584333186605,-1.83400084591942,False,0.2822115706385043,4.093693672375671,True,0.8436696534007901,5.200775874998842,True,0.29717929200714516,7.622042966343831,True,-0.022329564021892664,-0.8402704417884792,False,0.21791764054220197,1.2483340356006398,False,-0.08238859121976636,-3.223248339317352,True,
LK1112125,-0.061804661978914946,-1.8314938306173407,False,0.30374290498911766,4.389960395552181,True,0.8483877360526549,5.295983017283741,True,0.2914446283531509,7.42570333665451,True,-0.026641127210025525,-1.0108840677591557,False,0.16239969085594144,0.8946446472987019,False,-0.08005084254835262,-3.0946842515161275,True,
LK1112130,-0.061841508012654374,-1.8320676385317312,False,0.3143784544399531,4.56015557908077,True,0.8264587455647333,4.488790649247058,True,0.29148666358060965,7.424612806723062,True,-0.02529286250823246,-0.9639281795576177,False,0.2124526346403891,1.203006140563846,False,-0.08910096850382807,-3.453088771719541,True,
LK1112135,-0.061986068006200615,-1.837390359799543,False,0.2772255478622526,4.045654127316356,True,0.8630986261047802,5.7302412944950625,True,0.3019698587667388,7.781097563490539,True,-0.016791615483911126,-0.6273973495562312,False,0.3292263671917044,1.8865553373872357,False,-0.09777251373430579,-3.871124679069259,True,
LK1112140,-0.061979110953310705,-1.837663509547215,False,0.26893980372234294,3.9174434738301795,True,0.8381950603209452,5.529370555148707,True,0.30238366071676437,7.794223347965006,True,-0.016949854930197825,-0.6322953821488495,False,0.3229152772676825,1.8572147581139986,False,-0.09276505552091363,-3.67452638356064,True,
LK1112145,-0.06226407962704917,-1.8469190111258782,False,0.24256068150195237,3.5327350061242364,True,0.7431480320616259,5.614596518001321,True,0.3104252124607324,8.055141505182599,True,-0.010363399537263986,-0.38368231406914066,False,0.28589338472254067,1.7134987266770558,False,-0.11009748133299453,-4.448716794069813,True,
LK1112150,-0.06262775599411777,-1.859078106034793,False,0.2199924255962015,3.1851422558055953,True,0.6135292092331728,4.7218329453791466,True,0.3151558541713445,8.201266970947302,True,-0.007090936522556995,-0.2611529027758529,False,0.16824454374927023,1.160809404801218,False,-0.11923524414224862,-4.871886807291892,True,
LK1112155,-0.06295214770434801,-1.8689629164018389,False,0.21160731464140653,3.055863491748576,True,0.6830652835950525,5.835658788808695,True,0.31767762882884376,8.276551442838148,True,-0.004632684302960483,-0.16997376889878674,False,0.002375817239885447,0.021114675220834503,False,-0.12864760540080195,-5.303658927613687,True,
LK1112160,-0.06323516072827559,-1.8789330575377015,False,0.20017653139542432,2.8763307768473805,False,0.6689645271084393,6.209354703724642,True,0.3204140563064831,8.356272775233121,True,-0.0030411745887224772,-0.11121182034580335,False,-0.032374373648665244,-0.33134243366087673,False,-0.13421624347660172,-5.5939468523612765,True,
LK1112165,-0.06350129555009928,-1.8886508371656652,False,0.19029470352289807,2.720081253172947,False,0.681065674413273,6.505170046416525,True,0.3235832272365499,8.445273637096946,True,-0.0003694441143913578,-0.013442459543951641,False,-0.09962145852150095,-0.9615087788262296,False,-0.13841201961663924,-5.7667334737703415,True,
LK1112170,-0.06317301358834995,-1.8756631157265196,False,0.20557647777275317,2.962603912221615,False,0.7416671725929093,6.314500243013917,True,0.3197390165574728,8.336394346881212,True,-0.0027321248436454637,-0.10003555567190273,False,-0.0692338946949273,-0.7032448814634538,False,-0.13545440926931554,-5.61535677938943,True,
LK1112175,-0.06261567259649925,-1.8575141322115767,False,0.2280077545457666,3.312709169874908,True,0.809380957543046,6.065168980647939,True,0.3145649690780248,8.18213608320225,True,-0.0062186466900976,-0.22907601934463676,False,0.015203255759486656,0.1320626291405907,False,-0.12379664807485537,-5.055222833054478,True,
LK1112180,-0.062331875397927394,-1.8484577705411125,False,0.24464435744108104,3.5686928776678757,True,0.8622592345265989,6.156443806923978,True,0.31094734031985183,8.070196114668637,True,-0.009006611223303967,-0.33321032001630135,False,0.16389731985261488,1.0136947033685557,False,-0.1166823006494965,-4.700628487461157,True,
LK1112185,-0.06210886152207622,-1.8408451040367677,False,0.272565105568431,3.9898130321884135,True,0.965625401636852,5.888248563414905,True,0.3052857478566663,7.887859717246721,True,-0.013543312186889457,-0.5058095097171791,False,0.28516462542452037,1.6958758582020164,False,-0.11025363684368486,-4.396529843779435,True,
LK1112190,-0.061943321902630154,-1.8350392207947144,False,0.30685546313912304,4.481818010347581,True,0.8201048960774093,5.42070052415004,True,0.2970494631817549,7.613227361834811,True,-0.020074615896918252,-0.7602863943479774,False,0.32697088634623517,1.8195425871318887,False,-0.10246947285108354,-4.033187680768604,True,
LK1112195,-0.06184295261450176,-1.8315967804849065,False,0.3312702841911348,4.800677171638066,True,0.8002166943350366,3.9034714346536066,True,0.2887475373667146,7.327009672390592,True,-0.026684141766537318,-1.0256873291139657,False,0.19724478207774132,1.1305009812394289,False,-0.0943521967195081,-3.6542890933051355,True,
LK1112200,-0.06182685940797851,-1.8305442826392895,False,0.3567526736796659,5.143167715148782,True,0.8257142747102431,4.584268881897005,True,0.2836207143693104,7.144272526237686,True,-0.02994598946439949,-1.1661943162464066,False,0.11237513584342407,0.5448425458622312,False,-0.09847232422064078,-3.7948632227844947,True,
LK1112205,-0.06175758111213648,-1.8278864954575498,False,0.3966957400476493,5.597658300650714,True,1.118387528480651,6.538810571902633,True,0.2717546277548705,6.721536186548528,True,-0.038477009559567704,-1.5302213338148334,False,-0.12296213783440357,-0.5320463485398881,False,-0.10013191068720673,-3.797883993754865,True,
LK1112210,-0.06176958627665053,-1.8279996695642589,False,0.4099705284764765,5.774827689445519,True,1.1201751326704534,7.600959546480296,True,0.27019772206266907,6.663311297456792,True,-0.038678827977297825,-1.5450155430415857,False,-0.16297929788001053,-0.6742417512266546,False,-0.10475033521914472,-3.9493006931852874,True,
LK1112215,-0.061731686669989766,-1.826363495769012,False,0.4482568258288933,6.149814464243872,True,1.124234480960702,7.76361085049941,True,0.2604221131350747,6.3144487004844745,True,-0.04536380329705106,-1.8413085622463619,False,-0.22240822588164577,-0.979035896388196,False,-0.11706144750360797,-4.254418809407241,True,
LK1112220,-0.06172894240697607,-1.8258819858377064,False,0.4770603202023128,6.443641744469445,True,1.0695071737203115,7.213186320191819,True,0.255556191575754,6.141099342898059,True,-0.04841731867989566,-1.9868530214218119,False,-0.053514764060997644,-0.27328361251187044,False,-0.13214304730919602,-4.6548333473587915,True,
LK1112225,-0.06173261950950703,-1.8257363615484892,False,0.49440766981813744,6.616524622071792,True,1.0329987185401583,6.785580358383887,True,0.2532194650701994,6.057861594805462,True,-0.04960654449912028,-2.045003087322229,False,0.15155385082199294,0.7871620787254485,False,-0.14012004740575174,-4.842833557108311,True,
LK1112230,-0.06177029059746353,-1.827061734925827,False,0.47257662594255134,6.478132553908329,True,1.1397400675456462,8.119059037012818,True,0.2595839746769537,6.280218851285627,True,-0.044343292379660636,-1.8105246007127056,False,0.12934545235857503,0.7442597772961594,False,-0.12457929645905286,-4.434745048544469,True,
LK1112235,-0.06178927838318181,-1.8279471826860225,False,0.4477865560566006,6.239474613724459,True,1.1701884412342323,8.166281776129615,True,0.26497072615897754,6.471853080175798,True,-0.04061980756629693,-1.6429872663427851,False,0.006703068066486458,0.03520229744534888,False,-0.11629340561061269,-4.3005927187873105,True,
LK1112240,-0.06180615554262926,-1.8285970774901732,False,0.43479969061919266,6.112713154180602,True,1.184345812293718,8.137566646440435,True,0.26822521011310213,6.5875289955521,True,-0.03839099622876169,-1.5454475963059986,False,0.017137781526234245,0.08456400513134914,False,-0.1139459224284502,-4.26750834801317,True,
LK1112245,-0.061822215478284356,-1.8295990776904043,False,0.4006317118679422,5.714120375801108,True,1.0838956215196736,8.134116446153907,True,0.2751969236167801,6.838267313877666,True,-0.0339906786969202,-1.3471550575243487,False,-0.01269439885671056,-0.05140002578197196,False,-0.10755331691447435,-4.099749385392509,True,
LK1112250,-0.0619001546213047,-1.8319345830205758,False,0.3877210192447311,5.596935364891824,True,1.0274367156967652,7.471308321654111,True,0.28139533333463534,7.053159815252622,True,-0.028925291531766095,-1.138608102548682,False,0.14961488334479117,0.7290426758469148,False,-0.1130144525411673,-4.344220020721828,True,
LK1112255,-0.06191065786937728,-1.8329883547853405,False,0.3494674905119395,5.082259851286463,True,0.8133347767573634,4.65604343799297,True,0.2885308691455491,7.31045647244948,True,-0.025147376728645917,-0.9739193146835905,False,0.19537176024297598,0.9066894354567316,False,-0.10833065930462585,-4.219960035109025,True,
LK1112260,-0.061992652045078395,-1.835580746155748,False,0.33338028329481956,4.878522169835696,True,0.8703402793272872,5.7380239801629545,True,0.293585205377139,7.481985154219763,True,-0.020702424188335476,-0.7943728958966142,False,0.2624466069550873,1.1746080568771493,False,-0.11416228242486924,-4.464934144470152,True,
LK1112265,-0.06205374419745231,-1.8380932351506623,False,0.3034801388627134,4.4513150679428675,True,0.8946519317080195,6.327557691722526,True,0.2999805474915616,7.70507933227014,True,-0.01661291831705333,-0.6285979749299726,False,0.2807429007828528,1.65926478646766,False,-0.11391884109120301,-4.488306851594833,True,
LK1112270,-0.062215998189396826,-1.8434390703690307,False,0.27594731261313127,4.0496534451859665,True,0.8836498262929176,6.77805736670271,True,0.30642317165078053,7.920830049205464,True,-0.0119435284494777,-0.4476596398344378,False,0.10793337888516244,0.8268339746416812,False,-0.12007516214178231,-4.774435470860483,True,
LK1112275,-0.0627101662683416,-1.8594685341565402,False,0.231760068808333,3.373304178528108,True,0.7769235999459623,6.5236925326622455,True,0.3151460201846366,8.199083413837284,True,-0.005260597479926639,-0.19415291741816756,False,-0.01664322645518629,-0.16189636465460894,False,-0.12865546277621331,-5.264825538313759,True,
LK1112280,-0.06291182705362706,-1.8642348992289497,False,0.23516730941845848,3.4280902727324056,True,0.6771040216758084,6.0244531853945755,True,0.3155577074629692,8.205694383816699,True,-0.004173141133838636,-0.15455905826680089,False,0.00456731749639798,0.044770602057912896,False,-0.13323782189695457,-5.463765247393494,True,
LK1112285,-0.06265099393019187,-1.8564398878451074,False,0.24630587581473315,3.6008641632598146,True,0.703581234949221,5.9016443399065865,True,0.31324135352805277,8.136734107716517,True,-0.0060789610229529485,-0.2257722832563782,False,0.010946588339644542,0.10729697643506113,False,-0.12995889313461634,-5.284914571108558,True,
LK1112290,-0.06233442144085971,-1.8465097929218282,False,0.27509006019237775,4.042348704521352,True,0.7699719946911259,6.251811096816885,True,0.30740477761527996,7.947942761552467,True,-0.010355233534742192,-0.3885871112032376,False,0.06143111937376731,0.5451531804627068,False,-0.1257755660748522,-5.022940072414817,True,
LK1112295,-0.06207480898674684,-1.837702870926054,False,0.3353248675468928,4.92363313641302,True,0.8616597201535239,5.95250728160731,True,0.29519085244260035,7.531244061909898,True,-0.0187552814571662,-0.7204737630911582,False,0.19938787224853263,1.0804259112311998,False,-0.12037363249193417,-4.697716654826043,True,
LK1112300,-0.06197132395971353,-1.8337353499180575,False,0.39264358369192703,5.689854263241652,True,0.982223438611993,6.639538498703121,True,0.28292738014992425,7.099790168201126,True,-0.02667429251318421,-1.0506079689463492,False,0.15094819712254143,0.7460624933456789,False,-0.11869613804089281,-4.567914337162483,True,
LK1112305,-0.06188291125820141,-1.8306009738575206,False,0.4402681611765738,6.225507555613191,True,1.0544805697187036,7.621406084239911,True,0.27182945666355995,6.7091069819656,True,-0.034357413677117636,-1.3800323254516496,False,0.12025881966639776,0.6620991846324924,False,-0.1184764326835918,-4.443705355956765,True,
LK1112310,-0.06182044928602777,-1.8287688419227335,False,0.4493475243911642,6.287818280340991,True,1.1575975805972205,8.370277974363969,True,0.26675535255090677,6.532880481981006,True,-0.03867964520710598,-1.562829112861919,False,0.12633160281831607,0.763371269259643,False,-0.1171907364693818,-4.334957440640773,True,
LK1112315,-0.06183093928374805,-1.8285536114891452,False,0.48440366372446236,6.635476236209135,True,1.0237118479770506,7.1949546243265035,True,0.2621605934991241,6.3666821273618455,True,-0.04082534790517867,-1.6634809352656235,False,0.18825055639365793,1.106773893607178,False,-0.11951534815143268,-4.232309384788882,True,
LK1112320,-0.061784787308672935,-1.826905600639735,False,0.5103205012863238,6.81494022781693,True,1.0045198263734578,5.9302833970440565,True,0.2547916776821984,6.108528556573969,True,-0.04670251248286405,-1.9256169044745008,False,0.4062660184865393,2.1551327307414634,False,-0.1278495011415837,-4.289700009042295,True,
LK1112325,-0.061741952130556915,-1.8257520706928363,False,0.5106320371950397,6.769004049640767,True,0.9812952852525747,5.338956558263607,True,0.25148328684851434,5.995811563973046,True,-0.050207847762302325,-2.076778378001794,False,0.39504298889685,2.0783420892041296,False,-0.1451104261509921,-4.856737964401301,True,
LK1112330,-0.061860203198393304,-1.829155894402941,False,0.49586233003540475,6.7434818878450695,True,0.993154990880822,6.34784720689677,True,0.2620827507917065,6.361164006494695,True,-0.04015514193707229,-1.6385540149043627,False,0.16201438130551615,0.868887527386648,False,-0.11698519402034685,-4.206822091266302,True,
LK1112335,-0.061918709386418906,-1.831129358923765,False,0.4703085276323783,6.537753868631479,True,0.9579761506434828,5.956656650384812,True,0.2692229965437563,6.611824823264672,True,-0.034831492118281265,-1.4067338961659086,False,0.11942800601492805,0.6437489369313887,False,-0.1194725496922453,-4.391239274602736,True,
LK1112340,-0.061973873305896994,-1.8330762451614775,False,0.43925341268763746,6.238229736557248,True,0.9373468055741971,5.933745120800419,True,0.2762726245450774,6.859667035175855,True,-0.030232959165677916,-1.2088901749920393,False,0.09936197685398017,0.5340605299505143,False,-0.12120495730236033,-4.574060236735632,True,
LK1112345,-0.062155705054384246,-1.8392375990209688,False,0.35851052658317967,5.267464061012209,True,0.9011921914514902,6.558171063938022,True,0.29257932085180127,7.430177185982494,True,-0.01929373465982915,-0.7492043493548178,False,0.1295175057567095,0.7864649920044133,False,-0.12436598198339796,-4.846368588420505,True,
LK1112350,-0.06214152746312489,-1.8394732270099148,False,0.33374822151990297,4.910984089277316,True,0.8437940943558885,6.423958908311017,True,0.2963896452880678,7.568184324843409,True,-0.017557331620966933,-0.6751486228531247,False,0.1546833160014312,1.0263304668181996,False,-0.12326986511015064,-4.825694037438879,True,
LK1112355,-0.06241450413954096,-1.8482359548113498,False,0.28147679985255336,4.144130851002142,True,0.739330755684727,5.951713746734336,True,0.3066002366426227,7.91471516434747,True,-0.010250620084492129,-0.3866573691923415,False,0.05604337943257919,0.5128256282483561,False,-0.1279382798718601,-5.142375228114883,True,
LK1112360,-0.06241787538933141,-1.8477441900547642,False,0.2951397938572933,4.354721714828472,True,0.7639344083043805,6.138207361967484,True,0.3046102357717827,7.844248429275185,True,-0.011364821455063113,-0.43158568233061717,False,0.06508218022439455,0.6005623806541913,False,-0.1285421080813362,-5.1543725767905535,True,
LK1112365,-0.062067392140870085,-1.8359771886618268,False,0.4120199699511485,5.946248356385368,True,0.9919038710537025,6.547093580457231,True,0.28315750209251345,7.098567327170731,True,-0.02512133548192163,-0.9930218414043516,False,0.09766146134981372,0.5420817274979555,False,-0.12277436267805039,-4.697941535480218,True,
LK1112370,-0.06217756018116909,-1.8393098977326496,False,0.38425128936514535,5.615231928231487,True,0.9645743642755326,6.883032004818746,True,0.2893820902505513,7.313849384482282,True,-0.020776190383285292,-0.8134973618926766,False,0.10366940603457717,0.6351903382354378,False,-0.12485917136822869,-4.84400233842588,True,
LK1112375,-0.06209193222999704,-1.836282168482478,False,0.43375773470119716,6.191831752888972,True,1.050056182764085,6.8370292316218615,True,0.2811796060175143,7.025698951335589,True,-0.025988582094535178,-1.0328239821265177,False,0.13829271278267827,0.7543003822310547,False,-0.12314373380003857,-4.68542544826384,True,
LK1112380,-0.06193816770161342,-1.8311822431894622,False,0.4971364800193302,6.770060648304363,True,1.15195991611451,7.1727088901971,True,0.26577789007159686,6.48682009624108,True,-0.03657463799646929,-1.4881740434867206,False,0.18975728972857508,0.992198258929654,False,-0.10996841910885288,-4.161714938055278,True,
LK1112385,-0.06189140118459209,-1.829888553092393,False,0.5007920719859603,6.792534308717239,True,1.0856379638163713,6.889133719584176,True,0.26283019711941885,6.38533485721858,True,-0.03910101057858941,-1.5960294234711945,False,0.1793097311262089,0.9335914424324047,False,-0.11196221258479652,-4.133489014753616,True,
LK1112390,-0.06189990318587412,-1.8297738607714118,False,0.5166845838511098,6.908717725921115,True,1.197839837067265,7.267490714014159,True,0.2599737598794902,6.282976213616219,True,-0.04070494154518412,-1.6702882870575728,False,0.2014917006629377,1.0288158637656386,False,-0.0878866975177482,-3.410418327395746,True,
LK1112395,-0.06188801599540504,-1.8290124643849683,False,0.5332975183791636,7.007939970188437,True,1.1901992453082606,7.047185151571909,True,0.2550505818623808,6.110240688665319,True,-0.043964249083800644,-1.8160083192282155,False,0.1811369121403435,0.9174924899141965,False,-0.04071945669111527,-1.427972125241387,False,
LK1112400,-0.061951347845188354,-1.8309687569886737,False,0.5207094626893275,6.939656951488628,True,1.2156663582764935,7.264608833038869,True,0.26111753927571324,6.320057513370633,True,-0.03924042012244725,-1.6100797128099291,False,0.20011530717236065,1.0182197110554854,False,-0.06600593981529385,-2.5916223353358805,False,
LK1112405,-0.06202721720862385,-1.833826957036294,False,0.4795538552464917,6.634429431991894,True,1.155475120092128,7.1664567008169975,True,0.2724573489628104,6.718346811489796,True,-0.031659290221866365,-1.2778463316576663,False,0.1922901300323002,1.0061489147637546,False,-0.11490136327676648,-4.385962257879216,True,
LK1115005,-0.06250847182389511,-1.8742642846165363,False,0.17176585898200164,2.426001388722759,False,0.7310347013310996,8.083761540664332,True,0.3278090243718783,8.553763025036115,True,-0.005440641338338771,-0.19789708823330024,False,-0.023942147748040696,-0.7526358457795856,False,0.11298924804656539,3.6736187027209914,True,
LK1115010,-0.062428457193687455,-1.8728728608531147,False,0.17127543160602998,2.4181060989179457,False,0.7378230744187154,8.175842687268146,True,0.3281224932613735,8.562441382525865,True,-0.005270350556894866,-0.1912282870869043,False,-0.04217934719599788,-1.4766493793547653,False,0.10285239833261761,3.414568932525041,True,
LK1115015,-0.062428231129941995,-1.8743623600910135,False,0.1708163884105187,2.410654487767522,False,0.7388820995167004,8.168425767410396,True,0.32879561001851854,8.581799276720332,True,-0.00370572138904632,-0.13351652109398116,False,-0.04825727116148347,-1.8262968120936078,False,0.07134936919504486,2.449876547680808,False,
LK1115020,-0.06244660032294995,-1.8759749426711705,False,0.17072023142879245,2.4088615405652845,False,0.7434436568158732,8.02272651360117,True,0.3291561241627418,8.592059449121509,True,-0.0029963318057803635,-0.10764718292974937,False,-0.046288165451554536,-1.8969164914406265,False,0.04527909294949679,1.5495108729526361,False,
LK1115025,-0.06235828492219305,-1.8739826126073909,False,0.1704567428943424,2.4046091785913815,False,0.7556841232282798,7.973814472482316,True,0.32922283581499046,8.593633567747434,True,-0.003173942271534798,-0.11393402749871083,False,-0.0351442308197806,-1.4390217675602754,False,0.03439195426220293,1.1246080583654,False,
LK1115030,-0.06240410940805209,-1.8762416501221608,False,0.17043412543398073,2.404017659604996,False,0.7230376361228724,7.241356397797689,True,0.32954699977538787,8.602836800852645,True,-0.002144944165276076,-0.07670327825935795,False,-0.025504372475887598,-1.220920730049521,False,0.01679755811841724,0.537423774785316,False,
LK1115035,-0.062277556237280186,-1.8729884287185625,False,0.17016799052817133,2.3997717393833744,False,0.7127234781616205,7.310221732657567,True,0.3295706779212983,8.60315289291739,True,-0.0028002103549285015,-0.10021638837534025,False,-0.01973864671798106,-0.9215363242166094,False,0.013451114784749434,0.4135068008959116,False,
LK1115040,-0.06226823775038651,-1.8732658399136137,False,0.1701105633035846,2.398741124852086,False,0.6943446635840904,7.061386945100942,True,0.3297107199514905,8.607020705180073,True,-0.002516602304221161,-0.08994674733221203,False,-0.021196517051449166,-1.0224656439010689,False,0.004796628612469427,0.14277612878254353,False,
LK1115045,-0.062345564496029536,-1.875386580462338,False,0.17025429880504617,2.4010030538334193,False,0.6874349531188392,6.976403945554138,True,0.3297324896056355,8.607813238816304,True,-0.0019955678179291725,-0.07124620045284102,False,-0.02252673045433544,-1.100573206020516,False,0.004088996659876724,0.12355363284212087,False,
LK1115050,-0.0623957364622737,-1.8770041430410864,False,0.17030193737458718,2.4016965354596596,False,0.6805091211179797,6.969315158276313,True,0.32982496389479204,8.610473347038539,True,-0.0016899770158182756,-0.06030230847567613,False,-0.02588628993668727,-1.307785601554539,False,-0.0008381037475050715,-0.025189077008797953,False,
LK1115055,-0.062381830671786875,-1.8761314673946072,False,0.17033420348813322,2.402324652345245,False,0.6913555878258608,6.9898632711539825,True,0.32966749818165797,8.606103448029183,True,-0.0019728442110144937,-0.0704686381705003,False,-0.02399400948929188,-1.1751965355554175,False,0.007721055109830373,0.23751695005970985,False,
LK1115060,-0.062341794991438014,-1.8749774960950794,False,0.17026665104022387,2.4012752296102806,False,0.699799363595007,7.130706231102922,True,0.32966237108006546,8.605878536175544,True,-0.002193174482904984,-0.07836430603048869,False,-0.022970039565091423,-1.1130604806267068,False,0.009132347175555113,0.27980588939955864,False,
LK1115065,-0.0625394946140342,-1.8793218852296962,False,0.17075125271909158,2.409173103328349,False,0.7292592531602815,7.68756074179711,True,0.32939842622387827,8.599063500367802,True,-0.0019500168403739028,-0.06982884567593158,False,-0.04166012026202149,-1.8870407872015897,False,0.02893648473287491,1.0003874497111522,False,
LK1115070,-0.06256521343332205,-1.8780655549412548,False,0.17121193627099046,2.4168861234486254,False,0.7023723442298182,7.594036408695187,True,0.3288468499917114,8.583762233499165,True,-0.003134079859821378,-0.11291743142214354,False,-0.05166751510240929,-2.0873946872004585,False,0.07884375836211846,2.83636661194693,False,
LK1115075,-0.06256144679502237,-1.8767961955795411,False,0.17146217642012054,2.42111252756357,False,0.7165531684795676,7.740075998124184,True,0.32833969290978077,8.56930395927536,True,-0.003688511794692036,-0.13324862994249764,False,-0.04155828783602672,-1.563439842542076,False,0.10291601723748955,3.4913112048305686,True,
LK1115080,-0.06261256869162478,-1.8775878982683103,False,0.17182323222367685,2.426919459225932,False,0.7073533210060734,7.693231718105344,True,0.32805063291410425,8.561223179947827,True,-0.003753393107191745,-0.1357783311121942,False,-0.02148049670493763,-0.7096506333002477,False,0.10243218154550779,3.494736317425785,True,
LK1115085,-0.06261747897619879,-1.8768498209977036,False,0.172305608907479,2.4345819971565246,False,0.7042035151464392,7.843920451029333,True,0.32772309522498505,8.551851361614432,True,-0.004184144960636377,-0.15170177947083782,False,0.008285331561507306,0.22338797447955538,False,0.10665656455011092,3.5335411833849393,True,
LK1115090,-0.06268970724955529,-1.8776547637774457,False,0.17314194130780022,2.447930342570079,False,0.6917525794799064,7.761917925922326,True,0.32717808483180044,8.536490406051422,True,-0.0044857608752945895,-0.16311762746822117,False,0.12911840068047736,1.702655528369502,False,0.10066586580823299,3.281628161488616,True,
LK1115095,-0.06279792515823876,-1.8814326111710782,False,0.17295990785583323,2.4450435174101055,False,0.6627841113441222,7.358044848319219,True,0.32762824308088173,8.550007182162805,True,-0.003045327999700197,-0.11021349040884372,False,0.1128336086578322,1.4419359557258582,False,0.09010466913317786,3.1160873840511076,True,
LK1115100,-0.06276857197916189,-1.8820192224319756,False,0.17225236078133693,2.43362052955475,False,0.6526688226543822,7.085051599427175,True,0.3281867672103968,8.565754829742339,True,-0.002488303574633429,-0.0897416505696558,False,-0.01058699698407331,-0.3487566189482412,False,0.0851676850849523,3.1027932758678984,True,
LK1115105,-0.06267316352872881,-1.8800334217731678,False,0.17181532450716036,2.426579425585965,False,0.6695026213842824,6.993108424466654,True,0.3284912667411568,8.574079454422302,True,-0.0028716974091940674,-0.10356077201131346,False,-0.03443790998178312,-1.2656134176823368,False,0.09303943384017258,3.2917859208041342,True,
LK1115110,-0.0626933257283126,-1.8811976675511428,False,0.17164730009653384,2.423813837410812,False,0.6628714882411484,7.007095437990499,True,0.32865417942595393,8.57870169274752,True,-0.0023102602264978398,-0.08311669931213585,False,-0.049394887745053066,-1.9992868086973719,False,0.08249969840710772,3.044856993679665,True,
LK1115115,-0.06270090787253171,-1.8820346170828517,False,0.17145273416166434,2.4206207600521776,False,0.6688771787848022,7.19035555646346,True,0.32885801008460414,8.584428684639292,True,-0.0019062205200547821,-0.06844947147553572,False,-0.054567907845611455,-2.3187774338109093,False,0.07195714036146852,2.714206326639809,False,
LK1115120,-0.06260344288494916,-1.8803540040655158,False,0.17102191464378605,2.4136018083768533,False,0.7136423838905541,7.763164056744041,True,0.3291560153256964,8.592470839183623,True,-0.0019541326901875333,-0.07005819451175277,False,-0.05322169376547459,-2.2778821908976106,False,0.04600156512840899,1.6833890861943215,False,
LK1115125,-0.06270376260431183,-1.8828663069691038,False,0.1712296592486194,2.416942409532736,False,0.6911237658249325,7.530513189312461,True,0.3291859452071174,8.59362725858432,True,-0.0016850328705044213,-0.06043149684908179,False,-0.055167255069399755,-2.4557531021975607,False,0.051181578659515455,1.9651670530121603,False,
LK1115130,-0.06250798590785789,-1.880033640343237,False,0.17054174775256026,2.405454142779973,False,0.6716926792850816,6.902331767302092,True,0.3297425510398197,8.6083653170211,True,-0.0013553667071957186,-0.048371259234103466,False,-0.02870253582445806,-1.4835331304770436,False,-0.0016268719869291133,-0.050533905107530926,False,
LK1115135,-0.06246879334351576,-1.879241021956181,False,0.17044442298619633,2.4038558017687177,False,0.6741780784676923,6.954574743984661,True,0.32978960408662195,8.609552119862022,True,-0.0013544672969161677,-0.048310606921440354,False,-0.027792631535161785,-1.4363732227052286,False,-0.005415987068028857,-0.16477180348954168,False,
LK1115140,-0.06238804948791936,-1.8770843131944304,False,0.17030217923808502,2.4016137134212947,False,0.6785246532753643,6.978544706561988,True,0.3298739824583596,8.61177230244616,True,-0.0016295421782306268,-0.058124820380017136,False,-0.026301324211126683,-1.3424918348857073,False,-0.0050605141322948004,-0.15045894994244968,False,
LK1115145,-0.062476617059499404,-1.8797458322680005,False,0.17042718424292191,2.4035053237724813,False,0.6703303010645982,6.919964951061683,True,0.3298714364605069,8.61179075670984,True,-0.0012070035978150727,-0.04302668514638691,False,-0.02846001829444309,-1.4852316659291218,False,-0.010180211395788105,-0.3068148066066567,False,
LK1115150,-0.06260619310652275,-1.8823681021408745,False,0.17076030187896157,2.4089089776772403,False,0.6653959732997654,6.849325768508632,True,0.32968859955753943,8.607073547261223,True,-0.000981689898439591,-0.035029162481764596,False,-0.03542175315592913,-1.9070656677826776,False,-0.0012182894039631138,-0.03923766139391685,False,
LK1115155,-0.06259227465899335,-1.8818516725567918,False,0.1707394429943228,2.4086817769692987,False,0.6724766609192481,6.837049727182699,True,0.32965384755335453,8.60614059771326,True,-0.0012887390490943838,-0.04603764613561547,False,-0.032335491020570546,-1.6709155632748953,False,0.005828640018221962,0.19081149261431038,False,
LK1115160,-0.0626652833568681,-1.8834756088120579,False,0.17091773583823824,2.411449864986953,False,0.6716459012693554,6.97380495952833,True,0.3296348290877594,8.605764535058665,True,-0.0008274879035140594,-0.02953720925084503,False,-0.04020007550095986,-2.1897213030772233,False,0.0026832875734213585,0.09002284482918294,False,
LK1115165,-0.06269049267055005,-1.8841010191859873,False,0.17098386836802215,2.412621273982109,False,0.6948985503364855,7.301156659061596,True,0.32954244695799506,8.60329084605306,True,-0.0011083961418527242,-0.03961998275288184,False,-0.04262116552649882,-2.22842334987396,False,0.012906689809965857,0.44934264685834463,False,
LK1115170,-0.06279437885648159,-1.88606576367777,False,0.1713211566772617,2.41809731716045,False,0.7014491731281853,7.6840940729782075,True,0.329357631248015,8.598483100561001,True,-0.0009346557635298822,-0.03344210314819374,False,-0.05390275782043158,-2.9942083386516707,True,0.026255515403920415,1.0063734909435134,False,
LK1115175,-0.06283606656162334,-1.8855389549384851,False,0.17176912785784199,2.4256457091441987,False,0.6462043465447384,7.036776242196657,True,0.328891931186474,8.585816814918019,True,-0.0015270223134913235,-0.05484716071723238,False,-0.05387189028708604,-2.328675442711295,False,0.05963826933525344,2.33212656131749,False,
LK1115180,-0.06301667377125664,-1.889547910102376,False,0.17257493433455298,2.4384676659651467,False,0.6271997160979532,6.775182886394854,True,0.3285720913787132,8.577414169461404,True,-0.0013122392679374777,-0.047213340656049214,False,-0.04997924529794105,-2.019709915537797,False,0.04524277386629678,1.8303846036344402,False,
LK1115185,-0.06298274012384185,-1.8871352596424111,False,0.1731154296459001,2.447365399844422,False,0.6103470875918284,6.4090014699787785,True,0.32817502177841784,8.566429586303878,True,-0.0018894319653053285,-0.06818218339375154,False,-0.04798803070320208,-1.2150680246436054,False,0.06804859380099103,2.5196159866729753,False,
LK1115190,-0.06292724226758972,-1.8838854409491115,False,0.1740533856416643,2.4624200160242617,False,0.6530113363502343,7.101814265446142,True,0.3272612776655409,8.540255852501867,True,-0.0027781834134690086,-0.10065959204001378,False,-0.0064144794985076525,-0.09993654662390881,False,0.08321144428948563,2.718698160589865,False,
LK1115195,-0.06320266390673039,-1.887748983645233,False,0.17909813194889918,2.541733803792245,False,0.8148744298123107,7.735522274448643,True,0.3253797334604834,8.488880701369954,True,-0.0030690593402183165,-0.11176276601868831,False,0.019517909384470473,0.3559503461095759,False,0.03416614181098339,1.1221583749424677,False,
LK1115200,-0.06312774223145122,-1.8859487861501782,False,0.17850118668728454,2.5323204716191614,False,0.8078466499262865,7.826593117900924,True,0.3256382156516688,8.495861874620346,True,-0.0034500915242466393,-0.125733723718359,False,0.0211930749951998,0.3727341996793948,False,0.04335286659238096,1.373554629777224,False,
LK1115205,-0.06317798175175306,-1.8892753144521437,False,0.17618273440389423,2.496013017289938,False,0.734888610487344,7.266039951307699,True,0.3266932962795605,8.525647220574049,True,-0.002252388503607867,-0.08170156138018018,False,-0.01881079978089583,-0.37686182971593496,False,0.05243065503912145,1.7143321519552668,False,
LK1115210,-0.06321700969802642,-1.8914545593071022,False,0.17517271400896303,2.4800452829728923,False,0.6970438047359488,6.921786076916023,True,0.32726028343390196,8.541697012537954,True,-0.001762913739544438,-0.06380954512355269,False,-0.04133138907476659,-0.8514967166704884,False,0.04714500405252968,1.6489122820795672,False,
LK1115215,-0.06320315800063098,-1.8920541064143803,False,0.17420044604246906,2.4645804287407245,False,0.6633985705370347,6.723549010532083,True,0.3278208531092698,8.557389719340035,True,-0.001115595786208291,-0.0402578335337099,False,-0.06871875935534048,-1.512941045934823,False,0.03565172652131891,1.3647324676407038,False,
LK1115220,-0.063104649436146,-1.8906524602433914,False,0.17340447122881592,2.4517868366851854,False,0.6297985628221411,6.5842330930622905,True,0.32811476556930685,8.564987178639612,True,-0.0014096508914037196,-0.050827023324131165,False,-0.08126776502028041,-2.136420810716363,False,0.048788442711009565,1.8888984765491612,False,
LK1115225,-0.06295593346132515,-1.8888050049716014,False,0.17200939590123568,2.4292626271584714,False,0.641769969742636,7.229771915488167,True,0.32892701101378463,8.587059627352048,True,-0.0008799121400842488,-0.03156910906120957,False,-0.051524862581587276,-2.421001501382042,False,0.029067539233371964,1.1897466591405956,False,
LK1115230,-0.06274760267639005,-1.8862673312489986,False,0.170929597444921,2.411491805408131,False,0.6648929594328912,7.058558084472255,True,0.32967721846586734,8.606943586704839,True,-0.0005462238238864082,-0.019490709944927572,False,-0.0451753265613984,-2.5884624740432516,False,-0.008503483390296456,-0.28730313969517657,False,
LK1115235,-0.06298548361032878,-1.891982426955215,False,0.17148917208766135,2.42038711006633,False,0.6625405027356189,7.321343571952043,True,0.32958641111563486,8.604955456395007,True,-8.41593355170034e-05,-0.0030065009152974885,False,-0.05822793450335685,-3.6089545366943856,True,-0.004349904053239315,-0.16277143499493774,False,
LK1115240,-0.06315241416267753,-1.8952319279446954,False,0.17208065052921384,2.4300160269658186,False,0.6486398311108557,7.2868978805366424,True,0.3292659602667226,8.596652561798741,True,-2.867106852192761e-05,-0.0010265146094023277,False,-0.06418683286894089,-4.015901730086358,True,-0.011838459125983317,-0.4609438518817118,False,
LK1115245,-0.06310615600582467,-1.8926086775088922,False,0.17237866487386078,2.4350923284184236,False,0.636028076769977,7.144656014636316,True,0.32891289589324546,8.58707515175422,True,-0.0004495987965667824,-0.016131496597803628,False,-0.05776175293946224,-3.073913075247139,True,0.004321345191047233,0.17686494317494822,False,
LK1115250,-0.06328468265135999,-1.8973836176618775,False,0.17276749692862886,2.440998270011408,False,0.6456749441330525,7.179159923850729,True,0.32900372830235586,8.589890141391352,True,0.0002625572670858779,0.009412515230239856,False,-0.06949623739946036,-4.025148993980822,True,-0.03323823923793978,-1.3628888057650075,False,
LK1115255,-0.06327445577909784,-1.8963700131610672,False,0.17305180349340457,2.4458256048922435,False,0.6398719653211019,7.045153082080933,True,0.32866825468925764,8.580760839687116,True,-0.0001521448553451252,-0.00546460161393317,False,-0.06716625374368337,-3.4188248820194542,True,-0.014815492796080989,-0.6439931264915666,False,
LK1115260,-0.06328688907195933,-1.8955342032324525,False,0.17363568288238768,2.4553040532279575,False,0.6497559369191117,6.832645509282821,True,0.32829172181525756,8.570545089811517,True,-0.00034624721187232176,-0.012457936094522464,False,-0.07950119772991326,-2.353078538656313,False,-0.0019291396403586306,-0.08303216760590473,False,
LK1115265,-0.06342800830812437,-1.8982242946009789,False,0.17463105432863002,2.4711835648476774,False,0.6685195138423689,6.697069472647376,True,0.3279866718031955,8.562704621176726,True,-0.00018970679985053478,-0.006835594032440222,False,-0.06382371515040183,-1.5778757654667326,False,-0.022859165916297858,-1.0165373014769135,False,
LK1115270,-0.06332057698672701,-1.8933839914495119,False,0.17590751790227804,2.4916947429520193,False,0.7017357470046318,6.786822764919589,True,0.3270549168980677,8.536610013114377,True,-0.0009134493476710083,-0.033018129343967376,False,-0.033640965260733804,-0.7415971947927641,False,0.013364945667774717,0.5204613498339308,False,
LK1115275,-0.06329598889717604,-1.8915668521546602,False,0.17703748978457884,2.509644316981583,False,0.7342295052373338,6.929813791978489,True,0.3265181544545731,8.521732157678471,True,-0.0014956858106763152,-0.05420042021629157,False,-0.013730792770346674,-0.28714479457319875,False,0.021657010778393618,0.7911244949447478,False,
LK1115280,-0.06331021432925626,-1.8905286766527614,False,0.1790519201296996,2.5413598076251516,False,0.7605374702654271,7.235720167652905,True,0.3256306931669498,8.497076132396296,True,-0.002102936801949713,-0.07640836118493627,False,0.01520922847872936,0.2909052962582975,False,0.01456954015784871,0.529573392341542,False,
LK1115285,-0.06343615462142006,-1.8948131113219961,False,0.17798157617157168,2.5245894409992733,False,0.6905466896342737,6.42809101209177,True,0.3264293034224044,8.5202026130015,True,-0.0010975702806563436,-0.03976972378836708,False,-0.0060818141780704035,-0.12892074904037773,False,-0.008120810862243293,-0.32949461046487744,False,
LK1115290,-0.06352929501323205,-1.8989298929958414,False,0.17651239938899332,2.5011789829326876,False,0.6464673554104163,6.204061024883002,True,0.3270906083236177,8.538377535420816,True,-0.0003377148120951767,-0.012201779321100814,False,-0.031034602108609147,-0.7162142067932171,False,-0.033976448051445875,-1.4993553517369427,False,
LK1115295,-0.0635578712948668,-1.9007113971001621,False,0.17541375170361434,2.4835074713116208,False,0.6271384342445816,6.2395550015232795,True,0.32770579679563655,8.55533579455546,True,0.00034163148852088136,0.012312038415937233,False,-0.05055148785083158,-1.2618388033541128,False,-0.06497090165670737,-2.933019183085629,False,
LK1115300,-0.06335764264232209,-1.8983306903885568,False,0.17325058039863317,2.4486826022465014,False,0.6490184488223563,7.125847213502518,True,0.32872268297824164,8.582340312474482,True,0.000464457601684629,0.016664719128758155,False,-0.0791912831447505,-4.472654879870895,True,-0.05283079346183716,-2.3268171677489247,False,
LK1115305,-0.06317932345021247,-1.8951114548593302,False,0.17227407674970394,2.432775074712633,False,0.6698877426674756,7.338997278637546,True,0.3293377825886935,8.598585550399726,True,0.0005882312055221465,0.021037520383089436,False,-0.06780601440242447,-4.323455273187226,True,-0.03460346337446828,-1.4414180187733572,False,
LK1115310,-0.06306526984728116,-1.893119217143522,False,0.17177102324156152,2.424731817301306,False,0.6660750500418664,7.334365312241245,True,0.3295356776935091,8.603687668986765,True,0.0003626236579722918,0.012954129988719528,False,-0.06313609685783131,-3.9775306803733805,True,-0.017386183112226665,-0.6905582281075378,False,
LK1115315,-0.06317068891942135,-1.8946613330048023,False,0.17219430164489138,2.431336539035236,False,0.6811013740461545,7.4152095202872115,True,0.32941592585605484,8.600548234997964,True,0.0007890437368829135,0.02820499530306141,False,-0.07065017082930493,-4.601568929783182,True,-0.042485909407924606,-1.8404564659461142,False,
LK1115320,-0.06331202172353761,-1.897160874902292,False,0.17288129187007945,2.4425296700579837,False,0.673243295306714,7.28969874968206,True,0.32906339956964226,8.591485965267616,True,0.0008192080417032522,0.029349844547009615,False,-0.07458956163329482,-4.786491801292638,True,-0.0645133446165859,-2.8500998718871084,False,
LK1115325,-0.06361972479603135,-1.9006834461487432,False,0.17705627785468647,2.509792006212477,False,0.5920655762041185,5.671375093124628,True,0.32701393657220684,8.536789982317988,True,0.00015446883343340383,0.005579361838139133,False,-0.024782735322450244,-0.581084438257504,False,-0.06678615654125383,-2.9891126175934986,False,
LK1115330,-0.06361123203432074,-1.8988269161877152,False,0.17931918349647719,2.545709713409322,False,0.6213555694883952,5.858363070597705,True,0.3261162067870843,8.512371721595084,True,-0.0006540304718429597,-0.023698179772488243,False,0.008646859335076428,0.18321896660326323,False,-0.04652955970213339,-2.0498099240614485,False,
LK1115335,-0.0636448055689968,-1.8987928652595027,False,0.1796064478605428,2.550262546804103,False,0.5329552917058918,5.2204692631383915,True,0.3262531810888037,8.516860631080712,True,0.00011306876646971755,0.004093742765837085,False,0.012487326826874246,0.28212323644505494,False,-0.1002317261263417,-4.351752230242647,True,
LK1115340,-0.06362918100159642,-1.8999116700002299,False,0.17752410828208165,2.5171380827506664,False,0.5314826492195313,5.18353479739729,True,0.327032599170627,8.537791011107402,True,0.0005135570500685679,0.018552259512457554,False,-0.020198851928350414,-0.4784858472623929,False,-0.09663430638731832,-4.159539267979284,True,
LK1118005,-0.06348931168070458,-1.8999190748237873,False,0.1744549994329563,2.4679997539669003,False,0.6419212674709905,6.852478462101042,True,0.32822839774201124,8.569384402231917,True,0.0006742813637079274,0.02424394073788707,False,-0.07813417411606344,-2.512883067958475,False,-0.07219182962621792,-3.2671262416073343,True,
LK1118010,-0.06345276931297829,-1.8992913158000284,False,0.17403013876626808,2.461083476673757,False,0.6492744766849425,7.0339339690542575,True,0.3285468988684587,8.578027273607214,True,0.0007766055919911214,0.02789985460303689,False,-0.09698046157956536,-4.307479695362343,True,-0.0786304034806593,-3.5039321129253853,True,
LK1118015,-0.0633868983157897,-1.8983074254893244,False,0.17336314488580118,2.450337502029242,False,0.6639294131842804,7.162994175245788,True,0.3288344761863746,8.585555767284657,True,0.0008353324119221797,0.029968018115461556,False,-0.086250731880968,-5.221468187542543,True,-0.07558095939833903,-3.38850120999505,True,
LK1118020,-0.06340738598156302,-1.898142847457603,False,0.17360008599574409,2.4537851010311234,False,0.6902153911683742,7.333140296837696,True,0.32881856733666986,8.584842331983033,True,0.001255240445111267,0.04501315891062651,False,-0.09176348424547352,-5.869844700901504,True,-0.09500299767438913,-4.311683913544122,True,
LK1118025,-0.06329998456390856,-1.8964737534895642,False,0.17284504824714822,2.4415651901484683,False,0.7036049520893095,7.520819218173669,True,0.329175132138333,8.594074571323185,True,0.001256021336015076,0.04494773262122206,False,-0.08025121276911178,-5.398815290071307,True,-0.07968330474729117,-3.7117509688518453,True,
LK1118030,-0.06342830572142072,-1.8981580242354907,False,0.1737214030120479,2.455512064252146,False,0.7101292615327237,7.402927834805988,True,0.3289766045227139,8.589060833001604,True,0.0015572734351984947,0.05583156923188167,False,-0.09451461128781444,-6.377873956929296,True,-0.1053649957499766,-4.751172818860747,True,
LK1118035,-0.06354203763992258,-1.8991275166277206,False,0.17484151804200138,2.473090346257223,False,0.7140676545772009,7.517697339593471,True,0.3286071486612623,8.578682136563772,True,0.0021492299083190982,0.07715595155692927,False,-0.10441249443227915,-6.344144021627122,True,-0.12449843911579814,-5.36908238455213,True,
LK1118040,-0.06360148183377337,-1.8994946948848332,False,0.1757664911821195,2.4879108531717513,False,0.7090230201864944,7.48112032570021,True,0.3282713852788507,8.569838316537956,True,0.0022516334457267566,0.08095408845536828,False,-0.11453867559179937,-4.677811274052972,True,-0.12963941357214134,-5.475436256875424,True,
LK1118045,-0.06355441571097153,-1.8993986545472838,False,0.17516264175522842,2.478584148063137,False,0.7053577846207467,7.429743875415009,True,0.3283400073377575,8.57210314694186,True,0.0017472921904627353,0.06280759384872693,False,-0.11053459564743259,-4.564766864567854,True,-0.12146696961911968,-5.200182407850882,True,
LK1118050,-0.06346590287519178,-1.8990073475805078,False,0.17408381096139428,2.4617146661603257,False,0.6657974287315465,7.125957167203437,True,0.32859565765778675,8.57921899650311,True,0.0011920648034164883,0.04280410234209723,False,-0.10124654912499115,-5.104550465152762,True,-0.09894308636136034,-4.416228101694938,True,
LK1118055,-0.06356101932407437,-1.899767942744452,False,0.1753335262229774,2.481779025256664,False,0.64571517074961,6.908347409729936,True,0.32805199017107467,8.56484747064644,True,0.0012564959349119914,0.045218757020031836,False,-0.09084872946141276,-2.656969739649463,False,-0.11251270317845763,-4.8255773431446585,True,
LK1118060,-0.06358858435399099,-1.9001603264166103,False,0.17603652367972122,2.4932662686600366,False,0.5868831422674072,6.03134692591983,True,0.32768050144083494,8.555108154428977,True,0.0008091025479094874,0.029166717225011286,False,-0.046602999320849534,-1.1530719533068858,False,-0.09954009528162752,-4.285256185241546,True,
LK1118065,-0.063621480734503,-1.8997281891455364,False,0.17694055917725807,2.5075734498337816,False,0.5586954339573778,5.829548503720318,True,0.3274275507738984,8.548408362750337,True,0.0011067441842561566,0.039922592897076684,False,-0.042056136746799394,-1.0067394950519604,False,-0.11622413043833474,-4.878138984386196,True,
LK1118070,-0.0636481345851225,-1.8991181767864362,False,0.17820370797069365,2.5275899171364475,False,0.5340416534561735,5.5905403374250975,True,0.32716630626842014,8.541677503964065,True,0.0011813261549318743,0.04266631776940581,False,-0.026040896891372983,-0.571639648913414,False,-0.12547480452182677,-5.180674853074855,True,
LK1118075,-0.06365906733736501,-1.8984066233024723,False,0.17938482111402929,2.5464473148940194,False,0.5072973452541253,5.271403423347186,True,0.32663652354548073,8.527150477788744,True,0.0011426991578580622,0.04131401363968326,False,0.0009930897064111006,0.020600324635582843,False,-0.1290676216327003,-5.32592630401979,True,
LK1118080,-0.06365088670446274,-1.8978461699243423,False,0.18036120384255355,2.5621567227731883,False,0.4968412478668947,5.072036330496822,True,0.32622347000837887,8.516397902047986,True,0.0006773079778500298,0.024515647686500025,False,0.026960156645889157,0.578770626767514,False,-0.12352527769457287,-5.171008509502325,True,
LK1118085,-0.06365385341198432,-1.8967717658736054,False,0.1816846685241085,2.58303371094462,False,0.5282650745757463,5.3995803688834485,True,0.3259163196006966,8.507770432406195,True,0.000920566821330286,0.03334041582676538,False,0.02965958922446509,0.5552094693546402,False,-0.1326052384742437,-5.492252391224898,True,
LK1118090,-0.0636599917187139,-1.8969079212808397,False,0.1807819495376467,2.5683232338339796,False,0.6105229863086636,6.259973304813629,True,0.32653853186593496,8.524228157823826,True,0.0016640310160343558,0.060193977716548594,False,-0.04143580231602033,-0.8774582096147249,False,-0.13562300858752963,-5.5770854168006,True,
LK1118095,-0.06365607084893615,-1.8989950615969808,False,0.1783099592652685,2.5291391449977585,False,0.5768301210450146,5.954788260921663,True,0.3271074687167966,8.539605886066463,True,0.001484350792950982,0.053593186597962125,False,-0.040558657135830865,-0.9202693485329223,False,-0.1297754115679238,-5.353610406044018,True,
LK1118100,-0.06366377002981631,-1.898504927244843,False,0.17874640746841425,2.5357231850091804,False,0.6429883721730616,6.32739475446542,True,0.32724285934764014,8.542962932826178,True,0.0019175481419153916,0.06922392292519786,False,-0.08390490990299779,-2.3344542199332525,False,-0.13381263367789498,-5.5206425840801305,True,
LK1118105,-0.06364846925899868,-1.899317099010833,False,0.1775732234179503,2.517147795179598,False,0.6449439644317121,6.492236557339477,True,0.32735369037405615,8.545568634779809,True,0.0017615348001809245,0.06352626657875723,False,-0.08746403074304288,-2.3228000649073928,False,-0.13033891562871353,-5.402550839456505,True,
LK1118110,-0.06361663625250842,-1.8995726419298542,False,0.1765129546710331,2.5001957410230755,False,0.6762160468772243,6.963633591097446,True,0.3278176820719005,8.558214855453592,True,0.0017563131667396726,0.06325450584376008,False,-0.11221366769646773,-3.154169225100623,True,-0.1274257723045517,-5.320275794629146,True,
LK1118115,-0.06364721148170016,-1.8989665310695232,False,0.17749353099043463,2.5152276982519592,False,0.697167488357854,7.214339736123439,True,0.327767291659856,8.55596463492553,True,0.0025359015070926774,0.09131894493436601,False,-0.12393166179918633,-4.002318262313202,True,-0.13472706300101353,-5.594676994696908,True,
LK1118120,-0.06366642070355243,-1.8973796163407886,False,0.1798877502241703,2.5534374460427367,False,0.6784254350295833,6.789162174058473,True,0.32698552938133063,8.534883589752155,True,0.0025916755201896356,0.09354852750866292,False,-0.11186063015988514,-3.020655692665991,True,-0.1371477309977344,-5.666535987418843,True,
LK1118125,-0.06365049199452728,-1.8949566096212636,False,0.18338051605979294,2.6090145335296273,False,0.680835650088317,6.858681372435299,True,0.32608859823572284,8.510844489429402,True,0.0023173606367542583,0.08386955196193284,False,-0.10590251420882743,-1.9452547355906114,False,-0.13823653773727257,-5.709908240654362,True,
LK1118130,-0.06362375711420566,-1.8927813501144244,False,0.18646488295235839,2.6579026870218865,False,0.6942868380176339,7.032438264668648,True,0.3253502940420589,8.490448962704018,True,0.0022694268012352064,0.08225406168692657,False,-0.10472673571387234,-1.3297000640629684,False,-0.13875454930322295,-5.746113625284927,True,
LK1118135,-0.06364037178847563,-1.895361839594376,False,0.18284036044275534,2.6012270516211786,False,0.5910741190064323,5.839212027061823,True,0.32592369636475804,8.508207676132127,True,0.0012850478903697728,0.04655479494322332,False,-0.034491051355581746,-0.4999097253983223,False,-0.13617895198049712,-5.626364971318116,True,
LK1118140,-0.06359708853249209,-1.8924971104201842,False,0.18615471400371172,2.6538889531143304,False,0.6530590751614304,6.287123272943482,True,0.3251031703469346,8.48605628007113,True,0.0010168106264534008,0.036907098346533995,False,-0.10497452591839516,-0.9908436137680345,False,-0.13804693401052126,-5.7115323367701585,True,
LK1118145,-0.06356499079967576,-1.8897016296231337,False,0.1904426712452723,2.721383077150015,False,0.7035871796291762,6.804160525236868,True,0.32432011089089174,8.462822972836863,True,0.0016474786125632694,0.05983846976741454,False,-0.0796664715222703,-0.809225868371236,False,-0.13856523792035405,-5.755074027588226,True,
LK1118150,-0.06351011367213523,-1.8878676885615895,False,0.19196337882666753,2.746273291554293,False,0.7075792419397154,6.58821709005784,True,0.32372809623066345,8.448343107344666,True,0.0005688894037720107,0.02069659379786218,False,-0.0880914945650263,-0.8574369650160213,False,-0.13866339117339746,-5.7624221252281185,True,
LK1118155,-0.06342678095380258,-1.8839823911887217,False,0.19735943844278483,2.8322903807079567,False,0.7142271066578116,6.459966251406566,True,0.32234564153560497,8.408615450233473,True,-0.00010802243025770802,-0.003940479144673139,False,-0.06619167925292527,-0.6635883220394914,False,-0.13867529166163584,-5.758764509480482,True,
LK1118160,-0.06324759489359125,-1.877470749620439,False,0.20546170659531487,2.961140423140973,False,0.7315237723181909,6.197907678156781,True,0.3203224419239992,8.351932899353347,True,-0.0016584889393990586,-0.06068926576515678,False,-0.06273843823073974,-0.6294626408655879,False,-0.1370845458274371,-5.68029738468561,True,
LK1118165,-0.06319078633224451,-1.8744987521864307,False,0.21305158701143692,3.0809991786635123,True,0.6934656651893257,6.122127281271936,True,0.31944923023110045,8.325698409536772,True,-0.0016720027628186812,-0.06132939795822992,False,-0.03523026875361265,-0.3561563672469282,False,-0.13649019327520756,-5.634289973434126,True,
LK1118170,-0.06323952848124326,-1.8747077308518671,False,0.2199197913183941,3.1884055720305824,True,0.6733447107496846,6.147788904220124,True,0.3184152242945898,8.286748895455219,True,-0.0016722062893037284,-0.0616683566689207,False,-0.014841209972637801,-0.14632128213591875,False,-0.137069796528746,-5.6731795118772155,True,
LK1118175,-0.06332678066932912,-1.8783811089713902,False,0.2110419542120199,3.048149906905995,True,0.6771888931693992,6.177769261623021,True,0.32033582846119324,8.34739757056812,True,-0.0007251894846273303,-0.026619207925714934,False,-0.029377801698532435,-0.2940258951994668,False,-0.13766451328568002,-5.71014141176073,True,
LK1118180,-0.06346598137670749,-1.8842884919267473,False,0.19982641460514047,2.8702957219477225,False,0.6907537166169468,6.544361983682979,True,0.32261168457420486,8.414298216754403,True,0.0006083072620598632,0.02221284421692957,False,-0.04413757076722775,-0.4427763117021524,False,-0.13878351078657558,-5.753351976059459,True,
LK1118185,-0.06365926723476148,-1.894153287390078,False,0.18478078467589534,2.6304788803866144,False,0.6882641197180703,7.0931063777412175,True,0.32623971229588794,8.513818272542286,True,0.002955360773022602,0.10699458390596309,False,-0.11334997088333255,-2.240137605165218,False,-0.13992391479229566,-5.787710358168228,True,
LK1118190,-0.06367277044734393,-1.8967093363114331,False,0.18056176653803088,2.5636345553624684,False,0.6855266058358018,7.0618457685805,True,0.32708765916861254,8.53684371679865,True,0.003119576659422494,0.11260534054159607,False,-0.11899313075504064,-2.8445227083507483,False,-0.13905919883504714,-5.755434382014837,True,
LK1118195,-0.06368523582826917,-1.8950457162431211,False,0.1840253906809889,2.617510976450803,False,0.7034776474648331,7.559541543877019,True,0.3265138079857686,8.518686223445727,True,0.0033166922807817928,0.12004201063321004,False,-0.1171730614388559,-2.5240677925369184,False,-0.1410273564994946,-5.8292536213474495,True,
LK1118200,-0.06369775519488317,-1.8939484094115453,False,0.18712217484050922,2.665613538539253,False,0.7137041187586037,7.704680553291762,True,0.3258760134598524,8.498027349391107,True,0.0031500826835518508,0.11438043061814149,False,-0.11410521029168189,-2.4106742228600817,False,-0.1419872846624581,-5.8551579989285205,True,
LK1118205,-0.06370413984053025,-1.8955014658144764,False,0.18380099664476007,2.613075356176473,False,0.712856609623248,7.71722514437024,True,0.3265656710250386,8.51761247920936,True,0.003313676104650954,0.12003279049286318,False,-0.11947879680033467,-2.765147074200365,False,-0.14150324203982637,-5.848960360175467,True,
LK1118210,-0.0636629840081221,-1.8980176209106543,False,0.1784825753582982,2.530449633900665,False,0.6933636920868604,7.300840965264409,True,0.32768569536442177,8.552801920477977,True,0.0030933760520705646,0.11144962015986193,False,-0.12307019504521435,-3.7128570305587534,True,-0.1381857066253262,-5.729217582723001,True,
LK1118215,-0.06360900028026517,-1.8992466008744446,False,0.17617361116790953,2.493900434220444,False,0.7116113707007612,7.552365511640253,True,0.32824577499287516,8.568167674743597,True,0.002688289642044071,0.0965987133852098,False,-0.10776757528996474,-5.491067059389291,True,-0.13282281218148992,-5.598948637219132,True,
LK1118220,-0.06349330841475842,-1.8986073147502265,False,0.17425570581032318,2.4636195352117274,False,0.7249969638089759,7.826378070720793,True,0.32884976235098073,8.58491250771717,True,0.00222342604253216,0.07970182558372535,False,-0.09840967841370743,-6.340700966624628,True,-0.12096255693923286,-5.306637436141638,True,
LK1118225,-0.06344765550652562,-1.8978983407230887,False,0.17384261478944785,2.4566619647363805,False,0.7302368752772967,8.003603956820456,True,0.32908145317149645,8.590346240533531,True,0.0024639878833397294,0.08817332924580329,False,-0.09458642153965985,-5.984687004299683,True,-0.12024120982592965,-5.334011105686564,True,
LK1118230,-0.06333789505964892,-1.8965823210758306,False,0.17302426057839634,2.443971810244177,False,0.7222513980129901,7.881672962861082,True,0.32932248997632285,8.59747971061033,True,0.001765671474168293,0.06315670067490377,False,-0.086840081443981,-5.786690387348715,True,-0.0994306550809257,-4.62488216024956,True,
LK1121005,-0.06154519504403677,-1.8196117289358515,False,0.5800522016943808,6.4714067580832,True,1.3671723069268444,11.415225872606758,True,0.22507249663640727,5.130146170290112,True,-0.07671907729010215,-3.2109391337547386,True,-0.6055645458768147,-5.0927905926875825,True,-0.18527831784331228,-3.5267963269100946,True,
LK1121010,-0.06153867921097729,-1.8196779401585528,False,0.5786639419477574,6.448282207895735,True,1.3861491012401057,11.86893909465845,True,0.2257978559648354,5.155521767430758,True,-0.07686895125152761,-3.2117877070506506,True,-0.6359442971256225,-5.635441614783606,True,-0.202996577178566,-3.7816650747432923,True,
LK1121015,-0.061540668600600604,-1.820138338257059,False,0.5652776167750638,6.364167769119059,True,1.202622328289394,8.793360492328734,True,0.2276714854050846,5.211462695032727,True,-0.07623134347457414,-3.189061023047518,True,-0.5070563555612362,-4.061836879266119,True,-0.19236310640947468,-3.59074530529659,True,
LK1121020,-0.06155931588512779,-1.8211064801692316,False,0.534406536952509,6.206360066915999,True,1.0981377539240433,6.985350708045166,True,0.23220720971514505,5.3517245064259376,True,-0.07438621829262408,-3.1213447676630324,True,-0.16368326799163796,-1.14267568921239,False,-0.14899311709401153,-2.8991041846375394,False,
LK1121025,-0.06155178240510232,-1.821325291261346,False,0.5182211665612121,6.109157346780855,True,1.3242159265208633,8.976776490947412,True,0.2353132715430739,5.460926649384491,True,-0.07407782201094575,-3.0981577589318143,True,-0.22289676482205836,-1.5740544914143386,False,-0.1555367813791123,-3.0630517723851662,True,
LK1121030,-0.06157971127280255,-1.8223931097942654,False,0.47846350802463294,5.901507698614833,True,1.1284384585030378,6.12993534818453,True,0.24231362554007124,5.6968098618230885,True,-0.06976881391474767,-2.909094704933782,False,0.01644184907054884,0.10226264924345843,False,-0.11759269543129854,-3.397901019916043,True,
LK1121035,-0.06163718352647319,-1.8248325497340971,False,0.39663486859319347,5.376168422878477,True,1.261393997371138,6.84007969612607,True,0.26099023576481584,6.349922289421238,True,-0.0532269729511913,-2.142752390122177,False,0.13157659777520953,0.6268318734306708,False,-0.08271492434905427,-2.9652198575848656,False,
LK1121040,-0.061680931300116974,-1.8266028747881509,False,0.36144497838969736,5.064448704989131,True,1.1329235433563296,5.331384036767675,True,0.2717238801951696,6.7301614891842885,True,-0.04331452887466015,-1.7074615961301096,False,0.11835931898546846,0.6623112306905269,False,-0.07619253538274531,-2.8041712362523556,False,
LK1121045,-0.06170287446607422,-1.827903835845548,False,0.33407787582067916,4.740244590714545,True,0.9217361161767541,5.286758833765795,True,0.2793544810561248,7.003312216010375,True,-0.03810682038714056,-1.4794663757525697,False,0.10580088807280252,0.5783262947594371,False,-0.07148001059518698,-2.6883819391315513,False,
LK1121050,-0.061737038017004794,-1.828957478785026,False,0.3275169998107815,4.683833124414908,True,0.8903250113411176,4.8726419325976895,True,0.2831472826420889,7.136017053994093,True,-0.03410677819545621,-1.31781698881977,False,0.10653516841362644,0.5851070267311014,False,-0.07482201994491078,-2.8398117344167013,False,
LK1121055,-0.06161731844086663,-1.8237729206652906,False,0.4320926509659163,5.6518949365808515,True,1.2430490073653742,6.373474729806031,True,0.2527202752646071,6.057597171583498,True,-0.05991389647453503,-2.45400096919125,False,0.07412374606550994,0.3319382616204312,False,-0.09507483201451897,-3.388762042576533,True,
LK1121060,-0.061609894711878645,-1.8232551788514502,False,0.4544274292385407,5.802545056498962,True,1.2317689391499644,6.345492453173903,True,0.2480832854902356,5.894768853941979,True,-0.0629368951162621,-2.590792707477379,False,0.03999329284467416,0.22753867748178788,False,-0.10675048503823688,-3.6863615027904446,True,
LK1121065,-0.06159969057491318,-1.8225921746836562,False,0.484294478089686,5.9754925170249855,True,1.1984640144464507,6.1038603741478425,True,0.24224193882847833,5.690304719623258,True,-0.0675146659382417,-2.824913643947628,False,0.004859929474792135,0.028132452138290156,False,-0.1271061914718657,-4.0039793478639485,True,
LK1121070,-0.0615864850752449,-1.8218044870738477,False,0.5197610285075016,6.1627372423431535,True,1.2285913952379244,7.142134248167083,True,0.23529567511779229,5.4498817279860114,True,-0.07170326324410202,-3.022437528463405,True,-0.06588626731866151,-0.3895262051878005,False,-0.13222664180222074,-3.520358102587597,True,
LK1121075,-0.06158053587942086,-1.8213156549896101,False,0.5410593832409678,6.283224560543781,True,1.331809648106653,8.086915632573376,True,0.23133569849257404,5.318224336958699,True,-0.07343722402626679,-3.0995461838705025,True,-0.16299220098710673,-0.9849666440463103,False,-0.1182874046268075,-2.761158167961081,False,
LK1121080,-0.06155547644246967,-1.8204779775593718,False,0.5587931522008299,6.352946253912137,True,1.2583226122860824,9.626499815142616,True,0.2278447571099473,5.2083982889118445,True,-0.07549804300917787,-3.1696087089523823,True,-0.33373710040580434,-2.5421810223827648,False,-0.16387420422887017,-3.1284699101350935,True,
LK1121085,-0.061541996562720726,-1.8199210472436427,False,0.5718673211322675,6.408204889558779,True,1.3372699357701554,11.131019257023688,True,0.22639876731908892,5.170435396953005,True,-0.07652910529656914,-3.201598455996404,True,-0.5911223301586062,-4.846454597752003,True,-0.1935635960575517,-3.632089048020844,True,
LK1121090,-0.06154782167921437,-1.8198742010543456,False,0.5737512967071491,6.436467821221002,True,1.3659077991016413,10.941370192081031,True,0.22582110151369916,5.150205537011942,True,-0.07631067074540766,-3.198404899058017,True,-0.5877199702245995,-4.736597057164145,True,-0.18083936975964574,-3.4471747585847914,True,
LK1121095,-0.06156382732865235,-1.8204387497791268,False,0.564459432150616,6.406540860164759,True,1.380646939535886,10.470420063047333,True,0.22676957382061916,5.172774322940763,True,-0.07541582025410797,-3.172346503439098,True,-0.44422922765181516,-3.2505032519406116,True,-0.1447503757311944,-2.9330092272229393,False,
LK1121100,-0.06157839309131641,-1.820804378982648,False,0.5615596976557318,6.423479483498845,True,1.4298990190879726,9.76265691201903,True,0.22758486444870682,5.196088817235181,True,-0.07460962262247633,-3.1491158434397004,True,-0.5002950084317015,-3.416196627869633,True,-0.10341716688541813,-2.40828485804909,False,
LK1121105,-0.06158145835119379,-1.8211176074371656,False,0.5515174390571939,6.359625281020641,True,1.396707778911595,8.71921379760208,True,0.22956959684778533,5.259680807805242,True,-0.07388310948817904,-3.1210035952152944,True,-0.3206237009275655,-1.975808929663484,False,-0.10945878218374377,-2.5923358261051224,False,
LK1121110,-0.06159418722090421,-1.821309618693299,False,0.5539066206731305,6.4330698462313975,True,1.4418557527973919,9.281802529448283,True,0.22980235016613748,5.264749570405995,True,-0.07310390895236724,-3.09890104319996,True,-0.5700967708844848,-3.623512680229045,True,-0.1092869820497614,-2.9263405511271836,False,
LK1121115,-0.061601403628867325,-1.8218422349017527,False,0.5335675878605453,6.300299872709984,True,1.4120527197904535,8.134779279816229,True,0.23377548587994404,5.395341661817625,True,-0.07109780245708229,-3.0132604710107835,True,-0.3399500266908352,-2.049565827124646,False,-0.14938041595667148,-4.056562633599681,True,
LK1121120,-0.06161490108397698,-1.8226302916178496,False,0.4993906525282612,6.113657526877899,True,1.3498061711573888,6.377038781196623,True,0.24051677234593932,5.627107135203435,True,-0.0667191121965679,-2.807108877914918,False,-0.19767197721370802,-1.1037911905167372,False,-0.15950750674524602,-4.717281226143598,True,
LK1121125,-0.06163073467283145,-1.8236794274596868,False,0.4529546426277425,5.849968728701746,True,1.2281743997829873,6.455795873280405,True,0.24976986942831836,5.950769844355148,True,-0.05981273471122337,-2.4692543719015556,False,-0.03113840294810503,-0.1646141391279562,False,-0.11725903896026987,-3.918665430728238,True,
LK1121130,-0.06166057100118229,-1.8249577173517106,False,0.4181991533868566,5.643987990877709,True,1.2573809305246282,5.943200970118751,True,0.2589694384434463,6.2735172831702295,True,-0.05119742601605057,-2.0663092533766885,False,0.04003330077795876,0.2041855812609811,False,-0.0989024055460658,-3.5060088714658244,True,
LK1121135,-0.06170595147917455,-1.8268849396685671,False,0.3763773136416482,5.281788874775786,True,1.3180452450192008,6.1560257965852765,True,0.27127459857816627,6.710864770869207,True,-0.04171190647403914,-1.652614228204959,False,0.08292967984057506,0.4975696717921508,False,-0.08602170536675477,-3.1986456900868534,True,
LK1121140,-0.061754470428255194,-1.8290467329804148,False,0.33890699527536394,4.853523572307959,True,1.0323588989309662,5.089139530848202,True,0.28226848427338164,7.103099743199529,True,-0.03361147584651691,-1.3047989803903388,False,0.10932189383146046,0.6263732431980849,False,-0.0817165611165242,-3.1093771292769503,True,
LK1121145,-0.0617413443757409,-1.8279611989181328,False,0.3694152048710177,5.240137824797512,True,1.1692217516826202,6.038224483036665,True,0.2755644397238924,6.862196945954764,True,-0.03738499824650326,-1.4711998915640156,False,0.055095155878021815,0.32875626244702866,False,-0.08875493997834318,-3.3505362880288017,True,
LK1121150,-0.06173351334799905,-1.8272792295982454,False,0.3937260650226848,5.527681757871368,True,1.2135658599765404,6.002864860580934,True,0.2705031541925688,6.6793184961890155,True,-0.04027064357775325,-1.6012897501855767,False,-0.06402948387384784,-0.3059536639464189,False,-0.09620583648844043,-3.6203408346743657,True,
LK1121155,-0.06167787535398233,-1.8251542001434051,False,0.43220211891717375,5.829433694810349,True,1.195975902011596,4.960715221042375,True,0.25799865379639897,6.235636878466867,True,-0.050165615571987274,-2.034498395583006,False,-0.12522129771117588,-0.5999931676711875,False,-0.1099447816075901,-3.9035063898880464,True,
LK1121160,-0.06162886734963547,-1.8230446252634975,False,0.4906148441575859,6.112465387134493,True,1.3202164509833398,6.236785784314502,True,0.24296687213429316,5.710638526750168,True,-0.0637909018413007,-2.671835546677654,False,-0.24903154189091334,-1.5142025935315298,False,-0.1583255923763509,-4.9883153593888245,True,
LK1121165,-0.061618492121683785,-1.8222179768627846,False,0.5338415386525275,6.408422402054757,True,1.4611695671087634,8.666134191442254,True,0.2356099401306131,5.457001025949161,True,-0.06917715701778794,-2.940412858364768,False,-0.4585770826218992,-2.8959464296665614,False,-0.18692461799181148,-4.904196330893385,True,
LK1121170,-0.06163088587686544,-1.8221620114692678,False,0.5519300184911018,6.657349189852616,True,1.4941275401402552,9.280182404974472,True,0.23330193670605856,5.376406902925586,True,-0.06944257783806551,-2.9644380017465597,False,-0.5526081973545566,-4.1912437117878865,True,-0.18549595839564864,-4.541121092250222,True,
LK1121175,-0.06162367313728634,-1.8218077625682996,False,0.5595475331133394,6.679276957162159,True,1.4478928963759645,8.81725501332876,True,0.23104338102781788,5.302546379965486,True,-0.07104379403745127,-3.032650189003851,True,-0.5899834147068412,-4.663048919201726,True,-0.14399797617062177,-3.44237879770561,True,
LK1121180,-0.06161270886135465,-1.8214212786114456,False,0.5642615315227595,6.649204207522323,True,1.424524165997092,8.671709024873818,True,0.22913623999356547,5.241865461005137,True,-0.0725614808337543,-3.0904850399912878,True,-0.6162145632865692,-4.80843642956109,True,-0.09063911501228752,-2.256179070820215,False,
LK1121185,-0.06159866298488243,-1.8211375621237114,False,0.5638728604575871,6.552907932574653,True,1.432393460907678,9.201719079810063,True,0.2280356252423883,5.206302618809301,True,-0.0735203390605144,-3.1199125311359754,True,-0.6493328176367069,-4.589038161177367,True,-0.07531083849455421,-2.065915507358327,False,
LK1121190,-0.06158263895178708,-1.8206656339145642,False,0.5686851706983,6.502033204728704,True,1.4203849293463156,9.833078097356513,True,0.22641206077953377,5.158231663776687,True,-0.07476607062698261,-3.158162136246517,True,-0.6252892109057313,-4.219563783187464,True,-0.07201942976270384,-1.8126544937909657,False,
LK1121195,-0.06158335427073113,-1.8205028759519721,False,0.5734357128435016,6.54534499028876,True,1.3399577598672114,9.577105790147641,True,0.22540954951468925,5.1264195679848585,True,-0.07503340660561808,-3.168434645783019,True,-0.5982845326716204,-4.072080026772168,True,-0.047617252459209516,-1.1321926523338512,False,
LK1121200,-0.061577221210814014,-1.8201704442759816,False,0.578241597315096,6.557003563730752,True,1.256691770428552,10.46844773018715,True,0.2246236398656181,5.105457291272749,True,-0.07556645092596566,-3.184878424864369,True,-0.5736790034134491,-3.957615967349358,True,-0.03960089665307412,-0.8228639807960408,False,
LK1121205,-0.06156641583891051,-1.8197215421172812,False,0.5826337082635855,6.55299005438896,True,1.3045609776664144,10.717414295412865,True,0.22422048085518417,5.098777200785282,True,-0.0761530239871424,-3.2012847038805763,True,-0.5431604163190625,-3.963848219018772,True,-0.03630521646546151,-0.7156165043829177,False,
LK1124005,-0.06151726793990371,-1.8188968499750549,False,0.5938336794584018,6.499007094744366,True,1.2795507017852892,10.680770465862441,True,0.2251942107889826,5.151067357483447,True,-0.07804590733976118,-3.2376036323757837,True,-0.5094750988499118,-4.634612944794215,True,-0.06186824165039102,-1.0095356423472726,False,
LK1124010,-0.06151564885913624,-1.8189373039711485,False,0.5936621722956834,6.496917607993388,True,1.3063418802950935,10.86052828580513,True,0.2253043127912288,5.154854076277036,True,-0.07809208010707652,-3.238071747932052,True,-0.5155309226958682,-4.591659619229349,True,-0.0461072240336886,-0.7485058943055068,False,
LK1124015,-0.061514877287020236,-1.8191021779803067,False,0.5917593898087451,6.489608947711615,True,1.3793968718805045,11.99103870162624,True,0.22569088508205976,5.165959704150646,True,-0.07796165958851625,-3.234283177783195,True,-0.5236239118020886,-4.6199860353702205,True,-0.12487699311145208,-2.150796759842264,False,
LK1124020,-0.061520235946053214,-1.8190687577209763,False,0.591414492048437,6.493186507548149,True,1.3009814423562513,10.661849659002387,True,0.22529732648133619,5.151336371428503,True,-0.07778196581007722,-3.2317898077472496,True,-0.4881377446191135,-4.515284481391142,True,-0.17118491167077926,-2.9980413769596703,True,
LK1124025,-0.06152368633191552,-1.81890716078925,False,0.5931006101724073,6.502768495163578,True,1.2579163379616567,10.720138701568356,True,0.2247540011414887,5.134072074248711,True,-0.0777860573290572,-3.2333527436190415,True,-0.458865517228652,-4.295448061315675,True,-0.13566444993671875,-2.3589200251737648,False,
LK1124030,-0.06153312269486146,-1.8189845029933844,False,0.5919960466339336,6.5097451314159995,True,1.1531972606876102,9.948021456701436,True,0.22441265273235336,5.120115465838147,True,-0.0775599193792185,-3.230630531468752,True,-0.39235544015096624,-3.6305024971269257,True,-0.13638870771240824,-2.656639894697361,False,
LK1124035,-0.061525296590681205,-1.8191058816067422,False,0.5905797306984937,6.495344358842248,True,1.2680307392785524,10.132088798201643,True,0.2250843736130149,5.142597774746734,True,-0.07763035494165296,-3.2295589788038366,True,-0.47337630416881377,-4.360246620138414,True,-0.18706798871766445,-3.3276726382175834,True,
LK1124040,-0.06152361740922609,-1.819293811878722,False,0.5880324961957928,6.481821615254138,True,1.2057992006781393,10.264242243951227,True,0.2255327554705271,5.155808990748465,True,-0.07756518859337766,-3.2264845151034645,True,-0.5776512356748615,-5.256870889259423,True,-0.20403864036085062,-3.6729984357085566,True,
LK1124045,-0.06152392975652721,-1.8194556371053336,False,0.585359323153454,6.467760287946733,True,1.2223700840838267,10.444813181327957,True,0.22592444873469616,5.1671458668484345,True,-0.07742457778947362,-3.221763498871709,True,-0.6700618276646879,-5.880765943421452,True,-0.21172817970830754,-3.8511268475451548,True,
LK1124050,-0.06153063667866859,-1.8196881254307045,False,0.5797458191940774,6.442983030057026,True,1.3045617865480992,11.444419980481092,True,0.22631872768825656,5.175677226018339,True,-0.07711107708475902,-3.2145166322812244,True,-0.7186042293030518,-6.159933625716431,True,-0.21257122675908863,-3.927670008489948,True,
LK1124055,-0.06153561206418157,-1.8194742988889012,False,0.5834511977381815,6.474177590135955,True,1.3952565535177357,11.857879103490857,True,0.22529181976618148,5.1423179616646815,True,-0.07713873355149724,-3.219055503612498,True,-0.58583212731931,-5.372373034256616,True,-0.20871689117181902,-3.821191725420923,True,
LK1124060,-0.0615341010389633,-1.8193154517281562,False,0.5868877800337966,6.489368254358573,True,1.3457839440833672,11.753896010207798,True,0.22492169724249167,5.1326548726192,True,-0.07731751594828164,-3.2238228971691014,True,-0.5095831786179682,-4.592132573723307,True,-0.20180476318355278,-3.692687232852524,True,
LK1124065,-0.061536413627011406,-1.8191440784725965,False,0.589877744850824,6.5063189726349195,True,1.2417393106874517,11.036882305744841,True,0.22447757490858208,5.119862865471661,True,-0.07740021660282428,-3.2272629310027217,True,-0.3991796459456252,-3.6235779249537283,True,-0.16795876460961007,-3.193215847831653,True,
LK1124070,-0.06154764551353151,-1.8192184452006612,False,0.5883904731387066,6.5250920122325216,True,1.2811778518485184,10.565154799023583,True,0.22410550114890262,5.104236637636238,True,-0.07708736313724403,-3.223113418214165,True,-0.37906415922396725,-3.129014489783165,True,-0.08770122945368991,-1.89515232679774,False,
LK1124075,-0.06154211449202809,-1.8193305207581418,False,0.5860109134339266,6.501265465897865,True,1.3283380781595242,11.210092901882508,True,0.2244758791492326,5.115406861523756,True,-0.07709590218444164,-3.22115295221008,True,-0.48459544108548325,-4.1937995392738,True,-0.17388080422957272,-3.3557149490863356,True,
LK1124080,-0.06154940215131449,-1.8193620237432941,False,0.5856211536223354,6.519128651661805,True,1.3172708855096293,10.83476154275541,True,0.2242748167206293,5.107132020259875,True,-0.07686468959969865,-3.217409305783948,True,-0.4926649486252074,-4.028397022963943,True,-0.11536541102331486,-2.44779433427621,False,
LK1124085,-0.06155147062825848,-1.8195627085475559,False,0.5818480497215102,6.5022968373375125,True,1.351550691910834,10.85668236179796,True,0.22461554523412777,5.114632415922016,True,-0.07655362284775666,-3.2087876844929193,True,-0.5739328088816872,-4.627295971912445,True,-0.14568944527256522,-2.982346915819475,False,
LK1124090,-0.061556979671281965,-1.8195610738369414,False,0.5827193437296599,6.526180891545312,True,1.3347152225300718,10.902750533570272,True,0.2244147073629263,5.107429329534822,True,-0.07641633059258507,-3.206919210311212,True,-0.5507035376264239,-4.224385118599141,True,-0.09079713832728274,-1.9068200524404904,False,
LK1124095,-0.06156364408535637,-1.820011431317416,False,0.5762498527106324,6.49326286832605,True,1.3899252837291067,10.66552145217493,True,0.2251459405425786,5.125306733834986,True,-0.07590077531429446,-3.1914172771197666,True,-0.6181873935437623,-4.5488352422300204,True,-0.12114016584937326,-2.611584942176657,False,
LK1124100,-0.06155516811948413,-1.8198750032154432,False,0.5760143537761233,6.470465989204036,True,1.3899561590485547,10.741830774653508,True,0.22523766452057792,5.129947824716316,True,-0.07613053819913924,-3.1959904169900315,True,-0.6058183693548154,-4.718822247810737,True,-0.15646057384057965,-3.1468194569505177,True,
LK1127005,-0.0615411671859127,-1.818454150100928,False,0.597648953909043,6.526469812330367,True,0.9637647413377859,7.831082976651326,True,0.22361979314277486,5.10018283478477,True,-0.07789164052932053,-3.2395241922097293,True,-1.2535770662176984,-7.579443378656487,True,-0.0540464290930259,-0.8408876738142327,False,
LK1127010,-0.061544576476975914,-1.8185522436906998,False,0.5969213918962046,6.531615374609427,True,0.9789580833176265,8.311048972060146,True,0.2234073277189403,5.091139862366153,True,-0.07773951974206364,-3.237328863233986,True,-0.9120570772906655,-6.758545752508199,True,-0.04698538615002245,-0.8214187815602146,False,
LK1127015,-0.061533741480651806,-1.818589777367833,False,0.5962322419059369,6.52008147729399,True,1.0587723137906673,8.747206205734795,True,0.22389646107199346,5.1079699871083974,True,-0.07784518685737632,-3.2373672069281483,True,-0.8560720196468755,-6.75785897622781,True,-0.07548500794596257,-1.2208058450456487,False,
LK1127020,-0.06152643609862049,-1.8185829994083855,False,0.5966026853878978,6.512148172796899,True,1.1342989596445667,8.461292868216942,True,0.22431994847722544,5.124218585265556,True,-0.0781231235233741,-3.241688402847922,True,-0.9898037751630238,-7.07212189201067,True,-0.07014649145390048,-1.0137018082164306,False,
LK1127025,-0.0615232468034048,-1.8186428830746213,False,0.5962838443983617,6.5087843423062575,True,1.1541176058112805,8.622019195859927,True,0.22462781143851449,5.134717140786022,True,-0.0781860978112523,-3.242241755982297,True,-0.8404891937320959,-6.398160117483344,True,-0.04949393879042678,-0.7175331334053935,False,
LK1127030,-0.06151860071932185,-1.8188097846603841,False,0.595955152438183,6.502422707161197,True,1.2704827883452854,9.684242868058181,True,0.2250325589844961,5.149139348640126,True,-0.07827850399827777,-3.241844795387913,True,-0.6409775641828477,-5.169456782241723,True,0.01889545860955982,0.27102957081965207,False,
LK1127035,-0.06151993497598246,-1.81872920285546,False,0.5957492926926063,6.504934875918336,True,1.2081688278439315,9.163949746131776,True,0.22485318313828426,5.141971441527573,True,-0.07822313445517179,-3.2422591387462436,True,-0.6571540395305664,-5.590797539220199,True,-0.016555173545202535,-0.2405205577132401,False,
LK1127040,-0.0615214872570928,-1.8187247627725327,False,0.5953531792817085,6.506299953200429,True,1.200336448565013,9.337102258639073,True,0.22472895066510654,5.136683532468567,True,-0.07809088469891629,-3.240026607466818,True,-0.5709891993174001,-5.391933022691623,True,-0.06267821755623458,-0.9481297721026446,False,
LK1127045,-0.0615245124218096,-1.818723130738718,False,0.5950794585836383,6.508929949305414,True,1.2016414242454463,9.575168253703925,True,0.22451281231075718,5.128385087077116,True,-0.07795062609301692,-3.237695461136435,True,-0.5221872826581883,-5.059842349864816,True,-0.09032450848410298,-1.4602251952679994,False,
LK1127050,-0.061524784130399045,-1.818822408202699,False,0.5939916808474874,6.506695178907519,True,1.2428143107124745,10.267575005197417,True,0.22459189464354723,5.129516467887377,True,-0.07782652447912547,-3.234766064652133,True,-0.46655061041116763,-4.4446653615606255,True,-0.10435989787195518,-1.823665243782116,False,
LK1127055,-0.06153237218805141,-1.8188105807844965,False,0.5940155314823248,6.515158717175878,True,1.1611561081890298,9.729431625109623,True,0.22424276326884265,5.116725734891953,True,-0.0776866710749641,-3.233638620878463,True,-0.4117180416337691,-3.8197753157313463,True,-0.0696286546737321,-1.40904090927254,False,
LK1127060,-0.06153975752840374,-1.818722415342265,False,0.5951466420730055,6.525846561645438,True,1.086846576567975,9.1808251040368,True,0.22381102506434336,5.102615117136743,True,-0.07764414372730544,-3.2344683365460387,True,-0.37831157489516387,-3.5726987537133037,True,-0.033875021442774586,-0.6910570856677148,False,
LK1127065,-0.06155157650158707,-1.8187124393155114,False,0.5959390947730794,6.5415773044923435,True,1.1016670508485789,8.835957686418027,True,0.22333738552796167,5.086308957205654,True,-0.07752389337551309,-3.234156572294124,True,-0.3253976374100509,-2.9904706868416566,False,0.0016525377741885353,0.03426955619816897,False,
LK1127070,-0.06155374097630647,-1.81883738190813,False,0.5948421879175705,6.54575775889126,True,1.1487730239292904,8.88914063848815,True,0.22341969047271845,5.087367335968941,True,-0.0774018952192674,-3.231954204027296,True,-0.18994470010427683,-1.7002581219702022,False,0.028108305995498052,0.5852803872410256,False,
LK1127075,-0.06154303935597807,-1.8189197511078605,False,0.5931590057296094,6.526890943431726,True,1.1573725893975109,9.279865554774752,True,0.22385522382706152,5.10125020797857,True,-0.07745532344151436,-3.2308524970094847,True,-0.29762774952307985,-2.7347429199838205,False,-0.023656596613279828,-0.5231563140992451,False,
LK1127080,-0.06155021826897382,-1.819051283163806,False,0.5914956666607938,6.538416975687729,True,1.2115216766560017,9.319937664032919,True,0.22372127840712638,5.093923316667061,True,-0.07721730575034959,-3.2271304929999305,True,-0.22230266133055163,-1.9454614516888609,False,-0.007394794293383382,-0.15587255413143855,False,
LK1127085,-0.06155832671423615,-1.8189168507359952,False,0.5940649379833325,6.556938517916006,True,1.1687016310338705,8.798952375001436,True,0.2234518074160867,5.086941122787289,True,-0.07724600569731858,-3.229435820536885,True,-0.1128051854396091,-0.9313499237443803,False,0.046095849839832254,0.9140742742907866,False,
LK1127090,-0.06156834839738289,-1.8190474734408826,False,0.593117295397872,6.5901218747254795,True,1.1751658512318526,8.655511016626367,True,0.22326193811688014,5.078044096055106,True,-0.07690924728820289,-3.22295773609334,True,-0.02258451092342876,-0.16962187638496865,False,0.06185577902486533,1.1334119943074523,False,
LK1127095,-0.061560589445935364,-1.8189922525439612,False,0.5931293622044139,6.564748874720769,True,1.1792726688499269,8.721489858538547,True,0.2234344491124433,5.084895567968155,True,-0.07709838446326775,-3.226303735337058,True,-0.08694774675498428,-0.6984007904064702,False,0.048218518030373296,0.9263060740274393,False,
LK1127100,-0.06155588239677706,-1.819092808510244,False,0.5911615361408508,6.552873935662405,True,1.2105894617529223,9.050192985923305,True,0.22365930249267568,5.090775076692118,True,-0.07704586711874356,-3.224135577323859,True,-0.15775186847652495,-1.2819130511630776,False,0.02024910157170942,0.39856561886288777,False,
LK1130005,-0.061565359595963695,-1.8190961069202247,False,0.592009228879427,6.582694954990737,True,1.1859957265507346,8.653126045721283,True,0.22337478111320236,5.080890468898152,True,-0.07687896994651855,-3.2217573788820575,True,-0.04672788907306168,-0.35586318370715636,False,0.05337679208544243,0.9773301238953166,False,
LK1130010,-0.061561057474250884,-1.81913098997476,False,0.5909914509172405,6.5690840318411,True,1.2045420851460802,8.773630185551744,True,0.22352946506874471,5.085486245801473,True,-0.07688949599987527,-3.2211460304268145,True,-0.11175843104893404,-0.8880792928215896,False,0.040316701381457626,0.7470894053243403,False,
LK1130015,-0.061559876677498876,-1.8192897931036882,False,0.5881139422814894,6.563378938798898,True,1.2722498829328577,9.764193527196888,True,0.22373553750318492,5.089419634617595,True,-0.07670704589238195,-3.216188869033144,True,-0.3278492724265161,-2.6714712759846293,False,0.01474856459949717,0.27634077144261215,False,
LK1130020,-0.06156255638322214,-1.8194275713013084,False,0.5860001847820155,6.567295374765015,True,1.3145538830924384,10.50830680741201,True,0.22391975622505825,5.0929685583962145,True,-0.07646509653435302,-3.2101577409316033,True,-0.47181207220124655,-3.7120414877370322,True,0.006949685298057447,0.12807115302153174,False,
LK1130025,-0.06156672136702145,-1.8193057052742134,False,0.5887007736459424,6.59218458404909,True,1.2501590261036384,9.18865920488949,True,0.22359198963276386,5.084222675624154,True,-0.07655999435025586,-3.213774750507086,True,-0.18548542402315177,-1.4631820400405988,False,0.04142499969949035,0.741516361870609,False,
LK1130030,-0.06156712323840941,-1.8191890989823132,False,0.5907347173215716,6.592533509957679,True,1.200227589604733,8.67900386017639,True,0.22346240749145466,5.082139307587762,True,-0.07672039775060857,-3.218060354136804,True,-0.056135829869222546,-0.4286245421638751,False,0.05121547187078146,0.9206840969314947,False,
LK1130035,-0.06157164019488622,-1.8192256166836716,False,0.5907263146762313,6.6136415235286155,True,1.2000005831300837,8.791685482266136,True,0.2233825510596794,5.07882305371514,True,-0.07660625858029084,-3.2159064272109377,True,-0.056115644591886296,-0.4321004517270884,False,0.057231888555525134,1.01937731777831,False,
LK1130040,-0.061577114300075786,-1.819219738635211,False,0.5915613036159834,6.638154796543407,True,1.1890714173036578,8.848983756716962,True,0.22331606916415753,5.076994767776986,True,-0.07655565460163363,-3.2154587768963094,True,-0.027650692519076467,-0.20980615994407426,False,0.06616753202905482,1.170577255288162,False,
LK1130045,-0.06157697679621916,-1.8193309057590783,False,0.590070691523308,6.639671081814226,True,1.2115850992052586,8.95226315115684,True,0.22342415302909457,5.0789609293294165,True,-0.07643843809075516,-3.2122877575147397,True,-0.08237216475657853,-0.6471028326021181,False,0.06281959215370723,1.0967593144388452,False,
LK1130050,-0.06157773309382639,-1.8194960424433329,False,0.5881106622723978,6.637812737251295,True,1.2561896452940482,9.273371562277735,True,0.2235781111394508,5.081897672184235,True,-0.07628076419822842,-3.207910354131728,True,-0.2145795854211618,-1.7428422019288383,False,0.05614803888453881,0.9722953175705179,False,
LK1130055,-0.0615807069150517,-1.8196837982141538,False,0.5863603658893539,6.641706466041866,True,1.292927093550234,9.851676236959518,True,0.2237440709176683,5.08503793345611,True,-0.07608513801408652,-3.2027375249114827,True,-0.4190775907783475,-3.332679734833247,True,0.04893411768962323,0.8438499504719501,False,
LK1130060,-0.06158362114976582,-1.819541252531101,False,0.5886430204087443,6.666687418693975,True,1.234495301294683,9.239240050816864,True,0.22353683496903742,5.080619225646806,True,-0.0762205798292036,-3.207293460138594,True,-0.1837493389711763,-1.5014639010419077,False,0.06303318181287886,1.0898203951667342,False,
LK1130065,-0.06158635651023722,-1.8194824185773093,False,0.5898931790179953,6.679980172843564,True,1.2112744674464064,9.16483721971211,True,0.22344110429292272,5.07860121012894,True,-0.07627266883593171,-3.209210081368558,True,-0.13830137078808913,-1.1307232197954802,False,0.06857971398677486,1.1926537111155826,False,
LK1130070,-0.06159077040710556,-1.819721830963326,False,0.5877296433646063,6.698383865927935,True,1.2375403750836536,9.466281370404223,True,0.22362729758704386,5.0819733540736465,True,-0.07603957741676158,-3.203624546903873,True,-0.2901488397948517,-2.4749674203113283,False,0.06436770388743482,1.108568250665142,False,
LK1130075,-0.06159645269390105,-1.8200292347265283,False,0.5853210667276113,6.716210628581041,True,1.2625784263592381,9.996392575964531,True,0.22393340840801756,5.088130846200931,True,-0.07568970415331584,-3.1947485251350196,True,-0.49531174380205284,-4.084408736014243,True,0.05425680112382962,0.9283142823428728,False,
LK1131005,-0.061606121268126215,-1.819925837904945,False,0.5878532848868215,6.772128070852999,True,1.1989743147706542,9.593715842488903,True,0.22366979876020404,5.0825379290978,True,-0.07582628659408622,-3.2006482167500545,True,-0.2822385379358737,-2.5225034075808703,False,0.07255614730390053,1.2650227886549221,False,
LK1131010,-0.06159797535919895,-1.8198589206906537,False,0.5873761257246172,6.73228494318226,True,1.228649367778761,9.59117117540746,True,0.22367848674948784,5.082676076288166,True,-0.07589870676549401,-3.201075691348718,True,-0.32303307387372454,-2.8219738558944365,False,0.06762893743448647,1.164910208840126,False,
LK1131015,-0.06160461383072661,-1.819999755594723,False,0.5867913013845019,6.766015328944395,True,1.2167472186802246,9.736591153892718,True,0.22381292693758015,5.0858364014900195,True,-0.0757200543078899,-3.197484322749905,True,-0.3494150945614774,-3.11970872784595,True,0.06830175574864002,1.183983856306327,False,
LK1131020,-0.06161487324732852,-1.8202158975425837,False,0.5858168686125196,6.819343444580279,True,1.1962956112479244,10.042423176261659,True,0.22414151943951816,5.094685667934338,True,-0.07539807652090173,-3.190716624260294,True,-0.3626634601130563,-3.2209815261324284,True,0.06440753130088499,1.1346653264292645,False,
LK1131025,-0.06161169388400657,-1.8202779086941536,False,0.5848210609599362,6.802574621712163,True,1.2269132735614798,10.27884427064634,True,0.22433882532373584,5.099715677769652,True,-0.07528959054871502,-3.186939849983599,True,-0.44969044532659064,-3.9835829629442223,True,0.05873647685750638,1.0252289942011383,False,
LK1131030,-0.06160969978244664,-1.8204574979376476,False,0.582547420336514,6.783259200096358,True,1.1837677441444672,11.852728620658404,True,0.22481756368745406,5.112135892091855,True,-0.07497339747370549,-3.17697727011716,True,-0.5414063585491711,-4.485418050871749,True,0.04072675016618114,0.7043729735086863,False,
LK1131035,-0.06162569091712155,-1.8207139698103,False,0.5821010923256132,6.865522459802512,True,1.293811649691071,12.246980111257818,True,0.22535853342548803,5.12884151967692,True,-0.0745018791409926,-3.1668363230359566,True,-0.5262605960707849,-4.556663320581271,True,0.03955018407644829,0.7050192381853317,False,
LK1131040,-0.061625820743717245,-1.8205218176647158,False,0.5840715853988957,6.869439706548063,True,1.1995681617567664,10.812583277849152,True,0.22484985743333222,5.115311163989294,True,-0.07489527832920698,-3.178705739804344,True,-0.3804251796613497,-3.229005885231266,True,0.05316498604388428,0.9460363757592481,False,
LK1131045,-0.06162559344116475,-1.820373804972613,False,0.5853614054803427,6.867342719819863,True,1.1716538395524692,10.322157066632718,True,0.22449869911069917,5.106079274376431,True,-0.0751692234326294,-3.1864676286575437,True,-0.3055441988294094,-2.5718131643006865,False,0.05921784787003059,1.0564323230152264,False,
LK1131050,-0.06163625028899524,-1.8206652897637667,False,0.5836570133194243,6.908570288366399,True,1.1904833793572749,11.114960661867242,True,0.22495679870798152,5.1181574417077025,True,-0.07468011850144807,-3.1746207316164097,True,-0.31569035436859444,-2.3560234087693543,False,0.04363259013856184,0.7730128186143124,False,
LK1131055,-0.06165071797999811,-1.8210177110016872,False,0.581883391625865,6.95305038896028,True,1.2797487473582336,11.876340283726643,True,0.2252618557247274,5.1240770701377985,True,-0.07401852280466648,-3.156398927314046,True,-0.314366939587175,-1.9829384060252486,False,0.019121777501595296,0.32878953449276815,False,
LK1131060,-0.0616474412739401,-1.8210434350270488,False,0.5813283050540334,6.944005995723388,True,1.2991779265698944,12.05781672414158,True,0.22546783635481543,5.129887098906615,True,-0.07391082745667531,-3.1525687836025162,True,-0.3697563210761883,-2.4605906130899893,False,0.017774010002739135,0.3073291761649109,False,
LK1131065,-0.06163951059201435,-1.8211194399179065,False,0.5795789736601058,6.914363313828604,True,1.4144300615693801,14.62777061641439,True,0.22606614906572106,5.147131864110976,True,-0.07361728356160044,-3.1416397944378227,True,-0.5638532050158686,-4.511340957835094,True,0.011818762361718693,0.2080962429626722,False,
LK1133005,-0.06166345334386656,-1.8213290666335897,False,0.5805037999075008,6.984783531990936,True,1.322577407709277,12.108527608981014,True,0.22577978144758237,5.138365539284709,True,-0.07339877009344624,-3.138224353479695,True,-0.31845977195274117,-1.8190939921936962,False,0.0029381784475511537,0.049240140861434877,False,
LK1133010,-0.06165859711127601,-1.8213276877544773,False,0.580019246986156,6.974356171550083,True,1.3487464191013707,12.15308372086575,True,0.22603412443227544,5.1460782706057415,True,-0.07330904720030525,-3.1346205989466402,True,-0.36734325839547,-2.233828140037464,False,0.0009488621398275917,0.015983663864022463,False,
LK1133015,-0.061662957828962514,-1.8215016072366244,False,0.5789071852705125,6.982671232509635,True,1.3783934189506133,12.201276603303013,True,0.226321971801038,5.1529185049279365,True,-0.07286853331764984,-3.120407748605518,True,-0.39007461896366136,-2.3409592681582305,False,-0.00784596430436183,-0.13056364202614845,False,
LK1133020,-0.06166536464663328,-1.8215876116855294,False,0.5784377978725912,6.9882648133692244,True,1.3906413965268865,12.186624713979421,True,0.22646189669342917,5.156278109996391,True,-0.07264463157816631,-3.1130402546558424,True,-0.3996244520811806,-2.3951018431113225,False,-0.01167654681002165,-0.19328338242874793,False,
LK1133025,-0.061665302254347534,-1.8214818121501235,False,0.5794141963808735,6.989587469000357,True,1.3495710759934436,12.171061262171296,True,0.22614977714717915,5.148053616571081,True,-0.07298320395875507,-3.1246682949250455,True,-0.3539819296523637,-2.0545595845113724,False,-0.004732435317222459,-0.0787447968827585,False,
LK1133030,-0.06166174921359842,-1.8217571849801248,False,0.5760407268809001,6.972092640524421,True,1.3718674003008868,13.330604372062991,True,0.22733797418127819,5.18168528324469,True,-0.07194956521840394,-3.0872410566726605,True,-0.5654284193526854,-3.87496567016802,True,-0.031031423684783208,-0.5083611816199904,False,
LK1133035,-0.061653852270327686,-1.8215765538045454,False,0.5767370693130194,6.952661676948336,True,1.3814470020897824,13.820141775780998,True,0.22724488599748532,5.181260136123047,True,-0.072419835549224,-3.1027936957082183,True,-0.595462670802333,-4.364824188111225,True,-0.028043433049136538,-0.4660904152165543,False,
LK1133040,-0.06166728944331878,-1.8218068505629619,False,0.5764519853752793,6.987215137178315,True,1.3683584391322934,12.820488535811506,True,0.22722954377605012,5.178285018499599,True,-0.07191565559143934,-3.0871640687366586,True,-0.5059149107952164,-3.2003798196379765,True,-0.02712054381881752,-0.44313820278647903,False,
LK1133045,-0.06167178774839542,-1.8217311968070846,False,0.577906706491646,7.000510727966663,True,1.378820029647087,12.114897171703928,True,0.2267570523545577,5.165142690201856,True,-0.07231968580818797,-3.102741550632877,True,-0.3794698578747093,-2.1960915734678577,False,-0.014315149629344286,-0.2353128353263622,False,
LK1133050,-0.06167647528118137,-1.8217071165716883,False,0.578726533540836,7.010665749655832,True,1.3449140922096086,12.163153254947577,True,0.22650623650068896,5.1584952856052855,True,-0.07252933656244488,-3.1112725484779404,True,-0.34298098228973034,-1.8879484052111917,False,-0.009368852136085359,-0.15395588670074992,False,
LK1133055,-0.061672934719983044,-1.8215667775650068,False,0.5795813688092992,7.006224526989246,True,1.3341517952224642,12.197541423635563,True,0.22616915567033535,5.149024326069252,True,-0.07289837149849143,-3.1229920498448696,True,-0.33182534330958047,-1.8352146549696964,False,-0.0049068652914576166,-0.08110664939238735,False,
LK1133060,-0.06170050892307905,-1.8223016327719037,False,0.5765117832893619,7.042066900718924,True,1.248468790844017,12.488894691464887,True,0.22777312176867243,5.196527819319386,True,-0.07103922741968961,-3.062312402650853,True,-0.3090439177148544,-1.601440451562197,False,-0.01645678289059162,-0.2663568148680686,False,
LK1133065,-0.06168459567062996,-1.8218754519030151,False,0.5782023554538291,7.0226329035731725,True,1.3340161771989432,12.296034222658387,True,0.22677681793927423,5.166470035332438,True,-0.07217013460349224,-3.100659316621344,True,-0.3408776174260675,-1.8337883036280556,False,-0.011384799016889149,-0.18591239331121096,False,
LK1133070,-0.06170058123990178,-1.822484258330156,False,0.5749752562037648,7.044329379675529,True,1.3046332544717665,11.769638199715848,True,0.22858720902187699,5.220681128572976,True,-0.07018167794018539,-3.0284609279408197,True,-0.32122106734108974,-1.630447809628473,False,-0.02295150106405582,-0.37035329783462767,False,
LK1133075,-0.061690811033526936,-1.8222754177432476,False,0.5754249274118218,7.029803977540041,True,1.2940123733420243,11.461609660877555,True,0.22825672896284335,5.210967615202625,True,-0.07072913400036857,-3.048285856038323,True,-0.3515919714802258,-1.8883691585809148,False,-0.023959252854733156,-0.38765581421087025,False,
LK1133080,-0.06168134250097365,-1.821934752793783,False,0.5772438633827863,7.015890254056876,True,1.3519190396330831,12.084868845668971,True,0.22714461112414341,5.1768374474673085,True,-0.0718429850928882,-3.088105687363366,True,-0.35789557756817886,-1.9606870975213304,False,-0.016608519898590843,-0.2709057350715148,False,
LK1133085,-0.06168918364740419,-1.8223474561025468,False,0.5745080778529873,7.0278234181161725,True,1.2669119577299341,11.920002718414672,True,0.2286938976526253,5.223965419781375,True,-0.07031573502151667,-3.031233171266231,True,-0.37620685337956505,-2.097023402787344,False,-0.029783054117297834,-0.4807899791404415,False,
LK1133090,-0.06168003342002908,-1.8222344532547232,False,0.574071269732958,7.009901103580666,True,1.2671810004268402,12.63213236706032,True,0.22879080256908657,5.227272765593827,True,-0.07050337850241453,-3.0360648406614845,True,-0.4957906971675436,-3.046061497812987,True,-0.03736938326764567,-0.6015584497906235,False,
LK1133095,-0.06170016620041381,-1.822769095991403,False,0.5720021999788286,7.039497995610294,True,1.2334728164974484,11.281995570497296,True,0.23041085327014105,5.278454574076319,True,-0.0686017596531921,-2.9607114619627892,False,-0.34623106652966196,-1.88911889487806,False,-0.03626149317107648,-0.5812050008378075,False,
LK1133100,-0.0616980760897215,-1.8225588431940623,False,0.5738625355579203,7.04004206612928,True,1.2683329855916694,11.567464928781389,True,0.2292869208706062,5.242981335041742,True,-0.06965430074130316,-3.006087100903277,True,-0.3213712262234017,-1.6643181552807638,False,-0.029132661571625966,-0.4690958754217892,False,
LK1133105,-0.06170923495658347,-1.8227328562569423,False,0.5739654005947984,7.053315542818979,True,1.2870772808575446,11.582105738390432,True,0.22930198924716946,5.242938089879019,True,-0.06938643587333373,-2.9970695050500313,True,-0.2853073074886399,-1.4100114824771848,False,-0.023882970422209736,-0.38448094113805703,False,
LK1133110,-0.061691589287421564,-1.8221762931424532,False,0.5764759274818195,7.032288005174067,True,1.3226333356419173,12.061794785972985,True,0.22767252111060082,5.192921410806482,True,-0.07120727835472558,-3.067035404933651,True,-0.35000976756158664,-1.855285787500566,False,-0.018668414133406003,-0.30266398719340004,False,
LK1133115,-0.06171208478504165,-1.822710964083757,False,0.5746182385332821,7.057373005221355,True,1.222149338836658,12.05243010723104,True,0.22898678870968694,5.233394836395268,True,-0.06968171160604934,-3.009947424064043,True,-0.27086631384977167,-1.3599728115620457,False,-0.02120086016374362,-0.34139911100002857,False,
LK1133120,-0.06171998638822457,-1.8227726986241566,False,0.5752235455371885,7.065815885170957,True,1.0997537502449157,11.860304097311266,True,0.22863813969768254,5.22218445087836,True,-0.06981008729297435,-3.0167546451255776,True,-0.2522760511315392,-1.2841119877284841,False,-0.017925664412939222,-0.28892620951905906,False,
LK1133125,-0.061734950092482886,-1.8232223705764734,False,0.5734160749714877,7.07412624372789,True,1.0688628081995608,11.736512251778422,True,0.22991304046550165,5.261941194663668,True,-0.068204147392536,-2.950844355088106,False,-0.24005574760328285,-1.1978381951391432,False,-0.017645353898930558,-0.2850294081127656,False,
LK1133130,-0.06172621353373714,-1.823303920032047,False,0.5712736179692466,7.067774520742889,True,1.256467820878246,10.90999660123882,True,0.2313375943229311,5.307625562623176,True,-0.06716984526594573,-2.902130062657178,False,-0.22074575178939568,-0.9965033477852014,False,-0.02696317989929809,-0.4320512914411392,False,
LK1133135,-0.061711953083067844,-1.822927959609087,False,0.5724467360304968,7.052619068265941,True,1.2643189128854235,11.22344677246737,True,0.23036123304890102,5.277045911316799,True,-0.06844396325601054,-2.956705808304809,False,-0.26652658802426565,-1.277738611206571,False,-0.028523467617688227,-0.4577978431291425,False,
LK1133140,-0.061716351020162624,-1.8229671750527923,False,0.5728399784038353,7.058481638804736,True,1.2681075278979068,11.344790267452353,True,0.2301688316866773,5.270733371563718,True,-0.06848826381471287,-2.959707562992323,False,-0.26108490111376037,-1.2393350376789742,False,-0.025558973816770143,-0.41042107431209573,False,
LK1133145,-0.06171847750983526,-1.8232674308259715,False,0.5701302691946978,7.058366400476119,True,1.2394990646181068,10.844800743288499,True,0.23187039878686436,5.324593918672288,True,-0.06681254460777164,-2.8836087176170597,False,-0.2464472824884039,-1.182164628136752,False,-0.03442302032578823,-0.5499166187027925,False,
LK1133150,-0.061713004344851205,-1.8230352565705064,False,0.5715514206538916,7.053517957420444,True,1.249375065149284,11.126159756907393,True,0.23090044957633293,5.293835729577397,True,-0.06785563921785048,-2.930399442646462,False,-0.25764276349939097,-1.239933018097102,False,-0.03127536812210392,-0.5014579509246295,False,
LK1133155,-0.061740386538422516,-1.823759888940876,False,0.5692611681925306,7.07736831452615,True,1.2366791937591328,10.373774322552935,True,0.2330109791445883,5.361902851154834,True,-0.06509245925260068,-2.8056265275841685,False,-0.18162807541581807,-0.7753124762676403,False,-0.023917105788081327,-0.38479746414068616,False,
LK1133160,-0.06171758616417842,-1.8227632900728363,False,0.575002863521297,7.064841993302672,True,1.1294140145556542,11.941969703314946,True,0.22876904278386484,5.226189060549525,True,-0.06972192498583206,-3.012682263289989,True,-0.2589592211658981,-1.3078625625045825,False,-0.018926335306626355,-0.30501917378439397,False,
LK1133165,-0.06173122081011213,-1.8230597581754553,False,0.5743741868199993,7.0754573628733635,True,1.0670456301335942,11.745823429886432,True,0.22930631723797673,5.242982434165531,True,-0.06892258588189161,-2.981684281151519,False,-0.24070401112962148,-1.2161026820431917,False,-0.017266498439248205,-0.2785980888976663,False,
LK1133170,-0.06174856247961134,-1.8235388882974317,False,0.572695626578579,7.0817742251729285,True,1.0525222039360154,11.769385575724112,True,0.23066342459880285,5.286381079626263,True,-0.0673788260563428,-2.9159232042613836,False,-0.2350815948436552,-1.1789102055594203,False,-0.014607455919327553,-0.2367980245502826,False,
LK1133175,-0.06175062480135123,-1.823673319160322,False,0.5718854428714905,7.084130542395868,True,1.0513053797643082,11.720179323497812,True,0.2311560752354367,5.301109025709795,True,-0.06664117380904869,-2.8819842812942387,False,-0.23327225038853233,-1.1558642703980284,False,-0.015184961401631716,-0.24611107395135487,False,
LK1133180,-0.0617621388033852,-1.8239174939218508,False,0.5715868213438242,7.090950131209688,True,1.0423968357851365,11.720248293486,True,0.2315438494936442,5.313535898807618,True,-0.06606030547824872,-2.8565995703588194,False,-0.23392986678884142,-1.1738424317335006,False,-0.011537111376139334,-0.18807349997448483,False,
LK1133185,-0.061771662805801326,-1.8241631287337385,False,0.5710509623286708,7.098004797150506,True,1.0430279817339978,11.719045800212815,True,0.23227407491809474,5.337872521856391,True,-0.06534913365107022,-2.8245420686238734,False,-0.2346979852053796,-1.1845820829549512,False,-0.009077042266208892,-0.14855307130585232,False,
LK1133190,-0.061783923940661366,-1.8244809319667792,False,0.570271217029662,7.102612373432225,True,1.0440580886142845,11.661867329154399,True,0.23298113521798486,5.360377926809752,True,-0.06418714169694746,-2.76880684352785,False,-0.2317729202680518,-1.1817113674391304,False,-0.005890989617560603,-0.09689201078691345,False,
LK1133195,-0.061800275443990124,-1.8249097177035412,False,0.5692825098525333,7.108973415643687,True,1.0459659210865473,11.553583465457223,True,0.23408215288068754,5.396620693073037,True,-0.0627263639928108,-2.697766230847541,False,-0.22693267950889182,-1.1701556314284072,False,-0.00250410877792083,-0.04152274940318397,False,
LK1133200,-0.061818296077764005,-1.8253811985247372,False,0.568295372863212,7.115887133072077,True,1.0465735017056614,11.477288408065874,True,0.23519463753104275,5.433085248518999,True,-0.06132407798472889,-2.630853298645829,False,-0.2202479876095314,-1.1446857560687325,False,0.00129071451380108,0.021524456266463054,False,
LK1133205,-0.061835585669954514,-1.8258275681705323,False,0.5674429814657412,7.121375797431297,True,1.0465353097963621,11.336981723147671,True,0.2362008294494739,5.466261957440947,True,-0.05977812116601255,-2.5527371848500993,False,-0.21538538047628727,-1.1247539877823982,False,0.004148850129084747,0.06950920940155264,False,
LK1133210,-0.06185485242730939,-1.8263142528401433,False,0.5666106273074948,7.125985858493472,True,1.0452245918666627,11.188486185165093,True,0.23717973164095607,5.49836681071116,True,-0.05835984310596665,-2.482829770255806,False,-0.21189238752408934,-1.1100387565801346,False,0.006946163805104429,0.11676524461975925,False,
LK1136005,-0.0615765763784679,-1.8197533515855642,False,0.5846215938924241,6.610878966569405,True,1.2726248898910453,10.521339124110602,True,0.2239147653034999,5.089072387786573,True,-0.07603370278130665,-3.2001988498800125,True,-0.5187271263489157,-3.758548599791064,True,0.028371027016222947,0.4938661189850668,False,
LK1136010,-0.061573592747876126,-1.8198026793984836,False,0.5832447382205692,6.5860749147533095,True,1.2595137157437928,10.521657803676709,True,0.2240544024679647,5.092508830638957,True,-0.07600592893891792,-3.198552474417668,True,-0.5402123687579219,-3.8100574303429307,True,0.004531462750277408,0.08149858624284806,False,
LK1136015,-0.06158234532738147,-1.8200978997142605,False,0.5811894846966194,6.606618876974611,True,1.1375898338199169,10.205807298504462,True,0.22432816825771373,5.0978293220788045,True,-0.07562068012115274,-3.188439372674032,True,-0.5456663576133145,-3.7284159310172944,True,0.004804400381847103,0.08534700704127177,False,
LK1136020,-0.06158963255439342,-1.8201930838988536,False,0.5817817133220211,6.651362044155939,True,1.0481973264487028,9.856521785189369,True,0.22436343319037413,5.0984644840142535,True,-0.07547746834562194,-3.1862508483866523,True,-0.5341071123484635,-3.784953854065961,True,0.019842776200934793,0.3436711116831436,False,
LK1136025,-0.061592036292326055,-1.8201164596736668,False,0.5833997241805404,6.679518949400736,True,1.1272993148330088,10.299770883283427,True,0.2241553617160834,5.093302177977696,True,-0.07558052015121695,-3.1902747981556527,True,-0.5326577702742654,-3.949864766053421,True,0.03641492021728521,0.6250934875074037,False,
LK1136030,-0.06160679571559292,-1.8205871600173567,False,0.5800827089593469,6.7527556341982775,True,0.908958234604234,8.682665694630309,True,0.225188133095815,5.121390569053884,True,-0.074730608085588,-3.16834491855172,True,-0.5240336231369928,-4.062692475748659,True,0.022728723391245903,0.39761994804264245,False,
LK1136035,-0.06159985454155508,-1.8204690329081368,False,0.5800859552780856,6.7069377521462705,True,0.8855033177198164,8.598577770996181,True,0.22498289354824239,5.115640973468045,True,-0.07497388118700789,-3.1737919589688053,True,-0.5188362394561361,-3.80707663706703,True,0.018812978900382592,0.33115326449618354,False,
LK1136040,-0.061591451092787776,-1.820426939502295,False,0.5783040511188378,6.638644566510876,True,0.9917220460682823,9.184477886524684,True,0.2248672299750913,5.110656441804763,True,-0.07509337408883832,-3.174419614412794,True,-0.5365525243981769,-3.694628740638462,True,0.0047591386947899664,0.08841117785235575,False,
LK1136045,-0.06159125213949188,-1.8206188172106612,False,0.5740652143708557,6.599250710939772,True,1.2035036704541,9.344766150779853,True,0.22554848465863161,5.12968397755234,True,-0.07475144848260425,-3.162435173162834,True,-0.5674354626721176,-3.808448551047316,True,-0.018897822817005767,-0.42566695093796963,False,
LK1136050,-0.06160509891565025,-1.8208236302947212,False,0.5751862791589346,6.699589168648386,True,1.0028317523482655,9.42898702111962,True,0.22621153685045325,5.151413110780728,True,-0.07424088284366666,-3.1509912861244427,True,-0.5229751227894872,-3.8993509914255458,True,0.0043362152106227285,0.08722570299750068,False,
LK1136055,-0.06161644517662514,-1.820891844312752,False,0.5778674953277972,6.79491271620263,True,1.0233996518068524,9.094776089127304,True,0.22602788208567565,5.145651233112024,True,-0.07406583033964965,-3.149643804511791,True,-0.5275525291430428,-4.214047925479326,True,0.011052287684031976,0.2043016488024069,False,
LK1136060,-0.061624214924992045,-1.8211637431605143,False,0.5756645691006799,6.823030371299579,True,1.0713164305465057,8.641760864543743,True,0.22686182112278447,5.170111012871828,True,-0.07337373180081197,-3.128362489645547,True,-0.5340742358564219,-4.4717681600312185,True,-0.0043530982343702234,-0.08749694519136615,False,
LK1136065,-0.06160822290760711,-1.8210671034837131,False,0.5712619094083786,6.686580472914092,True,1.2466992122153089,9.44743440171159,True,0.2273460805209288,5.186365232887425,True,-0.0736367368382369,-3.1304204187164686,True,-0.5515788624182636,-4.313084898653972,True,-0.024035674329746546,-0.573219529797713,False,
LK1136070,-0.06163222571007549,-1.8218248165699187,False,0.5652054655597929,6.785444915412048,True,1.276499897970148,8.987772669088095,True,0.23026151655556684,5.2759812261767225,True,-0.07102395733304344,-3.0380150506901367,True,-0.5584221524291498,-4.756576393684644,True,-0.09739191572532149,-2.4022404006302627,False,
LK1136075,-0.06162724715635855,-1.8215042212937949,False,0.5703557952940721,6.798841043278835,True,1.1517188251591717,8.744648194638646,True,0.22836671250551005,5.215155945457517,True,-0.07228845978115685,-3.0883333058040825,True,-0.5405265811088927,-4.749210860834907,True,-0.039627890889595715,-0.9565734764000872,False,
LK1136080,-0.06170183151421922,-1.823682968262397,False,0.5570707955150718,6.989322144277447,True,1.199562295302056,6.265352510972498,True,0.23786696589853787,5.527040876415171,True,-0.06255705435029714,-2.6706985133424044,False,-0.3225499663063236,-1.962284300449394,False,-0.11727279771018162,-2.5897466143407786,False,
LK1136085,-0.06163919472903694,-1.821507795720354,False,0.5744706550652914,6.88819519445209,True,1.1415136900794565,9.457801733225597,True,0.22766034574606292,5.193351958609831,True,-0.0724003119459238,-3.0979825094026507,True,-0.5566503516731705,-4.969761128171785,True,-0.043441293571529135,-0.8274935741319879,False,
LK1136090,-0.061641022088364,-1.8218889952389954,False,0.5682290583167016,6.855335622286758,True,1.1213271450752225,8.420867827488253,True,0.23002264761719546,5.268499184678425,True,-0.07087974368147926,-3.0369964384727623,True,-0.5431993710773333,-4.7762895804791174,True,-0.07045741374628885,-1.6500802253449733,False,
LK1136095,-0.06165101638971121,-1.8224405700013675,False,0.5595193224210807,6.840424785928583,True,1.3926857737456964,6.980958894080085,True,0.2334203193631197,5.379259370369646,True,-0.06844564054592302,-2.932758692214985,False,-0.5235389730229312,-4.034960888930866,True,-0.14644080151713967,-3.8140829514586767,True,
LK1136100,-0.061657929367641376,-1.8229707642108095,False,0.5445022776154271,6.760263600957267,True,1.488803780931177,7.417662195422528,True,0.2374333058895487,5.51392464095895,True,-0.0650458780149743,-2.7695541260345635,False,-0.4486974556697885,-3.385402311793954,True,-0.19592550332612815,-5.412896451286978,True,
LK1136105,-0.06165182560015608,-1.8231492025200307,False,0.5255723902677489,6.565688579759915,True,1.384458113214973,6.2235469636817085,True,0.24037606877209086,5.616935580574006,True,-0.06361161509776561,-2.692445826487537,False,-0.4339583995277574,-2.7901402922615746,False,-0.1982417352588759,-5.678071965847676,True,
LK1136110,-0.061640553680324346,-1.8229873062057291,False,0.517815982728641,6.424460537685674,True,1.3924031130005998,6.520281077904754,True,0.24043552057663975,5.620236495455121,True,-0.06451532064746847,-2.727969576659487,False,-0.4305569191920948,-2.4229926442776835,False,-0.1898650699534056,-5.585515419041766,True,
LK1136115,-0.06165050892638107,-1.8236624774913697,False,0.4839699284902272,6.18447262324244,True,1.211299786116748,6.0331646942471915,True,0.24626950131367584,5.823165596546775,True,-0.05971553217125825,-2.4881456974231924,False,-0.2832098682152968,-1.5406802179522263,False,-0.15908266135967158,-5.1808500684642285,True,
LK1136120,-0.061676660076464995,-1.8247365246318232,False,0.4572605947027074,6.072503845641588,True,1.1103029031144536,4.837603860383999,True,0.25342056518549194,6.072468012798313,True,-0.0528380880104914,-2.16508372757963,False,-0.25590750702111953,-1.1310144658945807,False,-0.1269195494614566,-4.444668115109984,True,
LK1136125,-0.06168154577024819,-1.8250299010320115,False,0.4475370055169908,5.997162444492787,True,1.1325823757752267,4.842663907893661,True,0.2558614927293466,6.158506256172409,True,-0.05102359849366032,-2.079726114088391,False,-0.22699134736643886,-0.9866710184116226,False,-0.11862800392035236,-4.20949616419273,True,
LK1136130,-0.061702802439680696,-1.8252982959628998,False,0.4688743351464538,6.286433535405847,True,0.9555879709391513,4.63323308984858,True,0.2545832357568539,6.109696711129828,True,-0.05052539152571731,-2.074029109262044,False,-0.26310241525056205,-1.1258936107188158,False,-0.13013021125854543,-4.60468375199507,True,
LK1136135,-0.061688787868164674,-1.8245053704758343,False,0.4981417249508087,6.516341532702846,True,0.7764724879751864,3.623510667076165,True,0.24855111924055898,5.8985114749504755,True,-0.05515872515295841,-2.2916872718808152,False,-0.21022542755370136,-1.0404998520325628,False,-0.15780847549394716,-5.3222202641512375,True,
LK1136140,-0.06168144597634069,-1.8238996333388142,False,0.5258172916585789,6.724221824675948,True,0.9345147825045369,4.031002089695222,True,0.24338221787497266,5.718580974937143,True,-0.059383953600594466,-2.5005266289533385,False,-0.16216650698330243,-1.0317655512134614,False,-0.18375383527085692,-5.707358250144916,True,
LK1136145,-0.06167607038504622,-1.8232743609944588,False,0.5509086148152051,6.8845048442742645,True,1.279485024129448,6.501474826714358,True,0.23786302517006994,5.528365200321124,True,-0.0638650652647052,-2.72347470677629,False,-0.38209001673157067,-2.7399374174599975,False,-0.17630982530762598,-5.239766650180553,True,
LK1136150,-0.061663281039660754,-1.8227647266273255,False,0.5580497669654906,6.884339906920127,True,1.3375438714238306,6.0482072828243405,True,0.23479307818123182,5.424599278535613,True,-0.06677517093087193,-2.8598071326273224,False,-0.485076556614088,-3.6765350543017097,True,-0.14859825800945248,-3.9673551575582957,True,
LK1136155,-0.06166090999583356,-1.8224515718688847,False,0.56501841880294,6.918615564166685,True,1.1272026993196675,7.05534534558565,True,0.2322378595128618,5.338934325852336,True,-0.06867121127641722,-2.9487655722741266,False,-0.5220110396438451,-4.298426649305649,True,-0.09414226288933984,-2.015695253933034,False,
LK1136160,-0.06167385674999562,-1.8226238691000458,False,0.5669279056874568,6.9681272437110975,True,1.0590863324128745,6.731861960855868,True,0.23219396951427154,5.337240719635346,True,-0.06812204433949363,-2.929424828703232,False,-0.5130065581814822,-4.109885367014835,True,-0.07042638762105019,-1.200128033570073,False,
LK1136165,-0.06165847236091998,-1.822063692792056,False,0.5713758889158129,6.945822030252448,True,1.1096786204583573,8.615759916637371,True,0.2296562135362975,5.255943998971505,True,-0.0705395538070557,-3.0303890606230093,True,-0.5737384381776085,-5.015630072736567,True,-0.06220072456372689,-1.0427825486038143,False,
LK1136170,-0.06168764631680608,-1.8226554312242893,False,0.5706182731085175,7.015349412438349,True,1.277281181261759,10.154854161729,True,0.2310382122344088,5.299877253578367,True,-0.06861636936681112,-2.957467307301043,False,-0.5193455343196381,-3.6433650220353533,True,-0.04841860156009048,-0.7667746827025109,False,
LK1136175,-0.06168265458799267,-1.8226482044411432,False,0.5693834544015335,7.000406660162724,True,1.1851610687863887,8.295565924665942,True,0.23139063568136162,5.310639640389034,True,-0.06846846241592816,-2.949010360407408,False,-0.5586608200420354,-4.2553555855831835,True,-0.05435857844531659,-0.8590945325946947,False,
LK1136180,-0.06169223903352556,-1.8230632353365,False,0.5658601982582803,7.009551334475751,True,1.1911041830394478,7.63601748855765,True,0.23355372795352786,5.381386697717295,True,-0.06634832797740077,-2.85330466294133,False,-0.4905180688878677,-3.6226695747989606,True,-0.061520946131407794,-0.9853905058068485,False,
LK1136185,-0.061686333389940416,-1.8232143807762353,False,0.5600631716438169,6.968445024704519,True,1.1606598305247577,6.518353316381057,True,0.2357629495417513,5.456229075270676,True,-0.06477668787075473,-2.7729622579876922,False,-0.4223847354623269,-3.0594518281612846,True,-0.11257173441038908,-2.445220325609806,False,
LK1136190,-0.06168993076787166,-1.823636456894934,False,0.5498298612792307,6.921113076319242,True,1.1568614357080227,5.964958336953295,True,0.23919090566744028,5.572491400087536,True,-0.06200719678284758,-2.6377715328719056,False,-0.2566409661912393,-1.6879365797273667,False,-0.17141818547053098,-5.193978374346843,True,
LK1136195,-0.06171446482486004,-1.8248532512769007,False,0.5204092289895149,6.7913676972680985,True,0.8496312735914585,3.6805117706695243,True,0.24737517205292794,5.854322335428218,True,-0.054450783444778314,-2.2720391595905944,False,0.33348479324465863,1.7394287938481174,False,-0.16307168792666285,-5.333134861153708,True,
LK1136200,-0.06171421423299745,-1.8245986433973231,False,0.5344812098996838,6.886440791214453,True,0.8892536486865616,3.8301213752190573,True,0.2448251001667352,5.7659302554010265,True,-0.05639765178294175,-2.3685663001542236,False,0.3064018894206266,1.6829460528408955,False,-0.1686339315770755,-5.393480850511527,True,
LK1136205,-0.06171576030164041,-1.8243784903956128,False,0.5455596405823744,6.959609076788358,True,1.0824438114597508,5.214786998233384,True,0.24228315011490978,5.67742389220259,True,-0.058139814883148365,-2.454745585203344,False,0.1629320153287295,0.8341194293555944,False,-0.1626189820777803,-5.10884479880451,True,
LK1136210,-0.061709449230777536,-1.824014572705354,False,0.552745551918467,6.983401351858609,True,1.1960659043311785,5.705906392678731,True,0.23978745013890324,5.5920230566349245,True,-0.06054482980189017,-2.572910085139815,False,-0.1564692972448808,-0.8774431607596307,False,-0.1392264455221766,-3.6682272455861584,True,
LK1136215,-0.06163105925652238,-1.8213922413523316,False,0.5739572253582168,6.84703633740606,True,1.089959722860471,8.318559845395729,True,0.22758121920487193,5.191414680204122,True,-0.07270742075340281,-3.106628195443544,True,-0.5353004459421203,-4.631036529339399,True,-0.02146021514708038,-0.4492282118088706,False,
LK1136220,-0.06171284606657611,-1.8238973885918939,False,0.5579702017918139,7.0122538837522965,True,1.2620690147373914,6.858004015980866,True,0.23819971566734527,5.537916134470375,True,-0.06180150098796806,-2.637113863085762,False,-0.32047296068843967,-2.0209220095253966,False,-0.094318649966963,-1.8015142067292478,False,
LK1136225,-0.061725051732658624,-1.824108794694407,False,0.5593570437441878,7.036087496389272,True,1.3112876952222923,7.338864181163772,True,0.2382272081743092,5.538026798024977,True,-0.061043225324724885,-2.601417371105167,False,-0.35327990949383714,-2.148759153329571,False,-0.06835109493946454,-1.1774562137698787,False,
LK1136230,-0.06171919443130732,-1.8238158250401457,False,0.5625674872426001,7.0415479749490615,True,1.3160089202745542,7.330835130815174,True,0.2364576368717116,5.478223942696805,True,-0.06286037471803377,-2.690753401800192,False,-0.3660591172799469,-2.298436699664518,False,-0.05533668826206121,-0.9014651324410483,False,
LK1136235,-0.06170640356883894,-1.8233419782611384,False,0.5660736103092698,7.035913251661174,True,1.274424968754925,7.8244057649758965,True,0.23406601830009605,5.398006100272892,True,-0.06530455236961266,-2.8072730467086937,False,-0.413367283324574,-2.733439787844177,False,-0.0500623402596361,-0.7985897402812859,False,
LK1136240,-0.06170396212111811,-1.823090587412999,False,0.5689073134501863,7.036738586403332,True,1.2975826893333364,10.535624720209732,True,0.2322824559100837,5.338737296017115,True,-0.0669516828582943,-2.8861039804634694,False,-0.38277427708521417,-2.2866686106168115,False,-0.04502756572907843,-0.7126701684452438,False,
LK1136245,-0.06171796265184846,-1.8235158688637323,False,0.5669138670582754,7.05206126935597,True,1.2992575414669414,9.856684329931939,True,0.2340439692222313,5.397232935560888,True,-0.06496994952040883,-2.7945248792241837,False,-0.29954648175802245,-1.6292194496756327,False,-0.04295775862194951,-0.6819586822463528,False,
LK1136250,-0.06174207338041721,-1.8243177324878586,False,0.5623882852388511,7.066492926957125,True,1.2926343020455693,6.449778043953101,True,0.23749638598296632,5.512444509837605,True,-0.06100952475229591,-2.6035971355371146,False,-0.23484953708791628,-1.217794814252585,False,-0.03663177675633713,-0.6025857641578223,False,
LK1136255,-0.06173782113815478,-1.824645582125084,False,0.5537423974966232,7.0279540063980805,True,1.3243955821744027,6.019826111929141,True,0.2411883477292852,5.638655546305699,True,-0.058033345805269435,-2.455760474006149,False,-0.08644836375418473,-0.4996033679191786,False,-0.09345754453837578,-1.9495374001036672,False,
LK1136260,-0.061756953311690295,-1.825307226663316,False,0.5482159637405584,7.023989508149734,True,1.1620254446036147,4.951328346040968,True,0.24413026794698783,5.738360628891691,True,-0.05496112732585047,-2.310863799105981,False,0.20754566666329474,1.1191521919231249,False,-0.103807378756756,-2.7307457467093084,False,
LK1136265,-0.06174321211082665,-1.8251298848728505,False,0.5431207404556492,6.9826023518706695,True,1.0650579180859148,5.281990361778012,True,0.24486158353953957,5.764558374898445,True,-0.05497341286147469,-2.308514984850864,False,0.362928631303281,1.9157424128323364,False,-0.14197376539986573,-4.6262989828207655,True,
LK1136270,-0.061750342200894925,-1.8255941395923652,False,0.531466728596575,6.928909619847444,True,0.943504905024485,4.803302200022276,True,0.24816469186183904,5.878512427425302,True,-0.052133739737140944,-2.1719985219944555,False,0.5477693859341018,2.640466321904909,False,-0.1438361760890977,-4.709740332228406,True,
LK1136275,-0.061784718503255794,-1.8264504675367494,False,0.5325781055489033,6.9719319849588866,True,1.0357284551629808,5.820684579949086,True,0.25016416597992797,5.9460028393900375,True,-0.04958048415566554,-2.05951020870161,False,0.39349711181147234,1.9576604608585502,False,-0.1191757289521155,-4.0361710705544525,True,
LK1136280,-0.06180168927719628,-1.8264631736508348,False,0.546087802175075,7.046347681417786,True,1.0835346705719846,6.473556507619535,True,0.24707142798448267,5.837345162827395,True,-0.05122268179122309,-2.1392310404446397,False,0.09683752373014631,0.47492318105910347,False,-0.0417719540841414,-1.0659740892442262,False,
LK1136285,-0.061770785188583165,-1.8254271710728711,False,0.5534897936862663,7.05855829189188,True,1.1246311974384209,5.6747430375405745,True,0.24284978040241934,5.693450942731522,True,-0.055455882339973804,-2.3370039014855566,False,-0.1333924927768148,-0.676831403261856,False,-0.04268038975362438,-0.8576159160792163,False,
LK1136290,-0.06176972012887893,-1.825110105595061,False,0.5591764100111161,7.075888379346881,True,1.1764739534638766,5.715409091767789,True,0.24018939875336964,5.602711950364798,True,-0.057710919136325464,-2.4458883354243484,False,-0.14797930722160152,-0.7581910221682295,False,-0.017167561357218315,-0.30293447576675414,False,
LK1136295,-0.06179295450957234,-1.8256061874180691,False,0.5595216349247804,7.092013169695259,True,1.0567260645110879,7.059786586967066,True,0.24085678932911364,5.6246313929048855,True,-0.05629683627667364,-2.377521614670842,False,-0.10546812487719333,-0.5347593579458504,False,0.003916619341004343,0.06981691292615164,False,
LK1136300,-0.06172809823223365,-1.8236690809421425,False,0.5675166660714688,7.0631102195011595,True,1.264915903981256,10.545793620437795,True,0.2339096587880438,5.392146465724742,True,-0.06473669715769854,-2.7859805084248297,False,-0.2230392137508866,-1.0698870166949173,False,-0.036543266686366406,-0.5835870784359822,False,
LK1136305,-0.06173630431783662,-1.8238681099745397,False,0.5671269946557135,7.072400270935258,True,1.2457247804150124,10.17562429947238,True,0.2345006798010941,5.411958249851698,True,-0.06389493786501742,-2.745555364252721,False,-0.19632945757489198,-0.9076293792358503,False,-0.03205350265894992,-0.514289083126164,False,
LK1136310,-0.06177899041612966,-1.824998634810834,False,0.5638351435186357,7.094069945907519,True,1.1036825570083282,7.493181868459066,True,0.23785534542518266,5.52357456043435,True,-0.059608205087490686,-2.540259317231609,False,-0.11814466752907021,-0.537474194921117,False,-0.004531609476607763,-0.07731144407747952,False,
LK1136315,-0.061809458032070705,-1.82636855804405,False,0.552539784133566,7.076111231918635,True,1.0454469857507744,6.377471911996861,True,0.24479556222635238,5.758348766702916,True,-0.05267260695789358,-2.2078631510338633,False,-0.005969840079740581,-0.031042328433048685,False,-0.00428756473067978,-0.08679851194098034,False,
LK1136320,-0.06182724802425759,-1.8272520122768896,False,0.5414258632449823,7.037231478896015,True,1.1333896946154913,6.674204943158157,True,0.24985097966213038,5.932336974718236,True,-0.04864845669878406,-2.023384456404328,False,0.14460965169221698,0.7199891994942738,False,-0.038615139413842786,-1.1493835587027126,False,
LK1136325,-0.061834433398360915,-1.827760243654787,False,0.53061373266098,6.97987530451007,True,1.1612969133323183,6.968429778271651,True,0.25335693494395656,6.054168837952701,True,-0.04603874856877298,-1.9033401468686826,False,0.20566939210689647,1.047990230224223,False,-0.07965780510276474,-2.9812627798608,False,
LK1136330,-0.06181763644242942,-1.8275454480083295,False,0.5218490760234493,6.916241294029423,True,1.0745778390537966,6.796243720439318,True,0.25458598718997877,6.098750429952242,True,-0.045693233716877724,-1.8847559158488834,False,0.2700193760009767,1.3839756564628147,False,-0.11093571156666318,-3.9308893208960884,True,
LK1136335,-0.06185622187668058,-1.828039464699244,False,0.5390645113125628,7.033486432567779,True,1.1583337509774234,6.826086558863406,True,0.2518792222027293,6.001141554190157,True,-0.04654419429723309,-1.9290254057670726,False,0.16019882616980116,0.808555850500705,False,-0.027966526188613783,-0.8538434688558566,False,
LK1136340,-0.06184164146174032,-1.8274481241295017,False,0.5453779437610508,7.0600757328427495,True,1.1088066578021443,6.5502668759177025,True,0.24905624947191682,5.9039503291159905,True,-0.04894751326678451,-2.0395821855368825,False,0.10728845083394882,0.5470689769741222,False,-0.00723066108978101,-0.17549336782157132,False,
LK1136345,-0.06185580974252082,-1.82775825165691,False,0.5459434550439939,7.064914438285148,True,1.1086443462897888,6.766525315464412,True,0.24934129059291124,5.912972389186742,True,-0.04843957629833506,-2.0175029121888923,False,0.09865128317327462,0.5113147800510521,False,0.003305887580246274,0.07703937847236521,False,
LK1136350,-0.0618632615709189,-1.8277614129584536,False,0.5495109719269485,7.079473071318443,True,1.0812965069566347,6.960730087951773,True,0.24807172625738882,5.868782819915405,True,-0.04922500492330054,-2.054129423825004,False,0.059708370163179494,0.3139047152219498,False,0.02540996270558492,0.5149443165489922,False,
LK1136355,-0.06182842865394568,-1.8266750141059707,False,0.5550351566191251,7.09436598665421,True,1.0371164805367412,6.939965240363664,True,0.24426075193818006,5.738970189100704,True,-0.052651533461184584,-2.2093909909784877,False,-0.028181345626140445,-0.14695252537870682,False,0.021631560176836446,0.4059307986688596,False,
LK1136360,-0.06184633462544517,-1.8270404240063027,False,0.5558087677742651,7.104860027675301,True,1.0319659480569068,6.9605904037816195,True,0.2444602939506018,5.745035885187692,True,-0.05215814272508794,-2.1883805459016874,False,-0.0222496449266673,-0.11647139130600236,False,0.027476588247022826,0.5094307221539772,False,
LK1136365,-0.0618390754703831,-1.8266961536245154,False,0.5586648817460121,7.112908315587602,True,1.0167700014106602,6.945185265607165,True,0.24272966148508748,5.6863850195472665,True,-0.05373649377210498,-2.261904861469833,False,-0.07246831822908663,-0.3705222449775717,False,0.021509506677184827,0.38835036112787974,False,
